solid OpenSCAD_Model
  facet normal -0.997859 -0.0654026 0
    outer loop
      vertex 0.0256653 2.60842 0
      vertex 0 3 35.1
      vertex 0 3 0
    endloop
  endfacet
  facet normal -0.997859 -0.0654026 0
    outer loop
      vertex 0 3 35.1
      vertex 0.0256653 2.60842 0
      vertex 0.0256653 2.60842 35.1
    endloop
  endfacet
  facet normal 0.997853 0.0654873 0
    outer loop
      vertex 59.8 63.8 35.1
      vertex 59.7743 64.1916 0
      vertex 59.7743 64.1916 35.1
    endloop
  endfacet
  facet normal 0.997853 0.0654873 0
    outer loop
      vertex 59.7743 64.1916 0
      vertex 59.8 63.8 35.1
      vertex 59.8 63.8 0
    endloop
  endfacet
  facet normal 0.555553 -0.831481 0
    outer loop
      vertex 58.3 0.401923 0
      vertex 58.6263 0.61994 35.1
      vertex 58.3 0.401923 35.1
    endloop
  endfacet
  facet normal 0.555553 -0.831481 0
    outer loop
      vertex 58.6263 0.61994 35.1
      vertex 58.3 0.401923 0
      vertex 58.6263 0.61994 0
    endloop
  endfacet
  facet normal -0.751846 -0.659339 0
    outer loop
      vertex 0.878679 0.878679 0
      vertex 0.61994 1.17372 35.1
      vertex 0.61994 1.17372 0
    endloop
  endfacet
  facet normal -0.751846 -0.659339 0
    outer loop
      vertex 0.61994 1.17372 35.1
      vertex 0.878679 0.878679 0
      vertex 0.878679 0.878679 35.1
    endloop
  endfacet
  facet normal 0 1 -0
    outer loop
      vertex 16.1827 66.8 9.48801
      vertex 3 66.8 35.1
      vertex 22.6173 66.8 9.48801
    endloop
  endfacet
  facet normal 0 1 0
    outer loop
      vertex 3 66.8 35.1
      vertex 16.1827 66.8 9.48801
      vertex 16 66.8 9.49998
    endloop
  endfacet
  facet normal 0 1 -0
    outer loop
      vertex 22.4377 66.8 9.45229
      vertex 16.1827 66.8 9.48801
      vertex 22.6173 66.8 9.48801
    endloop
  endfacet
  facet normal 0 1 0
    outer loop
      vertex 22.4377 66.8 9.45229
      vertex 16.3623 66.8 9.45229
      vertex 16.1827 66.8 9.48801
    endloop
  endfacet
  facet normal 0 1 -0
    outer loop
      vertex 22.2643 66.8 9.39342
      vertex 16.3623 66.8 9.45229
      vertex 22.4377 66.8 9.45229
    endloop
  endfacet
  facet normal 0 1 0
    outer loop
      vertex 22.2643 66.8 9.39342
      vertex 16.5357 66.8 9.39342
      vertex 16.3623 66.8 9.45229
    endloop
  endfacet
  facet normal 0 1 -0
    outer loop
      vertex 22.1 66.8 9.31242
      vertex 16.5357 66.8 9.39342
      vertex 22.2643 66.8 9.39342
    endloop
  endfacet
  facet normal 0 1 0
    outer loop
      vertex 22.1 66.8 9.31242
      vertex 16.7 66.8 9.31242
      vertex 16.5357 66.8 9.39342
    endloop
  endfacet
  facet normal 0 1 -0
    outer loop
      vertex 21.9477 66.8 9.21068
      vertex 16.7 66.8 9.31242
      vertex 22.1 66.8 9.31242
    endloop
  endfacet
  facet normal 0 1 0
    outer loop
      vertex 21.9477 66.8 9.21068
      vertex 16.8523 66.8 9.21068
      vertex 16.7 66.8 9.31242
    endloop
  endfacet
  facet normal 0 1 -0
    outer loop
      vertex 21.8101 66.8 9.08994
      vertex 16.8523 66.8 9.21068
      vertex 21.9477 66.8 9.21068
    endloop
  endfacet
  facet normal 0 1 0
    outer loop
      vertex 21.8101 66.8 9.08994
      vertex 16.9899 66.8 9.08994
      vertex 16.8523 66.8 9.21068
    endloop
  endfacet
  facet normal 0 1 -0
    outer loop
      vertex 21.6893 66.8 8.95226
      vertex 16.9899 66.8 9.08994
      vertex 21.8101 66.8 9.08994
    endloop
  endfacet
  facet normal 0 1 0
    outer loop
      vertex 21.6893 66.8 8.95226
      vertex 17.1107 66.8 8.95226
      vertex 16.9899 66.8 9.08994
    endloop
  endfacet
  facet normal 0 1 -0
    outer loop
      vertex 21.5876 66.8 8.79999
      vertex 17.1107 66.8 8.95226
      vertex 21.6893 66.8 8.95226
    endloop
  endfacet
  facet normal 0 1 0
    outer loop
      vertex 21.5876 66.8 8.79999
      vertex 17.2124 66.8 8.79999
      vertex 17.1107 66.8 8.95226
    endloop
  endfacet
  facet normal 0 1 -0
    outer loop
      vertex 21.5066 66.8 8.63574
      vertex 17.2124 66.8 8.79999
      vertex 21.5876 66.8 8.79999
    endloop
  endfacet
  facet normal 0 1 0
    outer loop
      vertex 21.5066 66.8 8.63574
      vertex 17.2934 66.8 8.63574
      vertex 17.2124 66.8 8.79999
    endloop
  endfacet
  facet normal 0 1 -0
    outer loop
      vertex 21.4477 66.8 8.46234
      vertex 17.2934 66.8 8.63574
      vertex 21.5066 66.8 8.63574
    endloop
  endfacet
  facet normal 0 1 0
    outer loop
      vertex 21.4477 66.8 8.46234
      vertex 17.3523 66.8 8.46234
      vertex 17.2934 66.8 8.63574
    endloop
  endfacet
  facet normal 0 1 -0
    outer loop
      vertex 21.412 66.8 8.28273
      vertex 17.3523 66.8 8.46234
      vertex 21.4477 66.8 8.46234
    endloop
  endfacet
  facet normal 0 1 0
    outer loop
      vertex 21.412 66.8 8.28273
      vertex 17.388 66.8 8.28273
      vertex 17.3523 66.8 8.46234
    endloop
  endfacet
  facet normal 0 1 -0
    outer loop
      vertex 21.4 66.8 8.09999
      vertex 17.388 66.8 8.28273
      vertex 21.412 66.8 8.28273
    endloop
  endfacet
  facet normal 0 1 0
    outer loop
      vertex 21.4 66.8 8.09999
      vertex 17.4 66.8 8.09999
      vertex 17.388 66.8 8.28273
    endloop
  endfacet
  facet normal 0 1 -0
    outer loop
      vertex 21.4 66.8 3.90001
      vertex 17.4 66.8 8.09999
      vertex 21.4 66.8 8.09999
    endloop
  endfacet
  facet normal 0 1 0
    outer loop
      vertex 21.4 66.8 3.90001
      vertex 17.4 66.8 3.90001
      vertex 17.4 66.8 8.09999
    endloop
  endfacet
  facet normal 0 1 0
    outer loop
      vertex 21.412 66.8 3.71727
      vertex 17.4 66.8 3.90001
      vertex 21.4 66.8 3.90001
    endloop
  endfacet
  facet normal 0 1 0
    outer loop
      vertex 21.412 66.8 3.71727
      vertex 17.388 66.8 3.71727
      vertex 17.4 66.8 3.90001
    endloop
  endfacet
  facet normal 0 1 0
    outer loop
      vertex 21.4477 66.8 3.53766
      vertex 17.388 66.8 3.71727
      vertex 21.412 66.8 3.71727
    endloop
  endfacet
  facet normal 0 1 0
    outer loop
      vertex 21.4477 66.8 3.53766
      vertex 17.3523 66.8 3.53766
      vertex 17.388 66.8 3.71727
    endloop
  endfacet
  facet normal 0 1 0
    outer loop
      vertex 21.5066 66.8 3.36426
      vertex 17.3523 66.8 3.53766
      vertex 21.4477 66.8 3.53766
    endloop
  endfacet
  facet normal 0 1 0
    outer loop
      vertex 21.5066 66.8 3.36426
      vertex 17.2934 66.8 3.36426
      vertex 17.3523 66.8 3.53766
    endloop
  endfacet
  facet normal 0 1 0
    outer loop
      vertex 21.5876 66.8 3.20001
      vertex 17.2934 66.8 3.36426
      vertex 21.5066 66.8 3.36426
    endloop
  endfacet
  facet normal 0 1 0
    outer loop
      vertex 21.5876 66.8 3.20001
      vertex 17.2124 66.8 3.20001
      vertex 17.2934 66.8 3.36426
    endloop
  endfacet
  facet normal 0 1 0
    outer loop
      vertex 21.6893 66.8 3.04774
      vertex 17.2124 66.8 3.20001
      vertex 21.5876 66.8 3.20001
    endloop
  endfacet
  facet normal 0 1 0
    outer loop
      vertex 21.6893 66.8 3.04774
      vertex 17.1107 66.8 3.04774
      vertex 17.2124 66.8 3.20001
    endloop
  endfacet
  facet normal 0 1 0
    outer loop
      vertex 21.8101 66.8 2.91006
      vertex 17.1107 66.8 3.04774
      vertex 21.6893 66.8 3.04774
    endloop
  endfacet
  facet normal 0 1 0
    outer loop
      vertex 21.8101 66.8 2.91006
      vertex 16.9899 66.8 2.91006
      vertex 17.1107 66.8 3.04774
    endloop
  endfacet
  facet normal 0 1 0
    outer loop
      vertex 21.9477 66.8 2.78932
      vertex 16.9899 66.8 2.91006
      vertex 21.8101 66.8 2.91006
    endloop
  endfacet
  facet normal 0 1 0
    outer loop
      vertex 21.9477 66.8 2.78932
      vertex 16.8523 66.8 2.78932
      vertex 16.9899 66.8 2.91006
    endloop
  endfacet
  facet normal 0 1 0
    outer loop
      vertex 22.1 66.8 2.68758
      vertex 16.8523 66.8 2.78932
      vertex 21.9477 66.8 2.78932
    endloop
  endfacet
  facet normal 0 1 0
    outer loop
      vertex 22.1 66.8 2.68758
      vertex 16.7 66.8 2.68758
      vertex 16.8523 66.8 2.78932
    endloop
  endfacet
  facet normal 0 1 0
    outer loop
      vertex 22.2643 66.8 2.60658
      vertex 16.7 66.8 2.68758
      vertex 22.1 66.8 2.68758
    endloop
  endfacet
  facet normal 0 1 0
    outer loop
      vertex 22.2643 66.8 2.60658
      vertex 16.5357 66.8 2.60658
      vertex 16.7 66.8 2.68758
    endloop
  endfacet
  facet normal 0 1 0
    outer loop
      vertex 22.4377 66.8 2.54771
      vertex 16.5357 66.8 2.60658
      vertex 22.2643 66.8 2.60658
    endloop
  endfacet
  facet normal 0 1 0
    outer loop
      vertex 22.4377 66.8 2.54771
      vertex 16.3623 66.8 2.54771
      vertex 16.5357 66.8 2.60658
    endloop
  endfacet
  facet normal 0 1 0
    outer loop
      vertex 22.6173 66.8 2.51199
      vertex 16.3623 66.8 2.54771
      vertex 22.4377 66.8 2.54771
    endloop
  endfacet
  facet normal 0 1 0
    outer loop
      vertex 22.6173 66.8 2.51199
      vertex 16.1827 66.8 2.51199
      vertex 16.3623 66.8 2.54771
    endloop
  endfacet
  facet normal 0 1 0
    outer loop
      vertex 22.8 66.8 2.50002
      vertex 16.1827 66.8 2.51199
      vertex 22.6173 66.8 2.51199
    endloop
  endfacet
  facet normal 0 1 0
    outer loop
      vertex 16.1827 66.8 2.51199
      vertex 22.8 66.8 2.50002
      vertex 16 66.8 2.50002
    endloop
  endfacet
  facet normal 0 1 -0
    outer loop
      vertex 23.1827 66.8 9.48801
      vertex 3 66.8 35.1
      vertex 29.6173 66.8 9.48801
    endloop
  endfacet
  facet normal 0 1 0
    outer loop
      vertex 3 66.8 35.1
      vertex 23.1827 66.8 9.48801
      vertex 23 66.8 9.49998
    endloop
  endfacet
  facet normal 0 1 -0
    outer loop
      vertex 29.4377 66.8 9.45229
      vertex 23.1827 66.8 9.48801
      vertex 29.6173 66.8 9.48801
    endloop
  endfacet
  facet normal 0 1 0
    outer loop
      vertex 29.4377 66.8 9.45229
      vertex 23.3623 66.8 9.45229
      vertex 23.1827 66.8 9.48801
    endloop
  endfacet
  facet normal 0 1 -0
    outer loop
      vertex 29.2643 66.8 9.39342
      vertex 23.3623 66.8 9.45229
      vertex 29.4377 66.8 9.45229
    endloop
  endfacet
  facet normal 0 1 0
    outer loop
      vertex 29.2643 66.8 9.39342
      vertex 23.5357 66.8 9.39342
      vertex 23.3623 66.8 9.45229
    endloop
  endfacet
  facet normal 0 1 -0
    outer loop
      vertex 29.1 66.8 9.31242
      vertex 23.5357 66.8 9.39342
      vertex 29.2643 66.8 9.39342
    endloop
  endfacet
  facet normal 0 1 0
    outer loop
      vertex 29.1 66.8 9.31242
      vertex 23.7 66.8 9.31242
      vertex 23.5357 66.8 9.39342
    endloop
  endfacet
  facet normal 0 1 -0
    outer loop
      vertex 28.9477 66.8 9.21068
      vertex 23.7 66.8 9.31242
      vertex 29.1 66.8 9.31242
    endloop
  endfacet
  facet normal 0 1 0
    outer loop
      vertex 28.9477 66.8 9.21068
      vertex 23.8523 66.8 9.21068
      vertex 23.7 66.8 9.31242
    endloop
  endfacet
  facet normal 0 1 -0
    outer loop
      vertex 28.8101 66.8 9.08994
      vertex 23.8523 66.8 9.21068
      vertex 28.9477 66.8 9.21068
    endloop
  endfacet
  facet normal 0 1 0
    outer loop
      vertex 28.8101 66.8 9.08994
      vertex 23.9899 66.8 9.08994
      vertex 23.8523 66.8 9.21068
    endloop
  endfacet
  facet normal 0 1 -0
    outer loop
      vertex 28.6893 66.8 8.95226
      vertex 23.9899 66.8 9.08994
      vertex 28.8101 66.8 9.08994
    endloop
  endfacet
  facet normal 0 1 0
    outer loop
      vertex 28.6893 66.8 8.95226
      vertex 24.1107 66.8 8.95226
      vertex 23.9899 66.8 9.08994
    endloop
  endfacet
  facet normal 0 1 -0
    outer loop
      vertex 28.5876 66.8 8.79999
      vertex 24.1107 66.8 8.95226
      vertex 28.6893 66.8 8.95226
    endloop
  endfacet
  facet normal 0 1 0
    outer loop
      vertex 28.5876 66.8 8.79999
      vertex 24.2124 66.8 8.79999
      vertex 24.1107 66.8 8.95226
    endloop
  endfacet
  facet normal 0 1 -0
    outer loop
      vertex 28.5066 66.8 8.63574
      vertex 24.2124 66.8 8.79999
      vertex 28.5876 66.8 8.79999
    endloop
  endfacet
  facet normal 0 1 0
    outer loop
      vertex 28.5066 66.8 8.63574
      vertex 24.2934 66.8 8.63574
      vertex 24.2124 66.8 8.79999
    endloop
  endfacet
  facet normal 0 1 -0
    outer loop
      vertex 28.4477 66.8 8.46234
      vertex 24.2934 66.8 8.63574
      vertex 28.5066 66.8 8.63574
    endloop
  endfacet
  facet normal 0 1 0
    outer loop
      vertex 28.4477 66.8 8.46234
      vertex 24.3523 66.8 8.46234
      vertex 24.2934 66.8 8.63574
    endloop
  endfacet
  facet normal 0 1 -0
    outer loop
      vertex 28.412 66.8 8.28273
      vertex 24.3523 66.8 8.46234
      vertex 28.4477 66.8 8.46234
    endloop
  endfacet
  facet normal 0 1 0
    outer loop
      vertex 28.412 66.8 8.28273
      vertex 24.388 66.8 8.28273
      vertex 24.3523 66.8 8.46234
    endloop
  endfacet
  facet normal 0 1 -0
    outer loop
      vertex 28.4 66.8 8.09999
      vertex 24.388 66.8 8.28273
      vertex 28.412 66.8 8.28273
    endloop
  endfacet
  facet normal 0 1 0
    outer loop
      vertex 28.4 66.8 8.09999
      vertex 24.4 66.8 8.09999
      vertex 24.388 66.8 8.28273
    endloop
  endfacet
  facet normal 0 1 -0
    outer loop
      vertex 28.4 66.8 3.90001
      vertex 24.4 66.8 8.09999
      vertex 28.4 66.8 8.09999
    endloop
  endfacet
  facet normal 0 1 0
    outer loop
      vertex 28.4 66.8 3.90001
      vertex 24.4 66.8 3.90001
      vertex 24.4 66.8 8.09999
    endloop
  endfacet
  facet normal 0 1 0
    outer loop
      vertex 28.412 66.8 3.71727
      vertex 24.4 66.8 3.90001
      vertex 28.4 66.8 3.90001
    endloop
  endfacet
  facet normal 0 1 0
    outer loop
      vertex 28.412 66.8 3.71727
      vertex 24.388 66.8 3.71727
      vertex 24.4 66.8 3.90001
    endloop
  endfacet
  facet normal 0 1 0
    outer loop
      vertex 28.4477 66.8 3.53766
      vertex 24.388 66.8 3.71727
      vertex 28.412 66.8 3.71727
    endloop
  endfacet
  facet normal 0 1 0
    outer loop
      vertex 28.4477 66.8 3.53766
      vertex 24.3523 66.8 3.53766
      vertex 24.388 66.8 3.71727
    endloop
  endfacet
  facet normal 0 1 0
    outer loop
      vertex 28.5066 66.8 3.36426
      vertex 24.3523 66.8 3.53766
      vertex 28.4477 66.8 3.53766
    endloop
  endfacet
  facet normal 0 1 0
    outer loop
      vertex 28.5066 66.8 3.36426
      vertex 24.2934 66.8 3.36426
      vertex 24.3523 66.8 3.53766
    endloop
  endfacet
  facet normal 0 1 0
    outer loop
      vertex 28.5876 66.8 3.20001
      vertex 24.2934 66.8 3.36426
      vertex 28.5066 66.8 3.36426
    endloop
  endfacet
  facet normal 0 1 0
    outer loop
      vertex 28.5876 66.8 3.20001
      vertex 24.2124 66.8 3.20001
      vertex 24.2934 66.8 3.36426
    endloop
  endfacet
  facet normal 0 1 0
    outer loop
      vertex 28.6893 66.8 3.04774
      vertex 24.2124 66.8 3.20001
      vertex 28.5876 66.8 3.20001
    endloop
  endfacet
  facet normal 0 1 0
    outer loop
      vertex 28.6893 66.8 3.04774
      vertex 24.1107 66.8 3.04774
      vertex 24.2124 66.8 3.20001
    endloop
  endfacet
  facet normal 0 1 0
    outer loop
      vertex 28.8101 66.8 2.91006
      vertex 24.1107 66.8 3.04774
      vertex 28.6893 66.8 3.04774
    endloop
  endfacet
  facet normal 0 1 0
    outer loop
      vertex 28.8101 66.8 2.91006
      vertex 23.9899 66.8 2.91006
      vertex 24.1107 66.8 3.04774
    endloop
  endfacet
  facet normal 0 1 0
    outer loop
      vertex 28.9477 66.8 2.78932
      vertex 23.9899 66.8 2.91006
      vertex 28.8101 66.8 2.91006
    endloop
  endfacet
  facet normal 0 1 0
    outer loop
      vertex 28.9477 66.8 2.78932
      vertex 23.8523 66.8 2.78932
      vertex 23.9899 66.8 2.91006
    endloop
  endfacet
  facet normal 0 1 0
    outer loop
      vertex 29.1 66.8 2.68758
      vertex 23.8523 66.8 2.78932
      vertex 28.9477 66.8 2.78932
    endloop
  endfacet
  facet normal 0 1 0
    outer loop
      vertex 29.1 66.8 2.68758
      vertex 23.7 66.8 2.68758
      vertex 23.8523 66.8 2.78932
    endloop
  endfacet
  facet normal 0 1 0
    outer loop
      vertex 29.2643 66.8 2.60658
      vertex 23.7 66.8 2.68758
      vertex 29.1 66.8 2.68758
    endloop
  endfacet
  facet normal 0 1 0
    outer loop
      vertex 29.2643 66.8 2.60658
      vertex 23.5357 66.8 2.60658
      vertex 23.7 66.8 2.68758
    endloop
  endfacet
  facet normal 0 1 0
    outer loop
      vertex 29.4377 66.8 2.54771
      vertex 23.5357 66.8 2.60658
      vertex 29.2643 66.8 2.60658
    endloop
  endfacet
  facet normal 0 1 0
    outer loop
      vertex 29.4377 66.8 2.54771
      vertex 23.3623 66.8 2.54771
      vertex 23.5357 66.8 2.60658
    endloop
  endfacet
  facet normal 0 1 0
    outer loop
      vertex 29.6173 66.8 2.51199
      vertex 23.3623 66.8 2.54771
      vertex 29.4377 66.8 2.54771
    endloop
  endfacet
  facet normal 0 1 0
    outer loop
      vertex 29.6173 66.8 2.51199
      vertex 23.1827 66.8 2.51199
      vertex 23.3623 66.8 2.54771
    endloop
  endfacet
  facet normal 0 1 0
    outer loop
      vertex 29.8 66.8 2.50002
      vertex 23.1827 66.8 2.51199
      vertex 29.6173 66.8 2.51199
    endloop
  endfacet
  facet normal 0 1 0
    outer loop
      vertex 23.1827 66.8 2.51199
      vertex 29.8 66.8 2.50002
      vertex 23 66.8 2.50002
    endloop
  endfacet
  facet normal 0 1 0
    outer loop
      vertex 30.1827 66.8 9.48801
      vertex 56.8 66.8 35.1
      vertex 36.6173 66.8 9.48801
    endloop
  endfacet
  facet normal 0 1 0
    outer loop
      vertex 56.8 66.8 35.1
      vertex 30.1827 66.8 9.48801
      vertex 30 66.8 9.49998
    endloop
  endfacet
  facet normal 0 1 -0
    outer loop
      vertex 36.4377 66.8 9.45229
      vertex 30.1827 66.8 9.48801
      vertex 36.6173 66.8 9.48801
    endloop
  endfacet
  facet normal 0 1 0
    outer loop
      vertex 36.4377 66.8 9.45229
      vertex 30.3623 66.8 9.45229
      vertex 30.1827 66.8 9.48801
    endloop
  endfacet
  facet normal 0 1 -0
    outer loop
      vertex 36.2643 66.8 9.39342
      vertex 30.3623 66.8 9.45229
      vertex 36.4377 66.8 9.45229
    endloop
  endfacet
  facet normal 0 1 0
    outer loop
      vertex 36.2643 66.8 9.39342
      vertex 30.5357 66.8 9.39342
      vertex 30.3623 66.8 9.45229
    endloop
  endfacet
  facet normal 0 1 -0
    outer loop
      vertex 36.1 66.8 9.31242
      vertex 30.5357 66.8 9.39342
      vertex 36.2643 66.8 9.39342
    endloop
  endfacet
  facet normal 0 1 0
    outer loop
      vertex 36.1 66.8 9.31242
      vertex 30.7 66.8 9.31242
      vertex 30.5357 66.8 9.39342
    endloop
  endfacet
  facet normal 0 1 -0
    outer loop
      vertex 35.9477 66.8 9.21068
      vertex 30.7 66.8 9.31242
      vertex 36.1 66.8 9.31242
    endloop
  endfacet
  facet normal 0 1 0
    outer loop
      vertex 35.9477 66.8 9.21068
      vertex 30.8523 66.8 9.21068
      vertex 30.7 66.8 9.31242
    endloop
  endfacet
  facet normal 0 1 -0
    outer loop
      vertex 35.8101 66.8 9.08994
      vertex 30.8523 66.8 9.21068
      vertex 35.9477 66.8 9.21068
    endloop
  endfacet
  facet normal 0 1 0
    outer loop
      vertex 35.8101 66.8 9.08994
      vertex 30.9899 66.8 9.08994
      vertex 30.8523 66.8 9.21068
    endloop
  endfacet
  facet normal 0 1 -0
    outer loop
      vertex 35.6893 66.8 8.95226
      vertex 30.9899 66.8 9.08994
      vertex 35.8101 66.8 9.08994
    endloop
  endfacet
  facet normal 0 1 0
    outer loop
      vertex 35.6893 66.8 8.95226
      vertex 31.1107 66.8 8.95226
      vertex 30.9899 66.8 9.08994
    endloop
  endfacet
  facet normal 0 1 -0
    outer loop
      vertex 35.5876 66.8 8.79999
      vertex 31.1107 66.8 8.95226
      vertex 35.6893 66.8 8.95226
    endloop
  endfacet
  facet normal 0 1 0
    outer loop
      vertex 35.5876 66.8 8.79999
      vertex 31.2124 66.8 8.79999
      vertex 31.1107 66.8 8.95226
    endloop
  endfacet
  facet normal 0 1 -0
    outer loop
      vertex 35.5066 66.8 8.63574
      vertex 31.2124 66.8 8.79999
      vertex 35.5876 66.8 8.79999
    endloop
  endfacet
  facet normal 0 1 0
    outer loop
      vertex 35.5066 66.8 8.63574
      vertex 31.2934 66.8 8.63574
      vertex 31.2124 66.8 8.79999
    endloop
  endfacet
  facet normal 0 1 -0
    outer loop
      vertex 35.4477 66.8 8.46234
      vertex 31.2934 66.8 8.63574
      vertex 35.5066 66.8 8.63574
    endloop
  endfacet
  facet normal 0 1 0
    outer loop
      vertex 35.4477 66.8 8.46234
      vertex 31.3523 66.8 8.46234
      vertex 31.2934 66.8 8.63574
    endloop
  endfacet
  facet normal 0 1 -0
    outer loop
      vertex 35.412 66.8 8.28273
      vertex 31.3523 66.8 8.46234
      vertex 35.4477 66.8 8.46234
    endloop
  endfacet
  facet normal 0 1 0
    outer loop
      vertex 35.412 66.8 8.28273
      vertex 31.388 66.8 8.28273
      vertex 31.3523 66.8 8.46234
    endloop
  endfacet
  facet normal 0 1 -0
    outer loop
      vertex 35.4 66.8 8.09999
      vertex 31.388 66.8 8.28273
      vertex 35.412 66.8 8.28273
    endloop
  endfacet
  facet normal 0 1 0
    outer loop
      vertex 35.4 66.8 8.09999
      vertex 31.4 66.8 8.09999
      vertex 31.388 66.8 8.28273
    endloop
  endfacet
  facet normal 0 1 -0
    outer loop
      vertex 35.4 66.8 3.90001
      vertex 31.4 66.8 8.09999
      vertex 35.4 66.8 8.09999
    endloop
  endfacet
  facet normal 0 1 0
    outer loop
      vertex 35.4 66.8 3.90001
      vertex 31.4 66.8 3.90001
      vertex 31.4 66.8 8.09999
    endloop
  endfacet
  facet normal 0 1 0
    outer loop
      vertex 35.412 66.8 3.71727
      vertex 31.4 66.8 3.90001
      vertex 35.4 66.8 3.90001
    endloop
  endfacet
  facet normal 0 1 0
    outer loop
      vertex 35.412 66.8 3.71727
      vertex 31.388 66.8 3.71727
      vertex 31.4 66.8 3.90001
    endloop
  endfacet
  facet normal 0 1 0
    outer loop
      vertex 35.4477 66.8 3.53766
      vertex 31.388 66.8 3.71727
      vertex 35.412 66.8 3.71727
    endloop
  endfacet
  facet normal 0 1 0
    outer loop
      vertex 35.4477 66.8 3.53766
      vertex 31.3523 66.8 3.53766
      vertex 31.388 66.8 3.71727
    endloop
  endfacet
  facet normal 0 1 0
    outer loop
      vertex 35.5066 66.8 3.36426
      vertex 31.3523 66.8 3.53766
      vertex 35.4477 66.8 3.53766
    endloop
  endfacet
  facet normal 0 1 0
    outer loop
      vertex 35.5066 66.8 3.36426
      vertex 31.2934 66.8 3.36426
      vertex 31.3523 66.8 3.53766
    endloop
  endfacet
  facet normal 0 1 0
    outer loop
      vertex 35.5876 66.8 3.20001
      vertex 31.2934 66.8 3.36426
      vertex 35.5066 66.8 3.36426
    endloop
  endfacet
  facet normal 0 1 0
    outer loop
      vertex 35.5876 66.8 3.20001
      vertex 31.2124 66.8 3.20001
      vertex 31.2934 66.8 3.36426
    endloop
  endfacet
  facet normal 0 1 0
    outer loop
      vertex 35.6893 66.8 3.04774
      vertex 31.2124 66.8 3.20001
      vertex 35.5876 66.8 3.20001
    endloop
  endfacet
  facet normal 0 1 0
    outer loop
      vertex 35.6893 66.8 3.04774
      vertex 31.1107 66.8 3.04774
      vertex 31.2124 66.8 3.20001
    endloop
  endfacet
  facet normal 0 1 0
    outer loop
      vertex 35.8101 66.8 2.91006
      vertex 31.1107 66.8 3.04774
      vertex 35.6893 66.8 3.04774
    endloop
  endfacet
  facet normal 0 1 0
    outer loop
      vertex 35.8101 66.8 2.91006
      vertex 30.9899 66.8 2.91006
      vertex 31.1107 66.8 3.04774
    endloop
  endfacet
  facet normal 0 1 0
    outer loop
      vertex 35.9477 66.8 2.78932
      vertex 30.9899 66.8 2.91006
      vertex 35.8101 66.8 2.91006
    endloop
  endfacet
  facet normal 0 1 0
    outer loop
      vertex 35.9477 66.8 2.78932
      vertex 30.8523 66.8 2.78932
      vertex 30.9899 66.8 2.91006
    endloop
  endfacet
  facet normal 0 1 0
    outer loop
      vertex 36.1 66.8 2.68758
      vertex 30.8523 66.8 2.78932
      vertex 35.9477 66.8 2.78932
    endloop
  endfacet
  facet normal 0 1 0
    outer loop
      vertex 36.1 66.8 2.68758
      vertex 30.7 66.8 2.68758
      vertex 30.8523 66.8 2.78932
    endloop
  endfacet
  facet normal 0 1 0
    outer loop
      vertex 36.2643 66.8 2.60658
      vertex 30.7 66.8 2.68758
      vertex 36.1 66.8 2.68758
    endloop
  endfacet
  facet normal 0 1 0
    outer loop
      vertex 36.2643 66.8 2.60658
      vertex 30.5357 66.8 2.60658
      vertex 30.7 66.8 2.68758
    endloop
  endfacet
  facet normal 0 1 0
    outer loop
      vertex 36.4377 66.8 2.54771
      vertex 30.5357 66.8 2.60658
      vertex 36.2643 66.8 2.60658
    endloop
  endfacet
  facet normal 0 1 0
    outer loop
      vertex 36.4377 66.8 2.54771
      vertex 30.3623 66.8 2.54771
      vertex 30.5357 66.8 2.60658
    endloop
  endfacet
  facet normal 0 1 0
    outer loop
      vertex 36.6173 66.8 2.51199
      vertex 30.3623 66.8 2.54771
      vertex 36.4377 66.8 2.54771
    endloop
  endfacet
  facet normal 0 1 0
    outer loop
      vertex 36.6173 66.8 2.51199
      vertex 30.1827 66.8 2.51199
      vertex 30.3623 66.8 2.54771
    endloop
  endfacet
  facet normal 0 1 0
    outer loop
      vertex 36.8 66.8 2.50002
      vertex 30.1827 66.8 2.51199
      vertex 36.6173 66.8 2.51199
    endloop
  endfacet
  facet normal 0 1 0
    outer loop
      vertex 30.1827 66.8 2.51199
      vertex 36.8 66.8 2.50002
      vertex 30 66.8 2.50002
    endloop
  endfacet
  facet normal 0 1 0
    outer loop
      vertex 37.1827 66.8 9.48801
      vertex 56.8 66.8 35.1
      vertex 43.6173 66.8 9.48801
    endloop
  endfacet
  facet normal 0 1 0
    outer loop
      vertex 56.8 66.8 35.1
      vertex 37.1827 66.8 9.48801
      vertex 37 66.8 9.49998
    endloop
  endfacet
  facet normal 0 1 -0
    outer loop
      vertex 43.4377 66.8 9.45229
      vertex 37.1827 66.8 9.48801
      vertex 43.6173 66.8 9.48801
    endloop
  endfacet
  facet normal 0 1 0
    outer loop
      vertex 43.4377 66.8 9.45229
      vertex 37.3623 66.8 9.45229
      vertex 37.1827 66.8 9.48801
    endloop
  endfacet
  facet normal 0 1 -0
    outer loop
      vertex 43.2643 66.8 9.39342
      vertex 37.3623 66.8 9.45229
      vertex 43.4377 66.8 9.45229
    endloop
  endfacet
  facet normal 0 1 0
    outer loop
      vertex 43.2643 66.8 9.39342
      vertex 37.5357 66.8 9.39342
      vertex 37.3623 66.8 9.45229
    endloop
  endfacet
  facet normal 0 1 -0
    outer loop
      vertex 43.1 66.8 9.31242
      vertex 37.5357 66.8 9.39342
      vertex 43.2643 66.8 9.39342
    endloop
  endfacet
  facet normal 0 1 0
    outer loop
      vertex 43.1 66.8 9.31242
      vertex 37.7 66.8 9.31242
      vertex 37.5357 66.8 9.39342
    endloop
  endfacet
  facet normal 0 1 -0
    outer loop
      vertex 42.9477 66.8 9.21068
      vertex 37.7 66.8 9.31242
      vertex 43.1 66.8 9.31242
    endloop
  endfacet
  facet normal 0 1 0
    outer loop
      vertex 42.9477 66.8 9.21068
      vertex 37.8523 66.8 9.21068
      vertex 37.7 66.8 9.31242
    endloop
  endfacet
  facet normal 0 1 -0
    outer loop
      vertex 42.8101 66.8 9.08994
      vertex 37.8523 66.8 9.21068
      vertex 42.9477 66.8 9.21068
    endloop
  endfacet
  facet normal 0 1 0
    outer loop
      vertex 42.8101 66.8 9.08994
      vertex 37.9899 66.8 9.08994
      vertex 37.8523 66.8 9.21068
    endloop
  endfacet
  facet normal 0 1 -0
    outer loop
      vertex 42.6893 66.8 8.95226
      vertex 37.9899 66.8 9.08994
      vertex 42.8101 66.8 9.08994
    endloop
  endfacet
  facet normal 0 1 0
    outer loop
      vertex 42.6893 66.8 8.95226
      vertex 38.1107 66.8 8.95226
      vertex 37.9899 66.8 9.08994
    endloop
  endfacet
  facet normal 0 1 -0
    outer loop
      vertex 42.5876 66.8 8.79999
      vertex 38.1107 66.8 8.95226
      vertex 42.6893 66.8 8.95226
    endloop
  endfacet
  facet normal 0 1 0
    outer loop
      vertex 42.5876 66.8 8.79999
      vertex 38.2124 66.8 8.79999
      vertex 38.1107 66.8 8.95226
    endloop
  endfacet
  facet normal 0 1 -0
    outer loop
      vertex 42.5066 66.8 8.63574
      vertex 38.2124 66.8 8.79999
      vertex 42.5876 66.8 8.79999
    endloop
  endfacet
  facet normal 0 1 0
    outer loop
      vertex 42.5066 66.8 8.63574
      vertex 38.2934 66.8 8.63574
      vertex 38.2124 66.8 8.79999
    endloop
  endfacet
  facet normal 0 1 -0
    outer loop
      vertex 42.4477 66.8 8.46234
      vertex 38.2934 66.8 8.63574
      vertex 42.5066 66.8 8.63574
    endloop
  endfacet
  facet normal 0 1 0
    outer loop
      vertex 42.4477 66.8 8.46234
      vertex 38.3523 66.8 8.46234
      vertex 38.2934 66.8 8.63574
    endloop
  endfacet
  facet normal 0 1 -0
    outer loop
      vertex 42.412 66.8 8.28273
      vertex 38.3523 66.8 8.46234
      vertex 42.4477 66.8 8.46234
    endloop
  endfacet
  facet normal 0 1 0
    outer loop
      vertex 42.412 66.8 8.28273
      vertex 38.388 66.8 8.28273
      vertex 38.3523 66.8 8.46234
    endloop
  endfacet
  facet normal 0 1 -0
    outer loop
      vertex 42.4 66.8 8.09999
      vertex 38.388 66.8 8.28273
      vertex 42.412 66.8 8.28273
    endloop
  endfacet
  facet normal 0 1 0
    outer loop
      vertex 42.4 66.8 8.09999
      vertex 38.4 66.8 8.09999
      vertex 38.388 66.8 8.28273
    endloop
  endfacet
  facet normal 0 1 -0
    outer loop
      vertex 42.4 66.8 3.90001
      vertex 38.4 66.8 8.09999
      vertex 42.4 66.8 8.09999
    endloop
  endfacet
  facet normal 0 1 0
    outer loop
      vertex 42.4 66.8 3.90001
      vertex 38.4 66.8 3.90001
      vertex 38.4 66.8 8.09999
    endloop
  endfacet
  facet normal 0 1 0
    outer loop
      vertex 42.412 66.8 3.71727
      vertex 38.4 66.8 3.90001
      vertex 42.4 66.8 3.90001
    endloop
  endfacet
  facet normal 0 1 0
    outer loop
      vertex 42.412 66.8 3.71727
      vertex 38.388 66.8 3.71727
      vertex 38.4 66.8 3.90001
    endloop
  endfacet
  facet normal 0 1 0
    outer loop
      vertex 42.4477 66.8 3.53766
      vertex 38.388 66.8 3.71727
      vertex 42.412 66.8 3.71727
    endloop
  endfacet
  facet normal 0 1 0
    outer loop
      vertex 42.4477 66.8 3.53766
      vertex 38.3523 66.8 3.53766
      vertex 38.388 66.8 3.71727
    endloop
  endfacet
  facet normal 0 1 0
    outer loop
      vertex 42.5066 66.8 3.36426
      vertex 38.3523 66.8 3.53766
      vertex 42.4477 66.8 3.53766
    endloop
  endfacet
  facet normal 0 1 0
    outer loop
      vertex 42.5066 66.8 3.36426
      vertex 38.2934 66.8 3.36426
      vertex 38.3523 66.8 3.53766
    endloop
  endfacet
  facet normal 0 1 0
    outer loop
      vertex 42.5876 66.8 3.20001
      vertex 38.2934 66.8 3.36426
      vertex 42.5066 66.8 3.36426
    endloop
  endfacet
  facet normal 0 1 0
    outer loop
      vertex 42.5876 66.8 3.20001
      vertex 38.2124 66.8 3.20001
      vertex 38.2934 66.8 3.36426
    endloop
  endfacet
  facet normal 0 1 0
    outer loop
      vertex 42.6893 66.8 3.04774
      vertex 38.2124 66.8 3.20001
      vertex 42.5876 66.8 3.20001
    endloop
  endfacet
  facet normal 0 1 0
    outer loop
      vertex 42.6893 66.8 3.04774
      vertex 38.1107 66.8 3.04774
      vertex 38.2124 66.8 3.20001
    endloop
  endfacet
  facet normal 0 1 0
    outer loop
      vertex 42.8101 66.8 2.91006
      vertex 38.1107 66.8 3.04774
      vertex 42.6893 66.8 3.04774
    endloop
  endfacet
  facet normal 0 1 0
    outer loop
      vertex 42.8101 66.8 2.91006
      vertex 37.9899 66.8 2.91006
      vertex 38.1107 66.8 3.04774
    endloop
  endfacet
  facet normal 0 1 0
    outer loop
      vertex 42.9477 66.8 2.78932
      vertex 37.9899 66.8 2.91006
      vertex 42.8101 66.8 2.91006
    endloop
  endfacet
  facet normal 0 1 0
    outer loop
      vertex 42.9477 66.8 2.78932
      vertex 37.8523 66.8 2.78932
      vertex 37.9899 66.8 2.91006
    endloop
  endfacet
  facet normal 0 1 0
    outer loop
      vertex 43.1 66.8 2.68758
      vertex 37.8523 66.8 2.78932
      vertex 42.9477 66.8 2.78932
    endloop
  endfacet
  facet normal 0 1 0
    outer loop
      vertex 43.1 66.8 2.68758
      vertex 37.7 66.8 2.68758
      vertex 37.8523 66.8 2.78932
    endloop
  endfacet
  facet normal 0 1 0
    outer loop
      vertex 43.2643 66.8 2.60658
      vertex 37.7 66.8 2.68758
      vertex 43.1 66.8 2.68758
    endloop
  endfacet
  facet normal 0 1 0
    outer loop
      vertex 43.2643 66.8 2.60658
      vertex 37.5357 66.8 2.60658
      vertex 37.7 66.8 2.68758
    endloop
  endfacet
  facet normal 0 1 0
    outer loop
      vertex 43.4377 66.8 2.54771
      vertex 37.5357 66.8 2.60658
      vertex 43.2643 66.8 2.60658
    endloop
  endfacet
  facet normal 0 1 0
    outer loop
      vertex 43.4377 66.8 2.54771
      vertex 37.3623 66.8 2.54771
      vertex 37.5357 66.8 2.60658
    endloop
  endfacet
  facet normal 0 1 0
    outer loop
      vertex 43.6173 66.8 2.51199
      vertex 37.3623 66.8 2.54771
      vertex 43.4377 66.8 2.54771
    endloop
  endfacet
  facet normal 0 1 0
    outer loop
      vertex 43.6173 66.8 2.51199
      vertex 37.1827 66.8 2.51199
      vertex 37.3623 66.8 2.54771
    endloop
  endfacet
  facet normal 0 1 0
    outer loop
      vertex 43.8 66.8 2.50002
      vertex 37.1827 66.8 2.51199
      vertex 43.6173 66.8 2.51199
    endloop
  endfacet
  facet normal 0 1 0
    outer loop
      vertex 37.1827 66.8 2.51199
      vertex 43.8 66.8 2.50002
      vertex 37 66.8 2.50002
    endloop
  endfacet
  facet normal 0 1 0
    outer loop
      vertex 43.8 66.8 9.49998
      vertex 56.8 66.8 35.1
      vertex 44 66.8 9.49998
    endloop
  endfacet
  facet normal 0 1 0
    outer loop
      vertex 56.8 66.8 35.1
      vertex 44.1827 66.8 9.48801
      vertex 44 66.8 9.49998
    endloop
  endfacet
  facet normal 0 1 0
    outer loop
      vertex 56.8 66.8 35.1
      vertex 44.3623 66.8 9.45229
      vertex 44.1827 66.8 9.48801
    endloop
  endfacet
  facet normal 0 1 0
    outer loop
      vertex 56.8 66.8 35.1
      vertex 44.5357 66.8 9.39342
      vertex 44.3623 66.8 9.45229
    endloop
  endfacet
  facet normal 0 1 0
    outer loop
      vertex 56.8 66.8 35.1
      vertex 44.7 66.8 9.31242
      vertex 44.5357 66.8 9.39342
    endloop
  endfacet
  facet normal 0 1 0
    outer loop
      vertex 56.8 66.8 35.1
      vertex 44.8523 66.8 9.21068
      vertex 44.7 66.8 9.31242
    endloop
  endfacet
  facet normal 0 1 0
    outer loop
      vertex 56.8 66.8 35.1
      vertex 44.9899 66.8 9.08994
      vertex 44.8523 66.8 9.21068
    endloop
  endfacet
  facet normal 0 1 0
    outer loop
      vertex 56.8 66.8 35.1
      vertex 45.1107 66.8 8.95226
      vertex 44.9899 66.8 9.08994
    endloop
  endfacet
  facet normal 0 1 0
    outer loop
      vertex 56.8 66.8 35.1
      vertex 45.2124 66.8 8.79999
      vertex 45.1107 66.8 8.95226
    endloop
  endfacet
  facet normal 0 1 -0
    outer loop
      vertex 56.8 66.8 0
      vertex 45.2124 66.8 8.79999
      vertex 56.8 66.8 35.1
    endloop
  endfacet
  facet normal 0 1 0
    outer loop
      vertex 45.2124 66.8 8.79999
      vertex 56.8 66.8 0
      vertex 45.2934 66.8 8.63574
    endloop
  endfacet
  facet normal 0 1 0
    outer loop
      vertex 45.2934 66.8 8.63574
      vertex 56.8 66.8 0
      vertex 45.3523 66.8 8.46234
    endloop
  endfacet
  facet normal 0 1 0
    outer loop
      vertex 45.3523 66.8 8.46234
      vertex 56.8 66.8 0
      vertex 45.388 66.8 8.28273
    endloop
  endfacet
  facet normal 0 1 0
    outer loop
      vertex 45.388 66.8 8.28273
      vertex 56.8 66.8 0
      vertex 45.4 66.8 8.09999
    endloop
  endfacet
  facet normal 0 1 0
    outer loop
      vertex 45.4 66.8 8.09999
      vertex 56.8 66.8 0
      vertex 45.4 66.8 3.90001
    endloop
  endfacet
  facet normal 0 1 0
    outer loop
      vertex 45.4 66.8 3.90001
      vertex 56.8 66.8 0
      vertex 45.388 66.8 3.71727
    endloop
  endfacet
  facet normal 0 1 0
    outer loop
      vertex 45.388 66.8 3.71727
      vertex 56.8 66.8 0
      vertex 45.3523 66.8 3.53766
    endloop
  endfacet
  facet normal 0 1 0
    outer loop
      vertex 56.8 66.8 0
      vertex 43.8 66.8 2.50002
      vertex 44 66.8 2.50002
    endloop
  endfacet
  facet normal 0 1 0
    outer loop
      vertex 43.8 66.8 2.50002
      vertex 56.8 66.8 0
      vertex 37 66.8 2.50002
    endloop
  endfacet
  facet normal 0 1 0
    outer loop
      vertex 37 66.8 2.50002
      vertex 56.8 66.8 0
      vertex 36.8 66.8 2.50002
    endloop
  endfacet
  facet normal 0 1 0
    outer loop
      vertex 36.8 66.8 2.50002
      vertex 56.8 66.8 0
      vertex 30 66.8 2.50002
    endloop
  endfacet
  facet normal 0 1 0
    outer loop
      vertex 30 66.8 2.50002
      vertex 56.8 66.8 0
      vertex 29.8 66.8 2.50002
    endloop
  endfacet
  facet normal 0 1 0
    outer loop
      vertex 3 66.8 0
      vertex 29.8 66.8 2.50002
      vertex 56.8 66.8 0
    endloop
  endfacet
  facet normal 0 1 0
    outer loop
      vertex 29.8 66.8 2.50002
      vertex 3 66.8 0
      vertex 23 66.8 2.50002
    endloop
  endfacet
  facet normal 0 1 0
    outer loop
      vertex 23 66.8 2.50002
      vertex 3 66.8 0
      vertex 22.8 66.8 2.50002
    endloop
  endfacet
  facet normal 0 1 0
    outer loop
      vertex 22.8 66.8 2.50002
      vertex 3 66.8 0
      vertex 16 66.8 2.50002
    endloop
  endfacet
  facet normal 0 1 0
    outer loop
      vertex 44.1827 66.8 2.51199
      vertex 56.8 66.8 0
      vertex 44 66.8 2.50002
    endloop
  endfacet
  facet normal 0 1 0
    outer loop
      vertex 44.3623 66.8 2.54771
      vertex 56.8 66.8 0
      vertex 44.1827 66.8 2.51199
    endloop
  endfacet
  facet normal 0 1 0
    outer loop
      vertex 44.5357 66.8 2.60658
      vertex 56.8 66.8 0
      vertex 44.3623 66.8 2.54771
    endloop
  endfacet
  facet normal 0 1 0
    outer loop
      vertex 44.7 66.8 2.68758
      vertex 56.8 66.8 0
      vertex 44.5357 66.8 2.60658
    endloop
  endfacet
  facet normal 0 1 0
    outer loop
      vertex 44.8523 66.8 2.78932
      vertex 56.8 66.8 0
      vertex 44.7 66.8 2.68758
    endloop
  endfacet
  facet normal 0 1 0
    outer loop
      vertex 44.9899 66.8 2.91006
      vertex 56.8 66.8 0
      vertex 44.8523 66.8 2.78932
    endloop
  endfacet
  facet normal 0 1 0
    outer loop
      vertex 45.1107 66.8 3.04774
      vertex 56.8 66.8 0
      vertex 44.9899 66.8 2.91006
    endloop
  endfacet
  facet normal 0 1 0
    outer loop
      vertex 45.2124 66.8 3.20001
      vertex 56.8 66.8 0
      vertex 45.1107 66.8 3.04774
    endloop
  endfacet
  facet normal 0 1 0
    outer loop
      vertex 45.2934 66.8 3.36426
      vertex 56.8 66.8 0
      vertex 45.2124 66.8 3.20001
    endloop
  endfacet
  facet normal 0 1 0
    outer loop
      vertex 45.3523 66.8 3.53766
      vertex 56.8 66.8 0
      vertex 45.2934 66.8 3.36426
    endloop
  endfacet
  facet normal 0 1 0
    outer loop
      vertex 43.6173 66.8 9.48801
      vertex 56.8 66.8 35.1
      vertex 43.8 66.8 9.49998
    endloop
  endfacet
  facet normal 0 1 0
    outer loop
      vertex 36.8 66.8 9.49998
      vertex 56.8 66.8 35.1
      vertex 37 66.8 9.49998
    endloop
  endfacet
  facet normal 0 1 0
    outer loop
      vertex 36.6173 66.8 9.48801
      vertex 56.8 66.8 35.1
      vertex 36.8 66.8 9.49998
    endloop
  endfacet
  facet normal 0 1 0
    outer loop
      vertex 56.8 66.8 35.1
      vertex 30 66.8 9.49998
      vertex 3 66.8 35.1
    endloop
  endfacet
  facet normal 0 1 -0
    outer loop
      vertex 29.8 66.8 9.49998
      vertex 3 66.8 35.1
      vertex 30 66.8 9.49998
    endloop
  endfacet
  facet normal 0 1 -0
    outer loop
      vertex 29.6173 66.8 9.48801
      vertex 3 66.8 35.1
      vertex 29.8 66.8 9.49998
    endloop
  endfacet
  facet normal 0 1 -0
    outer loop
      vertex 22.8 66.8 9.49998
      vertex 3 66.8 35.1
      vertex 23 66.8 9.49998
    endloop
  endfacet
  facet normal 0 1 -0
    outer loop
      vertex 22.6173 66.8 9.48801
      vertex 3 66.8 35.1
      vertex 22.8 66.8 9.49998
    endloop
  endfacet
  facet normal 0 1 -0
    outer loop
      vertex 15.8 66.8 9.49998
      vertex 3 66.8 35.1
      vertex 16 66.8 9.49998
    endloop
  endfacet
  facet normal 0 1 -0
    outer loop
      vertex 15.6173 66.8 9.48801
      vertex 3 66.8 35.1
      vertex 15.8 66.8 9.49998
    endloop
  endfacet
  facet normal 0 1 -0
    outer loop
      vertex 15.4377 66.8 9.45229
      vertex 3 66.8 35.1
      vertex 15.6173 66.8 9.48801
    endloop
  endfacet
  facet normal 0 1 -0
    outer loop
      vertex 15.2643 66.8 9.39342
      vertex 3 66.8 35.1
      vertex 15.4377 66.8 9.45229
    endloop
  endfacet
  facet normal 0 1 -0
    outer loop
      vertex 15.1 66.8 9.31242
      vertex 3 66.8 35.1
      vertex 15.2643 66.8 9.39342
    endloop
  endfacet
  facet normal 0 1 -0
    outer loop
      vertex 14.9477 66.8 9.21068
      vertex 3 66.8 35.1
      vertex 15.1 66.8 9.31242
    endloop
  endfacet
  facet normal 0 1 -0
    outer loop
      vertex 14.8101 66.8 9.08994
      vertex 3 66.8 35.1
      vertex 14.9477 66.8 9.21068
    endloop
  endfacet
  facet normal 0 1 -0
    outer loop
      vertex 14.6893 66.8 8.95226
      vertex 3 66.8 35.1
      vertex 14.8101 66.8 9.08994
    endloop
  endfacet
  facet normal 0 1 -0
    outer loop
      vertex 14.5876 66.8 8.79999
      vertex 3 66.8 35.1
      vertex 14.6893 66.8 8.95226
    endloop
  endfacet
  facet normal 0 1 0
    outer loop
      vertex 3 66.8 0
      vertex 14.5876 66.8 8.79999
      vertex 14.5066 66.8 8.63574
    endloop
  endfacet
  facet normal 0 1 0
    outer loop
      vertex 3 66.8 0
      vertex 14.5066 66.8 8.63574
      vertex 14.4477 66.8 8.46234
    endloop
  endfacet
  facet normal 0 1 0
    outer loop
      vertex 3 66.8 0
      vertex 14.4477 66.8 8.46234
      vertex 14.412 66.8 8.28273
    endloop
  endfacet
  facet normal 0 1 0
    outer loop
      vertex 3 66.8 0
      vertex 14.412 66.8 8.28273
      vertex 14.4 66.8 8.09999
    endloop
  endfacet
  facet normal 0 1 0
    outer loop
      vertex 3 66.8 0
      vertex 14.4 66.8 8.09999
      vertex 14.4 66.8 3.90001
    endloop
  endfacet
  facet normal 0 1 0
    outer loop
      vertex 3 66.8 0
      vertex 14.4 66.8 3.90001
      vertex 14.412 66.8 3.71727
    endloop
  endfacet
  facet normal 0 1 0
    outer loop
      vertex 3 66.8 0
      vertex 14.412 66.8 3.71727
      vertex 14.4477 66.8 3.53766
    endloop
  endfacet
  facet normal 0 1 0
    outer loop
      vertex 3 66.8 0
      vertex 14.4477 66.8 3.53766
      vertex 14.5066 66.8 3.36426
    endloop
  endfacet
  facet normal 0 1 0
    outer loop
      vertex 14.5876 66.8 8.79999
      vertex 3 66.8 0
      vertex 3 66.8 35.1
    endloop
  endfacet
  facet normal 0 1 0
    outer loop
      vertex 14.5876 66.8 3.20001
      vertex 3 66.8 0
      vertex 14.5066 66.8 3.36426
    endloop
  endfacet
  facet normal 0 1 0
    outer loop
      vertex 14.6893 66.8 3.04774
      vertex 3 66.8 0
      vertex 14.5876 66.8 3.20001
    endloop
  endfacet
  facet normal 0 1 0
    outer loop
      vertex 14.8101 66.8 2.91006
      vertex 3 66.8 0
      vertex 14.6893 66.8 3.04774
    endloop
  endfacet
  facet normal 0 1 0
    outer loop
      vertex 14.9477 66.8 2.78932
      vertex 3 66.8 0
      vertex 14.8101 66.8 2.91006
    endloop
  endfacet
  facet normal 0 1 0
    outer loop
      vertex 15.1 66.8 2.68758
      vertex 3 66.8 0
      vertex 14.9477 66.8 2.78932
    endloop
  endfacet
  facet normal 0 1 0
    outer loop
      vertex 15.2643 66.8 2.60658
      vertex 3 66.8 0
      vertex 15.1 66.8 2.68758
    endloop
  endfacet
  facet normal 0 1 0
    outer loop
      vertex 15.4377 66.8 2.54771
      vertex 3 66.8 0
      vertex 15.2643 66.8 2.60658
    endloop
  endfacet
  facet normal 0 1 0
    outer loop
      vertex 15.6173 66.8 2.51199
      vertex 3 66.8 0
      vertex 15.4377 66.8 2.54771
    endloop
  endfacet
  facet normal 0 1 0
    outer loop
      vertex 15.8 66.8 2.50002
      vertex 3 66.8 0
      vertex 15.6173 66.8 2.51199
    endloop
  endfacet
  facet normal 0 1 0
    outer loop
      vertex 16 66.8 2.50002
      vertex 3 66.8 0
      vertex 15.8 66.8 2.50002
    endloop
  endfacet
  facet normal 0.442211 0.896911 -0
    outer loop
      vertex 58.3 66.3981 0
      vertex 57.9481 66.5716 35.1
      vertex 58.3 66.3981 35.1
    endloop
  endfacet
  facet normal 0.442211 0.896911 0
    outer loop
      vertex 57.9481 66.5716 35.1
      vertex 58.3 66.3981 0
      vertex 57.9481 66.5716 0
    endloop
  endfacet
  facet normal -0.44216 0.896936 0
    outer loop
      vertex 1.85195 66.5716 0
      vertex 1.5 66.3981 35.1
      vertex 1.85195 66.5716 35.1
    endloop
  endfacet
  facet normal -0.44216 0.896936 0
    outer loop
      vertex 1.5 66.3981 35.1
      vertex 1.85195 66.5716 0
      vertex 1.5 66.3981 0
    endloop
  endfacet
  facet normal 0.946885 0.321574 0
    outer loop
      vertex 59.6978 64.5765 35.1
      vertex 59.5716 64.9481 0
      vertex 59.5716 64.9481 35.1
    endloop
  endfacet
  facet normal 0.946885 0.321574 0
    outer loop
      vertex 59.5716 64.9481 0
      vertex 59.6978 64.5765 35.1
      vertex 59.6978 64.5765 0
    endloop
  endfacet
  facet normal 0.0653993 -0.997859 0
    outer loop
      vertex 56.8 0 0
      vertex 57.1916 0.0256653 35.1
      vertex 56.8 0 35.1
    endloop
  endfacet
  facet normal 0.0653993 -0.997859 0
    outer loop
      vertex 57.1916 0.0256653 35.1
      vertex 56.8 0 0
      vertex 57.1916 0.0256653 0
    endloop
  endfacet
  facet normal -0.997859 0.0653993 0
    outer loop
      vertex 0 63.8 0
      vertex 0.0256653 64.1916 35.1
      vertex 0.0256653 64.1916 0
    endloop
  endfacet
  facet normal -0.997859 0.0653993 0
    outer loop
      vertex 0.0256653 64.1916 35.1
      vertex 0 63.8 0
      vertex 0 63.8 35.1
    endloop
  endfacet
  facet normal -0.442288 -0.896873 0
    outer loop
      vertex 1.5 0.401923 0
      vertex 1.85195 0.228361 35.1
      vertex 1.5 0.401923 35.1
    endloop
  endfacet
  facet normal -0.442288 -0.896873 -0
    outer loop
      vertex 1.85195 0.228361 35.1
      vertex 1.5 0.401923 0
      vertex 1.85195 0.228361 0
    endloop
  endfacet
  facet normal 0.659478 0.751724 -0
    outer loop
      vertex 58.9213 65.9213 0
      vertex 58.6263 66.1801 35.1
      vertex 58.9213 65.9213 35.1
    endloop
  endfacet
  facet normal 0.659478 0.751724 0
    outer loop
      vertex 58.6263 66.1801 35.1
      vertex 58.9213 65.9213 0
      vertex 58.6263 66.1801 0
    endloop
  endfacet
  facet normal -0.896873 -0.442288 0
    outer loop
      vertex 0.401923 1.5 0
      vertex 0.228361 1.85195 35.1
      vertex 0.228361 1.85195 0
    endloop
  endfacet
  facet normal -0.896873 -0.442288 0
    outer loop
      vertex 0.228361 1.85195 35.1
      vertex 0.401923 1.5 0
      vertex 0.401923 1.5 35.1
    endloop
  endfacet
  facet normal -0.195089 -0.980786 0
    outer loop
      vertex 2.22354 0.102222 0
      vertex 2.60842 0.0256653 35.1
      vertex 2.22354 0.102222 35.1
    endloop
  endfacet
  facet normal -0.195089 -0.980786 -0
    outer loop
      vertex 2.60842 0.0256653 35.1
      vertex 2.22354 0.102222 0
      vertex 2.60842 0.0256653 0
    endloop
  endfacet
  facet normal -0.659339 -0.751846 0
    outer loop
      vertex 0.878679 0.878679 0
      vertex 1.17372 0.61994 35.1
      vertex 0.878679 0.878679 35.1
    endloop
  endfacet
  facet normal -0.659339 -0.751846 -0
    outer loop
      vertex 1.17372 0.61994 35.1
      vertex 0.878679 0.878679 0
      vertex 1.17372 0.61994 0
    endloop
  endfacet
  facet normal 0.321574 0.946885 -0
    outer loop
      vertex 57.9481 66.5716 0
      vertex 57.5765 66.6978 35.1
      vertex 57.9481 66.5716 35.1
    endloop
  endfacet
  facet normal 0.321574 0.946885 0
    outer loop
      vertex 57.5765 66.6978 35.1
      vertex 57.9481 66.5716 0
      vertex 57.5765 66.6978 0
    endloop
  endfacet
  facet normal 0 -1 0
    outer loop
      vertex 47.65 0 27.65
      vertex 49.6781 0 25.0855
      vertex 49.9 0 25.1
    endloop
  endfacet
  facet normal 0 -1 0
    outer loop
      vertex 47.65 0 27.65
      vertex 49.46 0 25.0421
      vertex 49.6781 0 25.0855
    endloop
  endfacet
  facet normal 0 -1 0
    outer loop
      vertex 47.65 0 27.65
      vertex 49.2494 0 24.9706
      vertex 49.46 0 25.0421
    endloop
  endfacet
  facet normal 0 -1 0
    outer loop
      vertex 47.65 0 27.65
      vertex 49.05 0 24.8722
      vertex 49.2494 0 24.9706
    endloop
  endfacet
  facet normal 0 -1 0
    outer loop
      vertex 47.65 0 27.65
      vertex 48.8651 0 24.7487
      vertex 49.05 0 24.8722
    endloop
  endfacet
  facet normal 0 -1 0
    outer loop
      vertex 47.65 0 27.65
      vertex 48.6979 0 24.6021
      vertex 48.8651 0 24.7487
    endloop
  endfacet
  facet normal 0 -1 0
    outer loop
      vertex 47.65 0 27.65
      vertex 48.5513 0 24.4349
      vertex 48.6979 0 24.6021
    endloop
  endfacet
  facet normal 0 -1 0
    outer loop
      vertex 47.65 0 27.65
      vertex 48.4278 0 24.25
      vertex 48.5513 0 24.4349
    endloop
  endfacet
  facet normal 0 -1 0
    outer loop
      vertex 47.65 0 27.65
      vertex 48.3294 0 24.0506
      vertex 48.4278 0 24.25
    endloop
  endfacet
  facet normal 0 -1 0
    outer loop
      vertex 47.65 0 27.65
      vertex 48.2579 0 23.84
      vertex 48.3294 0 24.0506
    endloop
  endfacet
  facet normal 0 -1 0
    outer loop
      vertex 47.65 0 27.65
      vertex 48.2145 0 23.6219
      vertex 48.2579 0 23.84
    endloop
  endfacet
  facet normal 0 -1 0
    outer loop
      vertex 47.65 0 27.65
      vertex 48.2 0 23.4
      vertex 48.2145 0 23.6219
    endloop
  endfacet
  facet normal 0 -1 0
    outer loop
      vertex 47.65 0 19.15
      vertex 48.2 0 23.4
      vertex 47.65 0 27.65
    endloop
  endfacet
  facet normal 0 -1 -0
    outer loop
      vertex 49.6781 0 21.7145
      vertex 47.65 0 19.15
      vertex 49.9 0 21.7
    endloop
  endfacet
  facet normal 0 -1 -0
    outer loop
      vertex 49.46 0 21.7579
      vertex 47.65 0 19.15
      vertex 49.6781 0 21.7145
    endloop
  endfacet
  facet normal 0 -1 -0
    outer loop
      vertex 49.2494 0 21.8294
      vertex 47.65 0 19.15
      vertex 49.46 0 21.7579
    endloop
  endfacet
  facet normal 0 -1 -0
    outer loop
      vertex 49.05 0 21.9278
      vertex 47.65 0 19.15
      vertex 49.2494 0 21.8294
    endloop
  endfacet
  facet normal 0 -1 -0
    outer loop
      vertex 48.8651 0 22.0513
      vertex 47.65 0 19.15
      vertex 49.05 0 21.9278
    endloop
  endfacet
  facet normal 0 -1 -0
    outer loop
      vertex 48.6979 0 22.1979
      vertex 47.65 0 19.15
      vertex 48.8651 0 22.0513
    endloop
  endfacet
  facet normal 0 -1 -0
    outer loop
      vertex 48.5513 0 22.3651
      vertex 47.65 0 19.15
      vertex 48.6979 0 22.1979
    endloop
  endfacet
  facet normal 0 -1 -0
    outer loop
      vertex 48.4278 0 22.55
      vertex 47.65 0 19.15
      vertex 48.5513 0 22.3651
    endloop
  endfacet
  facet normal 0 -1 -0
    outer loop
      vertex 48.3294 0 22.7494
      vertex 47.65 0 19.15
      vertex 48.4278 0 22.55
    endloop
  endfacet
  facet normal 0 -1 -0
    outer loop
      vertex 48.2579 0 22.96
      vertex 47.65 0 19.15
      vertex 48.3294 0 22.7494
    endloop
  endfacet
  facet normal 0 -1 -0
    outer loop
      vertex 48.2145 0 23.1781
      vertex 47.65 0 19.15
      vertex 48.2579 0 22.96
    endloop
  endfacet
  facet normal 0 -1 -0
    outer loop
      vertex 48.2 0 23.4
      vertex 47.65 0 19.15
      vertex 48.2145 0 23.1781
    endloop
  endfacet
  facet normal 0 -1 0
    outer loop
      vertex 3 0 35.1
      vertex 28.65 0 29.15
      vertex 56.8 0 35.1
    endloop
  endfacet
  facet normal 0 -1 0
    outer loop
      vertex 3 0 35.1
      vertex 28.4542 0 29.1372
      vertex 28.65 0 29.15
    endloop
  endfacet
  facet normal 0 -1 0
    outer loop
      vertex 3 0 35.1
      vertex 28.2618 0 29.0989
      vertex 28.4542 0 29.1372
    endloop
  endfacet
  facet normal 0 -1 0
    outer loop
      vertex 3 0 35.1
      vertex 28.076 0 29.0358
      vertex 28.2618 0 29.0989
    endloop
  endfacet
  facet normal 0 -1 0
    outer loop
      vertex 3 0 35.1
      vertex 27.9 0 28.949
      vertex 28.076 0 29.0358
    endloop
  endfacet
  facet normal 0 -1 0
    outer loop
      vertex 3 0 35.1
      vertex 27.7369 0 28.84
      vertex 27.9 0 28.949
    endloop
  endfacet
  facet normal 0 -1 0
    outer loop
      vertex 3 0 35.1
      vertex 27.5893 0 28.7107
      vertex 27.7369 0 28.84
    endloop
  endfacet
  facet normal 0 -1 0
    outer loop
      vertex 3 0 35.1
      vertex 27.46 0 28.5631
      vertex 27.5893 0 28.7107
    endloop
  endfacet
  facet normal 0 -1 0
    outer loop
      vertex 3 0 35.1
      vertex 27.351 0 28.4
      vertex 27.46 0 28.5631
    endloop
  endfacet
  facet normal 0 -1 0
    outer loop
      vertex 23.8651 0 24.7487
      vertex 27.351 0 28.4
      vertex 3 0 35.1
    endloop
  endfacet
  facet normal -0 -1 0
    outer loop
      vertex 24.05 0 24.8722
      vertex 27.351 0 28.4
      vertex 23.8651 0 24.7487
    endloop
  endfacet
  facet normal 0 -1 0
    outer loop
      vertex 27.351 0 28.4
      vertex 24.05 0 24.8722
      vertex 27.2642 0 28.224
    endloop
  endfacet
  facet normal 0 -1 0
    outer loop
      vertex 27.2642 0 28.224
      vertex 24.2494 0 24.9706
      vertex 27.2011 0 28.0382
    endloop
  endfacet
  facet normal -0 -1 0
    outer loop
      vertex 24.46 0 25.0421
      vertex 27.2011 0 28.0382
      vertex 24.2494 0 24.9706
    endloop
  endfacet
  facet normal 0 -1 0
    outer loop
      vertex 27.15 0 27.65
      vertex 24.6781 0 25.0855
      vertex 24.9 0 25.1
    endloop
  endfacet
  facet normal 0 -1 0
    outer loop
      vertex 27.1628 0 27.8458
      vertex 24.6781 0 25.0855
      vertex 27.15 0 27.65
    endloop
  endfacet
  facet normal -0 -1 0
    outer loop
      vertex 24.6781 0 25.0855
      vertex 27.1628 0 27.8458
      vertex 24.46 0 25.0421
    endloop
  endfacet
  facet normal 0 -1 0
    outer loop
      vertex 27.2011 0 28.0382
      vertex 24.46 0 25.0421
      vertex 27.1628 0 27.8458
    endloop
  endfacet
  facet normal -0 -1 0
    outer loop
      vertex 24.2494 0 24.9706
      vertex 27.2642 0 28.224
      vertex 24.05 0 24.8722
    endloop
  endfacet
  facet normal 0 -1 0
    outer loop
      vertex 3 0 35.1
      vertex 23.6979 0 24.6021
      vertex 23.8651 0 24.7487
    endloop
  endfacet
  facet normal 0 -1 0
    outer loop
      vertex 3 0 35.1
      vertex 23.5513 0 24.4349
      vertex 23.6979 0 24.6021
    endloop
  endfacet
  facet normal 0 -1 0
    outer loop
      vertex 3 0 35.1
      vertex 23.4278 0 24.25
      vertex 23.5513 0 24.4349
    endloop
  endfacet
  facet normal 0 -1 0
    outer loop
      vertex 3 0 35.1
      vertex 23.3294 0 24.0506
      vertex 23.4278 0 24.25
    endloop
  endfacet
  facet normal 0 -1 0
    outer loop
      vertex 3 0 35.1
      vertex 23.2579 0 23.84
      vertex 23.3294 0 24.0506
    endloop
  endfacet
  facet normal 0 -1 0
    outer loop
      vertex 3 0 35.1
      vertex 23.2145 0 23.6219
      vertex 23.2579 0 23.84
    endloop
  endfacet
  facet normal 0 -1 0
    outer loop
      vertex 3 0 35.1
      vertex 23.2 0 23.4
      vertex 23.2145 0 23.6219
    endloop
  endfacet
  facet normal 0 -1 0
    outer loop
      vertex 3 0 35.1
      vertex 23.2145 0 23.1781
      vertex 23.2 0 23.4
    endloop
  endfacet
  facet normal 0 -1 0
    outer loop
      vertex 3 0 35.1
      vertex 23.2579 0 22.96
      vertex 23.2145 0 23.1781
    endloop
  endfacet
  facet normal 0 -1 0
    outer loop
      vertex 3 0 0
      vertex 23.2579 0 22.96
      vertex 3 0 35.1
    endloop
  endfacet
  facet normal 0 -1 -0
    outer loop
      vertex 23.2579 0 22.96
      vertex 3 0 0
      vertex 23.3294 0 22.7494
    endloop
  endfacet
  facet normal 0 -1 -0
    outer loop
      vertex 23.3294 0 22.7494
      vertex 3 0 0
      vertex 23.4278 0 22.55
    endloop
  endfacet
  facet normal 0 -1 -0
    outer loop
      vertex 23.4278 0 22.55
      vertex 3 0 0
      vertex 23.5513 0 22.3651
    endloop
  endfacet
  facet normal 0 -1 -0
    outer loop
      vertex 23.5513 0 22.3651
      vertex 3 0 0
      vertex 23.6979 0 22.1979
    endloop
  endfacet
  facet normal 0 -1 -0
    outer loop
      vertex 23.6979 0 22.1979
      vertex 3 0 0
      vertex 23.8651 0 22.0513
    endloop
  endfacet
  facet normal 0 -1 0
    outer loop
      vertex 24.6781 0 21.7145
      vertex 27.15 0 19.15
      vertex 24.9 0 21.7
    endloop
  endfacet
  facet normal 0 -1 0
    outer loop
      vertex 27.1628 0 18.9542
      vertex 24.6781 0 21.7145
      vertex 24.46 0 21.7579
    endloop
  endfacet
  facet normal 0 -1 0
    outer loop
      vertex 27.2011 0 18.7618
      vertex 24.46 0 21.7579
      vertex 24.2494 0 21.8294
    endloop
  endfacet
  facet normal 0 -1 0
    outer loop
      vertex 27.2642 0 18.576
      vertex 24.2494 0 21.8294
      vertex 24.05 0 21.9278
    endloop
  endfacet
  facet normal -0 -1 0
    outer loop
      vertex 27.351 0 18.4
      vertex 23.8651 0 22.0513
      vertex 3 0 0
    endloop
  endfacet
  facet normal 0 -1 0
    outer loop
      vertex 24.6781 0 21.7145
      vertex 27.1628 0 18.9542
      vertex 27.15 0 19.15
    endloop
  endfacet
  facet normal 0 -1 0
    outer loop
      vertex 23.8651 0 22.0513
      vertex 27.351 0 18.4
      vertex 24.05 0 21.9278
    endloop
  endfacet
  facet normal 0 -1 0
    outer loop
      vertex 24.46 0 21.7579
      vertex 27.2011 0 18.7618
      vertex 27.1628 0 18.9542
    endloop
  endfacet
  facet normal 0 -1 0
    outer loop
      vertex 24.2494 0 21.8294
      vertex 27.2642 0 18.576
      vertex 27.2011 0 18.7618
    endloop
  endfacet
  facet normal 0 -1 0
    outer loop
      vertex 24.05 0 21.9278
      vertex 27.351 0 18.4
      vertex 27.2642 0 18.576
    endloop
  endfacet
  facet normal 0 -1 -0
    outer loop
      vertex 27.351 0 18.4
      vertex 3 0 0
      vertex 27.46 0 18.2369
    endloop
  endfacet
  facet normal 0 -1 -0
    outer loop
      vertex 27.46 0 18.2369
      vertex 3 0 0
      vertex 27.5893 0 18.0893
    endloop
  endfacet
  facet normal 0 -1 0
    outer loop
      vertex 43.4544 0 11.5456
      vertex 46.15 0 17.65
      vertex 28.65 0 17.65
    endloop
  endfacet
  facet normal 0 -1 0
    outer loop
      vertex 42.674 0 7.62234
      vertex 28.65 0 17.65
      vertex 28.4542 0 17.6628
    endloop
  endfacet
  facet normal 0 -1 0
    outer loop
      vertex 42.8823 0 7.2
      vertex 28.4542 0 17.6628
      vertex 28.2618 0 17.7011
    endloop
  endfacet
  facet normal 0 -1 0
    outer loop
      vertex 46.15 0 17.65
      vertex 45.5301 0 12.5692
      vertex 46 0 12.6
    endloop
  endfacet
  facet normal 0 -1 0
    outer loop
      vertex 46.15 0 17.65
      vertex 45.0683 0 12.4773
      vertex 45.5301 0 12.5692
    endloop
  endfacet
  facet normal 0 -1 0
    outer loop
      vertex 46.15 0 17.65
      vertex 44.6223 0 12.326
      vertex 45.0683 0 12.4773
    endloop
  endfacet
  facet normal 0 -1 0
    outer loop
      vertex 46.15 0 17.65
      vertex 44.2 0 12.1177
      vertex 44.6223 0 12.326
    endloop
  endfacet
  facet normal 0 -1 0
    outer loop
      vertex 3 0 0
      vertex 28.2618 0 17.7011
      vertex 28.076 0 17.7642
    endloop
  endfacet
  facet normal 0 -1 0
    outer loop
      vertex 46.15 0 17.65
      vertex 43.8085 0 11.8561
      vertex 44.2 0 12.1177
    endloop
  endfacet
  facet normal 0 -1 0
    outer loop
      vertex 46.15 0 17.65
      vertex 43.4544 0 11.5456
      vertex 43.8085 0 11.8561
    endloop
  endfacet
  facet normal 0 -1 0
    outer loop
      vertex 28.65 0 17.65
      vertex 43.1439 0 11.1915
      vertex 43.4544 0 11.5456
    endloop
  endfacet
  facet normal 0 -1 0
    outer loop
      vertex 28.65 0 17.65
      vertex 42.8823 0 10.8
      vertex 43.1439 0 11.1915
    endloop
  endfacet
  facet normal 0 -1 0
    outer loop
      vertex 28.65 0 17.65
      vertex 42.674 0 10.3777
      vertex 42.8823 0 10.8
    endloop
  endfacet
  facet normal 0 -1 0
    outer loop
      vertex 3 0 0
      vertex 28.076 0 17.7642
      vertex 27.9 0 17.851
    endloop
  endfacet
  facet normal 0 -1 0
    outer loop
      vertex 28.65 0 17.65
      vertex 42.5227 0 9.93175
      vertex 42.674 0 10.3777
    endloop
  endfacet
  facet normal 0 -1 0
    outer loop
      vertex 28.65 0 17.65
      vertex 42.4308 0 9.46989
      vertex 42.5227 0 9.93175
    endloop
  endfacet
  facet normal 0 -1 0
    outer loop
      vertex 28.65 0 17.65
      vertex 42.4 0 9
      vertex 42.4308 0 9.46989
    endloop
  endfacet
  facet normal 0 -1 0
    outer loop
      vertex 28.65 0 17.65
      vertex 42.4308 0 8.53011
      vertex 42.4 0 9
    endloop
  endfacet
  facet normal 0 -1 0
    outer loop
      vertex 28.65 0 17.65
      vertex 42.5227 0 8.06825
      vertex 42.4308 0 8.53011
    endloop
  endfacet
  facet normal 0 -1 0
    outer loop
      vertex 3 0 0
      vertex 27.9 0 17.851
      vertex 27.7369 0 17.96
    endloop
  endfacet
  facet normal 0 -1 0
    outer loop
      vertex 28.65 0 17.65
      vertex 42.674 0 7.62234
      vertex 42.5227 0 8.06825
    endloop
  endfacet
  facet normal 0 -1 0
    outer loop
      vertex 28.4542 0 17.6628
      vertex 42.8823 0 7.2
      vertex 42.674 0 7.62234
    endloop
  endfacet
  facet normal 0 -1 -0
    outer loop
      vertex 27.5893 0 18.0893
      vertex 3 0 0
      vertex 27.7369 0 17.96
    endloop
  endfacet
  facet normal 0 -1 -0
    outer loop
      vertex 28.2618 0 17.7011
      vertex 3 0 0
      vertex 42.8823 0 7.2
    endloop
  endfacet
  facet normal 0 -1 -0
    outer loop
      vertex 42.8823 0 7.2
      vertex 3 0 0
      vertex 43.1439 0 6.80846
    endloop
  endfacet
  facet normal 0 -1 -0
    outer loop
      vertex 43.1439 0 6.80846
      vertex 3 0 0
      vertex 43.4544 0 6.45442
    endloop
  endfacet
  facet normal 0 -1 0
    outer loop
      vertex 45.0683 0 5.52267
      vertex 56.8 0 0
      vertex 45.5301 0 5.4308
    endloop
  endfacet
  facet normal 0 -1 0
    outer loop
      vertex 56.8 0 0
      vertex 45.0683 0 5.52267
      vertex 3 0 0
    endloop
  endfacet
  facet normal 0 -1 -0
    outer loop
      vertex 44.6223 0 5.67403
      vertex 3 0 0
      vertex 45.0683 0 5.52267
    endloop
  endfacet
  facet normal 0 -1 -0
    outer loop
      vertex 44.2 0 5.88231
      vertex 3 0 0
      vertex 44.6223 0 5.67403
    endloop
  endfacet
  facet normal 0 -1 -0
    outer loop
      vertex 43.8085 0 6.14393
      vertex 3 0 0
      vertex 44.2 0 5.88231
    endloop
  endfacet
  facet normal 0 -1 -0
    outer loop
      vertex 43.4544 0 6.45442
      vertex 3 0 0
      vertex 43.8085 0 6.14393
    endloop
  endfacet
  facet normal 0 -1 0
    outer loop
      vertex 46.15 0 29.15
      vertex 56.8 0 35.1
      vertex 28.65 0 29.15
    endloop
  endfacet
  facet normal 0 -1 0
    outer loop
      vertex 46.3458 0 29.1372
      vertex 56.8 0 35.1
      vertex 46.15 0 29.15
    endloop
  endfacet
  facet normal 0 -1 0
    outer loop
      vertex 46.5382 0 29.0989
      vertex 56.8 0 35.1
      vertex 46.3458 0 29.1372
    endloop
  endfacet
  facet normal 0 -1 0
    outer loop
      vertex 46.724 0 29.0358
      vertex 56.8 0 35.1
      vertex 46.5382 0 29.0989
    endloop
  endfacet
  facet normal 0 -1 0
    outer loop
      vertex 46.9 0 28.949
      vertex 56.8 0 35.1
      vertex 46.724 0 29.0358
    endloop
  endfacet
  facet normal 0 -1 0
    outer loop
      vertex 47.0631 0 28.84
      vertex 56.8 0 35.1
      vertex 46.9 0 28.949
    endloop
  endfacet
  facet normal 0 -1 0
    outer loop
      vertex 47.2107 0 28.7107
      vertex 56.8 0 35.1
      vertex 47.0631 0 28.84
    endloop
  endfacet
  facet normal 0 -1 0
    outer loop
      vertex 47.34 0 28.5631
      vertex 56.8 0 35.1
      vertex 47.2107 0 28.7107
    endloop
  endfacet
  facet normal 0 -1 0
    outer loop
      vertex 47.449 0 28.4
      vertex 56.8 0 35.1
      vertex 47.34 0 28.5631
    endloop
  endfacet
  facet normal 0 -1 0
    outer loop
      vertex 47.5358 0 28.224
      vertex 56.8 0 35.1
      vertex 47.449 0 28.4
    endloop
  endfacet
  facet normal 0 -1 0
    outer loop
      vertex 50.5506 0 24.9706
      vertex 47.5358 0 28.224
      vertex 47.5989 0 28.0382
    endloop
  endfacet
  facet normal 0 -1 0
    outer loop
      vertex 50.34 0 25.0421
      vertex 47.5989 0 28.0382
      vertex 47.6372 0 27.8458
    endloop
  endfacet
  facet normal 0 -1 0
    outer loop
      vertex 50.1219 0 25.0855
      vertex 47.6372 0 27.8458
      vertex 47.65 0 27.65
    endloop
  endfacet
  facet normal 0 -1 0
    outer loop
      vertex 50.1219 0 25.0855
      vertex 47.65 0 27.65
      vertex 49.9 0 25.1
    endloop
  endfacet
  facet normal 0 -1 0
    outer loop
      vertex 47.6372 0 27.8458
      vertex 50.1219 0 25.0855
      vertex 50.34 0 25.0421
    endloop
  endfacet
  facet normal 0 -1 0
    outer loop
      vertex 47.5989 0 28.0382
      vertex 50.34 0 25.0421
      vertex 50.5506 0 24.9706
    endloop
  endfacet
  facet normal 0 -1 0
    outer loop
      vertex 47.5358 0 28.224
      vertex 50.5506 0 24.9706
      vertex 56.8 0 35.1
    endloop
  endfacet
  facet normal 0 -1 0
    outer loop
      vertex 50.75 0 24.8722
      vertex 56.8 0 35.1
      vertex 50.5506 0 24.9706
    endloop
  endfacet
  facet normal 0 -1 0
    outer loop
      vertex 50.9349 0 24.7487
      vertex 56.8 0 35.1
      vertex 50.75 0 24.8722
    endloop
  endfacet
  facet normal 0 -1 0
    outer loop
      vertex 51.1021 0 24.6021
      vertex 56.8 0 35.1
      vertex 50.9349 0 24.7487
    endloop
  endfacet
  facet normal 0 -1 0
    outer loop
      vertex 51.2487 0 24.4349
      vertex 56.8 0 35.1
      vertex 51.1021 0 24.6021
    endloop
  endfacet
  facet normal 0 -1 0
    outer loop
      vertex 51.3722 0 24.25
      vertex 56.8 0 35.1
      vertex 51.2487 0 24.4349
    endloop
  endfacet
  facet normal 0 -1 0
    outer loop
      vertex 51.4706 0 24.0506
      vertex 56.8 0 35.1
      vertex 51.3722 0 24.25
    endloop
  endfacet
  facet normal 0 -1 0
    outer loop
      vertex 51.5421 0 23.84
      vertex 56.8 0 35.1
      vertex 51.4706 0 24.0506
    endloop
  endfacet
  facet normal 0 -1 0
    outer loop
      vertex 51.5855 0 23.6219
      vertex 56.8 0 35.1
      vertex 51.5421 0 23.84
    endloop
  endfacet
  facet normal 0 -1 0
    outer loop
      vertex 51.6 0 23.4
      vertex 56.8 0 35.1
      vertex 51.5855 0 23.6219
    endloop
  endfacet
  facet normal 0 -1 0
    outer loop
      vertex 51.5855 0 23.1781
      vertex 56.8 0 35.1
      vertex 51.6 0 23.4
    endloop
  endfacet
  facet normal 0 -1 0
    outer loop
      vertex 51.5421 0 22.96
      vertex 56.8 0 35.1
      vertex 51.5855 0 23.1781
    endloop
  endfacet
  facet normal 0 -1 0
    outer loop
      vertex 56.8 0 0
      vertex 51.5421 0 22.96
      vertex 51.4706 0 22.7494
    endloop
  endfacet
  facet normal 0 -1 0
    outer loop
      vertex 47.65 0 19.15
      vertex 50.1219 0 21.7145
      vertex 49.9 0 21.7
    endloop
  endfacet
  facet normal 0 -1 0
    outer loop
      vertex 47.6372 0 18.9542
      vertex 50.1219 0 21.7145
      vertex 47.65 0 19.15
    endloop
  endfacet
  facet normal 0 -1 -0
    outer loop
      vertex 50.1219 0 21.7145
      vertex 47.6372 0 18.9542
      vertex 50.34 0 21.7579
    endloop
  endfacet
  facet normal 0 -1 0
    outer loop
      vertex 47.5989 0 18.7618
      vertex 50.34 0 21.7579
      vertex 47.6372 0 18.9542
    endloop
  endfacet
  facet normal 0 -1 -0
    outer loop
      vertex 50.34 0 21.7579
      vertex 47.5989 0 18.7618
      vertex 50.5506 0 21.8294
    endloop
  endfacet
  facet normal 0 -1 0
    outer loop
      vertex 47.5358 0 18.576
      vertex 50.5506 0 21.8294
      vertex 47.5989 0 18.7618
    endloop
  endfacet
  facet normal 0 -1 -0
    outer loop
      vertex 50.5506 0 21.8294
      vertex 47.5358 0 18.576
      vertex 50.75 0 21.9278
    endloop
  endfacet
  facet normal 0 -1 0
    outer loop
      vertex 48.5456 0 11.5456
      vertex 50.75 0 21.9278
      vertex 47.5358 0 18.576
    endloop
  endfacet
  facet normal 0 -1 0
    outer loop
      vertex 48.8561 0 11.1915
      vertex 50.75 0 21.9278
      vertex 48.5456 0 11.5456
    endloop
  endfacet
  facet normal 0 -1 0
    outer loop
      vertex 48.5456 0 11.5456
      vertex 47.5358 0 18.576
      vertex 47.449 0 18.4
    endloop
  endfacet
  facet normal 0 -1 0
    outer loop
      vertex 48.1915 0 11.8561
      vertex 47.449 0 18.4
      vertex 47.34 0 18.2369
    endloop
  endfacet
  facet normal 0 -1 0
    outer loop
      vertex 48.1915 0 11.8561
      vertex 47.34 0 18.2369
      vertex 47.2107 0 18.0893
    endloop
  endfacet
  facet normal 0 -1 0
    outer loop
      vertex 46 0 12.6
      vertex 46.3458 0 17.6628
      vertex 46.15 0 17.65
    endloop
  endfacet
  facet normal 0 -1 0
    outer loop
      vertex 46.4699 0 12.5692
      vertex 46.3458 0 17.6628
      vertex 46 0 12.6
    endloop
  endfacet
  facet normal 0 -1 0
    outer loop
      vertex 46.3458 0 17.6628
      vertex 46.4699 0 12.5692
      vertex 46.5382 0 17.7011
    endloop
  endfacet
  facet normal 0 -1 0
    outer loop
      vertex 46.9317 0 12.4773
      vertex 46.5382 0 17.7011
      vertex 46.4699 0 12.5692
    endloop
  endfacet
  facet normal 0 -1 0
    outer loop
      vertex 46.5382 0 17.7011
      vertex 46.9317 0 12.4773
      vertex 46.724 0 17.7642
    endloop
  endfacet
  facet normal 0 -1 0
    outer loop
      vertex 46.724 0 17.7642
      vertex 46.9317 0 12.4773
      vertex 46.9 0 17.851
    endloop
  endfacet
  facet normal 0 -1 0
    outer loop
      vertex 47.3777 0 12.326
      vertex 46.9 0 17.851
      vertex 46.9317 0 12.4773
    endloop
  endfacet
  facet normal 0 -1 0
    outer loop
      vertex 46.9 0 17.851
      vertex 47.3777 0 12.326
      vertex 47.0631 0 17.96
    endloop
  endfacet
  facet normal 0 -1 0
    outer loop
      vertex 47.8 0 12.1177
      vertex 47.0631 0 17.96
      vertex 47.3777 0 12.326
    endloop
  endfacet
  facet normal 0 -1 0
    outer loop
      vertex 47.0631 0 17.96
      vertex 47.8 0 12.1177
      vertex 47.2107 0 18.0893
    endloop
  endfacet
  facet normal 0 -1 0
    outer loop
      vertex 48.1915 0 11.8561
      vertex 47.2107 0 18.0893
      vertex 47.8 0 12.1177
    endloop
  endfacet
  facet normal 0 -1 0
    outer loop
      vertex 47.449 0 18.4
      vertex 48.1915 0 11.8561
      vertex 48.5456 0 11.5456
    endloop
  endfacet
  facet normal 0 -1 -0
    outer loop
      vertex 50.75 0 21.9278
      vertex 48.8561 0 11.1915
      vertex 50.9349 0 22.0513
    endloop
  endfacet
  facet normal 0 -1 0
    outer loop
      vertex 49.1177 0 10.8
      vertex 50.9349 0 22.0513
      vertex 48.8561 0 11.1915
    endloop
  endfacet
  facet normal 0 -1 -0
    outer loop
      vertex 50.9349 0 22.0513
      vertex 49.1177 0 10.8
      vertex 51.1021 0 22.1979
    endloop
  endfacet
  facet normal 0 -1 0
    outer loop
      vertex 49.326 0 10.3777
      vertex 51.1021 0 22.1979
      vertex 49.1177 0 10.8
    endloop
  endfacet
  facet normal 0 -1 -0
    outer loop
      vertex 51.1021 0 22.1979
      vertex 49.326 0 10.3777
      vertex 51.2487 0 22.3651
    endloop
  endfacet
  facet normal 0 -1 0
    outer loop
      vertex 49.4773 0 9.93175
      vertex 51.2487 0 22.3651
      vertex 49.326 0 10.3777
    endloop
  endfacet
  facet normal 0 -1 -0
    outer loop
      vertex 51.2487 0 22.3651
      vertex 49.4773 0 9.93175
      vertex 51.3722 0 22.55
    endloop
  endfacet
  facet normal 0 -1 0
    outer loop
      vertex 56.8 0 0
      vertex 51.3722 0 22.55
      vertex 49.4773 0 9.93175
    endloop
  endfacet
  facet normal 0 -1 0
    outer loop
      vertex 51.3722 0 22.55
      vertex 56.8 0 0
      vertex 51.4706 0 22.7494
    endloop
  endfacet
  facet normal 0 -1 0
    outer loop
      vertex 56.8 0 0
      vertex 49.4773 0 9.93175
      vertex 49.5692 0 9.46989
    endloop
  endfacet
  facet normal 0 -1 0
    outer loop
      vertex 56.8 0 0
      vertex 49.5692 0 9.46989
      vertex 49.6 0 9
    endloop
  endfacet
  facet normal 0 -1 0
    outer loop
      vertex 56.8 0 0
      vertex 49.6 0 9
      vertex 49.5692 0 8.53011
    endloop
  endfacet
  facet normal 0 -1 0
    outer loop
      vertex 56.8 0 0
      vertex 49.5692 0 8.53011
      vertex 49.4773 0 8.06825
    endloop
  endfacet
  facet normal 0 -1 0
    outer loop
      vertex 45.5301 0 5.4308
      vertex 56.8 0 0
      vertex 46 0 5.4
    endloop
  endfacet
  facet normal 0 -1 0
    outer loop
      vertex 51.5421 0 22.96
      vertex 56.8 0 0
      vertex 56.8 0 35.1
    endloop
  endfacet
  facet normal 0 -1 0
    outer loop
      vertex 49.326 0 7.62234
      vertex 56.8 0 0
      vertex 49.4773 0 8.06825
    endloop
  endfacet
  facet normal 0 -1 0
    outer loop
      vertex 49.1177 0 7.2
      vertex 56.8 0 0
      vertex 49.326 0 7.62234
    endloop
  endfacet
  facet normal 0 -1 0
    outer loop
      vertex 48.8561 0 6.80846
      vertex 56.8 0 0
      vertex 49.1177 0 7.2
    endloop
  endfacet
  facet normal 0 -1 0
    outer loop
      vertex 48.5456 0 6.45442
      vertex 56.8 0 0
      vertex 48.8561 0 6.80846
    endloop
  endfacet
  facet normal 0 -1 0
    outer loop
      vertex 48.1915 0 6.14393
      vertex 56.8 0 0
      vertex 48.5456 0 6.45442
    endloop
  endfacet
  facet normal 0 -1 0
    outer loop
      vertex 47.8 0 5.88231
      vertex 56.8 0 0
      vertex 48.1915 0 6.14393
    endloop
  endfacet
  facet normal 0 -1 0
    outer loop
      vertex 47.3777 0 5.67403
      vertex 56.8 0 0
      vertex 47.8 0 5.88231
    endloop
  endfacet
  facet normal 0 -1 0
    outer loop
      vertex 46.9317 0 5.52267
      vertex 56.8 0 0
      vertex 47.3777 0 5.67403
    endloop
  endfacet
  facet normal 0 -1 0
    outer loop
      vertex 46.4699 0 5.4308
      vertex 56.8 0 0
      vertex 46.9317 0 5.52267
    endloop
  endfacet
  facet normal 0 -1 0
    outer loop
      vertex 46 0 5.4
      vertex 56.8 0 0
      vertex 46.4699 0 5.4308
    endloop
  endfacet
  facet normal 0 -1 0
    outer loop
      vertex 25.1219 0 25.0855
      vertex 27.15 0 27.65
      vertex 24.9 0 25.1
    endloop
  endfacet
  facet normal 0 -1 0
    outer loop
      vertex 25.34 0 25.0421
      vertex 27.15 0 27.65
      vertex 25.1219 0 25.0855
    endloop
  endfacet
  facet normal 0 -1 0
    outer loop
      vertex 25.5506 0 24.9706
      vertex 27.15 0 27.65
      vertex 25.34 0 25.0421
    endloop
  endfacet
  facet normal 0 -1 0
    outer loop
      vertex 25.75 0 24.8722
      vertex 27.15 0 27.65
      vertex 25.5506 0 24.9706
    endloop
  endfacet
  facet normal 0 -1 0
    outer loop
      vertex 25.9349 0 24.7487
      vertex 27.15 0 27.65
      vertex 25.75 0 24.8722
    endloop
  endfacet
  facet normal 0 -1 0
    outer loop
      vertex 26.1021 0 24.6021
      vertex 27.15 0 27.65
      vertex 25.9349 0 24.7487
    endloop
  endfacet
  facet normal 0 -1 0
    outer loop
      vertex 26.2487 0 24.4349
      vertex 27.15 0 27.65
      vertex 26.1021 0 24.6021
    endloop
  endfacet
  facet normal 0 -1 0
    outer loop
      vertex 26.3722 0 24.25
      vertex 27.15 0 27.65
      vertex 26.2487 0 24.4349
    endloop
  endfacet
  facet normal 0 -1 0
    outer loop
      vertex 26.4706 0 24.0506
      vertex 27.15 0 27.65
      vertex 26.3722 0 24.25
    endloop
  endfacet
  facet normal 0 -1 0
    outer loop
      vertex 26.5421 0 23.84
      vertex 27.15 0 27.65
      vertex 26.4706 0 24.0506
    endloop
  endfacet
  facet normal 0 -1 0
    outer loop
      vertex 26.5855 0 23.6219
      vertex 27.15 0 27.65
      vertex 26.5421 0 23.84
    endloop
  endfacet
  facet normal 0 -1 0
    outer loop
      vertex 26.6 0 23.4
      vertex 27.15 0 27.65
      vertex 26.5855 0 23.6219
    endloop
  endfacet
  facet normal 0 -1 0
    outer loop
      vertex 27.15 0 19.15
      vertex 26.6 0 23.4
      vertex 26.5855 0 23.1781
    endloop
  endfacet
  facet normal 0 -1 0
    outer loop
      vertex 26.6 0 23.4
      vertex 27.15 0 19.15
      vertex 27.15 0 27.65
    endloop
  endfacet
  facet normal 0 -1 0
    outer loop
      vertex 26.5421 0 22.96
      vertex 27.15 0 19.15
      vertex 26.5855 0 23.1781
    endloop
  endfacet
  facet normal 0 -1 0
    outer loop
      vertex 26.4706 0 22.7494
      vertex 27.15 0 19.15
      vertex 26.5421 0 22.96
    endloop
  endfacet
  facet normal 0 -1 0
    outer loop
      vertex 26.3722 0 22.55
      vertex 27.15 0 19.15
      vertex 26.4706 0 22.7494
    endloop
  endfacet
  facet normal 0 -1 0
    outer loop
      vertex 26.2487 0 22.3651
      vertex 27.15 0 19.15
      vertex 26.3722 0 22.55
    endloop
  endfacet
  facet normal 0 -1 0
    outer loop
      vertex 26.1021 0 22.1979
      vertex 27.15 0 19.15
      vertex 26.2487 0 22.3651
    endloop
  endfacet
  facet normal 0 -1 0
    outer loop
      vertex 25.9349 0 22.0513
      vertex 27.15 0 19.15
      vertex 26.1021 0 22.1979
    endloop
  endfacet
  facet normal 0 -1 0
    outer loop
      vertex 25.75 0 21.9278
      vertex 27.15 0 19.15
      vertex 25.9349 0 22.0513
    endloop
  endfacet
  facet normal 0 -1 0
    outer loop
      vertex 25.5506 0 21.8294
      vertex 27.15 0 19.15
      vertex 25.75 0 21.9278
    endloop
  endfacet
  facet normal 0 -1 0
    outer loop
      vertex 25.34 0 21.7579
      vertex 27.15 0 19.15
      vertex 25.5506 0 21.8294
    endloop
  endfacet
  facet normal 0 -1 0
    outer loop
      vertex 25.1219 0 21.7145
      vertex 27.15 0 19.15
      vertex 25.34 0 21.7579
    endloop
  endfacet
  facet normal 0 -1 0
    outer loop
      vertex 27.15 0 19.15
      vertex 25.1219 0 21.7145
      vertex 24.9 0 21.7
    endloop
  endfacet
  facet normal -0.321442 -0.946929 0
    outer loop
      vertex 1.85195 0.228361 0
      vertex 2.22354 0.102222 35.1
      vertex 1.85195 0.228361 35.1
    endloop
  endfacet
  facet normal -0.321442 -0.946929 -0
    outer loop
      vertex 2.22354 0.102222 35.1
      vertex 1.85195 0.228361 0
      vertex 2.22354 0.102222 0
    endloop
  endfacet
  facet normal -0.896848 0.442338 0
    outer loop
      vertex 0.228361 64.9481 0
      vertex 0.401923 65.3 35.1
      vertex 0.401923 65.3 0
    endloop
  endfacet
  facet normal -0.896848 0.442338 0
    outer loop
      vertex 0.401923 65.3 35.1
      vertex 0.228361 64.9481 0
      vertex 0.228361 64.9481 35.1
    endloop
  endfacet
  facet normal -0.946932 0.321434 0
    outer loop
      vertex 0.102222 64.5765 0
      vertex 0.228361 64.9481 35.1
      vertex 0.228361 64.9481 0
    endloop
  endfacet
  facet normal -0.946932 0.321434 0
    outer loop
      vertex 0.228361 64.9481 35.1
      vertex 0.102222 64.5765 0
      vertex 0.102222 64.5765 35.1
    endloop
  endfacet
  facet normal 0.980815 0.19494 0
    outer loop
      vertex 59.7743 64.1916 35.1
      vertex 59.6978 64.5765 0
      vertex 59.6978 64.5765 35.1
    endloop
  endfacet
  facet normal 0.980815 0.19494 0
    outer loop
      vertex 59.6978 64.5765 0
      vertex 59.7743 64.1916 35.1
      vertex 59.7743 64.1916 0
    endloop
  endfacet
  facet normal 0.751769 -0.659426 0
    outer loop
      vertex 58.9213 0.878679 35.1
      vertex 59.1801 1.17372 0
      vertex 59.1801 1.17372 35.1
    endloop
  endfacet
  facet normal 0.751769 -0.659426 0
    outer loop
      vertex 59.1801 1.17372 0
      vertex 58.9213 0.878679 35.1
      vertex 58.9213 0.878679 0
    endloop
  endfacet
  facet normal -0.555577 -0.831465 0
    outer loop
      vertex 1.17372 0.61994 0
      vertex 1.5 0.401923 35.1
      vertex 1.17372 0.61994 35.1
    endloop
  endfacet
  facet normal -0.555577 -0.831465 -0
    outer loop
      vertex 1.5 0.401923 35.1
      vertex 1.17372 0.61994 0
      vertex 1.5 0.401923 0
    endloop
  endfacet
  facet normal 0.831501 0.555523 0
    outer loop
      vertex 59.3981 65.3 35.1
      vertex 59.1801 65.6263 0
      vertex 59.1801 65.6263 35.1
    endloop
  endfacet
  facet normal 0.831501 0.555523 0
    outer loop
      vertex 59.1801 65.6263 0
      vertex 59.3981 65.3 35.1
      vertex 59.3981 65.3 0
    endloop
  endfacet
  facet normal -1 0 0
    outer loop
      vertex 0 19.8 4.79999
      vertex 0 63.8 0
      vertex 0 19.8 4.00001
    endloop
  endfacet
  facet normal -1 0 0
    outer loop
      vertex 0 63.8 0
      vertex 0 19.7863 3.79116
      vertex 0 19.8 4.00001
    endloop
  endfacet
  facet normal -1 0 0
    outer loop
      vertex 0 63.8 0
      vertex 0 19.7455 3.5859
      vertex 0 19.7863 3.79116
    endloop
  endfacet
  facet normal -1 0 0
    outer loop
      vertex 0 63.8 0
      vertex 0 19.6782 3.38772
      vertex 0 19.7455 3.5859
    endloop
  endfacet
  facet normal -1 0 0
    outer loop
      vertex 0 63.8 0
      vertex 0 19.5856 3.2
      vertex 0 19.6782 3.38772
    endloop
  endfacet
  facet normal -1 0 0
    outer loop
      vertex 0 63.8 0
      vertex 0 19.4694 3.02599
      vertex 0 19.5856 3.2
    endloop
  endfacet
  facet normal -1 0 0
    outer loop
      vertex 0 63.8 0
      vertex 0 19.3314 2.86863
      vertex 0 19.4694 3.02599
    endloop
  endfacet
  facet normal -1 0 0
    outer loop
      vertex 0 63.8 0
      vertex 0 19.174 2.73064
      vertex 0 19.3314 2.86863
    endloop
  endfacet
  facet normal -1 0 0
    outer loop
      vertex 0 63.8 0
      vertex 0 19 2.61437
      vertex 0 19.174 2.73064
    endloop
  endfacet
  facet normal -1 0 0
    outer loop
      vertex 0 63.8 0
      vertex 0 18.8123 2.5218
      vertex 0 19 2.61437
    endloop
  endfacet
  facet normal -1 0 0
    outer loop
      vertex 0 63.8 0
      vertex 0 18.6141 2.45452
      vertex 0 18.8123 2.5218
    endloop
  endfacet
  facet normal -1 0 0
    outer loop
      vertex 0 63.8 0
      vertex 0 18.4088 2.41369
      vertex 0 18.6141 2.45452
    endloop
  endfacet
  facet normal -1 0 0
    outer loop
      vertex 0 3 0
      vertex 0 18.4088 2.41369
      vertex 0 63.8 0
    endloop
  endfacet
  facet normal -1 0 0
    outer loop
      vertex 0 18.4088 2.41369
      vertex 0 3 0
      vertex 0 18.2 2.4
    endloop
  endfacet
  facet normal -1 -0 0
    outer loop
      vertex 0 10 4.00001
      vertex 0 3 0
      vertex 0 10 4.79999
    endloop
  endfacet
  facet normal -1 -0 0
    outer loop
      vertex 0 10.0137 3.79116
      vertex 0 3 0
      vertex 0 10 4.00001
    endloop
  endfacet
  facet normal -1 -0 0
    outer loop
      vertex 0 10.0545 3.5859
      vertex 0 3 0
      vertex 0 10.0137 3.79116
    endloop
  endfacet
  facet normal -1 -0 0
    outer loop
      vertex 0 10.1218 3.38772
      vertex 0 3 0
      vertex 0 10.0545 3.5859
    endloop
  endfacet
  facet normal -1 -0 0
    outer loop
      vertex 0 10.2144 3.2
      vertex 0 3 0
      vertex 0 10.1218 3.38772
    endloop
  endfacet
  facet normal -1 -0 0
    outer loop
      vertex 0 10.3306 3.02599
      vertex 0 3 0
      vertex 0 10.2144 3.2
    endloop
  endfacet
  facet normal -1 -0 0
    outer loop
      vertex 0 10.4686 2.86863
      vertex 0 3 0
      vertex 0 10.3306 3.02599
    endloop
  endfacet
  facet normal -1 -0 0
    outer loop
      vertex 0 10.626 2.73064
      vertex 0 3 0
      vertex 0 10.4686 2.86863
    endloop
  endfacet
  facet normal -1 -0 0
    outer loop
      vertex 0 10.8 2.61437
      vertex 0 3 0
      vertex 0 10.626 2.73064
    endloop
  endfacet
  facet normal -1 -0 0
    outer loop
      vertex 0 10.9877 2.5218
      vertex 0 3 0
      vertex 0 10.8 2.61437
    endloop
  endfacet
  facet normal -1 -0 0
    outer loop
      vertex 0 11.1859 2.45452
      vertex 0 3 0
      vertex 0 10.9877 2.5218
    endloop
  endfacet
  facet normal -1 -0 0
    outer loop
      vertex 0 11.3912 2.41369
      vertex 0 3 0
      vertex 0 11.1859 2.45452
    endloop
  endfacet
  facet normal -1 -0 0
    outer loop
      vertex 0 11.6 2.4
      vertex 0 3 0
      vertex 0 11.3912 2.41369
    endloop
  endfacet
  facet normal -1 -0 0
    outer loop
      vertex 0 18.2 2.4
      vertex 0 3 0
      vertex 0 11.6 2.4
    endloop
  endfacet
  facet normal -1 0 0
    outer loop
      vertex 0 19.7863 5.00884
      vertex 0 63.8 0
      vertex 0 19.8 4.79999
    endloop
  endfacet
  facet normal -1 0 0
    outer loop
      vertex 0 19.7455 5.2141
      vertex 0 63.8 0
      vertex 0 19.7863 5.00884
    endloop
  endfacet
  facet normal -1 0 0
    outer loop
      vertex 0 19.6782 5.41228
      vertex 0 63.8 0
      vertex 0 19.7455 5.2141
    endloop
  endfacet
  facet normal -1 0 0
    outer loop
      vertex 0 63.8 0
      vertex 0 19.6782 5.41228
      vertex 0 63.8 35.1
    endloop
  endfacet
  facet normal -1 0 0
    outer loop
      vertex 0 19.5856 5.6
      vertex 0 63.8 35.1
      vertex 0 19.6782 5.41228
    endloop
  endfacet
  facet normal -1 0 0
    outer loop
      vertex 0 19.4694 5.77401
      vertex 0 63.8 35.1
      vertex 0 19.5856 5.6
    endloop
  endfacet
  facet normal -1 0 0
    outer loop
      vertex 0 19.3314 5.93137
      vertex 0 63.8 35.1
      vertex 0 19.4694 5.77401
    endloop
  endfacet
  facet normal -1 0 0
    outer loop
      vertex 0 19.174 6.06936
      vertex 0 63.8 35.1
      vertex 0 19.3314 5.93137
    endloop
  endfacet
  facet normal -1 0 0
    outer loop
      vertex 0 19 6.18563
      vertex 0 63.8 35.1
      vertex 0 19.174 6.06936
    endloop
  endfacet
  facet normal -1 0 0
    outer loop
      vertex 0 3 35.1
      vertex 0 19 6.18563
      vertex 0 18.8123 6.2782
    endloop
  endfacet
  facet normal -1 0 0
    outer loop
      vertex 0 3 35.1
      vertex 0 18.8123 6.2782
      vertex 0 18.6141 6.34548
    endloop
  endfacet
  facet normal -1 0 0
    outer loop
      vertex 0 3 35.1
      vertex 0 18.6141 6.34548
      vertex 0 18.4088 6.38631
    endloop
  endfacet
  facet normal -1 0 0
    outer loop
      vertex 0 3 35.1
      vertex 0 18.4088 6.38631
      vertex 0 18.2 6.4
    endloop
  endfacet
  facet normal -1 0 0
    outer loop
      vertex 0 3 35.1
      vertex 0 18.2 6.4
      vertex 0 11.6 6.4
    endloop
  endfacet
  facet normal -1 0 0
    outer loop
      vertex 0 3 35.1
      vertex 0 11.6 6.4
      vertex 0 11.3912 6.38631
    endloop
  endfacet
  facet normal -1 0 0
    outer loop
      vertex 0 3 35.1
      vertex 0 11.3912 6.38631
      vertex 0 11.1859 6.34548
    endloop
  endfacet
  facet normal -1 0 0
    outer loop
      vertex 0 3 35.1
      vertex 0 11.1859 6.34548
      vertex 0 10.9877 6.2782
    endloop
  endfacet
  facet normal -1 0 0
    outer loop
      vertex 0 3 35.1
      vertex 0 10.9877 6.2782
      vertex 0 10.8 6.18563
    endloop
  endfacet
  facet normal -1 0 0
    outer loop
      vertex 0 3 0
      vertex 0 10.0137 5.00884
      vertex 0 10 4.79999
    endloop
  endfacet
  facet normal -1 0 0
    outer loop
      vertex 0 3 0
      vertex 0 10.0545 5.2141
      vertex 0 10.0137 5.00884
    endloop
  endfacet
  facet normal -1 0 0
    outer loop
      vertex 0 3 0
      vertex 0 10.1218 5.41228
      vertex 0 10.0545 5.2141
    endloop
  endfacet
  facet normal -1 0 0
    outer loop
      vertex 0 3 0
      vertex 0 10.2144 5.6
      vertex 0 10.1218 5.41228
    endloop
  endfacet
  facet normal -1 0 0
    outer loop
      vertex 0 3 0
      vertex 0 10.3306 5.77401
      vertex 0 10.2144 5.6
    endloop
  endfacet
  facet normal -1 0 0
    outer loop
      vertex 0 3 35.1
      vertex 0 10.3306 5.77401
      vertex 0 3 0
    endloop
  endfacet
  facet normal -1 0 0
    outer loop
      vertex 0 10.3306 5.77401
      vertex 0 3 35.1
      vertex 0 10.4686 5.93137
    endloop
  endfacet
  facet normal -1 0 0
    outer loop
      vertex 0 19 6.18563
      vertex 0 3 35.1
      vertex 0 63.8 35.1
    endloop
  endfacet
  facet normal -1 0 0
    outer loop
      vertex 0 10.626 6.06936
      vertex 0 3 35.1
      vertex 0 10.8 6.18563
    endloop
  endfacet
  facet normal -1 0 0
    outer loop
      vertex 0 10.4686 5.93137
      vertex 0 3 35.1
      vertex 0 10.626 6.06936
    endloop
  endfacet
  facet normal -0.659426 0.751769 0
    outer loop
      vertex 1.17372 66.1801 0
      vertex 0.878679 65.9213 35.1
      vertex 1.17372 66.1801 35.1
    endloop
  endfacet
  facet normal -0.659426 0.751769 0
    outer loop
      vertex 0.878679 65.9213 35.1
      vertex 1.17372 66.1801 0
      vertex 0.878679 65.9213 0
    endloop
  endfacet
  facet normal -0.831465 -0.555577 0
    outer loop
      vertex 0.61994 1.17372 0
      vertex 0.401923 1.5 35.1
      vertex 0.401923 1.5 0
    endloop
  endfacet
  facet normal -0.831465 -0.555577 0
    outer loop
      vertex 0.401923 1.5 35.1
      vertex 0.61994 1.17372 0
      vertex 0.61994 1.17372 35.1
    endloop
  endfacet
  facet normal 0.896936 -0.44216 0
    outer loop
      vertex 59.3981 1.5 35.1
      vertex 59.5716 1.85195 0
      vertex 59.5716 1.85195 35.1
    endloop
  endfacet
  facet normal 0.896936 -0.44216 0
    outer loop
      vertex 59.5716 1.85195 0
      vertex 59.3981 1.5 35.1
      vertex 59.3981 1.5 0
    endloop
  endfacet
  facet normal -0.0654026 -0.997859 0
    outer loop
      vertex 2.60842 0.0256653 0
      vertex 3 0 35.1
      vertex 2.60842 0.0256653 35.1
    endloop
  endfacet
  facet normal -0.0654026 -0.997859 -0
    outer loop
      vertex 3 0 35.1
      vertex 2.60842 0.0256653 0
      vertex 3 0 0
    endloop
  endfacet
  facet normal 1 -0 0
    outer loop
      vertex 59.8 17.7227 9.20706
      vertex 59.8 63.8 0
      vertex 59.8 63.8 35.1
    endloop
  endfacet
  facet normal 1 0 0
    outer loop
      vertex 59.8 63.8 0
      vertex 59.8 17.7431 9.10442
      vertex 59.8 17.75 9
    endloop
  endfacet
  facet normal 1 0 0
    outer loop
      vertex 59.8 63.8 0
      vertex 59.8 17.7227 9.20706
      vertex 59.8 17.7431 9.10442
    endloop
  endfacet
  facet normal 1 0 0
    outer loop
      vertex 59.8 63.8 35.1
      vertex 59.8 17.6891 9.30615
      vertex 59.8 17.7227 9.20706
    endloop
  endfacet
  facet normal 1 0 0
    outer loop
      vertex 59.8 63.8 35.1
      vertex 59.8 17.6428 9.39999
      vertex 59.8 17.6891 9.30615
    endloop
  endfacet
  facet normal 1 0 0
    outer loop
      vertex 59.8 63.8 35.1
      vertex 59.8 17.5847 9.48701
      vertex 59.8 17.6428 9.39999
    endloop
  endfacet
  facet normal 1 0 0
    outer loop
      vertex 59.8 63.8 35.1
      vertex 59.8 17.5157 9.56569
      vertex 59.8 17.5847 9.48701
    endloop
  endfacet
  facet normal 1 0 0
    outer loop
      vertex 59.8 63.8 35.1
      vertex 59.8 17.437 9.63469
      vertex 59.8 17.5157 9.56569
    endloop
  endfacet
  facet normal 1 0 0
    outer loop
      vertex 59.8 63.8 35.1
      vertex 59.8 17.35 9.69283
      vertex 59.8 17.437 9.63469
    endloop
  endfacet
  facet normal 1 -0 0
    outer loop
      vertex 59.8 3 35.1
      vertex 59.8 17.35 9.69283
      vertex 59.8 63.8 35.1
    endloop
  endfacet
  facet normal 1 0 0
    outer loop
      vertex 59.8 17.35 9.69283
      vertex 59.8 3 35.1
      vertex 59.8 17.2561 9.73911
    endloop
  endfacet
  facet normal 1 0 0
    outer loop
      vertex 59.8 17.2561 9.73911
      vertex 59.8 3 35.1
      vertex 59.8 17.1571 9.77274
    endloop
  endfacet
  facet normal 1 0 0
    outer loop
      vertex 59.8 17.1571 9.77274
      vertex 59.8 3 35.1
      vertex 59.8 17.0544 9.79315
    endloop
  endfacet
  facet normal 1 0 0
    outer loop
      vertex 59.8 17.0544 9.79315
      vertex 59.8 3 35.1
      vertex 59.8 16.95 9.8
    endloop
  endfacet
  facet normal 1 0 0
    outer loop
      vertex 59.8 16.95 9.8
      vertex 59.8 3 35.1
      vertex 59.8 11.05 9.8
    endloop
  endfacet
  facet normal 1 0 0
    outer loop
      vertex 59.8 11.05 9.8
      vertex 59.8 3 35.1
      vertex 59.8 10.9456 9.79315
    endloop
  endfacet
  facet normal 1 0 0
    outer loop
      vertex 59.8 10.9456 9.79315
      vertex 59.8 3 35.1
      vertex 59.8 10.8429 9.77274
    endloop
  endfacet
  facet normal 1 0 0
    outer loop
      vertex 59.8 10.2569 9.10442
      vertex 59.8 3 0
      vertex 59.8 10.25 9
    endloop
  endfacet
  facet normal 1 0 0
    outer loop
      vertex 59.8 10.2773 9.20706
      vertex 59.8 3 0
      vertex 59.8 10.2569 9.10442
    endloop
  endfacet
  facet normal 1 0 0
    outer loop
      vertex 59.8 10.3109 9.30615
      vertex 59.8 3 0
      vertex 59.8 10.2773 9.20706
    endloop
  endfacet
  facet normal 1 0 0
    outer loop
      vertex 59.8 3 0
      vertex 59.8 10.3109 9.30615
      vertex 59.8 3 35.1
    endloop
  endfacet
  facet normal 1 0 0
    outer loop
      vertex 59.8 10.3572 9.39999
      vertex 59.8 3 35.1
      vertex 59.8 10.3109 9.30615
    endloop
  endfacet
  facet normal 1 0 0
    outer loop
      vertex 59.8 10.4153 9.48701
      vertex 59.8 3 35.1
      vertex 59.8 10.3572 9.39999
    endloop
  endfacet
  facet normal 1 0 0
    outer loop
      vertex 59.8 10.4843 9.56569
      vertex 59.8 3 35.1
      vertex 59.8 10.4153 9.48701
    endloop
  endfacet
  facet normal 1 0 0
    outer loop
      vertex 59.8 10.563 9.63469
      vertex 59.8 3 35.1
      vertex 59.8 10.4843 9.56569
    endloop
  endfacet
  facet normal 1 0 0
    outer loop
      vertex 59.8 10.65 9.69283
      vertex 59.8 3 35.1
      vertex 59.8 10.563 9.63469
    endloop
  endfacet
  facet normal 1 0 0
    outer loop
      vertex 59.8 10.7439 9.73911
      vertex 59.8 3 35.1
      vertex 59.8 10.65 9.69283
    endloop
  endfacet
  facet normal 1 0 0
    outer loop
      vertex 59.8 10.8429 9.77274
      vertex 59.8 3 35.1
      vertex 59.8 10.7439 9.73911
    endloop
  endfacet
  facet normal 1 -0 0
    outer loop
      vertex 59.8 17.75 7
      vertex 59.8 63.8 0
      vertex 59.8 17.75 9
    endloop
  endfacet
  facet normal 1 -0 0
    outer loop
      vertex 59.8 17.7431 6.89558
      vertex 59.8 63.8 0
      vertex 59.8 17.75 7
    endloop
  endfacet
  facet normal 1 -0 0
    outer loop
      vertex 59.8 17.7227 6.79294
      vertex 59.8 63.8 0
      vertex 59.8 17.7431 6.89558
    endloop
  endfacet
  facet normal 1 -0 0
    outer loop
      vertex 59.8 17.6891 6.69385
      vertex 59.8 63.8 0
      vertex 59.8 17.7227 6.79294
    endloop
  endfacet
  facet normal 1 -0 0
    outer loop
      vertex 59.8 17.6428 6.60001
      vertex 59.8 63.8 0
      vertex 59.8 17.6891 6.69385
    endloop
  endfacet
  facet normal 1 -0 0
    outer loop
      vertex 59.8 17.5847 6.51299
      vertex 59.8 63.8 0
      vertex 59.8 17.6428 6.60001
    endloop
  endfacet
  facet normal 1 -0 0
    outer loop
      vertex 59.8 17.5157 6.43431
      vertex 59.8 63.8 0
      vertex 59.8 17.5847 6.51299
    endloop
  endfacet
  facet normal 1 -0 0
    outer loop
      vertex 59.8 17.437 6.36531
      vertex 59.8 63.8 0
      vertex 59.8 17.5157 6.43431
    endloop
  endfacet
  facet normal 1 -0 0
    outer loop
      vertex 59.8 17.35 6.30717
      vertex 59.8 63.8 0
      vertex 59.8 17.437 6.36531
    endloop
  endfacet
  facet normal 1 -0 0
    outer loop
      vertex 59.8 17.2561 6.26089
      vertex 59.8 63.8 0
      vertex 59.8 17.35 6.30717
    endloop
  endfacet
  facet normal 1 -0 0
    outer loop
      vertex 59.8 17.1571 6.22726
      vertex 59.8 63.8 0
      vertex 59.8 17.2561 6.26089
    endloop
  endfacet
  facet normal 1 0 0
    outer loop
      vertex 59.8 3 0
      vertex 59.8 17.1571 6.22726
      vertex 59.8 17.0544 6.20685
    endloop
  endfacet
  facet normal 1 0 0
    outer loop
      vertex 59.8 3 0
      vertex 59.8 17.0544 6.20685
      vertex 59.8 16.95 6.2
    endloop
  endfacet
  facet normal 1 0 0
    outer loop
      vertex 59.8 3 0
      vertex 59.8 16.95 6.2
      vertex 59.8 11.05 6.2
    endloop
  endfacet
  facet normal 1 0 0
    outer loop
      vertex 59.8 3 0
      vertex 59.8 11.05 6.2
      vertex 59.8 10.9456 6.20685
    endloop
  endfacet
  facet normal 1 0 0
    outer loop
      vertex 59.8 10.25 9
      vertex 59.8 3 0
      vertex 59.8 10.25 7
    endloop
  endfacet
  facet normal 1 0 0
    outer loop
      vertex 59.8 10.25 7
      vertex 59.8 3 0
      vertex 59.8 10.2569 6.89558
    endloop
  endfacet
  facet normal 1 0 0
    outer loop
      vertex 59.8 17.1571 6.22726
      vertex 59.8 3 0
      vertex 59.8 63.8 0
    endloop
  endfacet
  facet normal 1 0 0
    outer loop
      vertex 59.8 10.8429 6.22726
      vertex 59.8 3 0
      vertex 59.8 10.9456 6.20685
    endloop
  endfacet
  facet normal 1 0 0
    outer loop
      vertex 59.8 10.7439 6.26089
      vertex 59.8 3 0
      vertex 59.8 10.8429 6.22726
    endloop
  endfacet
  facet normal 1 0 0
    outer loop
      vertex 59.8 10.65 6.30717
      vertex 59.8 3 0
      vertex 59.8 10.7439 6.26089
    endloop
  endfacet
  facet normal 1 0 0
    outer loop
      vertex 59.8 10.563 6.36531
      vertex 59.8 3 0
      vertex 59.8 10.65 6.30717
    endloop
  endfacet
  facet normal 1 0 0
    outer loop
      vertex 59.8 10.4843 6.43431
      vertex 59.8 3 0
      vertex 59.8 10.563 6.36531
    endloop
  endfacet
  facet normal 1 0 0
    outer loop
      vertex 59.8 10.4153 6.51299
      vertex 59.8 3 0
      vertex 59.8 10.4843 6.43431
    endloop
  endfacet
  facet normal 1 0 0
    outer loop
      vertex 59.8 10.3572 6.60001
      vertex 59.8 3 0
      vertex 59.8 10.4153 6.51299
    endloop
  endfacet
  facet normal 1 0 0
    outer loop
      vertex 59.8 10.3109 6.69385
      vertex 59.8 3 0
      vertex 59.8 10.3572 6.60001
    endloop
  endfacet
  facet normal 1 0 0
    outer loop
      vertex 59.8 10.2773 6.79294
      vertex 59.8 3 0
      vertex 59.8 10.3109 6.69385
    endloop
  endfacet
  facet normal 1 0 0
    outer loop
      vertex 59.8 10.2569 6.89558
      vertex 59.8 3 0
      vertex 59.8 10.2773 6.79294
    endloop
  endfacet
  facet normal -0.0654906 0.997853 0
    outer loop
      vertex 3 66.8 0
      vertex 2.60842 66.7743 35.1
      vertex 3 66.8 35.1
    endloop
  endfacet
  facet normal -0.0654906 0.997853 0
    outer loop
      vertex 2.60842 66.7743 35.1
      vertex 3 66.8 0
      vertex 2.60842 66.7743 0
    endloop
  endfacet
  facet normal 0.19494 0.980815 -0
    outer loop
      vertex 57.5765 66.6978 0
      vertex 57.1916 66.7743 35.1
      vertex 57.5765 66.6978 35.1
    endloop
  endfacet
  facet normal 0.19494 0.980815 0
    outer loop
      vertex 57.1916 66.7743 35.1
      vertex 57.5765 66.6978 0
      vertex 57.1916 66.7743 0
    endloop
  endfacet
  facet normal 0.980813 -0.19495 0
    outer loop
      vertex 59.6978 2.22354 35.1
      vertex 59.7743 2.60842 0
      vertex 59.7743 2.60842 35.1
    endloop
  endfacet
  facet normal 0.980813 -0.19495 0
    outer loop
      vertex 59.7743 2.60842 0
      vertex 59.6978 2.22354 35.1
      vertex 59.6978 2.22354 0
    endloop
  endfacet
  facet normal 0.997853 -0.0654906 0
    outer loop
      vertex 59.7743 2.60842 35.1
      vertex 59.8 3 0
      vertex 59.8 3 35.1
    endloop
  endfacet
  facet normal 0.997853 -0.0654906 0
    outer loop
      vertex 59.8 3 0
      vertex 59.7743 2.60842 35.1
      vertex 59.7743 2.60842 0
    endloop
  endfacet
  facet normal 0.751724 0.659478 0
    outer loop
      vertex 59.1801 65.6263 35.1
      vertex 58.9213 65.9213 0
      vertex 58.9213 65.9213 35.1
    endloop
  endfacet
  facet normal 0.751724 0.659478 0
    outer loop
      vertex 58.9213 65.9213 0
      vertex 59.1801 65.6263 35.1
      vertex 59.1801 65.6263 0
    endloop
  endfacet
  facet normal 0.946882 -0.321582 0
    outer loop
      vertex 59.5716 1.85195 35.1
      vertex 59.6978 2.22354 0
      vertex 59.6978 2.22354 35.1
    endloop
  endfacet
  facet normal 0.946882 -0.321582 0
    outer loop
      vertex 59.6978 2.22354 0
      vertex 59.5716 1.85195 35.1
      vertex 59.5716 1.85195 0
    endloop
  endfacet
  facet normal 0.896911 0.442211 0
    outer loop
      vertex 59.5716 64.9481 35.1
      vertex 59.3981 65.3 0
      vertex 59.3981 65.3 35.1
    endloop
  endfacet
  facet normal 0.896911 0.442211 0
    outer loop
      vertex 59.3981 65.3 0
      vertex 59.5716 64.9481 35.1
      vertex 59.5716 64.9481 0
    endloop
  endfacet
  facet normal -0.19495 0.980813 0
    outer loop
      vertex 2.60842 66.7743 0
      vertex 2.22354 66.6978 35.1
      vertex 2.60842 66.7743 35.1
    endloop
  endfacet
  facet normal -0.19495 0.980813 0
    outer loop
      vertex 2.22354 66.6978 35.1
      vertex 2.60842 66.7743 0
      vertex 2.22354 66.6978 0
    endloop
  endfacet
  facet normal 0.65939 -0.751801 0
    outer loop
      vertex 58.6263 0.61994 0
      vertex 58.9213 0.878679 35.1
      vertex 58.6263 0.61994 35.1
    endloop
  endfacet
  facet normal 0.65939 -0.751801 0
    outer loop
      vertex 58.9213 0.878679 35.1
      vertex 58.6263 0.61994 0
      vertex 58.9213 0.878679 0
    endloop
  endfacet
  facet normal -0.555547 0.831485 0
    outer loop
      vertex 1.5 66.3981 0
      vertex 1.17372 66.1801 35.1
      vertex 1.5 66.3981 35.1
    endloop
  endfacet
  facet normal -0.555547 0.831485 0
    outer loop
      vertex 1.17372 66.1801 35.1
      vertex 1.5 66.3981 0
      vertex 1.17372 66.1801 0
    endloop
  endfacet
  facet normal 0 0 1
    outer loop
      vertex 8 8 35.1
      vertex 6.1 5 35.1
      vertex 8 2 35.1
    endloop
  endfacet
  facet normal 0 0 1
    outer loop
      vertex 8 8 35.1
      vertex 6.09059 5.14358 35.1
      vertex 6.1 5 35.1
    endloop
  endfacet
  facet normal 0 0 1
    outer loop
      vertex 8 8 35.1
      vertex 6.06252 5.2847 35.1
      vertex 6.09059 5.14358 35.1
    endloop
  endfacet
  facet normal 0 0 1
    outer loop
      vertex 8 8 35.1
      vertex 6.01627 5.42095 35.1
      vertex 6.06252 5.2847 35.1
    endloop
  endfacet
  facet normal 0 0 1
    outer loop
      vertex 8 8 35.1
      vertex 5.95263 5.55 35.1
      vertex 6.01627 5.42095 35.1
    endloop
  endfacet
  facet normal 0 0 1
    outer loop
      vertex 8 8 35.1
      vertex 5.87269 5.66964 35.1
      vertex 5.95263 5.55 35.1
    endloop
  endfacet
  facet normal 0 0 1
    outer loop
      vertex 8 8 35.1
      vertex 5.77782 5.77782 35.1
      vertex 5.87269 5.66964 35.1
    endloop
  endfacet
  facet normal 0 0 1
    outer loop
      vertex 8 8 35.1
      vertex 5.66964 5.87269 35.1
      vertex 5.77782 5.77782 35.1
    endloop
  endfacet
  facet normal 0 0 1
    outer loop
      vertex 8 8 35.1
      vertex 5.55 5.95263 35.1
      vertex 5.66964 5.87269 35.1
    endloop
  endfacet
  facet normal 0 0 1
    outer loop
      vertex 8 8 35.1
      vertex 5.42095 6.01627 35.1
      vertex 5.55 5.95263 35.1
    endloop
  endfacet
  facet normal 0 0 1
    outer loop
      vertex 8 8 35.1
      vertex 5.2847 6.06252 35.1
      vertex 5.42095 6.01627 35.1
    endloop
  endfacet
  facet normal 0 0 1
    outer loop
      vertex 8 8 35.1
      vertex 5.14358 6.09059 35.1
      vertex 5.2847 6.06252 35.1
    endloop
  endfacet
  facet normal 0 0 1
    outer loop
      vertex 8 8 35.1
      vertex 5 6.1 35.1
      vertex 5.14358 6.09059 35.1
    endloop
  endfacet
  facet normal -0 0 1
    outer loop
      vertex 2 8 35.1
      vertex 5 6.1 35.1
      vertex 8 8 35.1
    endloop
  endfacet
  facet normal 0 0 1
    outer loop
      vertex 5 6.1 35.1
      vertex 2 8 35.1
      vertex 4.85642 6.09059 35.1
    endloop
  endfacet
  facet normal 0 0 1
    outer loop
      vertex 4.85642 6.09059 35.1
      vertex 2 8 35.1
      vertex 4.7153 6.06252 35.1
    endloop
  endfacet
  facet normal 0 0 1
    outer loop
      vertex 4.7153 6.06252 35.1
      vertex 2 8 35.1
      vertex 4.57905 6.01627 35.1
    endloop
  endfacet
  facet normal 0 0 1
    outer loop
      vertex 0 3 35.1
      vertex 3.9 5 35.1
      vertex 3.90941 5.14358 35.1
    endloop
  endfacet
  facet normal 0 0 1
    outer loop
      vertex 3.9 5 35.1
      vertex 2.60842 0.0256653 35.1
      vertex 3 0 35.1
    endloop
  endfacet
  facet normal 0 0 1
    outer loop
      vertex 2 8 35.1
      vertex 3.90941 5.14358 35.1
      vertex 3.93748 5.2847 35.1
    endloop
  endfacet
  facet normal 0 0 1
    outer loop
      vertex 3.9 5 35.1
      vertex 2.22354 0.102222 35.1
      vertex 2.60842 0.0256653 35.1
    endloop
  endfacet
  facet normal 0 0 1
    outer loop
      vertex 4.57905 6.01627 35.1
      vertex 2 8 35.1
      vertex 4.45 5.95263 35.1
    endloop
  endfacet
  facet normal 0 0 1
    outer loop
      vertex 2 8 35.1
      vertex 4.33036 5.87269 35.1
      vertex 4.45 5.95263 35.1
    endloop
  endfacet
  facet normal 0 0 1
    outer loop
      vertex 2 8 35.1
      vertex 4.22218 5.77782 35.1
      vertex 4.33036 5.87269 35.1
    endloop
  endfacet
  facet normal 0 0 1
    outer loop
      vertex 2 8 35.1
      vertex 4.12731 5.66964 35.1
      vertex 4.22218 5.77782 35.1
    endloop
  endfacet
  facet normal 0 0 1
    outer loop
      vertex 2 8 35.1
      vertex 4.04737 5.55 35.1
      vertex 4.12731 5.66964 35.1
    endloop
  endfacet
  facet normal 0 0 1
    outer loop
      vertex 2 8 35.1
      vertex 3.98373 5.42095 35.1
      vertex 4.04737 5.55 35.1
    endloop
  endfacet
  facet normal 0 0 1
    outer loop
      vertex 2 8 35.1
      vertex 3.93748 5.2847 35.1
      vertex 3.98373 5.42095 35.1
    endloop
  endfacet
  facet normal 0 0 1
    outer loop
      vertex 3.90941 5.14358 35.1
      vertex 2 8 35.1
      vertex 0 3 35.1
    endloop
  endfacet
  facet normal 0 0 1
    outer loop
      vertex 3.9 5 35.1
      vertex 0 3 35.1
      vertex 0.0256653 2.60842 35.1
    endloop
  endfacet
  facet normal 0 0 1
    outer loop
      vertex 2 58.8 35.1
      vertex 0 63.8 35.1
      vertex 2 8 35.1
    endloop
  endfacet
  facet normal 0 0 1
    outer loop
      vertex 0 63.8 35.1
      vertex 1.85195 66.5716 35.1
      vertex 1.5 66.3981 35.1
    endloop
  endfacet
  facet normal 0 0 1
    outer loop
      vertex 0 3 35.1
      vertex 2 8 35.1
      vertex 0 63.8 35.1
    endloop
  endfacet
  facet normal 0 0 1
    outer loop
      vertex 0 63.8 35.1
      vertex 1.5 66.3981 35.1
      vertex 1.17372 66.1801 35.1
    endloop
  endfacet
  facet normal 0 0 1
    outer loop
      vertex 3.9 5 35.1
      vertex 1.85195 0.228361 35.1
      vertex 2.22354 0.102222 35.1
    endloop
  endfacet
  facet normal 0 0 1
    outer loop
      vertex 0 63.8 35.1
      vertex 1.17372 66.1801 35.1
      vertex 0.878679 65.9213 35.1
    endloop
  endfacet
  facet normal 0 0 1
    outer loop
      vertex 3.9 5 35.1
      vertex 1.5 0.401923 35.1
      vertex 1.85195 0.228361 35.1
    endloop
  endfacet
  facet normal 0 0 1
    outer loop
      vertex 0 63.8 35.1
      vertex 0.878679 65.9213 35.1
      vertex 0.61994 65.6263 35.1
    endloop
  endfacet
  facet normal 0 0 1
    outer loop
      vertex 3.9 5 35.1
      vertex 1.17372 0.61994 35.1
      vertex 1.5 0.401923 35.1
    endloop
  endfacet
  facet normal 0 0 1
    outer loop
      vertex 0 63.8 35.1
      vertex 0.61994 65.6263 35.1
      vertex 0.401923 65.3 35.1
    endloop
  endfacet
  facet normal 0 0 1
    outer loop
      vertex 3.9 5 35.1
      vertex 0.878679 0.878679 35.1
      vertex 1.17372 0.61994 35.1
    endloop
  endfacet
  facet normal 0 0 1
    outer loop
      vertex 0 63.8 35.1
      vertex 0.401923 65.3 35.1
      vertex 0.228361 64.9481 35.1
    endloop
  endfacet
  facet normal 0 0 1
    outer loop
      vertex 3.9 5 35.1
      vertex 0.61994 1.17372 35.1
      vertex 0.878679 0.878679 35.1
    endloop
  endfacet
  facet normal 0 0 1
    outer loop
      vertex 0 63.8 35.1
      vertex 0.228361 64.9481 35.1
      vertex 0.102222 64.5765 35.1
    endloop
  endfacet
  facet normal 0 0 1
    outer loop
      vertex 3.9 5 35.1
      vertex 0.401923 1.5 35.1
      vertex 0.61994 1.17372 35.1
    endloop
  endfacet
  facet normal 0 0 1
    outer loop
      vertex 0 63.8 35.1
      vertex 0.102222 64.5765 35.1
      vertex 0.0256653 64.1916 35.1
    endloop
  endfacet
  facet normal 0 0 1
    outer loop
      vertex 3.9 5 35.1
      vertex 0.228361 1.85195 35.1
      vertex 0.401923 1.5 35.1
    endloop
  endfacet
  facet normal 0 0 1
    outer loop
      vertex 3.9 5 35.1
      vertex 0.102222 2.22354 35.1
      vertex 0.228361 1.85195 35.1
    endloop
  endfacet
  facet normal 0 0 1
    outer loop
      vertex 3.9 5 35.1
      vertex 0.0256653 2.60842 35.1
      vertex 0.102222 2.22354 35.1
    endloop
  endfacet
  facet normal 0 0 1
    outer loop
      vertex 59.8 63.8 35.1
      vertex 55.8906 61.9436 35.1
      vertex 55.9 61.8 35.1
    endloop
  endfacet
  facet normal 0 0 1
    outer loop
      vertex 57.1916 66.7743 35.1
      vertex 55.8625 62.0847 35.1
      vertex 55.8906 61.9436 35.1
    endloop
  endfacet
  facet normal 0 0 1
    outer loop
      vertex 57.1916 66.7743 35.1
      vertex 55.8163 62.221 35.1
      vertex 55.8625 62.0847 35.1
    endloop
  endfacet
  facet normal 0 0 1
    outer loop
      vertex 57.1916 66.7743 35.1
      vertex 55.7526 62.35 35.1
      vertex 55.8163 62.221 35.1
    endloop
  endfacet
  facet normal 0 0 1
    outer loop
      vertex 57.1916 66.7743 35.1
      vertex 55.6727 62.4696 35.1
      vertex 55.7526 62.35 35.1
    endloop
  endfacet
  facet normal 0 0 1
    outer loop
      vertex 57.1916 66.7743 35.1
      vertex 55.5778 62.5778 35.1
      vertex 55.6727 62.4696 35.1
    endloop
  endfacet
  facet normal 0 0 1
    outer loop
      vertex 57.1916 66.7743 35.1
      vertex 55.4696 62.6727 35.1
      vertex 55.5778 62.5778 35.1
    endloop
  endfacet
  facet normal 0 0 1
    outer loop
      vertex 56.8 66.8 35.1
      vertex 55.35 62.7526 35.1
      vertex 55.4696 62.6727 35.1
    endloop
  endfacet
  facet normal 0 0 1
    outer loop
      vertex 56.8 66.8 35.1
      vertex 55.221 62.8163 35.1
      vertex 55.35 62.7526 35.1
    endloop
  endfacet
  facet normal 0 0 1
    outer loop
      vertex 56.8 66.8 35.1
      vertex 55.0847 62.8625 35.1
      vertex 55.221 62.8163 35.1
    endloop
  endfacet
  facet normal 0 0 1
    outer loop
      vertex 56.8 66.8 35.1
      vertex 54.9436 62.8906 35.1
      vertex 55.0847 62.8625 35.1
    endloop
  endfacet
  facet normal 0 0 1
    outer loop
      vertex 56.8 66.8 35.1
      vertex 54.8 62.9 35.1
      vertex 54.9436 62.8906 35.1
    endloop
  endfacet
  facet normal 0 0 1
    outer loop
      vertex 56.8 66.8 35.1
      vertex 54.6564 62.8906 35.1
      vertex 54.8 62.9 35.1
    endloop
  endfacet
  facet normal -0 0 1
    outer loop
      vertex 51.8 64.8 35.1
      vertex 54.6564 62.8906 35.1
      vertex 56.8 66.8 35.1
    endloop
  endfacet
  facet normal 0 0 1
    outer loop
      vertex 54.6564 62.8906 35.1
      vertex 51.8 64.8 35.1
      vertex 54.5153 62.8625 35.1
    endloop
  endfacet
  facet normal 0 0 1
    outer loop
      vertex 54.5153 62.8625 35.1
      vertex 51.8 64.8 35.1
      vertex 54.379 62.8163 35.1
    endloop
  endfacet
  facet normal 0 0 1
    outer loop
      vertex 54.379 62.8163 35.1
      vertex 51.8 64.8 35.1
      vertex 54.25 62.7526 35.1
    endloop
  endfacet
  facet normal 0 0 1
    outer loop
      vertex 54.25 62.7526 35.1
      vertex 51.8 64.8 35.1
      vertex 54.1304 62.6727 35.1
    endloop
  endfacet
  facet normal 0 0 1
    outer loop
      vertex 54.1304 62.6727 35.1
      vertex 51.8 64.8 35.1
      vertex 54.0222 62.5778 35.1
    endloop
  endfacet
  facet normal 0 0 1
    outer loop
      vertex 54.0222 62.5778 35.1
      vertex 51.8 64.8 35.1
      vertex 53.9273 62.4696 35.1
    endloop
  endfacet
  facet normal 0 0 1
    outer loop
      vertex 53.7094 61.9436 35.1
      vertex 51.8 64.8 35.1
      vertex 53.7 61.8 35.1
    endloop
  endfacet
  facet normal 0 0 1
    outer loop
      vertex 53.7375 62.0847 35.1
      vertex 51.8 64.8 35.1
      vertex 53.7094 61.9436 35.1
    endloop
  endfacet
  facet normal 0 0 1
    outer loop
      vertex 53.7837 62.221 35.1
      vertex 51.8 64.8 35.1
      vertex 53.7375 62.0847 35.1
    endloop
  endfacet
  facet normal 0 0 1
    outer loop
      vertex 53.8474 62.35 35.1
      vertex 51.8 64.8 35.1
      vertex 53.7837 62.221 35.1
    endloop
  endfacet
  facet normal 0 0 1
    outer loop
      vertex 53.9273 62.4696 35.1
      vertex 51.8 64.8 35.1
      vertex 53.8474 62.35 35.1
    endloop
  endfacet
  facet normal 0 0 1
    outer loop
      vertex 56.8 66.8 35.1
      vertex 8 64.8 35.1
      vertex 51.8 64.8 35.1
    endloop
  endfacet
  facet normal 0 0 1
    outer loop
      vertex 8 64.8 35.1
      vertex 6.1 61.8 35.1
      vertex 8 58.8 35.1
    endloop
  endfacet
  facet normal 0 0 1
    outer loop
      vertex 8 64.8 35.1
      vertex 6.09059 61.9436 35.1
      vertex 6.1 61.8 35.1
    endloop
  endfacet
  facet normal 0 0 1
    outer loop
      vertex 8 64.8 35.1
      vertex 6.06252 62.0847 35.1
      vertex 6.09059 61.9436 35.1
    endloop
  endfacet
  facet normal 0 0 1
    outer loop
      vertex 8 64.8 35.1
      vertex 6.01627 62.221 35.1
      vertex 6.06252 62.0847 35.1
    endloop
  endfacet
  facet normal 0 0 1
    outer loop
      vertex 8 64.8 35.1
      vertex 5.95263 62.35 35.1
      vertex 6.01627 62.221 35.1
    endloop
  endfacet
  facet normal 0 0 1
    outer loop
      vertex 8 64.8 35.1
      vertex 5.87269 62.4696 35.1
      vertex 5.95263 62.35 35.1
    endloop
  endfacet
  facet normal 0 0 1
    outer loop
      vertex 8 64.8 35.1
      vertex 5.77782 62.5778 35.1
      vertex 5.87269 62.4696 35.1
    endloop
  endfacet
  facet normal 0 0 1
    outer loop
      vertex 8 64.8 35.1
      vertex 5.66964 62.6727 35.1
      vertex 5.77782 62.5778 35.1
    endloop
  endfacet
  facet normal 0 0 1
    outer loop
      vertex 8 64.8 35.1
      vertex 5.55 62.7526 35.1
      vertex 5.66964 62.6727 35.1
    endloop
  endfacet
  facet normal 0 0 1
    outer loop
      vertex 8 64.8 35.1
      vertex 5.42095 62.8163 35.1
      vertex 5.55 62.7526 35.1
    endloop
  endfacet
  facet normal 0 0 1
    outer loop
      vertex 8 64.8 35.1
      vertex 5.2847 62.8625 35.1
      vertex 5.42095 62.8163 35.1
    endloop
  endfacet
  facet normal 0 0 1
    outer loop
      vertex 8 64.8 35.1
      vertex 5.14358 62.8906 35.1
      vertex 5.2847 62.8625 35.1
    endloop
  endfacet
  facet normal 0 0 1
    outer loop
      vertex 3 66.8 35.1
      vertex 5.14358 62.8906 35.1
      vertex 8 64.8 35.1
    endloop
  endfacet
  facet normal 0 0 1
    outer loop
      vertex 5.14358 62.8906 35.1
      vertex 3 66.8 35.1
      vertex 5 62.9 35.1
    endloop
  endfacet
  facet normal 0 0 1
    outer loop
      vertex 5 62.9 35.1
      vertex 3 66.8 35.1
      vertex 4.85642 62.8906 35.1
    endloop
  endfacet
  facet normal 0 0 1
    outer loop
      vertex 4.85642 62.8906 35.1
      vertex 3 66.8 35.1
      vertex 4.7153 62.8625 35.1
    endloop
  endfacet
  facet normal 0 0 1
    outer loop
      vertex 4.7153 62.8625 35.1
      vertex 3 66.8 35.1
      vertex 4.57905 62.8163 35.1
    endloop
  endfacet
  facet normal 0 0 1
    outer loop
      vertex 4.12731 62.4696 35.1
      vertex 0 63.8 35.1
      vertex 4.04737 62.35 35.1
    endloop
  endfacet
  facet normal 0 0 1
    outer loop
      vertex 4.22218 62.5778 35.1
      vertex 0 63.8 35.1
      vertex 4.12731 62.4696 35.1
    endloop
  endfacet
  facet normal -0 0 1
    outer loop
      vertex 0 63.8 35.1
      vertex 4.22218 62.5778 35.1
      vertex 1.85195 66.5716 35.1
    endloop
  endfacet
  facet normal 0 0 1
    outer loop
      vertex 4.33036 62.6727 35.1
      vertex 1.85195 66.5716 35.1
      vertex 4.22218 62.5778 35.1
    endloop
  endfacet
  facet normal -0 0 1
    outer loop
      vertex 1.85195 66.5716 35.1
      vertex 4.33036 62.6727 35.1
      vertex 2.22354 66.6978 35.1
    endloop
  endfacet
  facet normal -0 0 1
    outer loop
      vertex 2.22354 66.6978 35.1
      vertex 4.33036 62.6727 35.1
      vertex 2.60842 66.7743 35.1
    endloop
  endfacet
  facet normal -0 0 1
    outer loop
      vertex 2.60842 66.7743 35.1
      vertex 4.33036 62.6727 35.1
      vertex 3 66.8 35.1
    endloop
  endfacet
  facet normal 0 0 1
    outer loop
      vertex 4.45 62.7526 35.1
      vertex 3 66.8 35.1
      vertex 4.33036 62.6727 35.1
    endloop
  endfacet
  facet normal 0 0 1
    outer loop
      vertex 4.57905 62.8163 35.1
      vertex 3 66.8 35.1
      vertex 4.45 62.7526 35.1
    endloop
  endfacet
  facet normal -0 0 1
    outer loop
      vertex 3 66.8 35.1
      vertex 8 64.8 35.1
      vertex 56.8 66.8 35.1
    endloop
  endfacet
  facet normal 0 0 1
    outer loop
      vertex 55.8906 61.9436 35.1
      vertex 59.8 63.8 35.1
      vertex 59.7743 64.1916 35.1
    endloop
  endfacet
  facet normal 0 0 1
    outer loop
      vertex 59.8 63.8 35.1
      vertex 57.8 58.8 35.1
      vertex 59.8 3 35.1
    endloop
  endfacet
  facet normal 0 0 1
    outer loop
      vertex 55.8906 61.9436 35.1
      vertex 59.7743 64.1916 35.1
      vertex 59.6978 64.5765 35.1
    endloop
  endfacet
  facet normal -0 0 1
    outer loop
      vertex 57.8 8 35.1
      vertex 59.8 3 35.1
      vertex 57.8 58.8 35.1
    endloop
  endfacet
  facet normal 0 0 1
    outer loop
      vertex 55.8906 61.9436 35.1
      vertex 59.6978 64.5765 35.1
      vertex 59.5716 64.9481 35.1
    endloop
  endfacet
  facet normal -0 0 1
    outer loop
      vertex 55.8906 5.14358 35.1
      vertex 59.8 3 35.1
      vertex 57.8 8 35.1
    endloop
  endfacet
  facet normal 0 0 1
    outer loop
      vertex 55.8906 61.9436 35.1
      vertex 59.5716 64.9481 35.1
      vertex 59.3981 65.3 35.1
    endloop
  endfacet
  facet normal -0 -0 1
    outer loop
      vertex 55.9 5 35.1
      vertex 59.8 3 35.1
      vertex 55.8906 5.14358 35.1
    endloop
  endfacet
  facet normal 0 0 1
    outer loop
      vertex 55.8906 61.9436 35.1
      vertex 59.3981 65.3 35.1
      vertex 59.1801 65.6263 35.1
    endloop
  endfacet
  facet normal -0 0 1
    outer loop
      vertex 55.8625 4.7153 35.1
      vertex 59.8 3 35.1
      vertex 55.8906 4.85642 35.1
    endloop
  endfacet
  facet normal 0 0 1
    outer loop
      vertex 55.8906 61.9436 35.1
      vertex 59.1801 65.6263 35.1
      vertex 58.9213 65.9213 35.1
    endloop
  endfacet
  facet normal -0 0 1
    outer loop
      vertex 55.8163 4.57905 35.1
      vertex 59.8 3 35.1
      vertex 55.8625 4.7153 35.1
    endloop
  endfacet
  facet normal 0 0 1
    outer loop
      vertex 55.8906 61.9436 35.1
      vertex 58.9213 65.9213 35.1
      vertex 58.6263 66.1801 35.1
    endloop
  endfacet
  facet normal -0 0 1
    outer loop
      vertex 55.7526 4.45 35.1
      vertex 59.8 3 35.1
      vertex 55.8163 4.57905 35.1
    endloop
  endfacet
  facet normal 0 0 1
    outer loop
      vertex 55.8906 61.9436 35.1
      vertex 58.6263 66.1801 35.1
      vertex 58.3 66.3981 35.1
    endloop
  endfacet
  facet normal -0 0 1
    outer loop
      vertex 55.6727 4.33036 35.1
      vertex 59.8 3 35.1
      vertex 55.7526 4.45 35.1
    endloop
  endfacet
  facet normal 0 0 1
    outer loop
      vertex 55.8906 61.9436 35.1
      vertex 58.3 66.3981 35.1
      vertex 57.9481 66.5716 35.1
    endloop
  endfacet
  facet normal 0 0 1
    outer loop
      vertex 59.7743 2.60842 35.1
      vertex 55.6727 4.33036 35.1
      vertex 59.6978 2.22354 35.1
    endloop
  endfacet
  facet normal 0 0 1
    outer loop
      vertex 59.6978 2.22354 35.1
      vertex 55.6727 4.33036 35.1
      vertex 59.5716 1.85195 35.1
    endloop
  endfacet
  facet normal 0 0 1
    outer loop
      vertex 55.8906 61.9436 35.1
      vertex 57.9481 66.5716 35.1
      vertex 57.5765 66.6978 35.1
    endloop
  endfacet
  facet normal 0 0 1
    outer loop
      vertex 55.8906 61.9436 35.1
      vertex 57.5765 66.6978 35.1
      vertex 57.1916 66.7743 35.1
    endloop
  endfacet
  facet normal 0 0 1
    outer loop
      vertex 55.4696 62.6727 35.1
      vertex 57.1916 66.7743 35.1
      vertex 56.8 66.8 35.1
    endloop
  endfacet
  facet normal 0 0 1
    outer loop
      vertex 59.8 63.8 35.1
      vertex 55.9 61.8 35.1
      vertex 55.8906 61.6564 35.1
    endloop
  endfacet
  facet normal 0 0 1
    outer loop
      vertex 59.8 63.8 35.1
      vertex 55.8906 61.6564 35.1
      vertex 57.8 58.8 35.1
    endloop
  endfacet
  facet normal -0 0 1
    outer loop
      vertex 55.8625 61.5153 35.1
      vertex 57.8 58.8 35.1
      vertex 55.8906 61.6564 35.1
    endloop
  endfacet
  facet normal -0 0 1
    outer loop
      vertex 55.8163 61.379 35.1
      vertex 57.8 58.8 35.1
      vertex 55.8625 61.5153 35.1
    endloop
  endfacet
  facet normal -0 0 1
    outer loop
      vertex 55.7526 61.25 35.1
      vertex 57.8 58.8 35.1
      vertex 55.8163 61.379 35.1
    endloop
  endfacet
  facet normal -0 0 1
    outer loop
      vertex 55.6727 61.1304 35.1
      vertex 57.8 58.8 35.1
      vertex 55.7526 61.25 35.1
    endloop
  endfacet
  facet normal -0 0 1
    outer loop
      vertex 55.5778 61.0222 35.1
      vertex 57.8 58.8 35.1
      vertex 55.6727 61.1304 35.1
    endloop
  endfacet
  facet normal -0 0 1
    outer loop
      vertex 55.4696 60.9273 35.1
      vertex 57.8 58.8 35.1
      vertex 55.5778 61.0222 35.1
    endloop
  endfacet
  facet normal -0 0 1
    outer loop
      vertex 55.35 60.8474 35.1
      vertex 57.8 58.8 35.1
      vertex 55.4696 60.9273 35.1
    endloop
  endfacet
  facet normal -0 0 1
    outer loop
      vertex 55.221 60.7837 35.1
      vertex 57.8 58.8 35.1
      vertex 55.35 60.8474 35.1
    endloop
  endfacet
  facet normal -0 0 1
    outer loop
      vertex 55.0847 60.7375 35.1
      vertex 57.8 58.8 35.1
      vertex 55.221 60.7837 35.1
    endloop
  endfacet
  facet normal -0 0 1
    outer loop
      vertex 54.9436 60.7094 35.1
      vertex 57.8 58.8 35.1
      vertex 55.0847 60.7375 35.1
    endloop
  endfacet
  facet normal -0 0 1
    outer loop
      vertex 54.8 60.7 35.1
      vertex 57.8 58.8 35.1
      vertex 54.9436 60.7094 35.1
    endloop
  endfacet
  facet normal 0 0 1
    outer loop
      vertex 51.8 58.8 35.1
      vertex 54.8 60.7 35.1
      vertex 54.6564 60.7094 35.1
    endloop
  endfacet
  facet normal 0 0 1
    outer loop
      vertex 51.8 58.8 35.1
      vertex 54.6564 60.7094 35.1
      vertex 54.5153 60.7375 35.1
    endloop
  endfacet
  facet normal 0 0 1
    outer loop
      vertex 51.8 58.8 35.1
      vertex 54.5153 60.7375 35.1
      vertex 54.379 60.7837 35.1
    endloop
  endfacet
  facet normal 0 0 1
    outer loop
      vertex 51.8 58.8 35.1
      vertex 54.379 60.7837 35.1
      vertex 54.25 60.8474 35.1
    endloop
  endfacet
  facet normal 0 0 1
    outer loop
      vertex 51.8 58.8 35.1
      vertex 53.7 61.8 35.1
      vertex 51.8 64.8 35.1
    endloop
  endfacet
  facet normal 0 0 1
    outer loop
      vertex 53.7 61.8 35.1
      vertex 51.8 58.8 35.1
      vertex 53.7094 61.6564 35.1
    endloop
  endfacet
  facet normal 0 0 1
    outer loop
      vertex 53.7094 61.6564 35.1
      vertex 51.8 58.8 35.1
      vertex 53.7375 61.5153 35.1
    endloop
  endfacet
  facet normal 0 0 1
    outer loop
      vertex 53.7375 61.5153 35.1
      vertex 51.8 58.8 35.1
      vertex 53.7837 61.379 35.1
    endloop
  endfacet
  facet normal 0 0 1
    outer loop
      vertex 54.8 60.7 35.1
      vertex 51.8 58.8 35.1
      vertex 57.8 58.8 35.1
    endloop
  endfacet
  facet normal 0 0 1
    outer loop
      vertex 54.1304 60.9273 35.1
      vertex 51.8 58.8 35.1
      vertex 54.25 60.8474 35.1
    endloop
  endfacet
  facet normal 0 0 1
    outer loop
      vertex 54.0222 61.0222 35.1
      vertex 51.8 58.8 35.1
      vertex 54.1304 60.9273 35.1
    endloop
  endfacet
  facet normal 0 0 1
    outer loop
      vertex 53.9273 61.1304 35.1
      vertex 51.8 58.8 35.1
      vertex 54.0222 61.0222 35.1
    endloop
  endfacet
  facet normal 0 0 1
    outer loop
      vertex 53.8474 61.25 35.1
      vertex 51.8 58.8 35.1
      vertex 53.9273 61.1304 35.1
    endloop
  endfacet
  facet normal 0 0 1
    outer loop
      vertex 53.7837 61.379 35.1
      vertex 51.8 58.8 35.1
      vertex 53.8474 61.25 35.1
    endloop
  endfacet
  facet normal 0 0 1
    outer loop
      vertex 59.5716 1.85195 35.1
      vertex 55.6727 4.33036 35.1
      vertex 59.3981 1.5 35.1
    endloop
  endfacet
  facet normal -0 0 1
    outer loop
      vertex 55.5778 4.22218 35.1
      vertex 59.3981 1.5 35.1
      vertex 55.6727 4.33036 35.1
    endloop
  endfacet
  facet normal 0 0 1
    outer loop
      vertex 59.3981 1.5 35.1
      vertex 55.5778 4.22218 35.1
      vertex 59.1801 1.17372 35.1
    endloop
  endfacet
  facet normal 0 0 1
    outer loop
      vertex 58.9213 0.878679 35.1
      vertex 55.5778 4.22218 35.1
      vertex 58.6263 0.61994 35.1
    endloop
  endfacet
  facet normal 0 0 1
    outer loop
      vertex 59.8 3 35.1
      vertex 55.6727 4.33036 35.1
      vertex 59.7743 2.60842 35.1
    endloop
  endfacet
  facet normal -0 0 1
    outer loop
      vertex 55.8906 4.85642 35.1
      vertex 59.8 3 35.1
      vertex 55.9 5 35.1
    endloop
  endfacet
  facet normal 0 0 1
    outer loop
      vertex 57.8 8 35.1
      vertex 55.8625 5.2847 35.1
      vertex 55.8906 5.14358 35.1
    endloop
  endfacet
  facet normal 0 0 1
    outer loop
      vertex 57.8 8 35.1
      vertex 55.8163 5.42095 35.1
      vertex 55.8625 5.2847 35.1
    endloop
  endfacet
  facet normal 0 0 1
    outer loop
      vertex 57.8 8 35.1
      vertex 55.7526 5.55 35.1
      vertex 55.8163 5.42095 35.1
    endloop
  endfacet
  facet normal 0 0 1
    outer loop
      vertex 57.8 8 35.1
      vertex 55.6727 5.66964 35.1
      vertex 55.7526 5.55 35.1
    endloop
  endfacet
  facet normal 0 0 1
    outer loop
      vertex 57.8 8 35.1
      vertex 55.5778 5.77782 35.1
      vertex 55.6727 5.66964 35.1
    endloop
  endfacet
  facet normal 0 0 1
    outer loop
      vertex 57.8 8 35.1
      vertex 55.4696 5.87269 35.1
      vertex 55.5778 5.77782 35.1
    endloop
  endfacet
  facet normal 0 0 1
    outer loop
      vertex 57.8 8 35.1
      vertex 55.35 5.95263 35.1
      vertex 55.4696 5.87269 35.1
    endloop
  endfacet
  facet normal 0 0 1
    outer loop
      vertex 57.8 8 35.1
      vertex 55.221 6.01627 35.1
      vertex 55.35 5.95263 35.1
    endloop
  endfacet
  facet normal 0 0 1
    outer loop
      vertex 57.8 8 35.1
      vertex 55.0847 6.06252 35.1
      vertex 55.221 6.01627 35.1
    endloop
  endfacet
  facet normal 0 0 1
    outer loop
      vertex 57.8 8 35.1
      vertex 54.9436 6.09059 35.1
      vertex 55.0847 6.06252 35.1
    endloop
  endfacet
  facet normal 0 0 1
    outer loop
      vertex 57.8 8 35.1
      vertex 54.8 6.1 35.1
      vertex 54.9436 6.09059 35.1
    endloop
  endfacet
  facet normal -0 0 1
    outer loop
      vertex 51.8 8 35.1
      vertex 54.8 6.1 35.1
      vertex 57.8 8 35.1
    endloop
  endfacet
  facet normal 0 0 1
    outer loop
      vertex 54.8 6.1 35.1
      vertex 51.8 8 35.1
      vertex 54.6564 6.09059 35.1
    endloop
  endfacet
  facet normal 0 0 1
    outer loop
      vertex 54.6564 6.09059 35.1
      vertex 51.8 8 35.1
      vertex 54.5153 6.06252 35.1
    endloop
  endfacet
  facet normal 0 0 1
    outer loop
      vertex 54.5153 6.06252 35.1
      vertex 51.8 8 35.1
      vertex 54.379 6.01627 35.1
    endloop
  endfacet
  facet normal 0 0 1
    outer loop
      vertex 53.7094 5.14358 35.1
      vertex 51.8 8 35.1
      vertex 53.7 5 35.1
    endloop
  endfacet
  facet normal 0 0 1
    outer loop
      vertex 53.7375 5.2847 35.1
      vertex 51.8 8 35.1
      vertex 53.7094 5.14358 35.1
    endloop
  endfacet
  facet normal 0 0 1
    outer loop
      vertex 53.7837 5.42095 35.1
      vertex 51.8 8 35.1
      vertex 53.7375 5.2847 35.1
    endloop
  endfacet
  facet normal 0 0 1
    outer loop
      vertex 53.8474 5.55 35.1
      vertex 51.8 8 35.1
      vertex 53.7837 5.42095 35.1
    endloop
  endfacet
  facet normal 0 0 1
    outer loop
      vertex 53.9273 5.66964 35.1
      vertex 51.8 8 35.1
      vertex 53.8474 5.55 35.1
    endloop
  endfacet
  facet normal 0 0 1
    outer loop
      vertex 54.0222 5.77782 35.1
      vertex 51.8 8 35.1
      vertex 53.9273 5.66964 35.1
    endloop
  endfacet
  facet normal 0 0 1
    outer loop
      vertex 54.1304 5.87269 35.1
      vertex 51.8 8 35.1
      vertex 54.0222 5.77782 35.1
    endloop
  endfacet
  facet normal 0 0 1
    outer loop
      vertex 54.25 5.95263 35.1
      vertex 51.8 8 35.1
      vertex 54.1304 5.87269 35.1
    endloop
  endfacet
  facet normal 0 0 1
    outer loop
      vertex 54.379 6.01627 35.1
      vertex 51.8 8 35.1
      vertex 54.25 5.95263 35.1
    endloop
  endfacet
  facet normal 0 0 1
    outer loop
      vertex 59.1801 1.17372 35.1
      vertex 55.5778 4.22218 35.1
      vertex 58.9213 0.878679 35.1
    endloop
  endfacet
  facet normal 0 0 1
    outer loop
      vertex 58.6263 0.61994 35.1
      vertex 55.5778 4.22218 35.1
      vertex 58.3 0.401923 35.1
    endloop
  endfacet
  facet normal 0 0 1
    outer loop
      vertex 58.3 0.401923 35.1
      vertex 55.5778 4.22218 35.1
      vertex 57.9481 0.228361 35.1
    endloop
  endfacet
  facet normal -0 0 1
    outer loop
      vertex 55.4696 4.12731 35.1
      vertex 57.9481 0.228361 35.1
      vertex 55.5778 4.22218 35.1
    endloop
  endfacet
  facet normal 0 0 1
    outer loop
      vertex 57.9481 0.228361 35.1
      vertex 55.4696 4.12731 35.1
      vertex 57.5765 0.102222 35.1
    endloop
  endfacet
  facet normal 0 0 1
    outer loop
      vertex 57.5765 0.102222 35.1
      vertex 55.4696 4.12731 35.1
      vertex 57.1916 0.0256653 35.1
    endloop
  endfacet
  facet normal 0 0 1
    outer loop
      vertex 57.1916 0.0256653 35.1
      vertex 55.4696 4.12731 35.1
      vertex 56.8 0 35.1
    endloop
  endfacet
  facet normal -0 0 1
    outer loop
      vertex 55.35 4.04737 35.1
      vertex 56.8 0 35.1
      vertex 55.4696 4.12731 35.1
    endloop
  endfacet
  facet normal -0 0 1
    outer loop
      vertex 55.221 3.98373 35.1
      vertex 56.8 0 35.1
      vertex 55.35 4.04737 35.1
    endloop
  endfacet
  facet normal -0 0 1
    outer loop
      vertex 55.0847 3.93748 35.1
      vertex 56.8 0 35.1
      vertex 55.221 3.98373 35.1
    endloop
  endfacet
  facet normal -0 0 1
    outer loop
      vertex 54.9436 3.90941 35.1
      vertex 56.8 0 35.1
      vertex 55.0847 3.93748 35.1
    endloop
  endfacet
  facet normal -0 0 1
    outer loop
      vertex 54.8 3.9 35.1
      vertex 56.8 0 35.1
      vertex 54.9436 3.90941 35.1
    endloop
  endfacet
  facet normal 0 0 1
    outer loop
      vertex 54.6564 3.90941 35.1
      vertex 56.8 0 35.1
      vertex 54.8 3.9 35.1
    endloop
  endfacet
  facet normal 0 0 1
    outer loop
      vertex 51.8 2 35.1
      vertex 54.6564 3.90941 35.1
      vertex 54.5153 3.93748 35.1
    endloop
  endfacet
  facet normal 0 0 1
    outer loop
      vertex 51.8 2 35.1
      vertex 54.5153 3.93748 35.1
      vertex 54.379 3.98373 35.1
    endloop
  endfacet
  facet normal 0 0 1
    outer loop
      vertex 51.8 2 35.1
      vertex 54.379 3.98373 35.1
      vertex 54.25 4.04737 35.1
    endloop
  endfacet
  facet normal 0 0 1
    outer loop
      vertex 51.8 2 35.1
      vertex 54.25 4.04737 35.1
      vertex 54.1304 4.12731 35.1
    endloop
  endfacet
  facet normal 0 0 1
    outer loop
      vertex 51.8 2 35.1
      vertex 54.1304 4.12731 35.1
      vertex 54.0222 4.22218 35.1
    endloop
  endfacet
  facet normal 0 0 1
    outer loop
      vertex 51.8 2 35.1
      vertex 54.0222 4.22218 35.1
      vertex 53.9273 4.33036 35.1
    endloop
  endfacet
  facet normal 0 0 1
    outer loop
      vertex 51.8 2 35.1
      vertex 53.9273 4.33036 35.1
      vertex 53.8474 4.45 35.1
    endloop
  endfacet
  facet normal 0 0 1
    outer loop
      vertex 51.8 2 35.1
      vertex 53.7 5 35.1
      vertex 51.8 8 35.1
    endloop
  endfacet
  facet normal 0 0 1
    outer loop
      vertex 53.7 5 35.1
      vertex 51.8 2 35.1
      vertex 53.7094 4.85642 35.1
    endloop
  endfacet
  facet normal 0 0 1
    outer loop
      vertex 53.7094 4.85642 35.1
      vertex 51.8 2 35.1
      vertex 53.7375 4.7153 35.1
    endloop
  endfacet
  facet normal 0 0 1
    outer loop
      vertex 53.7375 4.7153 35.1
      vertex 51.8 2 35.1
      vertex 53.7837 4.57905 35.1
    endloop
  endfacet
  facet normal 0 0 1
    outer loop
      vertex 53.7837 4.57905 35.1
      vertex 51.8 2 35.1
      vertex 53.8474 4.45 35.1
    endloop
  endfacet
  facet normal 0 0 1
    outer loop
      vertex 54.6564 3.90941 35.1
      vertex 51.8 2 35.1
      vertex 56.8 0 35.1
    endloop
  endfacet
  facet normal -0 0 1
    outer loop
      vertex 8 2 35.1
      vertex 56.8 0 35.1
      vertex 51.8 2 35.1
    endloop
  endfacet
  facet normal -0 0 1
    outer loop
      vertex 6.09059 4.85642 35.1
      vertex 8 2 35.1
      vertex 6.1 5 35.1
    endloop
  endfacet
  facet normal -0 0 1
    outer loop
      vertex 6.06252 4.7153 35.1
      vertex 8 2 35.1
      vertex 6.09059 4.85642 35.1
    endloop
  endfacet
  facet normal -0 0 1
    outer loop
      vertex 6.01627 4.57905 35.1
      vertex 8 2 35.1
      vertex 6.06252 4.7153 35.1
    endloop
  endfacet
  facet normal -0 0 1
    outer loop
      vertex 5.95263 4.45 35.1
      vertex 8 2 35.1
      vertex 6.01627 4.57905 35.1
    endloop
  endfacet
  facet normal -0 0 1
    outer loop
      vertex 5.87269 4.33036 35.1
      vertex 8 2 35.1
      vertex 5.95263 4.45 35.1
    endloop
  endfacet
  facet normal -0 0 1
    outer loop
      vertex 5.77782 4.22218 35.1
      vertex 8 2 35.1
      vertex 5.87269 4.33036 35.1
    endloop
  endfacet
  facet normal -0 0 1
    outer loop
      vertex 5.66964 4.12731 35.1
      vertex 8 2 35.1
      vertex 5.77782 4.22218 35.1
    endloop
  endfacet
  facet normal -0 0 1
    outer loop
      vertex 5.55 4.04737 35.1
      vertex 8 2 35.1
      vertex 5.66964 4.12731 35.1
    endloop
  endfacet
  facet normal -0 0 1
    outer loop
      vertex 5.42095 3.98373 35.1
      vertex 8 2 35.1
      vertex 5.55 4.04737 35.1
    endloop
  endfacet
  facet normal -0 0 1
    outer loop
      vertex 5.2847 3.93748 35.1
      vertex 8 2 35.1
      vertex 5.42095 3.98373 35.1
    endloop
  endfacet
  facet normal -0 0 1
    outer loop
      vertex 5.14358 3.90941 35.1
      vertex 8 2 35.1
      vertex 5.2847 3.93748 35.1
    endloop
  endfacet
  facet normal 0 0 1
    outer loop
      vertex 3 0 35.1
      vertex 5.14358 3.90941 35.1
      vertex 5 3.9 35.1
    endloop
  endfacet
  facet normal 0 0 1
    outer loop
      vertex 3 0 35.1
      vertex 5 3.9 35.1
      vertex 4.85642 3.90941 35.1
    endloop
  endfacet
  facet normal 0 0 1
    outer loop
      vertex 3 0 35.1
      vertex 4.85642 3.90941 35.1
      vertex 4.7153 3.93748 35.1
    endloop
  endfacet
  facet normal 0 0 1
    outer loop
      vertex 3 0 35.1
      vertex 4.7153 3.93748 35.1
      vertex 4.57905 3.98373 35.1
    endloop
  endfacet
  facet normal 0 0 1
    outer loop
      vertex 3 0 35.1
      vertex 4.57905 3.98373 35.1
      vertex 4.45 4.04737 35.1
    endloop
  endfacet
  facet normal 0 0 1
    outer loop
      vertex 8 2 35.1
      vertex 3 0 35.1
      vertex 56.8 0 35.1
    endloop
  endfacet
  facet normal 0 0 1
    outer loop
      vertex 5.14358 3.90941 35.1
      vertex 3 0 35.1
      vertex 8 2 35.1
    endloop
  endfacet
  facet normal 0 0 1
    outer loop
      vertex 4.33036 4.12731 35.1
      vertex 3 0 35.1
      vertex 4.45 4.04737 35.1
    endloop
  endfacet
  facet normal 0 0 1
    outer loop
      vertex 4.22218 4.22218 35.1
      vertex 3 0 35.1
      vertex 4.33036 4.12731 35.1
    endloop
  endfacet
  facet normal 0 0 1
    outer loop
      vertex 4.12731 4.33036 35.1
      vertex 3 0 35.1
      vertex 4.22218 4.22218 35.1
    endloop
  endfacet
  facet normal 0 0 1
    outer loop
      vertex 4.04737 4.45 35.1
      vertex 3 0 35.1
      vertex 4.12731 4.33036 35.1
    endloop
  endfacet
  facet normal 0 0 1
    outer loop
      vertex 3.98373 4.57905 35.1
      vertex 3 0 35.1
      vertex 4.04737 4.45 35.1
    endloop
  endfacet
  facet normal 0 0 1
    outer loop
      vertex 3.93748 4.7153 35.1
      vertex 3 0 35.1
      vertex 3.98373 4.57905 35.1
    endloop
  endfacet
  facet normal 0 0 1
    outer loop
      vertex 3.90941 4.85642 35.1
      vertex 3 0 35.1
      vertex 3.93748 4.7153 35.1
    endloop
  endfacet
  facet normal 0 0 1
    outer loop
      vertex 3 0 35.1
      vertex 3.90941 4.85642 35.1
      vertex 3.9 5 35.1
    endloop
  endfacet
  facet normal -0 0 1
    outer loop
      vertex 6.09059 61.6564 35.1
      vertex 8 58.8 35.1
      vertex 6.1 61.8 35.1
    endloop
  endfacet
  facet normal -0 0 1
    outer loop
      vertex 6.06252 61.5153 35.1
      vertex 8 58.8 35.1
      vertex 6.09059 61.6564 35.1
    endloop
  endfacet
  facet normal -0 0 1
    outer loop
      vertex 6.01627 61.379 35.1
      vertex 8 58.8 35.1
      vertex 6.06252 61.5153 35.1
    endloop
  endfacet
  facet normal -0 0 1
    outer loop
      vertex 5.95263 61.25 35.1
      vertex 8 58.8 35.1
      vertex 6.01627 61.379 35.1
    endloop
  endfacet
  facet normal -0 0 1
    outer loop
      vertex 5.87269 61.1304 35.1
      vertex 8 58.8 35.1
      vertex 5.95263 61.25 35.1
    endloop
  endfacet
  facet normal -0 0 1
    outer loop
      vertex 5.77782 61.0222 35.1
      vertex 8 58.8 35.1
      vertex 5.87269 61.1304 35.1
    endloop
  endfacet
  facet normal -0 0 1
    outer loop
      vertex 5.66964 60.9273 35.1
      vertex 8 58.8 35.1
      vertex 5.77782 61.0222 35.1
    endloop
  endfacet
  facet normal -0 0 1
    outer loop
      vertex 5.55 60.8474 35.1
      vertex 8 58.8 35.1
      vertex 5.66964 60.9273 35.1
    endloop
  endfacet
  facet normal -0 0 1
    outer loop
      vertex 5.42095 60.7837 35.1
      vertex 8 58.8 35.1
      vertex 5.55 60.8474 35.1
    endloop
  endfacet
  facet normal -0 0 1
    outer loop
      vertex 5.2847 60.7375 35.1
      vertex 8 58.8 35.1
      vertex 5.42095 60.7837 35.1
    endloop
  endfacet
  facet normal -0 0 1
    outer loop
      vertex 5.14358 60.7094 35.1
      vertex 8 58.8 35.1
      vertex 5.2847 60.7375 35.1
    endloop
  endfacet
  facet normal -0 0 1
    outer loop
      vertex 5 60.7 35.1
      vertex 8 58.8 35.1
      vertex 5.14358 60.7094 35.1
    endloop
  endfacet
  facet normal 0 0 1
    outer loop
      vertex 2 58.8 35.1
      vertex 5 60.7 35.1
      vertex 4.85642 60.7094 35.1
    endloop
  endfacet
  facet normal 0 0 1
    outer loop
      vertex 2 58.8 35.1
      vertex 4.85642 60.7094 35.1
      vertex 4.7153 60.7375 35.1
    endloop
  endfacet
  facet normal 0 0 1
    outer loop
      vertex 2 58.8 35.1
      vertex 4.7153 60.7375 35.1
      vertex 4.57905 60.7837 35.1
    endloop
  endfacet
  facet normal 0 0 1
    outer loop
      vertex 2 58.8 35.1
      vertex 4.57905 60.7837 35.1
      vertex 4.45 60.8474 35.1
    endloop
  endfacet
  facet normal 0 0 1
    outer loop
      vertex 4.04737 62.35 35.1
      vertex 0 63.8 35.1
      vertex 3.98373 62.221 35.1
    endloop
  endfacet
  facet normal 0 0 1
    outer loop
      vertex 3.98373 62.221 35.1
      vertex 0 63.8 35.1
      vertex 3.93748 62.0847 35.1
    endloop
  endfacet
  facet normal 0 0 1
    outer loop
      vertex 3.93748 62.0847 35.1
      vertex 0 63.8 35.1
      vertex 3.90941 61.9436 35.1
    endloop
  endfacet
  facet normal 0 0 1
    outer loop
      vertex 0 63.8 35.1
      vertex 3.9 61.8 35.1
      vertex 3.90941 61.9436 35.1
    endloop
  endfacet
  facet normal 0 0 1
    outer loop
      vertex 5 60.7 35.1
      vertex 2 58.8 35.1
      vertex 8 58.8 35.1
    endloop
  endfacet
  facet normal 0 0 1
    outer loop
      vertex 4.33036 60.9273 35.1
      vertex 2 58.8 35.1
      vertex 4.45 60.8474 35.1
    endloop
  endfacet
  facet normal 0 0 1
    outer loop
      vertex 4.22218 61.0222 35.1
      vertex 2 58.8 35.1
      vertex 4.33036 60.9273 35.1
    endloop
  endfacet
  facet normal 0 0 1
    outer loop
      vertex 4.12731 61.1304 35.1
      vertex 2 58.8 35.1
      vertex 4.22218 61.0222 35.1
    endloop
  endfacet
  facet normal 0 0 1
    outer loop
      vertex 4.04737 61.25 35.1
      vertex 2 58.8 35.1
      vertex 4.12731 61.1304 35.1
    endloop
  endfacet
  facet normal 0 0 1
    outer loop
      vertex 3.98373 61.379 35.1
      vertex 2 58.8 35.1
      vertex 4.04737 61.25 35.1
    endloop
  endfacet
  facet normal 0 0 1
    outer loop
      vertex 3.93748 61.5153 35.1
      vertex 2 58.8 35.1
      vertex 3.98373 61.379 35.1
    endloop
  endfacet
  facet normal 0 0 1
    outer loop
      vertex 0 63.8 35.1
      vertex 3.90941 61.6564 35.1
      vertex 3.9 61.8 35.1
    endloop
  endfacet
  facet normal 0 0 1
    outer loop
      vertex 3.90941 61.6564 35.1
      vertex 0 63.8 35.1
      vertex 2 58.8 35.1
    endloop
  endfacet
  facet normal 0 0 1
    outer loop
      vertex 3.90941 61.6564 35.1
      vertex 2 58.8 35.1
      vertex 3.93748 61.5153 35.1
    endloop
  endfacet
  facet normal -0.831481 0.555553 0
    outer loop
      vertex 0.401923 65.3 0
      vertex 0.61994 65.6263 35.1
      vertex 0.61994 65.6263 0
    endloop
  endfacet
  facet normal -0.831481 0.555553 0
    outer loop
      vertex 0.61994 65.6263 35.1
      vertex 0.401923 65.3 0
      vertex 0.401923 65.3 35.1
    endloop
  endfacet
  facet normal 0 0 -1
    outer loop
      vertex 56.8 0 0
      vertex 59.8 3 0
      vertex 59.7743 2.60842 0
    endloop
  endfacet
  facet normal 0 0 -1
    outer loop
      vertex 0 3 0
      vertex 59.8 3 0
      vertex 56.8 0 0
    endloop
  endfacet
  facet normal 0 0 -1
    outer loop
      vertex 56.8 0 0
      vertex 59.7743 2.60842 0
      vertex 59.6978 2.22354 0
    endloop
  endfacet
  facet normal 0 0 -1
    outer loop
      vertex 59.8 3 0
      vertex 0 3 0
      vertex 59.8 63.8 0
    endloop
  endfacet
  facet normal 0 0 -1
    outer loop
      vertex 56.8 0 0
      vertex 59.6978 2.22354 0
      vertex 59.5716 1.85195 0
    endloop
  endfacet
  facet normal 0 0 -1
    outer loop
      vertex 59.8 63.8 0
      vertex 56.8 66.8 0
      vertex 59.7743 64.1916 0
    endloop
  endfacet
  facet normal 0 0 -1
    outer loop
      vertex 56.8 0 0
      vertex 59.5716 1.85195 0
      vertex 59.3981 1.5 0
    endloop
  endfacet
  facet normal 0 0 -1
    outer loop
      vertex 59.7743 64.1916 0
      vertex 56.8 66.8 0
      vertex 59.6978 64.5765 0
    endloop
  endfacet
  facet normal 0 0 -1
    outer loop
      vertex 56.8 0 0
      vertex 59.3981 1.5 0
      vertex 59.1801 1.17372 0
    endloop
  endfacet
  facet normal 0 0 -1
    outer loop
      vertex 59.6978 64.5765 0
      vertex 56.8 66.8 0
      vertex 59.5716 64.9481 0
    endloop
  endfacet
  facet normal 0 0 -1
    outer loop
      vertex 56.8 0 0
      vertex 59.1801 1.17372 0
      vertex 58.9213 0.878679 0
    endloop
  endfacet
  facet normal 0 0 -1
    outer loop
      vertex 59.5716 64.9481 0
      vertex 56.8 66.8 0
      vertex 59.3981 65.3 0
    endloop
  endfacet
  facet normal 0 0 -1
    outer loop
      vertex 56.8 0 0
      vertex 58.9213 0.878679 0
      vertex 58.6263 0.61994 0
    endloop
  endfacet
  facet normal 0 0 -1
    outer loop
      vertex 59.3981 65.3 0
      vertex 56.8 66.8 0
      vertex 59.1801 65.6263 0
    endloop
  endfacet
  facet normal 0 0 -1
    outer loop
      vertex 56.8 0 0
      vertex 58.6263 0.61994 0
      vertex 58.3 0.401923 0
    endloop
  endfacet
  facet normal 0 0 -1
    outer loop
      vertex 59.1801 65.6263 0
      vertex 56.8 66.8 0
      vertex 58.9213 65.9213 0
    endloop
  endfacet
  facet normal 0 0 -1
    outer loop
      vertex 56.8 0 0
      vertex 58.3 0.401923 0
      vertex 57.9481 0.228361 0
    endloop
  endfacet
  facet normal 0 0 -1
    outer loop
      vertex 58.9213 65.9213 0
      vertex 56.8 66.8 0
      vertex 58.6263 66.1801 0
    endloop
  endfacet
  facet normal 0 0 -1
    outer loop
      vertex 56.8 0 0
      vertex 57.9481 0.228361 0
      vertex 57.5765 0.102222 0
    endloop
  endfacet
  facet normal 0 0 -1
    outer loop
      vertex 58.6263 66.1801 0
      vertex 56.8 66.8 0
      vertex 58.3 66.3981 0
    endloop
  endfacet
  facet normal 0 0 -1
    outer loop
      vertex 56.8 0 0
      vertex 57.5765 0.102222 0
      vertex 57.1916 0.0256653 0
    endloop
  endfacet
  facet normal 0 0 -1
    outer loop
      vertex 58.3 66.3981 0
      vertex 56.8 66.8 0
      vertex 57.9481 66.5716 0
    endloop
  endfacet
  facet normal 0 0 -1
    outer loop
      vertex 57.9481 66.5716 0
      vertex 56.8 66.8 0
      vertex 57.5765 66.6978 0
    endloop
  endfacet
  facet normal 0 0 -1
    outer loop
      vertex 57.5765 66.6978 0
      vertex 56.8 66.8 0
      vertex 57.1916 66.7743 0
    endloop
  endfacet
  facet normal 0 0 -1
    outer loop
      vertex 0 3 0
      vertex 56.8 0 0
      vertex 3 0 0
    endloop
  endfacet
  facet normal 0 0 -1
    outer loop
      vertex 0 63.8 0
      vertex 59.8 63.8 0
      vertex 0 3 0
    endloop
  endfacet
  facet normal 0 0 -1
    outer loop
      vertex 0 3 0
      vertex 3 0 0
      vertex 2.60842 0.0256653 0
    endloop
  endfacet
  facet normal 0 0 -1
    outer loop
      vertex 59.8 63.8 0
      vertex 0 63.8 0
      vertex 56.8 66.8 0
    endloop
  endfacet
  facet normal 0 0 -1
    outer loop
      vertex 0 3 0
      vertex 2.60842 0.0256653 0
      vertex 2.22354 0.102222 0
    endloop
  endfacet
  facet normal -0 0 -1
    outer loop
      vertex 56.8 66.8 0
      vertex 0 63.8 0
      vertex 3 66.8 0
    endloop
  endfacet
  facet normal 0 0 -1
    outer loop
      vertex 0 3 0
      vertex 2.22354 0.102222 0
      vertex 1.85195 0.228361 0
    endloop
  endfacet
  facet normal 0 0 -1
    outer loop
      vertex 3 66.8 0
      vertex 0 63.8 0
      vertex 2.60842 66.7743 0
    endloop
  endfacet
  facet normal 0 0 -1
    outer loop
      vertex 0 3 0
      vertex 1.85195 0.228361 0
      vertex 1.5 0.401923 0
    endloop
  endfacet
  facet normal 0 0 -1
    outer loop
      vertex 2.60842 66.7743 0
      vertex 0 63.8 0
      vertex 2.22354 66.6978 0
    endloop
  endfacet
  facet normal 0 0 -1
    outer loop
      vertex 0 3 0
      vertex 1.5 0.401923 0
      vertex 1.17372 0.61994 0
    endloop
  endfacet
  facet normal 0 0 -1
    outer loop
      vertex 2.22354 66.6978 0
      vertex 0 63.8 0
      vertex 1.85195 66.5716 0
    endloop
  endfacet
  facet normal 0 0 -1
    outer loop
      vertex 0 3 0
      vertex 1.17372 0.61994 0
      vertex 0.878679 0.878679 0
    endloop
  endfacet
  facet normal 0 0 -1
    outer loop
      vertex 1.85195 66.5716 0
      vertex 0 63.8 0
      vertex 1.5 66.3981 0
    endloop
  endfacet
  facet normal 0 0 -1
    outer loop
      vertex 0 3 0
      vertex 0.878679 0.878679 0
      vertex 0.61994 1.17372 0
    endloop
  endfacet
  facet normal 0 0 -1
    outer loop
      vertex 1.5 66.3981 0
      vertex 0 63.8 0
      vertex 1.17372 66.1801 0
    endloop
  endfacet
  facet normal 0 0 -1
    outer loop
      vertex 0 3 0
      vertex 0.61994 1.17372 0
      vertex 0.401923 1.5 0
    endloop
  endfacet
  facet normal 0 0 -1
    outer loop
      vertex 1.17372 66.1801 0
      vertex 0 63.8 0
      vertex 0.878679 65.9213 0
    endloop
  endfacet
  facet normal 0 0 -1
    outer loop
      vertex 0 3 0
      vertex 0.401923 1.5 0
      vertex 0.228361 1.85195 0
    endloop
  endfacet
  facet normal 0 0 -1
    outer loop
      vertex 0.878679 65.9213 0
      vertex 0 63.8 0
      vertex 0.61994 65.6263 0
    endloop
  endfacet
  facet normal 0 0 -1
    outer loop
      vertex 0 3 0
      vertex 0.228361 1.85195 0
      vertex 0.102222 2.22354 0
    endloop
  endfacet
  facet normal 0 0 -1
    outer loop
      vertex 0.61994 65.6263 0
      vertex 0 63.8 0
      vertex 0.401923 65.3 0
    endloop
  endfacet
  facet normal 0 0 -1
    outer loop
      vertex 0 3 0
      vertex 0.102222 2.22354 0
      vertex 0.0256653 2.60842 0
    endloop
  endfacet
  facet normal 0 0 -1
    outer loop
      vertex 0.401923 65.3 0
      vertex 0 63.8 0
      vertex 0.228361 64.9481 0
    endloop
  endfacet
  facet normal 0 0 -1
    outer loop
      vertex 0.228361 64.9481 0
      vertex 0 63.8 0
      vertex 0.102222 64.5765 0
    endloop
  endfacet
  facet normal 0 0 -1
    outer loop
      vertex 0.102222 64.5765 0
      vertex 0 63.8 0
      vertex 0.0256653 64.1916 0
    endloop
  endfacet
  facet normal 0.321434 -0.946932 0
    outer loop
      vertex 57.5765 0.102222 0
      vertex 57.9481 0.228361 35.1
      vertex 57.5765 0.102222 35.1
    endloop
  endfacet
  facet normal 0.321434 -0.946932 0
    outer loop
      vertex 57.9481 0.228361 35.1
      vertex 57.5765 0.102222 0
      vertex 57.9481 0.228361 0
    endloop
  endfacet
  facet normal -0.321582 0.946882 0
    outer loop
      vertex 2.22354 66.6978 0
      vertex 1.85195 66.5716 35.1
      vertex 2.22354 66.6978 35.1
    endloop
  endfacet
  facet normal -0.321582 0.946882 0
    outer loop
      vertex 1.85195 66.5716 35.1
      vertex 2.22354 66.6978 0
      vertex 1.85195 66.5716 0
    endloop
  endfacet
  facet normal 0.195079 -0.980788 0
    outer loop
      vertex 57.1916 0.0256653 0
      vertex 57.5765 0.102222 35.1
      vertex 57.1916 0.0256653 35.1
    endloop
  endfacet
  facet normal 0.195079 -0.980788 0
    outer loop
      vertex 57.5765 0.102222 35.1
      vertex 57.1916 0.0256653 0
      vertex 57.5765 0.102222 0
    endloop
  endfacet
  facet normal 0.555523 0.831501 -0
    outer loop
      vertex 58.6263 66.1801 0
      vertex 58.3 66.3981 35.1
      vertex 58.6263 66.1801 35.1
    endloop
  endfacet
  facet normal 0.555523 0.831501 0
    outer loop
      vertex 58.3 66.3981 35.1
      vertex 58.6263 66.1801 0
      vertex 58.3 66.3981 0
    endloop
  endfacet
  facet normal 0.831485 -0.555547 0
    outer loop
      vertex 59.1801 1.17372 35.1
      vertex 59.3981 1.5 0
      vertex 59.3981 1.5 35.1
    endloop
  endfacet
  facet normal 0.831485 -0.555547 0
    outer loop
      vertex 59.3981 1.5 0
      vertex 59.1801 1.17372 35.1
      vertex 59.1801 1.17372 0
    endloop
  endfacet
  facet normal -0.980788 0.195079 0
    outer loop
      vertex 0.0256653 64.1916 0
      vertex 0.102222 64.5765 35.1
      vertex 0.102222 64.5765 0
    endloop
  endfacet
  facet normal -0.980788 0.195079 0
    outer loop
      vertex 0.102222 64.5765 35.1
      vertex 0.0256653 64.1916 0
      vertex 0.0256653 64.1916 35.1
    endloop
  endfacet
  facet normal -0.751801 0.65939 0
    outer loop
      vertex 0.61994 65.6263 0
      vertex 0.878679 65.9213 35.1
      vertex 0.878679 65.9213 0
    endloop
  endfacet
  facet normal -0.751801 0.65939 0
    outer loop
      vertex 0.878679 65.9213 35.1
      vertex 0.61994 65.6263 0
      vertex 0.61994 65.6263 35.1
    endloop
  endfacet
  facet normal -0.946929 -0.321442 0
    outer loop
      vertex 0.228361 1.85195 0
      vertex 0.102222 2.22354 35.1
      vertex 0.102222 2.22354 0
    endloop
  endfacet
  facet normal -0.946929 -0.321442 0
    outer loop
      vertex 0.102222 2.22354 35.1
      vertex 0.228361 1.85195 0
      vertex 0.228361 1.85195 35.1
    endloop
  endfacet
  facet normal -0.980786 -0.195089 0
    outer loop
      vertex 0.102222 2.22354 0
      vertex 0.0256653 2.60842 35.1
      vertex 0.0256653 2.60842 0
    endloop
  endfacet
  facet normal -0.980786 -0.195089 0
    outer loop
      vertex 0.0256653 2.60842 35.1
      vertex 0.102222 2.22354 0
      vertex 0.102222 2.22354 35.1
    endloop
  endfacet
  facet normal 0.442338 -0.896848 0
    outer loop
      vertex 57.9481 0.228361 0
      vertex 58.3 0.401923 35.1
      vertex 57.9481 0.228361 35.1
    endloop
  endfacet
  facet normal 0.442338 -0.896848 0
    outer loop
      vertex 58.3 0.401923 35.1
      vertex 57.9481 0.228361 0
      vertex 58.3 0.401923 0
    endloop
  endfacet
  facet normal 0.0654873 0.997853 -0
    outer loop
      vertex 57.1916 66.7743 0
      vertex 56.8 66.8 35.1
      vertex 57.1916 66.7743 35.1
    endloop
  endfacet
  facet normal 0.0654873 0.997853 0
    outer loop
      vertex 56.8 66.8 35.1
      vertex 57.1916 66.7743 0
      vertex 56.8 66.8 0
    endloop
  endfacet
  facet normal -1 0 0
    outer loop
      vertex 57.8 64.8 2
      vertex 57.8 17.75 7
      vertex 57.8 64.8 13.5
    endloop
  endfacet
  facet normal -1 0 0
    outer loop
      vertex 57.8 64.8 2
      vertex 57.8 17.7431 6.89558
      vertex 57.8 17.75 7
    endloop
  endfacet
  facet normal -1 0 0
    outer loop
      vertex 57.8 64.8 2
      vertex 57.8 17.7227 6.79294
      vertex 57.8 17.7431 6.89558
    endloop
  endfacet
  facet normal -1 0 0
    outer loop
      vertex 57.8 64.8 2
      vertex 57.8 17.6891 6.69385
      vertex 57.8 17.7227 6.79294
    endloop
  endfacet
  facet normal -1 0 0
    outer loop
      vertex 57.8 64.8 2
      vertex 57.8 17.6428 6.60001
      vertex 57.8 17.6891 6.69385
    endloop
  endfacet
  facet normal -1 0 0
    outer loop
      vertex 57.8 64.8 2
      vertex 57.8 17.5847 6.51299
      vertex 57.8 17.6428 6.60001
    endloop
  endfacet
  facet normal -1 0 0
    outer loop
      vertex 57.8 64.8 2
      vertex 57.8 17.5157 6.43431
      vertex 57.8 17.5847 6.51299
    endloop
  endfacet
  facet normal -1 0 0
    outer loop
      vertex 57.8 64.8 2
      vertex 57.8 17.437 6.36531
      vertex 57.8 17.5157 6.43431
    endloop
  endfacet
  facet normal -1 0 0
    outer loop
      vertex 57.8 64.8 2
      vertex 57.8 17.35 6.30717
      vertex 57.8 17.437 6.36531
    endloop
  endfacet
  facet normal -1 0 0
    outer loop
      vertex 57.8 64.8 2
      vertex 57.8 17.2561 6.26089
      vertex 57.8 17.35 6.30717
    endloop
  endfacet
  facet normal -1 0 0
    outer loop
      vertex 57.8 64.8 2
      vertex 57.8 17.1571 6.22726
      vertex 57.8 17.2561 6.26089
    endloop
  endfacet
  facet normal -1 0 0
    outer loop
      vertex 57.8 64.8 2
      vertex 57.8 17.0544 6.20685
      vertex 57.8 17.1571 6.22726
    endloop
  endfacet
  facet normal -1 0 0
    outer loop
      vertex 57.8 2 2
      vertex 57.8 17.0544 6.20685
      vertex 57.8 64.8 2
    endloop
  endfacet
  facet normal -1 0 0
    outer loop
      vertex 57.8 17.0544 6.20685
      vertex 57.8 2 2
      vertex 57.8 16.95 6.2
    endloop
  endfacet
  facet normal -1 -0 0
    outer loop
      vertex 57.8 16.95 6.2
      vertex 57.8 2 2
      vertex 57.8 11.05 6.2
    endloop
  endfacet
  facet normal -1 0 0
    outer loop
      vertex 57.8 2 2
      vertex 57.8 10.25 9
      vertex 57.8 10.25 7
    endloop
  endfacet
  facet normal -1 0 0
    outer loop
      vertex 57.8 2 2
      vertex 57.8 10 15.5
      vertex 57.8 10 13.5
    endloop
  endfacet
  facet normal -1 -0 0
    outer loop
      vertex 57.8 10.25 9
      vertex 57.8 2 2
      vertex 57.8 10 13.5
    endloop
  endfacet
  facet normal -1 0 0
    outer loop
      vertex 57.8 2 2
      vertex 57.8 10.25 7
      vertex 57.8 10.2569 6.89558
    endloop
  endfacet
  facet normal -1 -0 0
    outer loop
      vertex 57.8 11.05 6.2
      vertex 57.8 2 2
      vertex 57.8 10.9456 6.20685
    endloop
  endfacet
  facet normal -1 0 0
    outer loop
      vertex 57.8 2 2
      vertex 57.8 10.8429 6.22726
      vertex 57.8 10.9456 6.20685
    endloop
  endfacet
  facet normal -1 0 0
    outer loop
      vertex 57.8 2 2
      vertex 57.8 10.7439 6.26089
      vertex 57.8 10.8429 6.22726
    endloop
  endfacet
  facet normal -1 0 0
    outer loop
      vertex 57.8 2 2
      vertex 57.8 10.65 6.30717
      vertex 57.8 10.7439 6.26089
    endloop
  endfacet
  facet normal -1 0 0
    outer loop
      vertex 57.8 2 2
      vertex 57.8 10.563 6.36531
      vertex 57.8 10.65 6.30717
    endloop
  endfacet
  facet normal -1 0 0
    outer loop
      vertex 57.8 2 2
      vertex 57.8 10.4843 6.43431
      vertex 57.8 10.563 6.36531
    endloop
  endfacet
  facet normal -1 0 0
    outer loop
      vertex 57.8 2 2
      vertex 57.8 10.4153 6.51299
      vertex 57.8 10.4843 6.43431
    endloop
  endfacet
  facet normal -1 0 0
    outer loop
      vertex 57.8 2 2
      vertex 57.8 10.3572 6.60001
      vertex 57.8 10.4153 6.51299
    endloop
  endfacet
  facet normal -1 0 0
    outer loop
      vertex 57.8 2 2
      vertex 57.8 10.3109 6.69385
      vertex 57.8 10.3572 6.60001
    endloop
  endfacet
  facet normal -1 0 0
    outer loop
      vertex 57.8 2 2
      vertex 57.8 10.2773 6.79294
      vertex 57.8 10.3109 6.69385
    endloop
  endfacet
  facet normal -1 0 0
    outer loop
      vertex 57.8 2 2
      vertex 57.8 10.2569 6.89558
      vertex 57.8 10.2773 6.79294
    endloop
  endfacet
  facet normal -1 -0 0
    outer loop
      vertex 57.8 10 15.5
      vertex 57.8 2 2
      vertex 57.8 2 30.1
    endloop
  endfacet
  facet normal -1 0 0
    outer loop
      vertex 57.8 10 15.5
      vertex 57.8 2 30.1
      vertex 57.8 8 30.1
    endloop
  endfacet
  facet normal -1 0 0
    outer loop
      vertex 57.8 17.75 9
      vertex 57.8 64.8 13.5
      vertex 57.8 17.75 7
    endloop
  endfacet
  facet normal -1 0 0
    outer loop
      vertex 57.8 17.7431 9.10442
      vertex 57.8 64.8 13.5
      vertex 57.8 17.75 9
    endloop
  endfacet
  facet normal -1 0 0
    outer loop
      vertex 57.8 17.7227 9.20706
      vertex 57.8 64.8 13.5
      vertex 57.8 17.7431 9.10442
    endloop
  endfacet
  facet normal -1 0 0
    outer loop
      vertex 57.8 17.6891 9.30615
      vertex 57.8 64.8 13.5
      vertex 57.8 17.7227 9.20706
    endloop
  endfacet
  facet normal -1 0 0
    outer loop
      vertex 57.8 17.6428 9.39999
      vertex 57.8 64.8 13.5
      vertex 57.8 17.6891 9.30615
    endloop
  endfacet
  facet normal -1 0 0
    outer loop
      vertex 57.8 17.5847 9.48701
      vertex 57.8 64.8 13.5
      vertex 57.8 17.6428 9.39999
    endloop
  endfacet
  facet normal -1 0 0
    outer loop
      vertex 57.8 17.5157 9.56569
      vertex 57.8 64.8 13.5
      vertex 57.8 17.5847 9.48701
    endloop
  endfacet
  facet normal -1 0 0
    outer loop
      vertex 57.8 17.437 9.63469
      vertex 57.8 64.8 13.5
      vertex 57.8 17.5157 9.56569
    endloop
  endfacet
  facet normal -1 0 0
    outer loop
      vertex 57.8 17.35 9.69283
      vertex 57.8 64.8 13.5
      vertex 57.8 17.437 9.63469
    endloop
  endfacet
  facet normal -1 0 0
    outer loop
      vertex 57.8 17.2561 9.73911
      vertex 57.8 64.8 13.5
      vertex 57.8 17.35 9.69283
    endloop
  endfacet
  facet normal -1 0 0
    outer loop
      vertex 57.8 10 13.5
      vertex 57.8 17.2561 9.73911
      vertex 57.8 17.1571 9.77274
    endloop
  endfacet
  facet normal -1 0 0
    outer loop
      vertex 57.8 10 13.5
      vertex 57.8 17.1571 9.77274
      vertex 57.8 17.0544 9.79315
    endloop
  endfacet
  facet normal -1 0 0
    outer loop
      vertex 57.8 10 13.5
      vertex 57.8 17.0544 9.79315
      vertex 57.8 16.95 9.8
    endloop
  endfacet
  facet normal -1 0 0
    outer loop
      vertex 57.8 10 13.5
      vertex 57.8 16.95 9.8
      vertex 57.8 11.05 9.8
    endloop
  endfacet
  facet normal -1 0 0
    outer loop
      vertex 57.8 10 13.5
      vertex 57.8 11.05 9.8
      vertex 57.8 10.9456 9.79315
    endloop
  endfacet
  facet normal -1 0 0
    outer loop
      vertex 57.8 17.2561 9.73911
      vertex 57.8 10 13.5
      vertex 57.8 64.8 13.5
    endloop
  endfacet
  facet normal -1 0 0
    outer loop
      vertex 57.8 10.8429 9.77274
      vertex 57.8 10 13.5
      vertex 57.8 10.9456 9.79315
    endloop
  endfacet
  facet normal -1 0 0
    outer loop
      vertex 57.8 10.7439 9.73911
      vertex 57.8 10 13.5
      vertex 57.8 10.8429 9.77274
    endloop
  endfacet
  facet normal -1 0 0
    outer loop
      vertex 57.8 10.65 9.69283
      vertex 57.8 10 13.5
      vertex 57.8 10.7439 9.73911
    endloop
  endfacet
  facet normal -1 0 0
    outer loop
      vertex 57.8 10.563 9.63469
      vertex 57.8 10 13.5
      vertex 57.8 10.65 9.69283
    endloop
  endfacet
  facet normal -1 0 0
    outer loop
      vertex 57.8 10.4843 9.56569
      vertex 57.8 10 13.5
      vertex 57.8 10.563 9.63469
    endloop
  endfacet
  facet normal -1 0 0
    outer loop
      vertex 57.8 10.4153 9.48701
      vertex 57.8 10 13.5
      vertex 57.8 10.4843 9.56569
    endloop
  endfacet
  facet normal -1 0 0
    outer loop
      vertex 57.8 10.3572 9.39999
      vertex 57.8 10 13.5
      vertex 57.8 10.4153 9.48701
    endloop
  endfacet
  facet normal -1 0 0
    outer loop
      vertex 57.8 10.3109 9.30615
      vertex 57.8 10 13.5
      vertex 57.8 10.3572 9.39999
    endloop
  endfacet
  facet normal -1 0 0
    outer loop
      vertex 57.8 10.2773 9.20706
      vertex 57.8 10 13.5
      vertex 57.8 10.3109 9.30615
    endloop
  endfacet
  facet normal -1 0 0
    outer loop
      vertex 57.8 10.2569 9.10442
      vertex 57.8 10 13.5
      vertex 57.8 10.2773 9.20706
    endloop
  endfacet
  facet normal -1 0 0
    outer loop
      vertex 57.8 10 13.5
      vertex 57.8 10.2569 9.10442
      vertex 57.8 10.25 9
    endloop
  endfacet
  facet normal -1 0 0
    outer loop
      vertex 57.8 64.8 15.5
      vertex 57.8 58.8 30.1
      vertex 57.8 64.8 30.1
    endloop
  endfacet
  facet normal -1 0 0
    outer loop
      vertex 57.8 10 15.5
      vertex 57.8 58.8 30.1
      vertex 57.8 64.8 15.5
    endloop
  endfacet
  facet normal -1 0 0
    outer loop
      vertex 57.8 8 30.1
      vertex 57.8 58.8 30.1
      vertex 57.8 10 15.5
    endloop
  endfacet
  facet normal -1 0 0
    outer loop
      vertex 57.8 58.8 30.1
      vertex 57.8 8 30.1
      vertex 57.8 58.8 35.1
    endloop
  endfacet
  facet normal -1 -0 0
    outer loop
      vertex 57.8 58.8 35.1
      vertex 57.8 8 30.1
      vertex 57.8 8 35.1
    endloop
  endfacet
  facet normal -0 0 1
    outer loop
      vertex 2 64.8 2
      vertex 57.8 2 2
      vertex 57.8 64.8 2
    endloop
  endfacet
  facet normal 0 0 1
    outer loop
      vertex 57.8 2 2
      vertex 2 64.8 2
      vertex 2 2 2
    endloop
  endfacet
  facet normal 1 0 0
    outer loop
      vertex 2 8 30.1
      vertex 2 58.8 30.1
      vertex 2 58.8 35.1
    endloop
  endfacet
  facet normal 1 0 0
    outer loop
      vertex 2 58.8 30.1
      vertex 2 8 30.1
      vertex 2 10 15.5
    endloop
  endfacet
  facet normal 1 0 0
    outer loop
      vertex 2 8 30.1
      vertex 2 58.8 35.1
      vertex 2 8 35.1
    endloop
  endfacet
  facet normal 1 -0 0
    outer loop
      vertex 2 58.8 30.1
      vertex 2 64.8 15.5
      vertex 2 64.8 30.1
    endloop
  endfacet
  facet normal 1 0 0
    outer loop
      vertex 2 64.8 15.5
      vertex 2 58.8 30.1
      vertex 2 10 15.5
    endloop
  endfacet
  facet normal 1 -0 0
    outer loop
      vertex 2 19.7863 5.00884
      vertex 2 64.8 2
      vertex 2 64.8 13.5
    endloop
  endfacet
  facet normal 1 0 0
    outer loop
      vertex 2 64.8 2
      vertex 2 19.7863 5.00884
      vertex 2 19.8 4.79999
    endloop
  endfacet
  facet normal 1 0 0
    outer loop
      vertex 2 64.8 13.5
      vertex 2 19.7455 5.2141
      vertex 2 19.7863 5.00884
    endloop
  endfacet
  facet normal 1 0 0
    outer loop
      vertex 2 64.8 13.5
      vertex 2 19.6782 5.41228
      vertex 2 19.7455 5.2141
    endloop
  endfacet
  facet normal 1 0 0
    outer loop
      vertex 2 64.8 13.5
      vertex 2 19.5856 5.6
      vertex 2 19.6782 5.41228
    endloop
  endfacet
  facet normal 1 0 0
    outer loop
      vertex 2 64.8 13.5
      vertex 2 19.4694 5.77401
      vertex 2 19.5856 5.6
    endloop
  endfacet
  facet normal 1 0 0
    outer loop
      vertex 2 64.8 13.5
      vertex 2 19.3314 5.93137
      vertex 2 19.4694 5.77401
    endloop
  endfacet
  facet normal 1 0 0
    outer loop
      vertex 2 64.8 13.5
      vertex 2 19.174 6.06936
      vertex 2 19.3314 5.93137
    endloop
  endfacet
  facet normal 1 0 0
    outer loop
      vertex 2 64.8 13.5
      vertex 2 19 6.18563
      vertex 2 19.174 6.06936
    endloop
  endfacet
  facet normal 1 -0 0
    outer loop
      vertex 2 10 13.5
      vertex 2 19 6.18563
      vertex 2 64.8 13.5
    endloop
  endfacet
  facet normal 1 0 0
    outer loop
      vertex 2 19 6.18563
      vertex 2 10 13.5
      vertex 2 18.8123 6.2782
    endloop
  endfacet
  facet normal 1 0 0
    outer loop
      vertex 2 18.8123 6.2782
      vertex 2 10 13.5
      vertex 2 18.6141 6.34548
    endloop
  endfacet
  facet normal 1 0 0
    outer loop
      vertex 2 18.6141 6.34548
      vertex 2 10 13.5
      vertex 2 18.4088 6.38631
    endloop
  endfacet
  facet normal 1 0 0
    outer loop
      vertex 2 18.4088 6.38631
      vertex 2 10 13.5
      vertex 2 18.2 6.4
    endloop
  endfacet
  facet normal 1 0 0
    outer loop
      vertex 2 18.2 6.4
      vertex 2 10 13.5
      vertex 2 11.6 6.4
    endloop
  endfacet
  facet normal 1 0 0
    outer loop
      vertex 2 10.0137 5.00884
      vertex 2 2 2
      vertex 2 10 4.79999
    endloop
  endfacet
  facet normal 1 0 0
    outer loop
      vertex 2 10.0545 5.2141
      vertex 2 2 2
      vertex 2 10.0137 5.00884
    endloop
  endfacet
  facet normal 1 0 0
    outer loop
      vertex 2 10.1218 5.41228
      vertex 2 2 2
      vertex 2 10.0545 5.2141
    endloop
  endfacet
  facet normal 1 0 0
    outer loop
      vertex 2 10.2144 5.6
      vertex 2 2 2
      vertex 2 10.1218 5.41228
    endloop
  endfacet
  facet normal 1 0 0
    outer loop
      vertex 2 2 2
      vertex 2 10.2144 5.6
      vertex 2 10 13.5
    endloop
  endfacet
  facet normal 1 0 0
    outer loop
      vertex 2 10.3306 5.77401
      vertex 2 10 13.5
      vertex 2 10.2144 5.6
    endloop
  endfacet
  facet normal 1 0 0
    outer loop
      vertex 2 10.4686 5.93137
      vertex 2 10 13.5
      vertex 2 10.3306 5.77401
    endloop
  endfacet
  facet normal 1 0 0
    outer loop
      vertex 2 10.626 6.06936
      vertex 2 10 13.5
      vertex 2 10.4686 5.93137
    endloop
  endfacet
  facet normal 1 0 0
    outer loop
      vertex 2 10.8 6.18563
      vertex 2 10 13.5
      vertex 2 10.626 6.06936
    endloop
  endfacet
  facet normal 1 0 0
    outer loop
      vertex 2 10.9877 6.2782
      vertex 2 10 13.5
      vertex 2 10.8 6.18563
    endloop
  endfacet
  facet normal 1 0 0
    outer loop
      vertex 2 11.1859 6.34548
      vertex 2 10 13.5
      vertex 2 10.9877 6.2782
    endloop
  endfacet
  facet normal 1 0 0
    outer loop
      vertex 2 11.3912 6.38631
      vertex 2 10 13.5
      vertex 2 11.1859 6.34548
    endloop
  endfacet
  facet normal 1 0 0
    outer loop
      vertex 2 11.6 6.4
      vertex 2 10 13.5
      vertex 2 11.3912 6.38631
    endloop
  endfacet
  facet normal 1 -0 0
    outer loop
      vertex 2 19.8 4.00001
      vertex 2 64.8 2
      vertex 2 19.8 4.79999
    endloop
  endfacet
  facet normal 1 -0 0
    outer loop
      vertex 2 19.7863 3.79116
      vertex 2 64.8 2
      vertex 2 19.8 4.00001
    endloop
  endfacet
  facet normal 1 -0 0
    outer loop
      vertex 2 19.7455 3.5859
      vertex 2 64.8 2
      vertex 2 19.7863 3.79116
    endloop
  endfacet
  facet normal 1 -0 0
    outer loop
      vertex 2 19.6782 3.38772
      vertex 2 64.8 2
      vertex 2 19.7455 3.5859
    endloop
  endfacet
  facet normal 1 -0 0
    outer loop
      vertex 2 19.5856 3.2
      vertex 2 64.8 2
      vertex 2 19.6782 3.38772
    endloop
  endfacet
  facet normal 1 -0 0
    outer loop
      vertex 2 19.4694 3.02599
      vertex 2 64.8 2
      vertex 2 19.5856 3.2
    endloop
  endfacet
  facet normal 1 -0 0
    outer loop
      vertex 2 19.3314 2.86863
      vertex 2 64.8 2
      vertex 2 19.4694 3.02599
    endloop
  endfacet
  facet normal 1 -0 0
    outer loop
      vertex 2 19.174 2.73064
      vertex 2 64.8 2
      vertex 2 19.3314 2.86863
    endloop
  endfacet
  facet normal 1 -0 0
    outer loop
      vertex 2 19 2.61437
      vertex 2 64.8 2
      vertex 2 19.174 2.73064
    endloop
  endfacet
  facet normal 1 -0 0
    outer loop
      vertex 2 18.8123 2.5218
      vertex 2 64.8 2
      vertex 2 19 2.61437
    endloop
  endfacet
  facet normal 1 -0 0
    outer loop
      vertex 2 18.6141 2.45452
      vertex 2 64.8 2
      vertex 2 18.8123 2.5218
    endloop
  endfacet
  facet normal 1 -0 0
    outer loop
      vertex 2 18.4088 2.41369
      vertex 2 64.8 2
      vertex 2 18.6141 2.45452
    endloop
  endfacet
  facet normal 1 -0 0
    outer loop
      vertex 2 18.2 2.4
      vertex 2 64.8 2
      vertex 2 18.4088 2.41369
    endloop
  endfacet
  facet normal 1 0 0
    outer loop
      vertex 2 2 2
      vertex 2 18.2 2.4
      vertex 2 11.6 2.4
    endloop
  endfacet
  facet normal 1 -0 0
    outer loop
      vertex 2 2 30.1
      vertex 2 10 15.5
      vertex 2 8 30.1
    endloop
  endfacet
  facet normal 1 0 0
    outer loop
      vertex 2 2 2
      vertex 2 10 15.5
      vertex 2 2 30.1
    endloop
  endfacet
  facet normal 1 0 0
    outer loop
      vertex 2 10 15.5
      vertex 2 2 2
      vertex 2 10 13.5
    endloop
  endfacet
  facet normal 1 0 0
    outer loop
      vertex 2 10 4.79999
      vertex 2 2 2
      vertex 2 10 4.00001
    endloop
  endfacet
  facet normal 1 0 0
    outer loop
      vertex 2 10 4.00001
      vertex 2 2 2
      vertex 2 10.0137 3.79116
    endloop
  endfacet
  facet normal 1 0 0
    outer loop
      vertex 2 18.2 2.4
      vertex 2 2 2
      vertex 2 64.8 2
    endloop
  endfacet
  facet normal 1 0 0
    outer loop
      vertex 2 11.3912 2.41369
      vertex 2 2 2
      vertex 2 11.6 2.4
    endloop
  endfacet
  facet normal 1 0 0
    outer loop
      vertex 2 11.1859 2.45452
      vertex 2 2 2
      vertex 2 11.3912 2.41369
    endloop
  endfacet
  facet normal 1 0 0
    outer loop
      vertex 2 10.9877 2.5218
      vertex 2 2 2
      vertex 2 11.1859 2.45452
    endloop
  endfacet
  facet normal 1 0 0
    outer loop
      vertex 2 10.8 2.61437
      vertex 2 2 2
      vertex 2 10.9877 2.5218
    endloop
  endfacet
  facet normal 1 0 0
    outer loop
      vertex 2 10.626 2.73064
      vertex 2 2 2
      vertex 2 10.8 2.61437
    endloop
  endfacet
  facet normal 1 0 0
    outer loop
      vertex 2 10.4686 2.86863
      vertex 2 2 2
      vertex 2 10.626 2.73064
    endloop
  endfacet
  facet normal 1 0 0
    outer loop
      vertex 2 10.3306 3.02599
      vertex 2 2 2
      vertex 2 10.4686 2.86863
    endloop
  endfacet
  facet normal 1 0 0
    outer loop
      vertex 2 10.2144 3.2
      vertex 2 2 2
      vertex 2 10.3306 3.02599
    endloop
  endfacet
  facet normal 1 0 0
    outer loop
      vertex 2 10.1218 3.38772
      vertex 2 2 2
      vertex 2 10.2144 3.2
    endloop
  endfacet
  facet normal 1 0 0
    outer loop
      vertex 2 10.0545 3.5859
      vertex 2 2 2
      vertex 2 10.1218 3.38772
    endloop
  endfacet
  facet normal 1 0 0
    outer loop
      vertex 2 10.0137 3.79116
      vertex 2 2 2
      vertex 2 10.0545 3.5859
    endloop
  endfacet
  facet normal 0 -1 0
    outer loop
      vertex 2 64.8 15.5
      vertex 8 64.8 30.1
      vertex 2 64.8 30.1
    endloop
  endfacet
  facet normal 0 -1 -0
    outer loop
      vertex 8 64.8 30.1
      vertex 2 64.8 15.5
      vertex 51.8 64.8 30.1
    endloop
  endfacet
  facet normal 0 -1 0
    outer loop
      vertex 57.8 64.8 15.5
      vertex 51.8 64.8 30.1
      vertex 2 64.8 15.5
    endloop
  endfacet
  facet normal 0 -1 0
    outer loop
      vertex 51.8 64.8 30.1
      vertex 57.8 64.8 15.5
      vertex 57.8 64.8 30.1
    endloop
  endfacet
  facet normal 0 -1 0
    outer loop
      vertex 8 64.8 30.1
      vertex 51.8 64.8 35.1
      vertex 8 64.8 35.1
    endloop
  endfacet
  facet normal 0 -1 -0
    outer loop
      vertex 51.8 64.8 35.1
      vertex 8 64.8 30.1
      vertex 51.8 64.8 30.1
    endloop
  endfacet
  facet normal 0 -1 0
    outer loop
      vertex 43.6173 64.8 9.48801
      vertex 57.8 64.8 13.5
      vertex 37.1827 64.8 9.48801
    endloop
  endfacet
  facet normal 0 -1 0
    outer loop
      vertex 57.8 64.8 13.5
      vertex 43.6173 64.8 9.48801
      vertex 43.8 64.8 9.49998
    endloop
  endfacet
  facet normal 0 -1 0
    outer loop
      vertex 37.3623 64.8 9.45229
      vertex 43.6173 64.8 9.48801
      vertex 37.1827 64.8 9.48801
    endloop
  endfacet
  facet normal 0 -1 0
    outer loop
      vertex 37.3623 64.8 9.45229
      vertex 43.4377 64.8 9.45229
      vertex 43.6173 64.8 9.48801
    endloop
  endfacet
  facet normal 0 -1 0
    outer loop
      vertex 37.5357 64.8 9.39342
      vertex 43.4377 64.8 9.45229
      vertex 37.3623 64.8 9.45229
    endloop
  endfacet
  facet normal 0 -1 0
    outer loop
      vertex 37.5357 64.8 9.39342
      vertex 43.2643 64.8 9.39342
      vertex 43.4377 64.8 9.45229
    endloop
  endfacet
  facet normal 0 -1 0
    outer loop
      vertex 37.7 64.8 9.31242
      vertex 43.2643 64.8 9.39342
      vertex 37.5357 64.8 9.39342
    endloop
  endfacet
  facet normal 0 -1 0
    outer loop
      vertex 37.7 64.8 9.31242
      vertex 43.1 64.8 9.31242
      vertex 43.2643 64.8 9.39342
    endloop
  endfacet
  facet normal 0 -1 0
    outer loop
      vertex 37.8523 64.8 9.21068
      vertex 43.1 64.8 9.31242
      vertex 37.7 64.8 9.31242
    endloop
  endfacet
  facet normal 0 -1 0
    outer loop
      vertex 37.8523 64.8 9.21068
      vertex 42.9477 64.8 9.21068
      vertex 43.1 64.8 9.31242
    endloop
  endfacet
  facet normal 0 -1 0
    outer loop
      vertex 37.9899 64.8 9.08994
      vertex 42.9477 64.8 9.21068
      vertex 37.8523 64.8 9.21068
    endloop
  endfacet
  facet normal 0 -1 0
    outer loop
      vertex 37.9899 64.8 9.08994
      vertex 42.8101 64.8 9.08994
      vertex 42.9477 64.8 9.21068
    endloop
  endfacet
  facet normal 0 -1 0
    outer loop
      vertex 38.1107 64.8 8.95226
      vertex 42.8101 64.8 9.08994
      vertex 37.9899 64.8 9.08994
    endloop
  endfacet
  facet normal 0 -1 0
    outer loop
      vertex 38.1107 64.8 8.95226
      vertex 42.6893 64.8 8.95226
      vertex 42.8101 64.8 9.08994
    endloop
  endfacet
  facet normal 0 -1 0
    outer loop
      vertex 38.2124 64.8 8.79999
      vertex 42.6893 64.8 8.95226
      vertex 38.1107 64.8 8.95226
    endloop
  endfacet
  facet normal 0 -1 0
    outer loop
      vertex 38.2124 64.8 8.79999
      vertex 42.5876 64.8 8.79999
      vertex 42.6893 64.8 8.95226
    endloop
  endfacet
  facet normal 0 -1 0
    outer loop
      vertex 38.2934 64.8 8.63574
      vertex 42.5876 64.8 8.79999
      vertex 38.2124 64.8 8.79999
    endloop
  endfacet
  facet normal 0 -1 0
    outer loop
      vertex 38.2934 64.8 8.63574
      vertex 42.5066 64.8 8.63574
      vertex 42.5876 64.8 8.79999
    endloop
  endfacet
  facet normal 0 -1 0
    outer loop
      vertex 38.3523 64.8 8.46234
      vertex 42.5066 64.8 8.63574
      vertex 38.2934 64.8 8.63574
    endloop
  endfacet
  facet normal 0 -1 0
    outer loop
      vertex 38.3523 64.8 8.46234
      vertex 42.4477 64.8 8.46234
      vertex 42.5066 64.8 8.63574
    endloop
  endfacet
  facet normal 0 -1 0
    outer loop
      vertex 38.388 64.8 8.28273
      vertex 42.4477 64.8 8.46234
      vertex 38.3523 64.8 8.46234
    endloop
  endfacet
  facet normal 0 -1 0
    outer loop
      vertex 38.388 64.8 8.28273
      vertex 42.412 64.8 8.28273
      vertex 42.4477 64.8 8.46234
    endloop
  endfacet
  facet normal 0 -1 0
    outer loop
      vertex 38.4 64.8 8.09999
      vertex 42.412 64.8 8.28273
      vertex 38.388 64.8 8.28273
    endloop
  endfacet
  facet normal 0 -1 0
    outer loop
      vertex 38.4 64.8 8.09999
      vertex 42.4 64.8 8.09999
      vertex 42.412 64.8 8.28273
    endloop
  endfacet
  facet normal 0 -1 0
    outer loop
      vertex 38.4 64.8 3.90001
      vertex 42.4 64.8 8.09999
      vertex 38.4 64.8 8.09999
    endloop
  endfacet
  facet normal 0 -1 0
    outer loop
      vertex 38.4 64.8 3.90001
      vertex 42.4 64.8 3.90001
      vertex 42.4 64.8 8.09999
    endloop
  endfacet
  facet normal 0 -1 0
    outer loop
      vertex 38.388 64.8 3.71727
      vertex 42.4 64.8 3.90001
      vertex 38.4 64.8 3.90001
    endloop
  endfacet
  facet normal 0 -1 0
    outer loop
      vertex 38.388 64.8 3.71727
      vertex 42.412 64.8 3.71727
      vertex 42.4 64.8 3.90001
    endloop
  endfacet
  facet normal 0 -1 0
    outer loop
      vertex 38.3523 64.8 3.53766
      vertex 42.412 64.8 3.71727
      vertex 38.388 64.8 3.71727
    endloop
  endfacet
  facet normal 0 -1 0
    outer loop
      vertex 38.3523 64.8 3.53766
      vertex 42.4477 64.8 3.53766
      vertex 42.412 64.8 3.71727
    endloop
  endfacet
  facet normal 0 -1 0
    outer loop
      vertex 38.2934 64.8 3.36426
      vertex 42.4477 64.8 3.53766
      vertex 38.3523 64.8 3.53766
    endloop
  endfacet
  facet normal 0 -1 0
    outer loop
      vertex 38.2934 64.8 3.36426
      vertex 42.5066 64.8 3.36426
      vertex 42.4477 64.8 3.53766
    endloop
  endfacet
  facet normal 0 -1 0
    outer loop
      vertex 38.2124 64.8 3.20001
      vertex 42.5066 64.8 3.36426
      vertex 38.2934 64.8 3.36426
    endloop
  endfacet
  facet normal 0 -1 0
    outer loop
      vertex 38.2124 64.8 3.20001
      vertex 42.5876 64.8 3.20001
      vertex 42.5066 64.8 3.36426
    endloop
  endfacet
  facet normal 0 -1 0
    outer loop
      vertex 38.1107 64.8 3.04774
      vertex 42.5876 64.8 3.20001
      vertex 38.2124 64.8 3.20001
    endloop
  endfacet
  facet normal 0 -1 0
    outer loop
      vertex 38.1107 64.8 3.04774
      vertex 42.6893 64.8 3.04774
      vertex 42.5876 64.8 3.20001
    endloop
  endfacet
  facet normal 0 -1 0
    outer loop
      vertex 37.9899 64.8 2.91006
      vertex 42.6893 64.8 3.04774
      vertex 38.1107 64.8 3.04774
    endloop
  endfacet
  facet normal 0 -1 0
    outer loop
      vertex 37.9899 64.8 2.91006
      vertex 42.8101 64.8 2.91006
      vertex 42.6893 64.8 3.04774
    endloop
  endfacet
  facet normal 0 -1 0
    outer loop
      vertex 37.8523 64.8 2.78932
      vertex 42.8101 64.8 2.91006
      vertex 37.9899 64.8 2.91006
    endloop
  endfacet
  facet normal 0 -1 0
    outer loop
      vertex 37.8523 64.8 2.78932
      vertex 42.9477 64.8 2.78932
      vertex 42.8101 64.8 2.91006
    endloop
  endfacet
  facet normal 0 -1 0
    outer loop
      vertex 37.7 64.8 2.68758
      vertex 42.9477 64.8 2.78932
      vertex 37.8523 64.8 2.78932
    endloop
  endfacet
  facet normal 0 -1 0
    outer loop
      vertex 37.7 64.8 2.68758
      vertex 43.1 64.8 2.68758
      vertex 42.9477 64.8 2.78932
    endloop
  endfacet
  facet normal 0 -1 0
    outer loop
      vertex 37.5357 64.8 2.60658
      vertex 43.1 64.8 2.68758
      vertex 37.7 64.8 2.68758
    endloop
  endfacet
  facet normal 0 -1 0
    outer loop
      vertex 37.5357 64.8 2.60658
      vertex 43.2643 64.8 2.60658
      vertex 43.1 64.8 2.68758
    endloop
  endfacet
  facet normal 0 -1 0
    outer loop
      vertex 37.3623 64.8 2.54771
      vertex 43.2643 64.8 2.60658
      vertex 37.5357 64.8 2.60658
    endloop
  endfacet
  facet normal 0 -1 0
    outer loop
      vertex 37.3623 64.8 2.54771
      vertex 43.4377 64.8 2.54771
      vertex 43.2643 64.8 2.60658
    endloop
  endfacet
  facet normal 0 -1 0
    outer loop
      vertex 37.1827 64.8 2.51199
      vertex 43.4377 64.8 2.54771
      vertex 37.3623 64.8 2.54771
    endloop
  endfacet
  facet normal 0 -1 0
    outer loop
      vertex 37.1827 64.8 2.51199
      vertex 43.6173 64.8 2.51199
      vertex 43.4377 64.8 2.54771
    endloop
  endfacet
  facet normal 0 -1 0
    outer loop
      vertex 37 64.8 2.50002
      vertex 43.6173 64.8 2.51199
      vertex 37.1827 64.8 2.51199
    endloop
  endfacet
  facet normal 0 -1 -0
    outer loop
      vertex 43.6173 64.8 2.51199
      vertex 37 64.8 2.50002
      vertex 43.8 64.8 2.50002
    endloop
  endfacet
  facet normal 0 -1 0
    outer loop
      vertex 30.1827 64.8 9.48801
      vertex 36.8 64.8 9.49998
      vertex 30 64.8 9.49998
    endloop
  endfacet
  facet normal 0 -1 0
    outer loop
      vertex 30.1827 64.8 9.48801
      vertex 36.6173 64.8 9.48801
      vertex 36.8 64.8 9.49998
    endloop
  endfacet
  facet normal 0 -1 0
    outer loop
      vertex 30.3623 64.8 9.45229
      vertex 36.6173 64.8 9.48801
      vertex 30.1827 64.8 9.48801
    endloop
  endfacet
  facet normal 0 -1 0
    outer loop
      vertex 30.3623 64.8 9.45229
      vertex 36.4377 64.8 9.45229
      vertex 36.6173 64.8 9.48801
    endloop
  endfacet
  facet normal 0 -1 0
    outer loop
      vertex 30.5357 64.8 9.39342
      vertex 36.4377 64.8 9.45229
      vertex 30.3623 64.8 9.45229
    endloop
  endfacet
  facet normal 0 -1 0
    outer loop
      vertex 30.5357 64.8 9.39342
      vertex 36.2643 64.8 9.39342
      vertex 36.4377 64.8 9.45229
    endloop
  endfacet
  facet normal 0 -1 0
    outer loop
      vertex 30.7 64.8 9.31242
      vertex 36.2643 64.8 9.39342
      vertex 30.5357 64.8 9.39342
    endloop
  endfacet
  facet normal 0 -1 0
    outer loop
      vertex 30.7 64.8 9.31242
      vertex 36.1 64.8 9.31242
      vertex 36.2643 64.8 9.39342
    endloop
  endfacet
  facet normal 0 -1 0
    outer loop
      vertex 30.8523 64.8 9.21068
      vertex 36.1 64.8 9.31242
      vertex 30.7 64.8 9.31242
    endloop
  endfacet
  facet normal 0 -1 0
    outer loop
      vertex 30.8523 64.8 9.21068
      vertex 35.9477 64.8 9.21068
      vertex 36.1 64.8 9.31242
    endloop
  endfacet
  facet normal 0 -1 0
    outer loop
      vertex 30.9899 64.8 9.08994
      vertex 35.9477 64.8 9.21068
      vertex 30.8523 64.8 9.21068
    endloop
  endfacet
  facet normal 0 -1 0
    outer loop
      vertex 30.9899 64.8 9.08994
      vertex 35.8101 64.8 9.08994
      vertex 35.9477 64.8 9.21068
    endloop
  endfacet
  facet normal 0 -1 0
    outer loop
      vertex 31.1107 64.8 8.95226
      vertex 35.8101 64.8 9.08994
      vertex 30.9899 64.8 9.08994
    endloop
  endfacet
  facet normal 0 -1 0
    outer loop
      vertex 31.1107 64.8 8.95226
      vertex 35.6893 64.8 8.95226
      vertex 35.8101 64.8 9.08994
    endloop
  endfacet
  facet normal 0 -1 0
    outer loop
      vertex 31.2124 64.8 8.79999
      vertex 35.6893 64.8 8.95226
      vertex 31.1107 64.8 8.95226
    endloop
  endfacet
  facet normal 0 -1 0
    outer loop
      vertex 31.2124 64.8 8.79999
      vertex 35.5876 64.8 8.79999
      vertex 35.6893 64.8 8.95226
    endloop
  endfacet
  facet normal 0 -1 0
    outer loop
      vertex 31.2934 64.8 8.63574
      vertex 35.5876 64.8 8.79999
      vertex 31.2124 64.8 8.79999
    endloop
  endfacet
  facet normal 0 -1 0
    outer loop
      vertex 31.2934 64.8 8.63574
      vertex 35.5066 64.8 8.63574
      vertex 35.5876 64.8 8.79999
    endloop
  endfacet
  facet normal 0 -1 0
    outer loop
      vertex 31.3523 64.8 8.46234
      vertex 35.5066 64.8 8.63574
      vertex 31.2934 64.8 8.63574
    endloop
  endfacet
  facet normal 0 -1 0
    outer loop
      vertex 31.3523 64.8 8.46234
      vertex 35.4477 64.8 8.46234
      vertex 35.5066 64.8 8.63574
    endloop
  endfacet
  facet normal 0 -1 0
    outer loop
      vertex 31.388 64.8 8.28273
      vertex 35.4477 64.8 8.46234
      vertex 31.3523 64.8 8.46234
    endloop
  endfacet
  facet normal 0 -1 0
    outer loop
      vertex 31.388 64.8 8.28273
      vertex 35.412 64.8 8.28273
      vertex 35.4477 64.8 8.46234
    endloop
  endfacet
  facet normal 0 -1 0
    outer loop
      vertex 31.4 64.8 8.09999
      vertex 35.412 64.8 8.28273
      vertex 31.388 64.8 8.28273
    endloop
  endfacet
  facet normal 0 -1 0
    outer loop
      vertex 31.4 64.8 8.09999
      vertex 35.4 64.8 8.09999
      vertex 35.412 64.8 8.28273
    endloop
  endfacet
  facet normal 0 -1 0
    outer loop
      vertex 31.4 64.8 3.90001
      vertex 35.4 64.8 8.09999
      vertex 31.4 64.8 8.09999
    endloop
  endfacet
  facet normal 0 -1 0
    outer loop
      vertex 31.4 64.8 3.90001
      vertex 35.4 64.8 3.90001
      vertex 35.4 64.8 8.09999
    endloop
  endfacet
  facet normal 0 -1 0
    outer loop
      vertex 31.388 64.8 3.71727
      vertex 35.4 64.8 3.90001
      vertex 31.4 64.8 3.90001
    endloop
  endfacet
  facet normal 0 -1 0
    outer loop
      vertex 31.388 64.8 3.71727
      vertex 35.412 64.8 3.71727
      vertex 35.4 64.8 3.90001
    endloop
  endfacet
  facet normal 0 -1 0
    outer loop
      vertex 31.3523 64.8 3.53766
      vertex 35.412 64.8 3.71727
      vertex 31.388 64.8 3.71727
    endloop
  endfacet
  facet normal 0 -1 0
    outer loop
      vertex 31.3523 64.8 3.53766
      vertex 35.4477 64.8 3.53766
      vertex 35.412 64.8 3.71727
    endloop
  endfacet
  facet normal 0 -1 0
    outer loop
      vertex 31.2934 64.8 3.36426
      vertex 35.4477 64.8 3.53766
      vertex 31.3523 64.8 3.53766
    endloop
  endfacet
  facet normal 0 -1 0
    outer loop
      vertex 31.2934 64.8 3.36426
      vertex 35.5066 64.8 3.36426
      vertex 35.4477 64.8 3.53766
    endloop
  endfacet
  facet normal 0 -1 0
    outer loop
      vertex 31.2124 64.8 3.20001
      vertex 35.5066 64.8 3.36426
      vertex 31.2934 64.8 3.36426
    endloop
  endfacet
  facet normal 0 -1 0
    outer loop
      vertex 31.2124 64.8 3.20001
      vertex 35.5876 64.8 3.20001
      vertex 35.5066 64.8 3.36426
    endloop
  endfacet
  facet normal 0 -1 0
    outer loop
      vertex 31.1107 64.8 3.04774
      vertex 35.5876 64.8 3.20001
      vertex 31.2124 64.8 3.20001
    endloop
  endfacet
  facet normal 0 -1 0
    outer loop
      vertex 31.1107 64.8 3.04774
      vertex 35.6893 64.8 3.04774
      vertex 35.5876 64.8 3.20001
    endloop
  endfacet
  facet normal 0 -1 0
    outer loop
      vertex 30.9899 64.8 2.91006
      vertex 35.6893 64.8 3.04774
      vertex 31.1107 64.8 3.04774
    endloop
  endfacet
  facet normal 0 -1 0
    outer loop
      vertex 30.9899 64.8 2.91006
      vertex 35.8101 64.8 2.91006
      vertex 35.6893 64.8 3.04774
    endloop
  endfacet
  facet normal 0 -1 0
    outer loop
      vertex 30.8523 64.8 2.78932
      vertex 35.8101 64.8 2.91006
      vertex 30.9899 64.8 2.91006
    endloop
  endfacet
  facet normal 0 -1 0
    outer loop
      vertex 30.8523 64.8 2.78932
      vertex 35.9477 64.8 2.78932
      vertex 35.8101 64.8 2.91006
    endloop
  endfacet
  facet normal 0 -1 0
    outer loop
      vertex 30.7 64.8 2.68758
      vertex 35.9477 64.8 2.78932
      vertex 30.8523 64.8 2.78932
    endloop
  endfacet
  facet normal 0 -1 0
    outer loop
      vertex 30.7 64.8 2.68758
      vertex 36.1 64.8 2.68758
      vertex 35.9477 64.8 2.78932
    endloop
  endfacet
  facet normal 0 -1 0
    outer loop
      vertex 30.5357 64.8 2.60658
      vertex 36.1 64.8 2.68758
      vertex 30.7 64.8 2.68758
    endloop
  endfacet
  facet normal 0 -1 0
    outer loop
      vertex 30.5357 64.8 2.60658
      vertex 36.2643 64.8 2.60658
      vertex 36.1 64.8 2.68758
    endloop
  endfacet
  facet normal 0 -1 0
    outer loop
      vertex 30.3623 64.8 2.54771
      vertex 36.2643 64.8 2.60658
      vertex 30.5357 64.8 2.60658
    endloop
  endfacet
  facet normal 0 -1 0
    outer loop
      vertex 30.3623 64.8 2.54771
      vertex 36.4377 64.8 2.54771
      vertex 36.2643 64.8 2.60658
    endloop
  endfacet
  facet normal 0 -1 0
    outer loop
      vertex 30.1827 64.8 2.51199
      vertex 36.4377 64.8 2.54771
      vertex 30.3623 64.8 2.54771
    endloop
  endfacet
  facet normal 0 -1 0
    outer loop
      vertex 30.1827 64.8 2.51199
      vertex 36.6173 64.8 2.51199
      vertex 36.4377 64.8 2.54771
    endloop
  endfacet
  facet normal 0 -1 0
    outer loop
      vertex 30 64.8 2.50002
      vertex 36.6173 64.8 2.51199
      vertex 30.1827 64.8 2.51199
    endloop
  endfacet
  facet normal 0 -1 -0
    outer loop
      vertex 36.6173 64.8 2.51199
      vertex 30 64.8 2.50002
      vertex 36.8 64.8 2.50002
    endloop
  endfacet
  facet normal 0 -1 0
    outer loop
      vertex 23.1827 64.8 9.48801
      vertex 29.8 64.8 9.49998
      vertex 23 64.8 9.49998
    endloop
  endfacet
  facet normal 0 -1 0
    outer loop
      vertex 23.1827 64.8 9.48801
      vertex 29.6173 64.8 9.48801
      vertex 29.8 64.8 9.49998
    endloop
  endfacet
  facet normal 0 -1 0
    outer loop
      vertex 23.3623 64.8 9.45229
      vertex 29.6173 64.8 9.48801
      vertex 23.1827 64.8 9.48801
    endloop
  endfacet
  facet normal 0 -1 0
    outer loop
      vertex 23.3623 64.8 9.45229
      vertex 29.4377 64.8 9.45229
      vertex 29.6173 64.8 9.48801
    endloop
  endfacet
  facet normal 0 -1 0
    outer loop
      vertex 23.5357 64.8 9.39342
      vertex 29.4377 64.8 9.45229
      vertex 23.3623 64.8 9.45229
    endloop
  endfacet
  facet normal 0 -1 0
    outer loop
      vertex 23.5357 64.8 9.39342
      vertex 29.2643 64.8 9.39342
      vertex 29.4377 64.8 9.45229
    endloop
  endfacet
  facet normal 0 -1 0
    outer loop
      vertex 23.7 64.8 9.31242
      vertex 29.2643 64.8 9.39342
      vertex 23.5357 64.8 9.39342
    endloop
  endfacet
  facet normal 0 -1 0
    outer loop
      vertex 23.7 64.8 9.31242
      vertex 29.1 64.8 9.31242
      vertex 29.2643 64.8 9.39342
    endloop
  endfacet
  facet normal 0 -1 0
    outer loop
      vertex 23.8523 64.8 9.21068
      vertex 29.1 64.8 9.31242
      vertex 23.7 64.8 9.31242
    endloop
  endfacet
  facet normal 0 -1 0
    outer loop
      vertex 23.8523 64.8 9.21068
      vertex 28.9477 64.8 9.21068
      vertex 29.1 64.8 9.31242
    endloop
  endfacet
  facet normal 0 -1 0
    outer loop
      vertex 23.9899 64.8 9.08994
      vertex 28.9477 64.8 9.21068
      vertex 23.8523 64.8 9.21068
    endloop
  endfacet
  facet normal 0 -1 0
    outer loop
      vertex 23.9899 64.8 9.08994
      vertex 28.8101 64.8 9.08994
      vertex 28.9477 64.8 9.21068
    endloop
  endfacet
  facet normal 0 -1 0
    outer loop
      vertex 24.1107 64.8 8.95226
      vertex 28.8101 64.8 9.08994
      vertex 23.9899 64.8 9.08994
    endloop
  endfacet
  facet normal 0 -1 0
    outer loop
      vertex 24.1107 64.8 8.95226
      vertex 28.6893 64.8 8.95226
      vertex 28.8101 64.8 9.08994
    endloop
  endfacet
  facet normal 0 -1 0
    outer loop
      vertex 24.2124 64.8 8.79999
      vertex 28.6893 64.8 8.95226
      vertex 24.1107 64.8 8.95226
    endloop
  endfacet
  facet normal 0 -1 0
    outer loop
      vertex 24.2124 64.8 8.79999
      vertex 28.5876 64.8 8.79999
      vertex 28.6893 64.8 8.95226
    endloop
  endfacet
  facet normal 0 -1 0
    outer loop
      vertex 24.2934 64.8 8.63574
      vertex 28.5876 64.8 8.79999
      vertex 24.2124 64.8 8.79999
    endloop
  endfacet
  facet normal 0 -1 0
    outer loop
      vertex 24.2934 64.8 8.63574
      vertex 28.5066 64.8 8.63574
      vertex 28.5876 64.8 8.79999
    endloop
  endfacet
  facet normal 0 -1 0
    outer loop
      vertex 24.3523 64.8 8.46234
      vertex 28.5066 64.8 8.63574
      vertex 24.2934 64.8 8.63574
    endloop
  endfacet
  facet normal 0 -1 0
    outer loop
      vertex 24.3523 64.8 8.46234
      vertex 28.4477 64.8 8.46234
      vertex 28.5066 64.8 8.63574
    endloop
  endfacet
  facet normal 0 -1 0
    outer loop
      vertex 24.388 64.8 8.28273
      vertex 28.4477 64.8 8.46234
      vertex 24.3523 64.8 8.46234
    endloop
  endfacet
  facet normal 0 -1 0
    outer loop
      vertex 24.388 64.8 8.28273
      vertex 28.412 64.8 8.28273
      vertex 28.4477 64.8 8.46234
    endloop
  endfacet
  facet normal 0 -1 0
    outer loop
      vertex 24.4 64.8 8.09999
      vertex 28.412 64.8 8.28273
      vertex 24.388 64.8 8.28273
    endloop
  endfacet
  facet normal 0 -1 0
    outer loop
      vertex 24.4 64.8 8.09999
      vertex 28.4 64.8 8.09999
      vertex 28.412 64.8 8.28273
    endloop
  endfacet
  facet normal 0 -1 0
    outer loop
      vertex 24.4 64.8 3.90001
      vertex 28.4 64.8 8.09999
      vertex 24.4 64.8 8.09999
    endloop
  endfacet
  facet normal 0 -1 0
    outer loop
      vertex 24.4 64.8 3.90001
      vertex 28.4 64.8 3.90001
      vertex 28.4 64.8 8.09999
    endloop
  endfacet
  facet normal 0 -1 0
    outer loop
      vertex 24.388 64.8 3.71727
      vertex 28.4 64.8 3.90001
      vertex 24.4 64.8 3.90001
    endloop
  endfacet
  facet normal 0 -1 0
    outer loop
      vertex 24.388 64.8 3.71727
      vertex 28.412 64.8 3.71727
      vertex 28.4 64.8 3.90001
    endloop
  endfacet
  facet normal 0 -1 0
    outer loop
      vertex 24.3523 64.8 3.53766
      vertex 28.412 64.8 3.71727
      vertex 24.388 64.8 3.71727
    endloop
  endfacet
  facet normal 0 -1 0
    outer loop
      vertex 24.3523 64.8 3.53766
      vertex 28.4477 64.8 3.53766
      vertex 28.412 64.8 3.71727
    endloop
  endfacet
  facet normal 0 -1 0
    outer loop
      vertex 24.2934 64.8 3.36426
      vertex 28.4477 64.8 3.53766
      vertex 24.3523 64.8 3.53766
    endloop
  endfacet
  facet normal 0 -1 0
    outer loop
      vertex 24.2934 64.8 3.36426
      vertex 28.5066 64.8 3.36426
      vertex 28.4477 64.8 3.53766
    endloop
  endfacet
  facet normal 0 -1 0
    outer loop
      vertex 24.2124 64.8 3.20001
      vertex 28.5066 64.8 3.36426
      vertex 24.2934 64.8 3.36426
    endloop
  endfacet
  facet normal 0 -1 0
    outer loop
      vertex 24.2124 64.8 3.20001
      vertex 28.5876 64.8 3.20001
      vertex 28.5066 64.8 3.36426
    endloop
  endfacet
  facet normal 0 -1 0
    outer loop
      vertex 24.1107 64.8 3.04774
      vertex 28.5876 64.8 3.20001
      vertex 24.2124 64.8 3.20001
    endloop
  endfacet
  facet normal 0 -1 0
    outer loop
      vertex 24.1107 64.8 3.04774
      vertex 28.6893 64.8 3.04774
      vertex 28.5876 64.8 3.20001
    endloop
  endfacet
  facet normal 0 -1 0
    outer loop
      vertex 23.9899 64.8 2.91006
      vertex 28.6893 64.8 3.04774
      vertex 24.1107 64.8 3.04774
    endloop
  endfacet
  facet normal 0 -1 0
    outer loop
      vertex 23.9899 64.8 2.91006
      vertex 28.8101 64.8 2.91006
      vertex 28.6893 64.8 3.04774
    endloop
  endfacet
  facet normal 0 -1 0
    outer loop
      vertex 23.8523 64.8 2.78932
      vertex 28.8101 64.8 2.91006
      vertex 23.9899 64.8 2.91006
    endloop
  endfacet
  facet normal 0 -1 0
    outer loop
      vertex 23.8523 64.8 2.78932
      vertex 28.9477 64.8 2.78932
      vertex 28.8101 64.8 2.91006
    endloop
  endfacet
  facet normal 0 -1 0
    outer loop
      vertex 23.7 64.8 2.68758
      vertex 28.9477 64.8 2.78932
      vertex 23.8523 64.8 2.78932
    endloop
  endfacet
  facet normal 0 -1 0
    outer loop
      vertex 23.7 64.8 2.68758
      vertex 29.1 64.8 2.68758
      vertex 28.9477 64.8 2.78932
    endloop
  endfacet
  facet normal 0 -1 0
    outer loop
      vertex 23.5357 64.8 2.60658
      vertex 29.1 64.8 2.68758
      vertex 23.7 64.8 2.68758
    endloop
  endfacet
  facet normal 0 -1 0
    outer loop
      vertex 23.5357 64.8 2.60658
      vertex 29.2643 64.8 2.60658
      vertex 29.1 64.8 2.68758
    endloop
  endfacet
  facet normal 0 -1 0
    outer loop
      vertex 23.3623 64.8 2.54771
      vertex 29.2643 64.8 2.60658
      vertex 23.5357 64.8 2.60658
    endloop
  endfacet
  facet normal 0 -1 0
    outer loop
      vertex 23.3623 64.8 2.54771
      vertex 29.4377 64.8 2.54771
      vertex 29.2643 64.8 2.60658
    endloop
  endfacet
  facet normal 0 -1 0
    outer loop
      vertex 23.1827 64.8 2.51199
      vertex 29.4377 64.8 2.54771
      vertex 23.3623 64.8 2.54771
    endloop
  endfacet
  facet normal 0 -1 0
    outer loop
      vertex 23.1827 64.8 2.51199
      vertex 29.6173 64.8 2.51199
      vertex 29.4377 64.8 2.54771
    endloop
  endfacet
  facet normal 0 -1 0
    outer loop
      vertex 23 64.8 2.50002
      vertex 29.6173 64.8 2.51199
      vertex 23.1827 64.8 2.51199
    endloop
  endfacet
  facet normal 0 -1 -0
    outer loop
      vertex 29.6173 64.8 2.51199
      vertex 23 64.8 2.50002
      vertex 29.8 64.8 2.50002
    endloop
  endfacet
  facet normal 0 -1 0
    outer loop
      vertex 22.6173 64.8 9.48801
      vertex 2 64.8 13.5
      vertex 16.1827 64.8 9.48801
    endloop
  endfacet
  facet normal 0 -1 0
    outer loop
      vertex 2 64.8 13.5
      vertex 22.6173 64.8 9.48801
      vertex 22.8 64.8 9.49998
    endloop
  endfacet
  facet normal 0 -1 0
    outer loop
      vertex 16.3623 64.8 9.45229
      vertex 22.6173 64.8 9.48801
      vertex 16.1827 64.8 9.48801
    endloop
  endfacet
  facet normal 0 -1 0
    outer loop
      vertex 16.3623 64.8 9.45229
      vertex 22.4377 64.8 9.45229
      vertex 22.6173 64.8 9.48801
    endloop
  endfacet
  facet normal 0 -1 0
    outer loop
      vertex 16.5357 64.8 9.39342
      vertex 22.4377 64.8 9.45229
      vertex 16.3623 64.8 9.45229
    endloop
  endfacet
  facet normal 0 -1 0
    outer loop
      vertex 16.5357 64.8 9.39342
      vertex 22.2643 64.8 9.39342
      vertex 22.4377 64.8 9.45229
    endloop
  endfacet
  facet normal 0 -1 0
    outer loop
      vertex 16.7 64.8 9.31242
      vertex 22.2643 64.8 9.39342
      vertex 16.5357 64.8 9.39342
    endloop
  endfacet
  facet normal 0 -1 0
    outer loop
      vertex 16.7 64.8 9.31242
      vertex 22.1 64.8 9.31242
      vertex 22.2643 64.8 9.39342
    endloop
  endfacet
  facet normal 0 -1 0
    outer loop
      vertex 16.8523 64.8 9.21068
      vertex 22.1 64.8 9.31242
      vertex 16.7 64.8 9.31242
    endloop
  endfacet
  facet normal 0 -1 0
    outer loop
      vertex 16.8523 64.8 9.21068
      vertex 21.9477 64.8 9.21068
      vertex 22.1 64.8 9.31242
    endloop
  endfacet
  facet normal 0 -1 0
    outer loop
      vertex 16.9899 64.8 9.08994
      vertex 21.9477 64.8 9.21068
      vertex 16.8523 64.8 9.21068
    endloop
  endfacet
  facet normal 0 -1 0
    outer loop
      vertex 16.9899 64.8 9.08994
      vertex 21.8101 64.8 9.08994
      vertex 21.9477 64.8 9.21068
    endloop
  endfacet
  facet normal 0 -1 0
    outer loop
      vertex 17.1107 64.8 8.95226
      vertex 21.8101 64.8 9.08994
      vertex 16.9899 64.8 9.08994
    endloop
  endfacet
  facet normal 0 -1 0
    outer loop
      vertex 17.1107 64.8 8.95226
      vertex 21.6893 64.8 8.95226
      vertex 21.8101 64.8 9.08994
    endloop
  endfacet
  facet normal 0 -1 0
    outer loop
      vertex 17.2124 64.8 8.79999
      vertex 21.6893 64.8 8.95226
      vertex 17.1107 64.8 8.95226
    endloop
  endfacet
  facet normal 0 -1 0
    outer loop
      vertex 17.2124 64.8 8.79999
      vertex 21.5876 64.8 8.79999
      vertex 21.6893 64.8 8.95226
    endloop
  endfacet
  facet normal 0 -1 0
    outer loop
      vertex 17.2934 64.8 8.63574
      vertex 21.5876 64.8 8.79999
      vertex 17.2124 64.8 8.79999
    endloop
  endfacet
  facet normal 0 -1 0
    outer loop
      vertex 17.2934 64.8 8.63574
      vertex 21.5066 64.8 8.63574
      vertex 21.5876 64.8 8.79999
    endloop
  endfacet
  facet normal 0 -1 0
    outer loop
      vertex 17.3523 64.8 8.46234
      vertex 21.5066 64.8 8.63574
      vertex 17.2934 64.8 8.63574
    endloop
  endfacet
  facet normal 0 -1 0
    outer loop
      vertex 17.3523 64.8 8.46234
      vertex 21.4477 64.8 8.46234
      vertex 21.5066 64.8 8.63574
    endloop
  endfacet
  facet normal 0 -1 0
    outer loop
      vertex 17.388 64.8 8.28273
      vertex 21.4477 64.8 8.46234
      vertex 17.3523 64.8 8.46234
    endloop
  endfacet
  facet normal 0 -1 0
    outer loop
      vertex 17.388 64.8 8.28273
      vertex 21.412 64.8 8.28273
      vertex 21.4477 64.8 8.46234
    endloop
  endfacet
  facet normal 0 -1 0
    outer loop
      vertex 17.4 64.8 8.09999
      vertex 21.412 64.8 8.28273
      vertex 17.388 64.8 8.28273
    endloop
  endfacet
  facet normal 0 -1 0
    outer loop
      vertex 17.4 64.8 8.09999
      vertex 21.4 64.8 8.09999
      vertex 21.412 64.8 8.28273
    endloop
  endfacet
  facet normal 0 -1 0
    outer loop
      vertex 17.4 64.8 3.90001
      vertex 21.4 64.8 8.09999
      vertex 17.4 64.8 8.09999
    endloop
  endfacet
  facet normal 0 -1 0
    outer loop
      vertex 17.4 64.8 3.90001
      vertex 21.4 64.8 3.90001
      vertex 21.4 64.8 8.09999
    endloop
  endfacet
  facet normal 0 -1 0
    outer loop
      vertex 17.388 64.8 3.71727
      vertex 21.4 64.8 3.90001
      vertex 17.4 64.8 3.90001
    endloop
  endfacet
  facet normal 0 -1 0
    outer loop
      vertex 17.388 64.8 3.71727
      vertex 21.412 64.8 3.71727
      vertex 21.4 64.8 3.90001
    endloop
  endfacet
  facet normal 0 -1 0
    outer loop
      vertex 17.3523 64.8 3.53766
      vertex 21.412 64.8 3.71727
      vertex 17.388 64.8 3.71727
    endloop
  endfacet
  facet normal 0 -1 0
    outer loop
      vertex 17.3523 64.8 3.53766
      vertex 21.4477 64.8 3.53766
      vertex 21.412 64.8 3.71727
    endloop
  endfacet
  facet normal 0 -1 0
    outer loop
      vertex 17.2934 64.8 3.36426
      vertex 21.4477 64.8 3.53766
      vertex 17.3523 64.8 3.53766
    endloop
  endfacet
  facet normal 0 -1 0
    outer loop
      vertex 17.2934 64.8 3.36426
      vertex 21.5066 64.8 3.36426
      vertex 21.4477 64.8 3.53766
    endloop
  endfacet
  facet normal 0 -1 0
    outer loop
      vertex 17.2124 64.8 3.20001
      vertex 21.5066 64.8 3.36426
      vertex 17.2934 64.8 3.36426
    endloop
  endfacet
  facet normal 0 -1 0
    outer loop
      vertex 17.2124 64.8 3.20001
      vertex 21.5876 64.8 3.20001
      vertex 21.5066 64.8 3.36426
    endloop
  endfacet
  facet normal 0 -1 0
    outer loop
      vertex 17.1107 64.8 3.04774
      vertex 21.5876 64.8 3.20001
      vertex 17.2124 64.8 3.20001
    endloop
  endfacet
  facet normal 0 -1 0
    outer loop
      vertex 17.1107 64.8 3.04774
      vertex 21.6893 64.8 3.04774
      vertex 21.5876 64.8 3.20001
    endloop
  endfacet
  facet normal 0 -1 0
    outer loop
      vertex 16.9899 64.8 2.91006
      vertex 21.6893 64.8 3.04774
      vertex 17.1107 64.8 3.04774
    endloop
  endfacet
  facet normal 0 -1 0
    outer loop
      vertex 16.9899 64.8 2.91006
      vertex 21.8101 64.8 2.91006
      vertex 21.6893 64.8 3.04774
    endloop
  endfacet
  facet normal 0 -1 0
    outer loop
      vertex 16.8523 64.8 2.78932
      vertex 21.8101 64.8 2.91006
      vertex 16.9899 64.8 2.91006
    endloop
  endfacet
  facet normal 0 -1 0
    outer loop
      vertex 16.8523 64.8 2.78932
      vertex 21.9477 64.8 2.78932
      vertex 21.8101 64.8 2.91006
    endloop
  endfacet
  facet normal 0 -1 0
    outer loop
      vertex 16.7 64.8 2.68758
      vertex 21.9477 64.8 2.78932
      vertex 16.8523 64.8 2.78932
    endloop
  endfacet
  facet normal 0 -1 0
    outer loop
      vertex 16.7 64.8 2.68758
      vertex 22.1 64.8 2.68758
      vertex 21.9477 64.8 2.78932
    endloop
  endfacet
  facet normal 0 -1 0
    outer loop
      vertex 16.5357 64.8 2.60658
      vertex 22.1 64.8 2.68758
      vertex 16.7 64.8 2.68758
    endloop
  endfacet
  facet normal 0 -1 0
    outer loop
      vertex 16.5357 64.8 2.60658
      vertex 22.2643 64.8 2.60658
      vertex 22.1 64.8 2.68758
    endloop
  endfacet
  facet normal 0 -1 0
    outer loop
      vertex 16.3623 64.8 2.54771
      vertex 22.2643 64.8 2.60658
      vertex 16.5357 64.8 2.60658
    endloop
  endfacet
  facet normal 0 -1 0
    outer loop
      vertex 16.3623 64.8 2.54771
      vertex 22.4377 64.8 2.54771
      vertex 22.2643 64.8 2.60658
    endloop
  endfacet
  facet normal 0 -1 0
    outer loop
      vertex 16.1827 64.8 2.51199
      vertex 22.4377 64.8 2.54771
      vertex 16.3623 64.8 2.54771
    endloop
  endfacet
  facet normal 0 -1 0
    outer loop
      vertex 16.1827 64.8 2.51199
      vertex 22.6173 64.8 2.51199
      vertex 22.4377 64.8 2.54771
    endloop
  endfacet
  facet normal 0 -1 0
    outer loop
      vertex 16 64.8 2.50002
      vertex 22.6173 64.8 2.51199
      vertex 16.1827 64.8 2.51199
    endloop
  endfacet
  facet normal 0 -1 -0
    outer loop
      vertex 22.6173 64.8 2.51199
      vertex 16 64.8 2.50002
      vertex 22.8 64.8 2.50002
    endloop
  endfacet
  facet normal 0 -1 0
    outer loop
      vertex 16 64.8 9.49998
      vertex 2 64.8 13.5
      vertex 15.8 64.8 9.49998
    endloop
  endfacet
  facet normal 0 -1 0
    outer loop
      vertex 2 64.8 13.5
      vertex 15.6173 64.8 9.48801
      vertex 15.8 64.8 9.49998
    endloop
  endfacet
  facet normal 0 -1 0
    outer loop
      vertex 2 64.8 13.5
      vertex 15.4377 64.8 9.45229
      vertex 15.6173 64.8 9.48801
    endloop
  endfacet
  facet normal 0 -1 0
    outer loop
      vertex 2 64.8 13.5
      vertex 15.2643 64.8 9.39342
      vertex 15.4377 64.8 9.45229
    endloop
  endfacet
  facet normal 0 -1 0
    outer loop
      vertex 2 64.8 13.5
      vertex 15.1 64.8 9.31242
      vertex 15.2643 64.8 9.39342
    endloop
  endfacet
  facet normal 0 -1 0
    outer loop
      vertex 2 64.8 13.5
      vertex 14.9477 64.8 9.21068
      vertex 15.1 64.8 9.31242
    endloop
  endfacet
  facet normal 0 -1 0
    outer loop
      vertex 2 64.8 13.5
      vertex 14.8101 64.8 9.08994
      vertex 14.9477 64.8 9.21068
    endloop
  endfacet
  facet normal 0 -1 0
    outer loop
      vertex 2 64.8 13.5
      vertex 14.6893 64.8 8.95226
      vertex 14.8101 64.8 9.08994
    endloop
  endfacet
  facet normal 0 -1 0
    outer loop
      vertex 2 64.8 13.5
      vertex 14.5876 64.8 8.79999
      vertex 14.6893 64.8 8.95226
    endloop
  endfacet
  facet normal 0 -1 0
    outer loop
      vertex 2 64.8 13.5
      vertex 14.5066 64.8 8.63574
      vertex 14.5876 64.8 8.79999
    endloop
  endfacet
  facet normal 0 -1 0
    outer loop
      vertex 2 64.8 13.5
      vertex 14.4477 64.8 8.46234
      vertex 14.5066 64.8 8.63574
    endloop
  endfacet
  facet normal 0 -1 0
    outer loop
      vertex 2 64.8 13.5
      vertex 14.412 64.8 8.28273
      vertex 14.4477 64.8 8.46234
    endloop
  endfacet
  facet normal 0 -1 0
    outer loop
      vertex 2 64.8 13.5
      vertex 14.4 64.8 8.09999
      vertex 14.412 64.8 8.28273
    endloop
  endfacet
  facet normal 0 -1 0
    outer loop
      vertex 2 64.8 2
      vertex 14.4 64.8 8.09999
      vertex 2 64.8 13.5
    endloop
  endfacet
  facet normal 0 -1 -0
    outer loop
      vertex 14.4 64.8 8.09999
      vertex 2 64.8 2
      vertex 14.4 64.8 3.90001
    endloop
  endfacet
  facet normal 0 -1 -0
    outer loop
      vertex 14.4 64.8 3.90001
      vertex 2 64.8 2
      vertex 14.412 64.8 3.71727
    endloop
  endfacet
  facet normal 0 -1 -0
    outer loop
      vertex 14.412 64.8 3.71727
      vertex 2 64.8 2
      vertex 14.4477 64.8 3.53766
    endloop
  endfacet
  facet normal 0 -1 -0
    outer loop
      vertex 14.4477 64.8 3.53766
      vertex 2 64.8 2
      vertex 14.5066 64.8 3.36426
    endloop
  endfacet
  facet normal 0 -1 -0
    outer loop
      vertex 14.5066 64.8 3.36426
      vertex 2 64.8 2
      vertex 14.5876 64.8 3.20001
    endloop
  endfacet
  facet normal 0 -1 -0
    outer loop
      vertex 14.5876 64.8 3.20001
      vertex 2 64.8 2
      vertex 14.6893 64.8 3.04774
    endloop
  endfacet
  facet normal 0 -1 -0
    outer loop
      vertex 14.6893 64.8 3.04774
      vertex 2 64.8 2
      vertex 14.8101 64.8 2.91006
    endloop
  endfacet
  facet normal 0 -1 0
    outer loop
      vertex 2 64.8 2
      vertex 16 64.8 2.50002
      vertex 15.8 64.8 2.50002
    endloop
  endfacet
  facet normal 0 -1 -0
    outer loop
      vertex 16 64.8 2.50002
      vertex 2 64.8 2
      vertex 22.8 64.8 2.50002
    endloop
  endfacet
  facet normal 0 -1 -0
    outer loop
      vertex 22.8 64.8 2.50002
      vertex 2 64.8 2
      vertex 23 64.8 2.50002
    endloop
  endfacet
  facet normal 0 -1 -0
    outer loop
      vertex 23 64.8 2.50002
      vertex 2 64.8 2
      vertex 29.8 64.8 2.50002
    endloop
  endfacet
  facet normal 0 -1 -0
    outer loop
      vertex 29.8 64.8 2.50002
      vertex 2 64.8 2
      vertex 30 64.8 2.50002
    endloop
  endfacet
  facet normal 0 -1 -0
    outer loop
      vertex 30 64.8 2.50002
      vertex 2 64.8 2
      vertex 36.8 64.8 2.50002
    endloop
  endfacet
  facet normal 0 -1 -0
    outer loop
      vertex 36.8 64.8 2.50002
      vertex 2 64.8 2
      vertex 37 64.8 2.50002
    endloop
  endfacet
  facet normal 0 -1 0
    outer loop
      vertex 57.8 64.8 2
      vertex 37 64.8 2.50002
      vertex 2 64.8 2
    endloop
  endfacet
  facet normal 0 -1 0
    outer loop
      vertex 37 64.8 2.50002
      vertex 57.8 64.8 2
      vertex 43.8 64.8 2.50002
    endloop
  endfacet
  facet normal 0 -1 -0
    outer loop
      vertex 15.6173 64.8 2.51199
      vertex 2 64.8 2
      vertex 15.8 64.8 2.50002
    endloop
  endfacet
  facet normal 0 -1 -0
    outer loop
      vertex 15.4377 64.8 2.54771
      vertex 2 64.8 2
      vertex 15.6173 64.8 2.51199
    endloop
  endfacet
  facet normal 0 -1 -0
    outer loop
      vertex 15.2643 64.8 2.60658
      vertex 2 64.8 2
      vertex 15.4377 64.8 2.54771
    endloop
  endfacet
  facet normal 0 -1 -0
    outer loop
      vertex 15.1 64.8 2.68758
      vertex 2 64.8 2
      vertex 15.2643 64.8 2.60658
    endloop
  endfacet
  facet normal 0 -1 -0
    outer loop
      vertex 14.9477 64.8 2.78932
      vertex 2 64.8 2
      vertex 15.1 64.8 2.68758
    endloop
  endfacet
  facet normal 0 -1 -0
    outer loop
      vertex 14.8101 64.8 2.91006
      vertex 2 64.8 2
      vertex 14.9477 64.8 2.78932
    endloop
  endfacet
  facet normal 0 -1 0
    outer loop
      vertex 16.1827 64.8 9.48801
      vertex 2 64.8 13.5
      vertex 16 64.8 9.49998
    endloop
  endfacet
  facet normal 0 -1 0
    outer loop
      vertex 23 64.8 9.49998
      vertex 2 64.8 13.5
      vertex 22.8 64.8 9.49998
    endloop
  endfacet
  facet normal 0 -1 0
    outer loop
      vertex 29.8 64.8 9.49998
      vertex 2 64.8 13.5
      vertex 23 64.8 9.49998
    endloop
  endfacet
  facet normal 0 -1 0
    outer loop
      vertex 2 64.8 13.5
      vertex 29.8 64.8 9.49998
      vertex 57.8 64.8 13.5
    endloop
  endfacet
  facet normal 0 -1 0
    outer loop
      vertex 30 64.8 9.49998
      vertex 57.8 64.8 13.5
      vertex 29.8 64.8 9.49998
    endloop
  endfacet
  facet normal 0 -1 0
    outer loop
      vertex 36.8 64.8 9.49998
      vertex 57.8 64.8 13.5
      vertex 30 64.8 9.49998
    endloop
  endfacet
  facet normal 0 -1 0
    outer loop
      vertex 37 64.8 9.49998
      vertex 57.8 64.8 13.5
      vertex 36.8 64.8 9.49998
    endloop
  endfacet
  facet normal 0 -1 0
    outer loop
      vertex 37.1827 64.8 9.48801
      vertex 57.8 64.8 13.5
      vertex 37 64.8 9.49998
    endloop
  endfacet
  facet normal 0 -1 0
    outer loop
      vertex 44 64.8 9.49998
      vertex 57.8 64.8 13.5
      vertex 43.8 64.8 9.49998
    endloop
  endfacet
  facet normal 0 -1 0
    outer loop
      vertex 44.1827 64.8 9.48801
      vertex 57.8 64.8 13.5
      vertex 44 64.8 9.49998
    endloop
  endfacet
  facet normal 0 -1 0
    outer loop
      vertex 44.3623 64.8 9.45229
      vertex 57.8 64.8 13.5
      vertex 44.1827 64.8 9.48801
    endloop
  endfacet
  facet normal 0 -1 0
    outer loop
      vertex 44.5357 64.8 9.39342
      vertex 57.8 64.8 13.5
      vertex 44.3623 64.8 9.45229
    endloop
  endfacet
  facet normal 0 -1 0
    outer loop
      vertex 44.7 64.8 9.31242
      vertex 57.8 64.8 13.5
      vertex 44.5357 64.8 9.39342
    endloop
  endfacet
  facet normal 0 -1 0
    outer loop
      vertex 44.8523 64.8 9.21068
      vertex 57.8 64.8 13.5
      vertex 44.7 64.8 9.31242
    endloop
  endfacet
  facet normal 0 -1 0
    outer loop
      vertex 44.9899 64.8 9.08994
      vertex 57.8 64.8 13.5
      vertex 44.8523 64.8 9.21068
    endloop
  endfacet
  facet normal 0 -1 0
    outer loop
      vertex 45.1107 64.8 8.95226
      vertex 57.8 64.8 13.5
      vertex 44.9899 64.8 9.08994
    endloop
  endfacet
  facet normal 0 -1 0
    outer loop
      vertex 45.2124 64.8 8.79999
      vertex 57.8 64.8 13.5
      vertex 45.1107 64.8 8.95226
    endloop
  endfacet
  facet normal 0 -1 0
    outer loop
      vertex 45.2934 64.8 8.63574
      vertex 57.8 64.8 13.5
      vertex 45.2124 64.8 8.79999
    endloop
  endfacet
  facet normal 0 -1 0
    outer loop
      vertex 45.3523 64.8 8.46234
      vertex 57.8 64.8 13.5
      vertex 45.2934 64.8 8.63574
    endloop
  endfacet
  facet normal 0 -1 0
    outer loop
      vertex 45.388 64.8 8.28273
      vertex 57.8 64.8 13.5
      vertex 45.3523 64.8 8.46234
    endloop
  endfacet
  facet normal 0 -1 0
    outer loop
      vertex 45.4 64.8 8.09999
      vertex 57.8 64.8 13.5
      vertex 45.388 64.8 8.28273
    endloop
  endfacet
  facet normal 0 -1 0
    outer loop
      vertex 57.8 64.8 2
      vertex 45.4 64.8 8.09999
      vertex 45.4 64.8 3.90001
    endloop
  endfacet
  facet normal 0 -1 0
    outer loop
      vertex 57.8 64.8 2
      vertex 45.4 64.8 3.90001
      vertex 45.388 64.8 3.71727
    endloop
  endfacet
  facet normal 0 -1 0
    outer loop
      vertex 57.8 64.8 2
      vertex 45.388 64.8 3.71727
      vertex 45.3523 64.8 3.53766
    endloop
  endfacet
  facet normal 0 -1 0
    outer loop
      vertex 57.8 64.8 2
      vertex 45.3523 64.8 3.53766
      vertex 45.2934 64.8 3.36426
    endloop
  endfacet
  facet normal 0 -1 0
    outer loop
      vertex 57.8 64.8 2
      vertex 45.2934 64.8 3.36426
      vertex 45.2124 64.8 3.20001
    endloop
  endfacet
  facet normal 0 -1 0
    outer loop
      vertex 57.8 64.8 2
      vertex 45.2124 64.8 3.20001
      vertex 45.1107 64.8 3.04774
    endloop
  endfacet
  facet normal 0 -1 0
    outer loop
      vertex 57.8 64.8 2
      vertex 45.1107 64.8 3.04774
      vertex 44.9899 64.8 2.91006
    endloop
  endfacet
  facet normal 0 -1 0
    outer loop
      vertex 57.8 64.8 2
      vertex 44.9899 64.8 2.91006
      vertex 44.8523 64.8 2.78932
    endloop
  endfacet
  facet normal 0 -1 0
    outer loop
      vertex 45.4 64.8 8.09999
      vertex 57.8 64.8 2
      vertex 57.8 64.8 13.5
    endloop
  endfacet
  facet normal 0 -1 0
    outer loop
      vertex 44.7 64.8 2.68758
      vertex 57.8 64.8 2
      vertex 44.8523 64.8 2.78932
    endloop
  endfacet
  facet normal 0 -1 0
    outer loop
      vertex 44.5357 64.8 2.60658
      vertex 57.8 64.8 2
      vertex 44.7 64.8 2.68758
    endloop
  endfacet
  facet normal 0 -1 0
    outer loop
      vertex 44.3623 64.8 2.54771
      vertex 57.8 64.8 2
      vertex 44.5357 64.8 2.60658
    endloop
  endfacet
  facet normal 0 -1 0
    outer loop
      vertex 44.1827 64.8 2.51199
      vertex 57.8 64.8 2
      vertex 44.3623 64.8 2.54771
    endloop
  endfacet
  facet normal 0 -1 0
    outer loop
      vertex 44 64.8 2.50002
      vertex 57.8 64.8 2
      vertex 44.1827 64.8 2.51199
    endloop
  endfacet
  facet normal 0 -1 0
    outer loop
      vertex 43.8 64.8 2.50002
      vertex 57.8 64.8 2
      vertex 44 64.8 2.50002
    endloop
  endfacet
  facet normal 0 1 0
    outer loop
      vertex 27.15 2 27.65
      vertex 25.1219 2 25.0855
      vertex 24.9 2 25.1
    endloop
  endfacet
  facet normal 0 1 0
    outer loop
      vertex 27.15 2 27.65
      vertex 25.34 2 25.0421
      vertex 25.1219 2 25.0855
    endloop
  endfacet
  facet normal 0 1 0
    outer loop
      vertex 27.15 2 27.65
      vertex 25.5506 2 24.9706
      vertex 25.34 2 25.0421
    endloop
  endfacet
  facet normal 0 1 0
    outer loop
      vertex 27.15 2 27.65
      vertex 25.75 2 24.8722
      vertex 25.5506 2 24.9706
    endloop
  endfacet
  facet normal 0 1 0
    outer loop
      vertex 27.15 2 27.65
      vertex 25.9349 2 24.7487
      vertex 25.75 2 24.8722
    endloop
  endfacet
  facet normal 0 1 0
    outer loop
      vertex 27.15 2 27.65
      vertex 26.1021 2 24.6021
      vertex 25.9349 2 24.7487
    endloop
  endfacet
  facet normal 0 1 0
    outer loop
      vertex 27.15 2 27.65
      vertex 26.2487 2 24.4349
      vertex 26.1021 2 24.6021
    endloop
  endfacet
  facet normal 0 1 0
    outer loop
      vertex 27.15 2 27.65
      vertex 26.3722 2 24.25
      vertex 26.2487 2 24.4349
    endloop
  endfacet
  facet normal 0 1 0
    outer loop
      vertex 27.15 2 27.65
      vertex 26.4706 2 24.0506
      vertex 26.3722 2 24.25
    endloop
  endfacet
  facet normal 0 1 0
    outer loop
      vertex 27.15 2 27.65
      vertex 26.5421 2 23.84
      vertex 26.4706 2 24.0506
    endloop
  endfacet
  facet normal 0 1 0
    outer loop
      vertex 27.15 2 27.65
      vertex 26.5855 2 23.6219
      vertex 26.5421 2 23.84
    endloop
  endfacet
  facet normal 0 1 0
    outer loop
      vertex 27.15 2 27.65
      vertex 26.6 2 23.4
      vertex 26.5855 2 23.6219
    endloop
  endfacet
  facet normal 0 1 -0
    outer loop
      vertex 27.15 2 19.15
      vertex 26.6 2 23.4
      vertex 27.15 2 27.65
    endloop
  endfacet
  facet normal 0 1 0
    outer loop
      vertex 25.1219 2 21.7145
      vertex 27.15 2 19.15
      vertex 24.9 2 21.7
    endloop
  endfacet
  facet normal 0 1 0
    outer loop
      vertex 25.34 2 21.7579
      vertex 27.15 2 19.15
      vertex 25.1219 2 21.7145
    endloop
  endfacet
  facet normal 0 1 0
    outer loop
      vertex 25.5506 2 21.8294
      vertex 27.15 2 19.15
      vertex 25.34 2 21.7579
    endloop
  endfacet
  facet normal 0 1 0
    outer loop
      vertex 25.75 2 21.9278
      vertex 27.15 2 19.15
      vertex 25.5506 2 21.8294
    endloop
  endfacet
  facet normal 0 1 0
    outer loop
      vertex 25.9349 2 22.0513
      vertex 27.15 2 19.15
      vertex 25.75 2 21.9278
    endloop
  endfacet
  facet normal 0 1 0
    outer loop
      vertex 26.1021 2 22.1979
      vertex 27.15 2 19.15
      vertex 25.9349 2 22.0513
    endloop
  endfacet
  facet normal 0 1 0
    outer loop
      vertex 26.2487 2 22.3651
      vertex 27.15 2 19.15
      vertex 26.1021 2 22.1979
    endloop
  endfacet
  facet normal 0 1 0
    outer loop
      vertex 26.3722 2 22.55
      vertex 27.15 2 19.15
      vertex 26.2487 2 22.3651
    endloop
  endfacet
  facet normal 0 1 0
    outer loop
      vertex 26.4706 2 22.7494
      vertex 27.15 2 19.15
      vertex 26.3722 2 22.55
    endloop
  endfacet
  facet normal 0 1 0
    outer loop
      vertex 26.5421 2 22.96
      vertex 27.15 2 19.15
      vertex 26.4706 2 22.7494
    endloop
  endfacet
  facet normal 0 1 0
    outer loop
      vertex 26.5855 2 23.1781
      vertex 27.15 2 19.15
      vertex 26.5421 2 22.96
    endloop
  endfacet
  facet normal 0 1 0
    outer loop
      vertex 26.6 2 23.4
      vertex 27.15 2 19.15
      vertex 26.5855 2 23.1781
    endloop
  endfacet
  facet normal 0 1 0
    outer loop
      vertex 51.2487 2 24.4349
      vertex 51.8 2 30.1
      vertex 57.8 2 30.1
    endloop
  endfacet
  facet normal 0 1 0
    outer loop
      vertex 51.8 2 30.1
      vertex 28.65 2 29.15
      vertex 8 2 30.1
    endloop
  endfacet
  facet normal 0 1 0
    outer loop
      vertex 51.8 2 30.1
      vertex 46.15 2 29.15
      vertex 28.65 2 29.15
    endloop
  endfacet
  facet normal 0 1 0
    outer loop
      vertex 51.8 2 30.1
      vertex 46.3458 2 29.1372
      vertex 46.15 2 29.15
    endloop
  endfacet
  facet normal 0 1 0
    outer loop
      vertex 51.8 2 30.1
      vertex 46.5382 2 29.0989
      vertex 46.3458 2 29.1372
    endloop
  endfacet
  facet normal 0 1 0
    outer loop
      vertex 51.8 2 30.1
      vertex 46.724 2 29.0358
      vertex 46.5382 2 29.0989
    endloop
  endfacet
  facet normal 0 1 0
    outer loop
      vertex 51.8 2 30.1
      vertex 46.9 2 28.949
      vertex 46.724 2 29.0358
    endloop
  endfacet
  facet normal 0 1 0
    outer loop
      vertex 51.8 2 30.1
      vertex 47.0631 2 28.84
      vertex 46.9 2 28.949
    endloop
  endfacet
  facet normal 0 1 0
    outer loop
      vertex 51.8 2 30.1
      vertex 47.2107 2 28.7107
      vertex 47.0631 2 28.84
    endloop
  endfacet
  facet normal 0 1 0
    outer loop
      vertex 51.8 2 30.1
      vertex 47.34 2 28.5631
      vertex 47.2107 2 28.7107
    endloop
  endfacet
  facet normal 0 1 0
    outer loop
      vertex 51.8 2 30.1
      vertex 47.449 2 28.4
      vertex 47.34 2 28.5631
    endloop
  endfacet
  facet normal 0 1 0
    outer loop
      vertex 51.8 2 30.1
      vertex 47.5358 2 28.224
      vertex 47.449 2 28.4
    endloop
  endfacet
  facet normal 0 1 0
    outer loop
      vertex 51.8 2 30.1
      vertex 47.5989 2 28.0382
      vertex 47.5358 2 28.224
    endloop
  endfacet
  facet normal -0 1 0
    outer loop
      vertex 50.34 2 25.0421
      vertex 51.8 2 30.1
      vertex 50.5506 2 24.9706
    endloop
  endfacet
  facet normal -0 1 0
    outer loop
      vertex 50.1219 2 25.0855
      vertex 51.8 2 30.1
      vertex 50.34 2 25.0421
    endloop
  endfacet
  facet normal 0 1 0
    outer loop
      vertex 51.8 2 30.1
      vertex 47.6372 2 27.8458
      vertex 47.5989 2 28.0382
    endloop
  endfacet
  facet normal 0 1 0
    outer loop
      vertex 47.65 2 27.65
      vertex 50.1219 2 25.0855
      vertex 49.9 2 25.1
    endloop
  endfacet
  facet normal 0 1 0
    outer loop
      vertex 51.8 2 30.1
      vertex 47.65 2 27.65
      vertex 47.6372 2 27.8458
    endloop
  endfacet
  facet normal -0 1 0
    outer loop
      vertex 47.65 2 27.65
      vertex 51.8 2 30.1
      vertex 50.1219 2 25.0855
    endloop
  endfacet
  facet normal 0 1 0
    outer loop
      vertex 51.8 2 30.1
      vertex 50.75 2 24.8722
      vertex 50.5506 2 24.9706
    endloop
  endfacet
  facet normal 0 1 0
    outer loop
      vertex 51.8 2 30.1
      vertex 50.9349 2 24.7487
      vertex 50.75 2 24.8722
    endloop
  endfacet
  facet normal 0 1 0
    outer loop
      vertex 51.8 2 30.1
      vertex 51.1021 2 24.6021
      vertex 50.9349 2 24.7487
    endloop
  endfacet
  facet normal 0 1 0
    outer loop
      vertex 51.8 2 30.1
      vertex 51.2487 2 24.4349
      vertex 51.1021 2 24.6021
    endloop
  endfacet
  facet normal 0 1 0
    outer loop
      vertex 57.8 2 30.1
      vertex 51.3722 2 24.25
      vertex 51.2487 2 24.4349
    endloop
  endfacet
  facet normal 0 1 0
    outer loop
      vertex 57.8 2 30.1
      vertex 51.4706 2 24.0506
      vertex 51.3722 2 24.25
    endloop
  endfacet
  facet normal 0 1 0
    outer loop
      vertex 57.8 2 30.1
      vertex 51.5421 2 23.84
      vertex 51.4706 2 24.0506
    endloop
  endfacet
  facet normal 0 1 0
    outer loop
      vertex 57.8 2 30.1
      vertex 51.5855 2 23.6219
      vertex 51.5421 2 23.84
    endloop
  endfacet
  facet normal 0 1 0
    outer loop
      vertex 57.8 2 30.1
      vertex 51.6 2 23.4
      vertex 51.5855 2 23.6219
    endloop
  endfacet
  facet normal 0 1 0
    outer loop
      vertex 57.8 2 30.1
      vertex 51.5855 2 23.1781
      vertex 51.6 2 23.4
    endloop
  endfacet
  facet normal 0 1 0
    outer loop
      vertex 57.8 2 30.1
      vertex 51.5421 2 22.96
      vertex 51.5855 2 23.1781
    endloop
  endfacet
  facet normal 0 1 0
    outer loop
      vertex 57.8 2 30.1
      vertex 51.4706 2 22.7494
      vertex 51.5421 2 22.96
    endloop
  endfacet
  facet normal 0 1 -0
    outer loop
      vertex 57.8 2 2
      vertex 51.4706 2 22.7494
      vertex 57.8 2 30.1
    endloop
  endfacet
  facet normal 0 1 0
    outer loop
      vertex 51.4706 2 22.7494
      vertex 57.8 2 2
      vertex 51.3722 2 22.55
    endloop
  endfacet
  facet normal 0 1 0
    outer loop
      vertex 50.1219 2 21.7145
      vertex 47.65 2 19.15
      vertex 49.9 2 21.7
    endloop
  endfacet
  facet normal 0 1 0
    outer loop
      vertex 47.6372 2 18.9542
      vertex 50.1219 2 21.7145
      vertex 50.34 2 21.7579
    endloop
  endfacet
  facet normal 0 1 0
    outer loop
      vertex 47.5989 2 18.7618
      vertex 50.34 2 21.7579
      vertex 50.5506 2 21.8294
    endloop
  endfacet
  facet normal 0 1 0
    outer loop
      vertex 47.5358 2 18.576
      vertex 50.5506 2 21.8294
      vertex 50.75 2 21.9278
    endloop
  endfacet
  facet normal 0 1 0
    outer loop
      vertex 48.8561 2 11.1915
      vertex 50.75 2 21.9278
      vertex 50.9349 2 22.0513
    endloop
  endfacet
  facet normal 0 1 0
    outer loop
      vertex 49.1177 2 10.8
      vertex 50.9349 2 22.0513
      vertex 51.1021 2 22.1979
    endloop
  endfacet
  facet normal 0 1 0
    outer loop
      vertex 50.1219 2 21.7145
      vertex 47.6372 2 18.9542
      vertex 47.65 2 19.15
    endloop
  endfacet
  facet normal 0 1 0
    outer loop
      vertex 50.34 2 21.7579
      vertex 47.5989 2 18.7618
      vertex 47.6372 2 18.9542
    endloop
  endfacet
  facet normal 0 1 0
    outer loop
      vertex 50.5506 2 21.8294
      vertex 47.5358 2 18.576
      vertex 47.5989 2 18.7618
    endloop
  endfacet
  facet normal 0 1 0
    outer loop
      vertex 50.75 2 21.9278
      vertex 48.5456 2 11.5456
      vertex 47.5358 2 18.576
    endloop
  endfacet
  facet normal 0 1 0
    outer loop
      vertex 47.5358 2 18.576
      vertex 48.5456 2 11.5456
      vertex 47.449 2 18.4
    endloop
  endfacet
  facet normal -0 1 -0
    outer loop
      vertex 48.1915 2 11.8561
      vertex 47.449 2 18.4
      vertex 48.5456 2 11.5456
    endloop
  endfacet
  facet normal 0 1 0
    outer loop
      vertex 45.5301 2 12.5692
      vertex 46.15 2 17.65
      vertex 46 2 12.6
    endloop
  endfacet
  facet normal 0 1 0
    outer loop
      vertex 46.3458 2 17.6628
      vertex 46 2 12.6
      vertex 46.15 2 17.65
    endloop
  endfacet
  facet normal 0 1 -0
    outer loop
      vertex 46.4699 2 12.5692
      vertex 46.3458 2 17.6628
      vertex 46.5382 2 17.7011
    endloop
  endfacet
  facet normal 0 1 0
    outer loop
      vertex 46.9317 2 12.4773
      vertex 46.5382 2 17.7011
      vertex 46.724 2 17.7642
    endloop
  endfacet
  facet normal 0 1 0
    outer loop
      vertex 46.9317 2 12.4773
      vertex 46.724 2 17.7642
      vertex 46.9 2 17.851
    endloop
  endfacet
  facet normal 0 1 0
    outer loop
      vertex 47.3777 2 12.326
      vertex 46.9 2 17.851
      vertex 47.0631 2 17.96
    endloop
  endfacet
  facet normal 0 1 0
    outer loop
      vertex 47.8 2 12.1177
      vertex 47.0631 2 17.96
      vertex 47.2107 2 18.0893
    endloop
  endfacet
  facet normal 0 1 0
    outer loop
      vertex 47.449 2 18.4
      vertex 48.1915 2 11.8561
      vertex 47.34 2 18.2369
    endloop
  endfacet
  facet normal 0 1 0
    outer loop
      vertex 49.326 2 10.3777
      vertex 51.1021 2 22.1979
      vertex 51.2487 2 22.3651
    endloop
  endfacet
  facet normal 0 1 0
    outer loop
      vertex 51.3722 2 22.55
      vertex 57.8 2 2
      vertex 51.2487 2 22.3651
    endloop
  endfacet
  facet normal 0 1 0
    outer loop
      vertex 46.3458 2 17.6628
      vertex 46.4699 2 12.5692
      vertex 46 2 12.6
    endloop
  endfacet
  facet normal 0 1 0
    outer loop
      vertex 46.5382 2 17.7011
      vertex 46.9317 2 12.4773
      vertex 46.4699 2 12.5692
    endloop
  endfacet
  facet normal 0 1 0
    outer loop
      vertex 46.9 2 17.851
      vertex 47.3777 2 12.326
      vertex 46.9317 2 12.4773
    endloop
  endfacet
  facet normal 0 1 0
    outer loop
      vertex 47.0631 2 17.96
      vertex 47.8 2 12.1177
      vertex 47.3777 2 12.326
    endloop
  endfacet
  facet normal 0 1 0
    outer loop
      vertex 47.2107 2 18.0893
      vertex 48.1915 2 11.8561
      vertex 47.8 2 12.1177
    endloop
  endfacet
  facet normal 0 1 0
    outer loop
      vertex 47.34 2 18.2369
      vertex 48.1915 2 11.8561
      vertex 47.2107 2 18.0893
    endloop
  endfacet
  facet normal 0 1 0
    outer loop
      vertex 50.75 2 21.9278
      vertex 48.8561 2 11.1915
      vertex 48.5456 2 11.5456
    endloop
  endfacet
  facet normal 0 1 0
    outer loop
      vertex 50.9349 2 22.0513
      vertex 49.1177 2 10.8
      vertex 48.8561 2 11.1915
    endloop
  endfacet
  facet normal 0 1 0
    outer loop
      vertex 51.1021 2 22.1979
      vertex 49.326 2 10.3777
      vertex 49.1177 2 10.8
    endloop
  endfacet
  facet normal 0 1 0
    outer loop
      vertex 51.2487 2 22.3651
      vertex 57.8 2 2
      vertex 49.326 2 10.3777
    endloop
  endfacet
  facet normal 0 1 0
    outer loop
      vertex 49.326 2 10.3777
      vertex 57.8 2 2
      vertex 49.4773 2 9.93175
    endloop
  endfacet
  facet normal 0 1 0
    outer loop
      vertex 49.4773 2 9.93175
      vertex 57.8 2 2
      vertex 49.5692 2 9.46989
    endloop
  endfacet
  facet normal 0 1 0
    outer loop
      vertex 49.5692 2 9.46989
      vertex 57.8 2 2
      vertex 49.6 2 9
    endloop
  endfacet
  facet normal 0 1 0
    outer loop
      vertex 49.6 2 9
      vertex 57.8 2 2
      vertex 49.5692 2 8.53011
    endloop
  endfacet
  facet normal 0 1 0
    outer loop
      vertex 49.5692 2 8.53011
      vertex 57.8 2 2
      vertex 49.4773 2 8.06825
    endloop
  endfacet
  facet normal 0 1 0
    outer loop
      vertex 46.4699 2 5.4308
      vertex 57.8 2 2
      vertex 46 2 5.4
    endloop
  endfacet
  facet normal 0 1 0
    outer loop
      vertex 46.9317 2 5.52267
      vertex 57.8 2 2
      vertex 46.4699 2 5.4308
    endloop
  endfacet
  facet normal 0 1 0
    outer loop
      vertex 47.3777 2 5.67403
      vertex 57.8 2 2
      vertex 46.9317 2 5.52267
    endloop
  endfacet
  facet normal 0 1 0
    outer loop
      vertex 47.8 2 5.88231
      vertex 57.8 2 2
      vertex 47.3777 2 5.67403
    endloop
  endfacet
  facet normal 0 1 0
    outer loop
      vertex 48.1915 2 6.14393
      vertex 57.8 2 2
      vertex 47.8 2 5.88231
    endloop
  endfacet
  facet normal 0 1 0
    outer loop
      vertex 48.5456 2 6.45442
      vertex 57.8 2 2
      vertex 48.1915 2 6.14393
    endloop
  endfacet
  facet normal 0 1 0
    outer loop
      vertex 48.8561 2 6.80846
      vertex 57.8 2 2
      vertex 48.5456 2 6.45442
    endloop
  endfacet
  facet normal 0 1 0
    outer loop
      vertex 49.1177 2 7.2
      vertex 57.8 2 2
      vertex 48.8561 2 6.80846
    endloop
  endfacet
  facet normal 0 1 0
    outer loop
      vertex 49.326 2 7.62234
      vertex 57.8 2 2
      vertex 49.1177 2 7.2
    endloop
  endfacet
  facet normal 0 1 0
    outer loop
      vertex 49.4773 2 8.06825
      vertex 57.8 2 2
      vertex 49.326 2 7.62234
    endloop
  endfacet
  facet normal 0 1 -0
    outer loop
      vertex 51.8 2 30.1
      vertex 8 2 35.1
      vertex 51.8 2 35.1
    endloop
  endfacet
  facet normal 0 1 0
    outer loop
      vertex 8 2 35.1
      vertex 51.8 2 30.1
      vertex 8 2 30.1
    endloop
  endfacet
  facet normal 0 1 -0
    outer loop
      vertex 28.4542 2 29.1372
      vertex 8 2 30.1
      vertex 28.65 2 29.15
    endloop
  endfacet
  facet normal 0 1 -0
    outer loop
      vertex 28.2618 2 29.0989
      vertex 8 2 30.1
      vertex 28.4542 2 29.1372
    endloop
  endfacet
  facet normal 0 1 -0
    outer loop
      vertex 28.076 2 29.0358
      vertex 8 2 30.1
      vertex 28.2618 2 29.0989
    endloop
  endfacet
  facet normal 0 1 -0
    outer loop
      vertex 27.9 2 28.949
      vertex 8 2 30.1
      vertex 28.076 2 29.0358
    endloop
  endfacet
  facet normal 0 1 -0
    outer loop
      vertex 27.7369 2 28.84
      vertex 8 2 30.1
      vertex 27.9 2 28.949
    endloop
  endfacet
  facet normal 0 1 -0
    outer loop
      vertex 27.5893 2 28.7107
      vertex 8 2 30.1
      vertex 27.7369 2 28.84
    endloop
  endfacet
  facet normal 0 1 -0
    outer loop
      vertex 27.46 2 28.5631
      vertex 8 2 30.1
      vertex 27.5893 2 28.7107
    endloop
  endfacet
  facet normal 0 1 -0
    outer loop
      vertex 27.351 2 28.4
      vertex 8 2 30.1
      vertex 27.46 2 28.5631
    endloop
  endfacet
  facet normal 0 1 -0
    outer loop
      vertex 23.8651 2 24.7487
      vertex 8 2 30.1
      vertex 27.351 2 28.4
    endloop
  endfacet
  facet normal 0 1 0
    outer loop
      vertex 24.05 2 24.8722
      vertex 27.351 2 28.4
      vertex 27.2642 2 28.224
    endloop
  endfacet
  facet normal 0 1 0
    outer loop
      vertex 24.2494 2 24.9706
      vertex 27.2642 2 28.224
      vertex 27.2011 2 28.0382
    endloop
  endfacet
  facet normal 0 1 0
    outer loop
      vertex 24.46 2 25.0421
      vertex 27.2011 2 28.0382
      vertex 27.1628 2 27.8458
    endloop
  endfacet
  facet normal 0 1 0
    outer loop
      vertex 24.6781 2 25.0855
      vertex 27.1628 2 27.8458
      vertex 27.15 2 27.65
    endloop
  endfacet
  facet normal 0 1 0
    outer loop
      vertex 24.6781 2 25.0855
      vertex 27.15 2 27.65
      vertex 24.9 2 25.1
    endloop
  endfacet
  facet normal 0 1 0
    outer loop
      vertex 27.1628 2 27.8458
      vertex 24.6781 2 25.0855
      vertex 24.46 2 25.0421
    endloop
  endfacet
  facet normal 0 1 0
    outer loop
      vertex 27.2011 2 28.0382
      vertex 24.46 2 25.0421
      vertex 24.2494 2 24.9706
    endloop
  endfacet
  facet normal 0 1 0
    outer loop
      vertex 27.2642 2 28.224
      vertex 24.2494 2 24.9706
      vertex 24.05 2 24.8722
    endloop
  endfacet
  facet normal 0 1 0
    outer loop
      vertex 27.351 2 28.4
      vertex 24.05 2 24.8722
      vertex 23.8651 2 24.7487
    endloop
  endfacet
  facet normal 0 1 -0
    outer loop
      vertex 23.6979 2 24.6021
      vertex 8 2 30.1
      vertex 23.8651 2 24.7487
    endloop
  endfacet
  facet normal 0 1 -0
    outer loop
      vertex 23.5513 2 24.4349
      vertex 8 2 30.1
      vertex 23.6979 2 24.6021
    endloop
  endfacet
  facet normal 0 1 -0
    outer loop
      vertex 23.4278 2 24.25
      vertex 8 2 30.1
      vertex 23.5513 2 24.4349
    endloop
  endfacet
  facet normal 0 1 -0
    outer loop
      vertex 23.3294 2 24.0506
      vertex 8 2 30.1
      vertex 23.4278 2 24.25
    endloop
  endfacet
  facet normal 0 1 -0
    outer loop
      vertex 23.2579 2 23.84
      vertex 8 2 30.1
      vertex 23.3294 2 24.0506
    endloop
  endfacet
  facet normal 0 1 -0
    outer loop
      vertex 23.2145 2 23.6219
      vertex 8 2 30.1
      vertex 23.2579 2 23.84
    endloop
  endfacet
  facet normal 0 1 -0
    outer loop
      vertex 23.2 2 23.4
      vertex 8 2 30.1
      vertex 23.2145 2 23.6219
    endloop
  endfacet
  facet normal 0 1 0
    outer loop
      vertex 23.2145 2 23.1781
      vertex 8 2 30.1
      vertex 23.2 2 23.4
    endloop
  endfacet
  facet normal 0 1 0
    outer loop
      vertex 23.2579 2 22.96
      vertex 8 2 30.1
      vertex 23.2145 2 23.1781
    endloop
  endfacet
  facet normal 0 1 0
    outer loop
      vertex 23.3294 2 22.7494
      vertex 8 2 30.1
      vertex 23.2579 2 22.96
    endloop
  endfacet
  facet normal 0 1 0
    outer loop
      vertex 23.4278 2 22.55
      vertex 8 2 30.1
      vertex 23.3294 2 22.7494
    endloop
  endfacet
  facet normal 0 1 0
    outer loop
      vertex 8 2 30.1
      vertex 23.4278 2 22.55
      vertex 2 2 2
    endloop
  endfacet
  facet normal 0 1 0
    outer loop
      vertex 2 2 2
      vertex 23.4278 2 22.55
      vertex 23.5513 2 22.3651
    endloop
  endfacet
  facet normal 0 1 0
    outer loop
      vertex 2 2 2
      vertex 23.5513 2 22.3651
      vertex 23.6979 2 22.1979
    endloop
  endfacet
  facet normal 0 1 0
    outer loop
      vertex 2 2 2
      vertex 23.6979 2 22.1979
      vertex 23.8651 2 22.0513
    endloop
  endfacet
  facet normal 0 1 0
    outer loop
      vertex 27.351 2 18.4
      vertex 23.8651 2 22.0513
      vertex 24.05 2 21.9278
    endloop
  endfacet
  facet normal 0 1 0
    outer loop
      vertex 27.2642 2 18.576
      vertex 24.05 2 21.9278
      vertex 24.2494 2 21.8294
    endloop
  endfacet
  facet normal 0 1 0
    outer loop
      vertex 27.15 2 19.15
      vertex 24.6781 2 21.7145
      vertex 24.9 2 21.7
    endloop
  endfacet
  facet normal 0 1 0
    outer loop
      vertex 27.1628 2 18.9542
      vertex 24.6781 2 21.7145
      vertex 27.15 2 19.15
    endloop
  endfacet
  facet normal 0 1 0
    outer loop
      vertex 24.6781 2 21.7145
      vertex 27.1628 2 18.9542
      vertex 24.46 2 21.7579
    endloop
  endfacet
  facet normal 0 1 0
    outer loop
      vertex 27.2011 2 18.7618
      vertex 24.46 2 21.7579
      vertex 27.1628 2 18.9542
    endloop
  endfacet
  facet normal 0 1 0
    outer loop
      vertex 24.46 2 21.7579
      vertex 27.2011 2 18.7618
      vertex 24.2494 2 21.8294
    endloop
  endfacet
  facet normal 0 1 0
    outer loop
      vertex 27.2642 2 18.576
      vertex 24.2494 2 21.8294
      vertex 27.2011 2 18.7618
    endloop
  endfacet
  facet normal 0 1 0
    outer loop
      vertex 24.05 2 21.9278
      vertex 27.2642 2 18.576
      vertex 27.351 2 18.4
    endloop
  endfacet
  facet normal 0 1 0
    outer loop
      vertex 23.8651 2 22.0513
      vertex 27.351 2 18.4
      vertex 2 2 2
    endloop
  endfacet
  facet normal 0 1 0
    outer loop
      vertex 2 2 2
      vertex 27.351 2 18.4
      vertex 27.46 2 18.2369
    endloop
  endfacet
  facet normal 0 1 0
    outer loop
      vertex 2 2 2
      vertex 27.46 2 18.2369
      vertex 27.5893 2 18.0893
    endloop
  endfacet
  facet normal 0 1 0
    outer loop
      vertex 2 2 2
      vertex 27.5893 2 18.0893
      vertex 27.7369 2 17.96
    endloop
  endfacet
  facet normal 0 1 0
    outer loop
      vertex 2 2 2
      vertex 27.7369 2 17.96
      vertex 27.9 2 17.851
    endloop
  endfacet
  facet normal 0 1 0
    outer loop
      vertex 2 2 2
      vertex 27.9 2 17.851
      vertex 28.076 2 17.7642
    endloop
  endfacet
  facet normal 0 1 0
    outer loop
      vertex 45.0683 2 12.4773
      vertex 46.15 2 17.65
      vertex 45.5301 2 12.5692
    endloop
  endfacet
  facet normal 0 1 0
    outer loop
      vertex 44.6223 2 12.326
      vertex 46.15 2 17.65
      vertex 45.0683 2 12.4773
    endloop
  endfacet
  facet normal 0 1 0
    outer loop
      vertex 44.2 2 12.1177
      vertex 46.15 2 17.65
      vertex 44.6223 2 12.326
    endloop
  endfacet
  facet normal 0 1 0
    outer loop
      vertex 43.8085 2 11.8561
      vertex 46.15 2 17.65
      vertex 44.2 2 12.1177
    endloop
  endfacet
  facet normal 0 1 0
    outer loop
      vertex 43.4544 2 11.5456
      vertex 46.15 2 17.65
      vertex 43.8085 2 11.8561
    endloop
  endfacet
  facet normal 0 1 0
    outer loop
      vertex 46.15 2 17.65
      vertex 43.4544 2 11.5456
      vertex 28.65 2 17.65
    endloop
  endfacet
  facet normal 0 1 -0
    outer loop
      vertex 43.1439 2 11.1915
      vertex 28.65 2 17.65
      vertex 43.4544 2 11.5456
    endloop
  endfacet
  facet normal 0 1 -0
    outer loop
      vertex 42.8823 2 10.8
      vertex 28.65 2 17.65
      vertex 43.1439 2 11.1915
    endloop
  endfacet
  facet normal 0 1 -0
    outer loop
      vertex 42.674 2 10.3777
      vertex 28.65 2 17.65
      vertex 42.8823 2 10.8
    endloop
  endfacet
  facet normal 0 1 -0
    outer loop
      vertex 42.5227 2 9.93175
      vertex 28.65 2 17.65
      vertex 42.674 2 10.3777
    endloop
  endfacet
  facet normal 0 1 -0
    outer loop
      vertex 42.4308 2 9.46989
      vertex 28.65 2 17.65
      vertex 42.5227 2 9.93175
    endloop
  endfacet
  facet normal 0 1 -0
    outer loop
      vertex 42.4 2 9
      vertex 28.65 2 17.65
      vertex 42.4308 2 9.46989
    endloop
  endfacet
  facet normal 0 1 0
    outer loop
      vertex 42.4308 2 8.53011
      vertex 28.65 2 17.65
      vertex 42.4 2 9
    endloop
  endfacet
  facet normal 0 1 0
    outer loop
      vertex 42.5227 2 8.06825
      vertex 28.65 2 17.65
      vertex 42.4308 2 8.53011
    endloop
  endfacet
  facet normal 0 1 0
    outer loop
      vertex 42.674 2 7.62234
      vertex 28.65 2 17.65
      vertex 42.5227 2 8.06825
    endloop
  endfacet
  facet normal 0 1 0
    outer loop
      vertex 28.65 2 17.65
      vertex 42.674 2 7.62234
      vertex 28.4542 2 17.6628
    endloop
  endfacet
  facet normal 0 1 0
    outer loop
      vertex 42.8823 2 7.2
      vertex 28.4542 2 17.6628
      vertex 42.674 2 7.62234
    endloop
  endfacet
  facet normal 0 1 0
    outer loop
      vertex 28.4542 2 17.6628
      vertex 42.8823 2 7.2
      vertex 28.2618 2 17.7011
    endloop
  endfacet
  facet normal 0 1 0
    outer loop
      vertex 2 2 2
      vertex 28.2618 2 17.7011
      vertex 42.8823 2 7.2
    endloop
  endfacet
  facet normal 0 1 0
    outer loop
      vertex 28.2618 2 17.7011
      vertex 2 2 2
      vertex 28.076 2 17.7642
    endloop
  endfacet
  facet normal 0 1 0
    outer loop
      vertex 2 2 2
      vertex 42.8823 2 7.2
      vertex 43.1439 2 6.80846
    endloop
  endfacet
  facet normal 0 1 0
    outer loop
      vertex 2 2 2
      vertex 43.1439 2 6.80846
      vertex 43.4544 2 6.45442
    endloop
  endfacet
  facet normal 0 1 0
    outer loop
      vertex 2 2 2
      vertex 43.4544 2 6.45442
      vertex 43.8085 2 6.14393
    endloop
  endfacet
  facet normal 0 1 0
    outer loop
      vertex 2 2 2
      vertex 43.8085 2 6.14393
      vertex 44.2 2 5.88231
    endloop
  endfacet
  facet normal 0 1 0
    outer loop
      vertex 57.8 2 2
      vertex 45.5301 2 5.4308
      vertex 46 2 5.4
    endloop
  endfacet
  facet normal 0 1 0
    outer loop
      vertex 57.8 2 2
      vertex 45.0683 2 5.52267
      vertex 45.5301 2 5.4308
    endloop
  endfacet
  facet normal 0 1 0
    outer loop
      vertex 8 2 30.1
      vertex 2 2 2
      vertex 2 2 30.1
    endloop
  endfacet
  facet normal 0 1 0
    outer loop
      vertex 44.6223 2 5.67403
      vertex 2 2 2
      vertex 44.2 2 5.88231
    endloop
  endfacet
  facet normal 0 1 0
    outer loop
      vertex 45.0683 2 5.52267
      vertex 2 2 2
      vertex 44.6223 2 5.67403
    endloop
  endfacet
  facet normal 0 1 0
    outer loop
      vertex 2 2 2
      vertex 45.0683 2 5.52267
      vertex 57.8 2 2
    endloop
  endfacet
  facet normal 0 1 -0
    outer loop
      vertex 49.6781 2 25.0855
      vertex 47.65 2 27.65
      vertex 49.9 2 25.1
    endloop
  endfacet
  facet normal 0 1 -0
    outer loop
      vertex 49.46 2 25.0421
      vertex 47.65 2 27.65
      vertex 49.6781 2 25.0855
    endloop
  endfacet
  facet normal 0 1 -0
    outer loop
      vertex 49.2494 2 24.9706
      vertex 47.65 2 27.65
      vertex 49.46 2 25.0421
    endloop
  endfacet
  facet normal 0 1 -0
    outer loop
      vertex 49.05 2 24.8722
      vertex 47.65 2 27.65
      vertex 49.2494 2 24.9706
    endloop
  endfacet
  facet normal 0 1 -0
    outer loop
      vertex 48.8651 2 24.7487
      vertex 47.65 2 27.65
      vertex 49.05 2 24.8722
    endloop
  endfacet
  facet normal 0 1 -0
    outer loop
      vertex 48.6979 2 24.6021
      vertex 47.65 2 27.65
      vertex 48.8651 2 24.7487
    endloop
  endfacet
  facet normal 0 1 -0
    outer loop
      vertex 48.5513 2 24.4349
      vertex 47.65 2 27.65
      vertex 48.6979 2 24.6021
    endloop
  endfacet
  facet normal 0 1 -0
    outer loop
      vertex 48.4278 2 24.25
      vertex 47.65 2 27.65
      vertex 48.5513 2 24.4349
    endloop
  endfacet
  facet normal 0 1 -0
    outer loop
      vertex 48.3294 2 24.0506
      vertex 47.65 2 27.65
      vertex 48.4278 2 24.25
    endloop
  endfacet
  facet normal 0 1 -0
    outer loop
      vertex 48.2579 2 23.84
      vertex 47.65 2 27.65
      vertex 48.3294 2 24.0506
    endloop
  endfacet
  facet normal 0 1 -0
    outer loop
      vertex 48.2145 2 23.6219
      vertex 47.65 2 27.65
      vertex 48.2579 2 23.84
    endloop
  endfacet
  facet normal 0 1 -0
    outer loop
      vertex 48.2 2 23.4
      vertex 47.65 2 27.65
      vertex 48.2145 2 23.6219
    endloop
  endfacet
  facet normal 0 1 0
    outer loop
      vertex 47.65 2 19.15
      vertex 48.2 2 23.4
      vertex 48.2145 2 23.1781
    endloop
  endfacet
  facet normal 0 1 0
    outer loop
      vertex 48.2 2 23.4
      vertex 47.65 2 19.15
      vertex 47.65 2 27.65
    endloop
  endfacet
  facet normal 0 1 0
    outer loop
      vertex 48.2579 2 22.96
      vertex 47.65 2 19.15
      vertex 48.2145 2 23.1781
    endloop
  endfacet
  facet normal 0 1 0
    outer loop
      vertex 48.3294 2 22.7494
      vertex 47.65 2 19.15
      vertex 48.2579 2 22.96
    endloop
  endfacet
  facet normal 0 1 0
    outer loop
      vertex 48.4278 2 22.55
      vertex 47.65 2 19.15
      vertex 48.3294 2 22.7494
    endloop
  endfacet
  facet normal 0 1 0
    outer loop
      vertex 48.5513 2 22.3651
      vertex 47.65 2 19.15
      vertex 48.4278 2 22.55
    endloop
  endfacet
  facet normal 0 1 0
    outer loop
      vertex 48.6979 2 22.1979
      vertex 47.65 2 19.15
      vertex 48.5513 2 22.3651
    endloop
  endfacet
  facet normal 0 1 0
    outer loop
      vertex 48.8651 2 22.0513
      vertex 47.65 2 19.15
      vertex 48.6979 2 22.1979
    endloop
  endfacet
  facet normal 0 1 0
    outer loop
      vertex 49.05 2 21.9278
      vertex 47.65 2 19.15
      vertex 48.8651 2 22.0513
    endloop
  endfacet
  facet normal 0 1 0
    outer loop
      vertex 49.2494 2 21.8294
      vertex 47.65 2 19.15
      vertex 49.05 2 21.9278
    endloop
  endfacet
  facet normal 0 1 0
    outer loop
      vertex 49.46 2 21.7579
      vertex 47.65 2 19.15
      vertex 49.2494 2 21.8294
    endloop
  endfacet
  facet normal 0 1 0
    outer loop
      vertex 49.6781 2 21.7145
      vertex 47.65 2 19.15
      vertex 49.46 2 21.7579
    endloop
  endfacet
  facet normal 0 1 0
    outer loop
      vertex 47.65 2 19.15
      vertex 49.6781 2 21.7145
      vertex 49.9 2 21.7
    endloop
  endfacet
  facet normal 1 -0 0
    outer loop
      vertex 4 10 15.5
      vertex 4 62.8 13.5
      vertex 4 62.8 15.5
    endloop
  endfacet
  facet normal 1 0 0
    outer loop
      vertex 4 62.8 13.5
      vertex 4 10 15.5
      vertex 4 10 13.5
    endloop
  endfacet
  facet normal 0 0 1
    outer loop
      vertex 57.8 64.8 15.5
      vertex 55.8 62.8 15.5
      vertex 57.8 10 15.5
    endloop
  endfacet
  facet normal 0 0 1
    outer loop
      vertex 57.8 64.8 15.5
      vertex 4 62.8 15.5
      vertex 55.8 62.8 15.5
    endloop
  endfacet
  facet normal -0 0 1
    outer loop
      vertex 2 64.8 15.5
      vertex 4 62.8 15.5
      vertex 57.8 64.8 15.5
    endloop
  endfacet
  facet normal 0 0 1
    outer loop
      vertex 2 10 15.5
      vertex 4 62.8 15.5
      vertex 2 64.8 15.5
    endloop
  endfacet
  facet normal 0 0 1
    outer loop
      vertex 4 62.8 15.5
      vertex 2 10 15.5
      vertex 4 10 15.5
    endloop
  endfacet
  facet normal 0 0 1
    outer loop
      vertex 57.8 10 15.5
      vertex 55.8 62.8 15.5
      vertex 55.8 10 15.5
    endloop
  endfacet
  facet normal 0 0 -1
    outer loop
      vertex 4 10 13.5
      vertex 2 10 13.5
      vertex 4 62.8 13.5
    endloop
  endfacet
  facet normal 0 0 -1
    outer loop
      vertex 55.8 62.8 13.5
      vertex 57.8 10 13.5
      vertex 55.8 10 13.5
    endloop
  endfacet
  facet normal 0 0 -1
    outer loop
      vertex 57.8 10 13.5
      vertex 55.8 62.8 13.5
      vertex 57.8 64.8 13.5
    endloop
  endfacet
  facet normal 0 0 -1
    outer loop
      vertex 4 62.8 13.5
      vertex 57.8 64.8 13.5
      vertex 55.8 62.8 13.5
    endloop
  endfacet
  facet normal 0 0 -1
    outer loop
      vertex 4 62.8 13.5
      vertex 2 64.8 13.5
      vertex 57.8 64.8 13.5
    endloop
  endfacet
  facet normal 0 0 -1
    outer loop
      vertex 2 64.8 13.5
      vertex 4 62.8 13.5
      vertex 2 10 13.5
    endloop
  endfacet
  facet normal 0 -1 0
    outer loop
      vertex 2 10 13.5
      vertex 4 10 15.5
      vertex 2 10 15.5
    endloop
  endfacet
  facet normal 0 -1 -0
    outer loop
      vertex 4 10 15.5
      vertex 2 10 13.5
      vertex 4 10 13.5
    endloop
  endfacet
  facet normal -1 0 0
    outer loop
      vertex 55.8 10 13.5
      vertex 55.8 62.8 15.5
      vertex 55.8 62.8 13.5
    endloop
  endfacet
  facet normal -1 -0 0
    outer loop
      vertex 55.8 62.8 15.5
      vertex 55.8 10 13.5
      vertex 55.8 10 15.5
    endloop
  endfacet
  facet normal 0 -1 0
    outer loop
      vertex 55.8 10 13.5
      vertex 57.8 10 15.5
      vertex 55.8 10 15.5
    endloop
  endfacet
  facet normal 0 -1 -0
    outer loop
      vertex 57.8 10 15.5
      vertex 55.8 10 13.5
      vertex 57.8 10 13.5
    endloop
  endfacet
  facet normal 1 -0 0
    outer loop
      vertex 8 2 35.1
      vertex 8 8 30.1
      vertex 8 8 35.1
    endloop
  endfacet
  facet normal 1 0 0
    outer loop
      vertex 8 8 30.1
      vertex 8 2 35.1
      vertex 8 2 30.1
    endloop
  endfacet
  facet normal 0 0 -1
    outer loop
      vertex 2 2 30.1
      vertex 8 8 30.1
      vertex 8 2 30.1
    endloop
  endfacet
  facet normal -0 0 -1
    outer loop
      vertex 8 8 30.1
      vertex 2 2 30.1
      vertex 2 8 30.1
    endloop
  endfacet
  facet normal 0 1 -0
    outer loop
      vertex 8 8 30.1
      vertex 2 8 35.1
      vertex 8 8 35.1
    endloop
  endfacet
  facet normal 0 1 0
    outer loop
      vertex 2 8 35.1
      vertex 8 8 30.1
      vertex 2 8 30.1
    endloop
  endfacet
  facet normal 1 -0 0
    outer loop
      vertex 8 58.8 35.1
      vertex 8 64.8 30.1
      vertex 8 64.8 35.1
    endloop
  endfacet
  facet normal 1 0 0
    outer loop
      vertex 8 64.8 30.1
      vertex 8 58.8 35.1
      vertex 8 58.8 30.1
    endloop
  endfacet
  facet normal 0 0 -1
    outer loop
      vertex 2 58.8 30.1
      vertex 8 64.8 30.1
      vertex 8 58.8 30.1
    endloop
  endfacet
  facet normal -0 0 -1
    outer loop
      vertex 8 64.8 30.1
      vertex 2 58.8 30.1
      vertex 2 64.8 30.1
    endloop
  endfacet
  facet normal 0 -1 0
    outer loop
      vertex 2 58.8 30.1
      vertex 8 58.8 35.1
      vertex 2 58.8 35.1
    endloop
  endfacet
  facet normal 0 -1 -0
    outer loop
      vertex 8 58.8 35.1
      vertex 2 58.8 30.1
      vertex 8 58.8 30.1
    endloop
  endfacet
  facet normal 0 0 -1
    outer loop
      vertex 51.8 2 30.1
      vertex 57.8 8 30.1
      vertex 57.8 2 30.1
    endloop
  endfacet
  facet normal -0 0 -1
    outer loop
      vertex 57.8 8 30.1
      vertex 51.8 2 30.1
      vertex 51.8 8 30.1
    endloop
  endfacet
  facet normal -1 0 0
    outer loop
      vertex 51.8 2 30.1
      vertex 51.8 8 35.1
      vertex 51.8 8 30.1
    endloop
  endfacet
  facet normal -1 -0 0
    outer loop
      vertex 51.8 8 35.1
      vertex 51.8 2 30.1
      vertex 51.8 2 35.1
    endloop
  endfacet
  facet normal 0 1 -0
    outer loop
      vertex 57.8 8 30.1
      vertex 51.8 8 35.1
      vertex 57.8 8 35.1
    endloop
  endfacet
  facet normal 0 1 0
    outer loop
      vertex 51.8 8 35.1
      vertex 57.8 8 30.1
      vertex 51.8 8 30.1
    endloop
  endfacet
  facet normal 0 0 -1
    outer loop
      vertex 51.8 58.8 30.1
      vertex 57.8 64.8 30.1
      vertex 57.8 58.8 30.1
    endloop
  endfacet
  facet normal -0 0 -1
    outer loop
      vertex 57.8 64.8 30.1
      vertex 51.8 58.8 30.1
      vertex 51.8 64.8 30.1
    endloop
  endfacet
  facet normal -1 0 0
    outer loop
      vertex 51.8 58.8 30.1
      vertex 51.8 64.8 35.1
      vertex 51.8 64.8 30.1
    endloop
  endfacet
  facet normal -1 -0 0
    outer loop
      vertex 51.8 64.8 35.1
      vertex 51.8 58.8 30.1
      vertex 51.8 58.8 35.1
    endloop
  endfacet
  facet normal 0 -1 0
    outer loop
      vertex 51.8 58.8 30.1
      vertex 57.8 58.8 35.1
      vertex 51.8 58.8 35.1
    endloop
  endfacet
  facet normal 0 -1 -0
    outer loop
      vertex 57.8 58.8 35.1
      vertex 51.8 58.8 30.1
      vertex 57.8 58.8 30.1
    endloop
  endfacet
  facet normal 0 -1 0
    outer loop
      vertex 4 62.8 13.5
      vertex 55.8 62.8 15.5
      vertex 4 62.8 15.5
    endloop
  endfacet
  facet normal 0 -1 -0
    outer loop
      vertex 55.8 62.8 15.5
      vertex 4 62.8 13.5
      vertex 55.8 62.8 13.5
    endloop
  endfacet
  facet normal -0.0653981 0.997859 0
    outer loop
      vertex 5.14358 3.90941 30.6
      vertex 5 3.9 35.1
      vertex 5.14358 3.90941 35.1
    endloop
  endfacet
  facet normal -0.0653981 0.997859 0
    outer loop
      vertex 5 3.9 35.1
      vertex 5.14358 3.90941 30.6
      vertex 5 3.9 30.6
    endloop
  endfacet
  facet normal -0.980786 -0.195087 0
    outer loop
      vertex 6.09059 5.14358 30.6
      vertex 6.06252 5.2847 35.1
      vertex 6.06252 5.2847 30.6
    endloop
  endfacet
  facet normal -0.980786 -0.195087 0
    outer loop
      vertex 6.06252 5.2847 35.1
      vertex 6.09059 5.14358 30.6
      vertex 6.09059 5.14358 35.1
    endloop
  endfacet
  facet normal -0.997859 -0.0653981 0
    outer loop
      vertex 6.1 5 30.6
      vertex 6.09059 5.14358 35.1
      vertex 6.09059 5.14358 30.6
    endloop
  endfacet
  facet normal -0.997859 -0.0653981 0
    outer loop
      vertex 6.09059 5.14358 35.1
      vertex 6.1 5 30.6
      vertex 6.1 5 35.1
    endloop
  endfacet
  facet normal -0.980786 0.195087 0
    outer loop
      vertex 6.06252 4.7153 30.6
      vertex 6.09059 4.85642 35.1
      vertex 6.09059 4.85642 30.6
    endloop
  endfacet
  facet normal -0.980786 0.195087 0
    outer loop
      vertex 6.09059 4.85642 35.1
      vertex 6.06252 4.7153 30.6
      vertex 6.06252 4.7153 35.1
    endloop
  endfacet
  facet normal -0.195087 -0.980786 0
    outer loop
      vertex 5.14358 6.09059 30.6
      vertex 5.2847 6.06252 35.1
      vertex 5.14358 6.09059 35.1
    endloop
  endfacet
  facet normal -0.195087 -0.980786 -0
    outer loop
      vertex 5.2847 6.06252 35.1
      vertex 5.14358 6.09059 30.6
      vertex 5.2847 6.06252 30.6
    endloop
  endfacet
  facet normal -0.946931 0.321435 0
    outer loop
      vertex 6.01627 4.57905 30.6
      vertex 6.06252 4.7153 35.1
      vertex 6.06252 4.7153 30.6
    endloop
  endfacet
  facet normal -0.946931 0.321435 0
    outer loop
      vertex 6.06252 4.7153 35.1
      vertex 6.01627 4.57905 30.6
      vertex 6.01627 4.57905 35.1
    endloop
  endfacet
  facet normal -0.0653981 -0.997859 0
    outer loop
      vertex 5 6.1 30.6
      vertex 5.14358 6.09059 35.1
      vertex 5 6.1 35.1
    endloop
  endfacet
  facet normal -0.0653981 -0.997859 -0
    outer loop
      vertex 5.14358 6.09059 35.1
      vertex 5 6.1 30.6
      vertex 5.14358 6.09059 30.6
    endloop
  endfacet
  facet normal 0.195087 0.980786 -0
    outer loop
      vertex 4.85642 3.90941 30.6
      vertex 4.7153 3.93748 35.1
      vertex 4.85642 3.90941 35.1
    endloop
  endfacet
  facet normal 0.195087 0.980786 0
    outer loop
      vertex 4.7153 3.93748 35.1
      vertex 4.85642 3.90941 30.6
      vertex 4.7153 3.93748 30.6
    endloop
  endfacet
  facet normal 0.321435 -0.946931 0
    outer loop
      vertex 4.57905 6.01627 30.6
      vertex 4.7153 6.06252 35.1
      vertex 4.57905 6.01627 35.1
    endloop
  endfacet
  facet normal 0.321435 -0.946931 0
    outer loop
      vertex 4.7153 6.06252 35.1
      vertex 4.57905 6.01627 30.6
      vertex 4.7153 6.06252 30.6
    endloop
  endfacet
  facet normal -0.659341 0.751844 0
    outer loop
      vertex 5.77782 4.22218 30.6
      vertex 5.66964 4.12731 35.1
      vertex 5.77782 4.22218 35.1
    endloop
  endfacet
  facet normal -0.659341 0.751844 0
    outer loop
      vertex 5.66964 4.12731 35.1
      vertex 5.77782 4.22218 30.6
      vertex 5.66964 4.12731 30.6
    endloop
  endfacet
  facet normal 0.659341 -0.751844 0
    outer loop
      vertex 4.22218 5.77782 30.6
      vertex 4.33036 5.87269 35.1
      vertex 4.22218 5.77782 35.1
    endloop
  endfacet
  facet normal 0.659341 -0.751844 0
    outer loop
      vertex 4.33036 5.87269 35.1
      vertex 4.22218 5.77782 30.6
      vertex 4.33036 5.87269 30.6
    endloop
  endfacet
  facet normal 0.555566 -0.831472 0
    outer loop
      vertex 4.33036 5.87269 30.6
      vertex 4.45 5.95263 35.1
      vertex 4.33036 5.87269 35.1
    endloop
  endfacet
  facet normal 0.555566 -0.831472 0
    outer loop
      vertex 4.45 5.95263 35.1
      vertex 4.33036 5.87269 30.6
      vertex 4.45 5.95263 30.6
    endloop
  endfacet
  facet normal -0.896874 -0.442286 0
    outer loop
      vertex 6.01627 5.42095 30.6
      vertex 5.95263 5.55 35.1
      vertex 5.95263 5.55 30.6
    endloop
  endfacet
  facet normal -0.896874 -0.442286 0
    outer loop
      vertex 5.95263 5.55 35.1
      vertex 6.01627 5.42095 30.6
      vertex 6.01627 5.42095 35.1
    endloop
  endfacet
  facet normal -0.195087 0.980786 0
    outer loop
      vertex 5.2847 3.93748 30.6
      vertex 5.14358 3.90941 35.1
      vertex 5.2847 3.93748 35.1
    endloop
  endfacet
  facet normal -0.195087 0.980786 0
    outer loop
      vertex 5.14358 3.90941 35.1
      vertex 5.2847 3.93748 30.6
      vertex 5.14358 3.90941 30.6
    endloop
  endfacet
  facet normal -0.442286 0.896874 0
    outer loop
      vertex 5.55 4.04737 30.6
      vertex 5.42095 3.98373 35.1
      vertex 5.55 4.04737 35.1
    endloop
  endfacet
  facet normal -0.442286 0.896874 0
    outer loop
      vertex 5.42095 3.98373 35.1
      vertex 5.55 4.04737 30.6
      vertex 5.42095 3.98373 30.6
    endloop
  endfacet
  facet normal -0.321435 0.946931 0
    outer loop
      vertex 5.42095 3.98373 30.6
      vertex 5.2847 3.93748 35.1
      vertex 5.42095 3.98373 35.1
    endloop
  endfacet
  facet normal -0.321435 0.946931 0
    outer loop
      vertex 5.2847 3.93748 35.1
      vertex 5.42095 3.98373 30.6
      vertex 5.2847 3.93748 30.6
    endloop
  endfacet
  facet normal 0.997859 0.0653981 0
    outer loop
      vertex 3.90941 4.85642 35.1
      vertex 3.9 5 30.6
      vertex 3.9 5 35.1
    endloop
  endfacet
  facet normal 0.997859 0.0653981 0
    outer loop
      vertex 3.9 5 30.6
      vertex 3.90941 4.85642 35.1
      vertex 3.90941 4.85642 30.6
    endloop
  endfacet
  facet normal -0.555566 0.831472 0
    outer loop
      vertex 5.66964 4.12731 30.6
      vertex 5.55 4.04737 35.1
      vertex 5.66964 4.12731 35.1
    endloop
  endfacet
  facet normal -0.555566 0.831472 0
    outer loop
      vertex 5.55 4.04737 35.1
      vertex 5.66964 4.12731 30.6
      vertex 5.55 4.04737 30.6
    endloop
  endfacet
  facet normal 0.659341 0.751844 -0
    outer loop
      vertex 4.33036 4.12731 30.6
      vertex 4.22218 4.22218 35.1
      vertex 4.33036 4.12731 35.1
    endloop
  endfacet
  facet normal 0.659341 0.751844 0
    outer loop
      vertex 4.22218 4.22218 35.1
      vertex 4.33036 4.12731 30.6
      vertex 4.22218 4.22218 30.6
    endloop
  endfacet
  facet normal 0.751844 0.659341 0
    outer loop
      vertex 4.22218 4.22218 35.1
      vertex 4.12731 4.33036 30.6
      vertex 4.12731 4.33036 35.1
    endloop
  endfacet
  facet normal 0.751844 0.659341 0
    outer loop
      vertex 4.12731 4.33036 30.6
      vertex 4.22218 4.22218 35.1
      vertex 4.22218 4.22218 30.6
    endloop
  endfacet
  facet normal 0.980786 -0.195087 0
    outer loop
      vertex 3.90941 5.14358 35.1
      vertex 3.93748 5.2847 30.6
      vertex 3.93748 5.2847 35.1
    endloop
  endfacet
  facet normal 0.980786 -0.195087 0
    outer loop
      vertex 3.93748 5.2847 30.6
      vertex 3.90941 5.14358 35.1
      vertex 3.90941 5.14358 30.6
    endloop
  endfacet
  facet normal -0.831472 -0.555566 0
    outer loop
      vertex 5.95263 5.55 30.6
      vertex 5.87269 5.66964 35.1
      vertex 5.87269 5.66964 30.6
    endloop
  endfacet
  facet normal -0.831472 -0.555566 0
    outer loop
      vertex 5.87269 5.66964 35.1
      vertex 5.95263 5.55 30.6
      vertex 5.95263 5.55 35.1
    endloop
  endfacet
  facet normal 0.946931 0.321435 0
    outer loop
      vertex 3.98373 4.57905 35.1
      vertex 3.93748 4.7153 30.6
      vertex 3.93748 4.7153 35.1
    endloop
  endfacet
  facet normal 0.946931 0.321435 0
    outer loop
      vertex 3.93748 4.7153 30.6
      vertex 3.98373 4.57905 35.1
      vertex 3.98373 4.57905 30.6
    endloop
  endfacet
  facet normal -0.997859 0.0653981 0
    outer loop
      vertex 6.09059 4.85642 30.6
      vertex 6.1 5 35.1
      vertex 6.1 5 30.6
    endloop
  endfacet
  facet normal -0.997859 0.0653981 0
    outer loop
      vertex 6.1 5 35.1
      vertex 6.09059 4.85642 30.6
      vertex 6.09059 4.85642 35.1
    endloop
  endfacet
  facet normal -0.442286 -0.896874 0
    outer loop
      vertex 5.42095 6.01627 30.6
      vertex 5.55 5.95263 35.1
      vertex 5.42095 6.01627 35.1
    endloop
  endfacet
  facet normal -0.442286 -0.896874 -0
    outer loop
      vertex 5.55 5.95263 35.1
      vertex 5.42095 6.01627 30.6
      vertex 5.55 5.95263 30.6
    endloop
  endfacet
  facet normal -0.751844 0.659341 0
    outer loop
      vertex 5.77782 4.22218 30.6
      vertex 5.87269 4.33036 35.1
      vertex 5.87269 4.33036 30.6
    endloop
  endfacet
  facet normal -0.751844 0.659341 0
    outer loop
      vertex 5.87269 4.33036 35.1
      vertex 5.77782 4.22218 30.6
      vertex 5.77782 4.22218 35.1
    endloop
  endfacet
  facet normal -0.751844 -0.659341 0
    outer loop
      vertex 5.87269 5.66964 30.6
      vertex 5.77782 5.77782 35.1
      vertex 5.77782 5.77782 30.6
    endloop
  endfacet
  facet normal -0.751844 -0.659341 0
    outer loop
      vertex 5.77782 5.77782 35.1
      vertex 5.87269 5.66964 30.6
      vertex 5.87269 5.66964 35.1
    endloop
  endfacet
  facet normal -0.555566 -0.831472 0
    outer loop
      vertex 5.55 5.95263 30.6
      vertex 5.66964 5.87269 35.1
      vertex 5.55 5.95263 35.1
    endloop
  endfacet
  facet normal -0.555566 -0.831472 -0
    outer loop
      vertex 5.66964 5.87269 35.1
      vertex 5.55 5.95263 30.6
      vertex 5.66964 5.87269 30.6
    endloop
  endfacet
  facet normal -0.896874 0.442286 0
    outer loop
      vertex 5.95263 4.45 30.6
      vertex 6.01627 4.57905 35.1
      vertex 6.01627 4.57905 30.6
    endloop
  endfacet
  facet normal -0.896874 0.442286 0
    outer loop
      vertex 6.01627 4.57905 35.1
      vertex 5.95263 4.45 30.6
      vertex 5.95263 4.45 35.1
    endloop
  endfacet
  facet normal -0.831472 0.555566 0
    outer loop
      vertex 5.87269 4.33036 30.6
      vertex 5.95263 4.45 35.1
      vertex 5.95263 4.45 30.6
    endloop
  endfacet
  facet normal -0.831472 0.555566 0
    outer loop
      vertex 5.95263 4.45 35.1
      vertex 5.87269 4.33036 30.6
      vertex 5.87269 4.33036 35.1
    endloop
  endfacet
  facet normal 0.831472 -0.555566 0
    outer loop
      vertex 4.04737 5.55 35.1
      vertex 4.12731 5.66964 30.6
      vertex 4.12731 5.66964 35.1
    endloop
  endfacet
  facet normal 0.831472 -0.555566 0
    outer loop
      vertex 4.12731 5.66964 30.6
      vertex 4.04737 5.55 35.1
      vertex 4.04737 5.55 30.6
    endloop
  endfacet
  facet normal 0.896874 -0.442286 0
    outer loop
      vertex 3.98373 5.42095 35.1
      vertex 4.04737 5.55 30.6
      vertex 4.04737 5.55 35.1
    endloop
  endfacet
  facet normal 0.896874 -0.442286 0
    outer loop
      vertex 4.04737 5.55 30.6
      vertex 3.98373 5.42095 35.1
      vertex 3.98373 5.42095 30.6
    endloop
  endfacet
  facet normal 0.195087 -0.980786 0
    outer loop
      vertex 4.7153 6.06252 30.6
      vertex 4.85642 6.09059 35.1
      vertex 4.7153 6.06252 35.1
    endloop
  endfacet
  facet normal 0.195087 -0.980786 0
    outer loop
      vertex 4.85642 6.09059 35.1
      vertex 4.7153 6.06252 30.6
      vertex 4.85642 6.09059 30.6
    endloop
  endfacet
  facet normal -0.659341 -0.751844 0
    outer loop
      vertex 5.66964 5.87269 30.6
      vertex 5.77782 5.77782 35.1
      vertex 5.66964 5.87269 35.1
    endloop
  endfacet
  facet normal -0.659341 -0.751844 -0
    outer loop
      vertex 5.77782 5.77782 35.1
      vertex 5.66964 5.87269 30.6
      vertex 5.77782 5.77782 30.6
    endloop
  endfacet
  facet normal 0.0653981 0.997859 -0
    outer loop
      vertex 5 3.9 30.6
      vertex 4.85642 3.90941 35.1
      vertex 5 3.9 35.1
    endloop
  endfacet
  facet normal 0.0653981 0.997859 0
    outer loop
      vertex 4.85642 3.90941 35.1
      vertex 5 3.9 30.6
      vertex 4.85642 3.90941 30.6
    endloop
  endfacet
  facet normal -0.946931 -0.321435 0
    outer loop
      vertex 6.06252 5.2847 30.6
      vertex 6.01627 5.42095 35.1
      vertex 6.01627 5.42095 30.6
    endloop
  endfacet
  facet normal -0.946931 -0.321435 0
    outer loop
      vertex 6.01627 5.42095 35.1
      vertex 6.06252 5.2847 30.6
      vertex 6.06252 5.2847 35.1
    endloop
  endfacet
  facet normal 0.831472 0.555566 0
    outer loop
      vertex 4.12731 4.33036 35.1
      vertex 4.04737 4.45 30.6
      vertex 4.04737 4.45 35.1
    endloop
  endfacet
  facet normal 0.831472 0.555566 0
    outer loop
      vertex 4.04737 4.45 30.6
      vertex 4.12731 4.33036 35.1
      vertex 4.12731 4.33036 30.6
    endloop
  endfacet
  facet normal 0.751844 -0.659341 0
    outer loop
      vertex 4.12731 5.66964 35.1
      vertex 4.22218 5.77782 30.6
      vertex 4.22218 5.77782 35.1
    endloop
  endfacet
  facet normal 0.751844 -0.659341 0
    outer loop
      vertex 4.22218 5.77782 30.6
      vertex 4.12731 5.66964 35.1
      vertex 4.12731 5.66964 30.6
    endloop
  endfacet
  facet normal 0.0653981 -0.997859 0
    outer loop
      vertex 4.85642 6.09059 30.6
      vertex 5 6.1 35.1
      vertex 4.85642 6.09059 35.1
    endloop
  endfacet
  facet normal 0.0653981 -0.997859 0
    outer loop
      vertex 5 6.1 35.1
      vertex 4.85642 6.09059 30.6
      vertex 5 6.1 30.6
    endloop
  endfacet
  facet normal 0.980786 0.195087 0
    outer loop
      vertex 3.93748 4.7153 35.1
      vertex 3.90941 4.85642 30.6
      vertex 3.90941 4.85642 35.1
    endloop
  endfacet
  facet normal 0.980786 0.195087 0
    outer loop
      vertex 3.90941 4.85642 30.6
      vertex 3.93748 4.7153 35.1
      vertex 3.93748 4.7153 30.6
    endloop
  endfacet
  facet normal 0.442286 -0.896874 0
    outer loop
      vertex 4.45 5.95263 30.6
      vertex 4.57905 6.01627 35.1
      vertex 4.45 5.95263 35.1
    endloop
  endfacet
  facet normal 0.442286 -0.896874 0
    outer loop
      vertex 4.57905 6.01627 35.1
      vertex 4.45 5.95263 30.6
      vertex 4.57905 6.01627 30.6
    endloop
  endfacet
  facet normal -0.321435 -0.946931 0
    outer loop
      vertex 5.2847 6.06252 30.6
      vertex 5.42095 6.01627 35.1
      vertex 5.2847 6.06252 35.1
    endloop
  endfacet
  facet normal -0.321435 -0.946931 -0
    outer loop
      vertex 5.42095 6.01627 35.1
      vertex 5.2847 6.06252 30.6
      vertex 5.42095 6.01627 30.6
    endloop
  endfacet
  facet normal 0.997859 -0.0653981 0
    outer loop
      vertex 3.9 5 35.1
      vertex 3.90941 5.14358 30.6
      vertex 3.90941 5.14358 35.1
    endloop
  endfacet
  facet normal 0.997859 -0.0653981 0
    outer loop
      vertex 3.90941 5.14358 30.6
      vertex 3.9 5 35.1
      vertex 3.9 5 30.6
    endloop
  endfacet
  facet normal 0.946931 -0.321435 0
    outer loop
      vertex 3.93748 5.2847 35.1
      vertex 3.98373 5.42095 30.6
      vertex 3.98373 5.42095 35.1
    endloop
  endfacet
  facet normal 0.946931 -0.321435 0
    outer loop
      vertex 3.98373 5.42095 30.6
      vertex 3.93748 5.2847 35.1
      vertex 3.93748 5.2847 30.6
    endloop
  endfacet
  facet normal 0.321435 0.946931 -0
    outer loop
      vertex 4.7153 3.93748 30.6
      vertex 4.57905 3.98373 35.1
      vertex 4.7153 3.93748 35.1
    endloop
  endfacet
  facet normal 0.321435 0.946931 0
    outer loop
      vertex 4.57905 3.98373 35.1
      vertex 4.7153 3.93748 30.6
      vertex 4.57905 3.98373 30.6
    endloop
  endfacet
  facet normal 0.442286 0.896874 -0
    outer loop
      vertex 4.57905 3.98373 30.6
      vertex 4.45 4.04737 35.1
      vertex 4.57905 3.98373 35.1
    endloop
  endfacet
  facet normal 0.442286 0.896874 0
    outer loop
      vertex 4.45 4.04737 35.1
      vertex 4.57905 3.98373 30.6
      vertex 4.45 4.04737 30.6
    endloop
  endfacet
  facet normal 0.555566 0.831472 -0
    outer loop
      vertex 4.45 4.04737 30.6
      vertex 4.33036 4.12731 35.1
      vertex 4.45 4.04737 35.1
    endloop
  endfacet
  facet normal 0.555566 0.831472 0
    outer loop
      vertex 4.33036 4.12731 35.1
      vertex 4.45 4.04737 30.6
      vertex 4.33036 4.12731 30.6
    endloop
  endfacet
  facet normal 0.896874 0.442286 0
    outer loop
      vertex 4.04737 4.45 35.1
      vertex 3.98373 4.57905 30.6
      vertex 3.98373 4.57905 35.1
    endloop
  endfacet
  facet normal 0.896874 0.442286 0
    outer loop
      vertex 3.98373 4.57905 30.6
      vertex 4.04737 4.45 35.1
      vertex 4.04737 4.45 30.6
    endloop
  endfacet
  facet normal 0 0 1
    outer loop
      vertex 6.09059 5.14358 30.6
      vertex 6.09059 4.85642 30.6
      vertex 6.1 5 30.6
    endloop
  endfacet
  facet normal 0 0 1
    outer loop
      vertex 6.06252 5.2847 30.6
      vertex 6.09059 4.85642 30.6
      vertex 6.09059 5.14358 30.6
    endloop
  endfacet
  facet normal 0 0 1
    outer loop
      vertex 6.06252 5.2847 30.6
      vertex 6.06252 4.7153 30.6
      vertex 6.09059 4.85642 30.6
    endloop
  endfacet
  facet normal 0 0 1
    outer loop
      vertex 6.01627 5.42095 30.6
      vertex 6.06252 4.7153 30.6
      vertex 6.06252 5.2847 30.6
    endloop
  endfacet
  facet normal 0 0 1
    outer loop
      vertex 6.01627 5.42095 30.6
      vertex 6.01627 4.57905 30.6
      vertex 6.06252 4.7153 30.6
    endloop
  endfacet
  facet normal 0 0 1
    outer loop
      vertex 5.95263 5.55 30.6
      vertex 6.01627 4.57905 30.6
      vertex 6.01627 5.42095 30.6
    endloop
  endfacet
  facet normal 0 0 1
    outer loop
      vertex 5.95263 5.55 30.6
      vertex 5.95263 4.45 30.6
      vertex 6.01627 4.57905 30.6
    endloop
  endfacet
  facet normal 0 0 1
    outer loop
      vertex 5.87269 5.66964 30.6
      vertex 5.95263 4.45 30.6
      vertex 5.95263 5.55 30.6
    endloop
  endfacet
  facet normal 0 0 1
    outer loop
      vertex 5.87269 5.66964 30.6
      vertex 5.87269 4.33036 30.6
      vertex 5.95263 4.45 30.6
    endloop
  endfacet
  facet normal 0 0 1
    outer loop
      vertex 5.77782 5.77782 30.6
      vertex 5.87269 4.33036 30.6
      vertex 5.87269 5.66964 30.6
    endloop
  endfacet
  facet normal 0 0 1
    outer loop
      vertex 5.77782 5.77782 30.6
      vertex 5.77782 4.22218 30.6
      vertex 5.87269 4.33036 30.6
    endloop
  endfacet
  facet normal 0 0 1
    outer loop
      vertex 5.66964 5.87269 30.6
      vertex 5.77782 4.22218 30.6
      vertex 5.77782 5.77782 30.6
    endloop
  endfacet
  facet normal 0 0 1
    outer loop
      vertex 5.66964 5.87269 30.6
      vertex 5.66964 4.12731 30.6
      vertex 5.77782 4.22218 30.6
    endloop
  endfacet
  facet normal 0 0 1
    outer loop
      vertex 5.55 5.95263 30.6
      vertex 5.66964 4.12731 30.6
      vertex 5.66964 5.87269 30.6
    endloop
  endfacet
  facet normal 0 0 1
    outer loop
      vertex 5.55 5.95263 30.6
      vertex 5.55 4.04737 30.6
      vertex 5.66964 4.12731 30.6
    endloop
  endfacet
  facet normal 0 0 1
    outer loop
      vertex 5.42095 6.01627 30.6
      vertex 5.55 4.04737 30.6
      vertex 5.55 5.95263 30.6
    endloop
  endfacet
  facet normal 0 0 1
    outer loop
      vertex 5.42095 6.01627 30.6
      vertex 5.42095 3.98373 30.6
      vertex 5.55 4.04737 30.6
    endloop
  endfacet
  facet normal 0 0 1
    outer loop
      vertex 5.2847 6.06252 30.6
      vertex 5.42095 3.98373 30.6
      vertex 5.42095 6.01627 30.6
    endloop
  endfacet
  facet normal 0 0 1
    outer loop
      vertex 5.2847 6.06252 30.6
      vertex 5.2847 3.93748 30.6
      vertex 5.42095 3.98373 30.6
    endloop
  endfacet
  facet normal 0 0 1
    outer loop
      vertex 5.14358 6.09059 30.6
      vertex 5.2847 3.93748 30.6
      vertex 5.2847 6.06252 30.6
    endloop
  endfacet
  facet normal 0 0 1
    outer loop
      vertex 5.14358 6.09059 30.6
      vertex 5.14358 3.90941 30.6
      vertex 5.2847 3.93748 30.6
    endloop
  endfacet
  facet normal 0 0 1
    outer loop
      vertex 5 6.1 30.6
      vertex 5.14358 3.90941 30.6
      vertex 5.14358 6.09059 30.6
    endloop
  endfacet
  facet normal 0 0 1
    outer loop
      vertex 5 6.1 30.6
      vertex 5 3.9 30.6
      vertex 5.14358 3.90941 30.6
    endloop
  endfacet
  facet normal -0 0 1
    outer loop
      vertex 4.85642 6.09059 30.6
      vertex 5 3.9 30.6
      vertex 5 6.1 30.6
    endloop
  endfacet
  facet normal 0 0 1
    outer loop
      vertex 4.85642 6.09059 30.6
      vertex 4.85642 3.90941 30.6
      vertex 5 3.9 30.6
    endloop
  endfacet
  facet normal -0 0 1
    outer loop
      vertex 4.7153 6.06252 30.6
      vertex 4.85642 3.90941 30.6
      vertex 4.85642 6.09059 30.6
    endloop
  endfacet
  facet normal 0 0 1
    outer loop
      vertex 4.7153 6.06252 30.6
      vertex 4.7153 3.93748 30.6
      vertex 4.85642 3.90941 30.6
    endloop
  endfacet
  facet normal -0 0 1
    outer loop
      vertex 4.57905 6.01627 30.6
      vertex 4.7153 3.93748 30.6
      vertex 4.7153 6.06252 30.6
    endloop
  endfacet
  facet normal 0 0 1
    outer loop
      vertex 4.57905 6.01627 30.6
      vertex 4.57905 3.98373 30.6
      vertex 4.7153 3.93748 30.6
    endloop
  endfacet
  facet normal -0 0 1
    outer loop
      vertex 4.45 5.95263 30.6
      vertex 4.57905 3.98373 30.6
      vertex 4.57905 6.01627 30.6
    endloop
  endfacet
  facet normal 0 0 1
    outer loop
      vertex 4.45 5.95263 30.6
      vertex 4.45 4.04737 30.6
      vertex 4.57905 3.98373 30.6
    endloop
  endfacet
  facet normal -0 0 1
    outer loop
      vertex 4.33036 5.87269 30.6
      vertex 4.45 4.04737 30.6
      vertex 4.45 5.95263 30.6
    endloop
  endfacet
  facet normal 0 0 1
    outer loop
      vertex 4.33036 5.87269 30.6
      vertex 4.33036 4.12731 30.6
      vertex 4.45 4.04737 30.6
    endloop
  endfacet
  facet normal -0 0 1
    outer loop
      vertex 4.22218 5.77782 30.6
      vertex 4.33036 4.12731 30.6
      vertex 4.33036 5.87269 30.6
    endloop
  endfacet
  facet normal 0 0 1
    outer loop
      vertex 4.22218 5.77782 30.6
      vertex 4.22218 4.22218 30.6
      vertex 4.33036 4.12731 30.6
    endloop
  endfacet
  facet normal -0 0 1
    outer loop
      vertex 4.12731 5.66964 30.6
      vertex 4.22218 4.22218 30.6
      vertex 4.22218 5.77782 30.6
    endloop
  endfacet
  facet normal 0 0 1
    outer loop
      vertex 4.12731 5.66964 30.6
      vertex 4.12731 4.33036 30.6
      vertex 4.22218 4.22218 30.6
    endloop
  endfacet
  facet normal -0 0 1
    outer loop
      vertex 4.04737 5.55 30.6
      vertex 4.12731 4.33036 30.6
      vertex 4.12731 5.66964 30.6
    endloop
  endfacet
  facet normal 0 0 1
    outer loop
      vertex 4.04737 5.55 30.6
      vertex 4.04737 4.45 30.6
      vertex 4.12731 4.33036 30.6
    endloop
  endfacet
  facet normal -0 0 1
    outer loop
      vertex 3.98373 5.42095 30.6
      vertex 4.04737 4.45 30.6
      vertex 4.04737 5.55 30.6
    endloop
  endfacet
  facet normal 0 0 1
    outer loop
      vertex 3.98373 5.42095 30.6
      vertex 3.98373 4.57905 30.6
      vertex 4.04737 4.45 30.6
    endloop
  endfacet
  facet normal -0 0 1
    outer loop
      vertex 3.93748 5.2847 30.6
      vertex 3.98373 4.57905 30.6
      vertex 3.98373 5.42095 30.6
    endloop
  endfacet
  facet normal 0 0 1
    outer loop
      vertex 3.93748 5.2847 30.6
      vertex 3.93748 4.7153 30.6
      vertex 3.98373 4.57905 30.6
    endloop
  endfacet
  facet normal -0 0 1
    outer loop
      vertex 3.90941 5.14358 30.6
      vertex 3.93748 4.7153 30.6
      vertex 3.93748 5.2847 30.6
    endloop
  endfacet
  facet normal 0 0 1
    outer loop
      vertex 3.90941 5.14358 30.6
      vertex 3.90941 4.85642 30.6
      vertex 3.93748 4.7153 30.6
    endloop
  endfacet
  facet normal 0 -0 1
    outer loop
      vertex 3.90941 4.85642 30.6
      vertex 3.90941 5.14358 30.6
      vertex 3.9 5 30.6
    endloop
  endfacet
  facet normal -0.980781 -0.195113 0
    outer loop
      vertex 6.09059 61.9436 30.6
      vertex 6.06252 62.0847 35.1
      vertex 6.06252 62.0847 30.6
    endloop
  endfacet
  facet normal -0.980781 -0.195113 0
    outer loop
      vertex 6.06252 62.0847 35.1
      vertex 6.09059 61.9436 30.6
      vertex 6.09059 61.9436 35.1
    endloop
  endfacet
  facet normal -0.99786 -0.065389 0
    outer loop
      vertex 6.1 61.8 30.6
      vertex 6.09059 61.9436 35.1
      vertex 6.09059 61.9436 30.6
    endloop
  endfacet
  facet normal -0.99786 -0.065389 0
    outer loop
      vertex 6.09059 61.9436 35.1
      vertex 6.1 61.8 30.6
      vertex 6.1 61.8 35.1
    endloop
  endfacet
  facet normal -0.980781 0.195113 0
    outer loop
      vertex 6.06252 61.5153 30.6
      vertex 6.09059 61.6564 35.1
      vertex 6.09059 61.6564 30.6
    endloop
  endfacet
  facet normal -0.980781 0.195113 0
    outer loop
      vertex 6.09059 61.6564 35.1
      vertex 6.06252 61.5153 30.6
      vertex 6.06252 61.5153 35.1
    endloop
  endfacet
  facet normal 0.99786 0.065389 0
    outer loop
      vertex 3.90941 61.6564 35.1
      vertex 3.9 61.8 30.6
      vertex 3.9 61.8 35.1
    endloop
  endfacet
  facet normal 0.99786 0.065389 0
    outer loop
      vertex 3.9 61.8 30.6
      vertex 3.90941 61.6564 35.1
      vertex 3.90941 61.6564 30.6
    endloop
  endfacet
  facet normal 0.751905 -0.659272 0
    outer loop
      vertex 4.12731 62.4696 35.1
      vertex 4.22218 62.5778 30.6
      vertex 4.22218 62.5778 35.1
    endloop
  endfacet
  facet normal 0.751905 -0.659272 0
    outer loop
      vertex 4.22218 62.5778 30.6
      vertex 4.12731 62.4696 35.1
      vertex 4.12731 62.4696 30.6
    endloop
  endfacet
  facet normal -0.555374 0.831601 0
    outer loop
      vertex 5.66964 60.9273 30.6
      vertex 5.55 60.8474 35.1
      vertex 5.66964 60.9273 35.1
    endloop
  endfacet
  facet normal -0.555374 0.831601 0
    outer loop
      vertex 5.55 60.8474 35.1
      vertex 5.66964 60.9273 30.6
      vertex 5.55 60.8474 30.6
    endloop
  endfacet
  facet normal -0.831387 -0.555694 0
    outer loop
      vertex 5.95263 62.35 30.6
      vertex 5.87269 62.4696 35.1
      vertex 5.87269 62.4696 30.6
    endloop
  endfacet
  facet normal -0.831387 -0.555694 0
    outer loop
      vertex 5.87269 62.4696 35.1
      vertex 5.95263 62.35 30.6
      vertex 5.95263 62.35 35.1
    endloop
  endfacet
  facet normal -0.321124 0.947037 0
    outer loop
      vertex 5.42095 60.7837 30.6
      vertex 5.2847 60.7375 35.1
      vertex 5.42095 60.7837 35.1
    endloop
  endfacet
  facet normal -0.321124 0.947037 0
    outer loop
      vertex 5.2847 60.7375 35.1
      vertex 5.42095 60.7837 30.6
      vertex 5.2847 60.7375 30.6
    endloop
  endfacet
  facet normal -0.896806 -0.442424 0
    outer loop
      vertex 6.01627 62.221 30.6
      vertex 5.95263 62.35 35.1
      vertex 5.95263 62.35 30.6
    endloop
  endfacet
  facet normal -0.896806 -0.442424 0
    outer loop
      vertex 5.95263 62.35 35.1
      vertex 6.01627 62.221 30.6
      vertex 6.01627 62.221 35.1
    endloop
  endfacet
  facet normal -0.442622 0.896708 0
    outer loop
      vertex 5.55 60.8474 30.6
      vertex 5.42095 60.7837 35.1
      vertex 5.55 60.8474 35.1
    endloop
  endfacet
  facet normal -0.442622 0.896708 0
    outer loop
      vertex 5.42095 60.7837 35.1
      vertex 5.55 60.8474 30.6
      vertex 5.42095 60.7837 30.6
    endloop
  endfacet
  facet normal -0.946967 0.32133 0
    outer loop
      vertex 6.01627 61.379 30.6
      vertex 6.06252 61.5153 35.1
      vertex 6.06252 61.5153 30.6
    endloop
  endfacet
  facet normal -0.946967 0.32133 0
    outer loop
      vertex 6.06252 61.5153 35.1
      vertex 6.01627 61.379 30.6
      vertex 6.01627 61.379 35.1
    endloop
  endfacet
  facet normal 0.195287 -0.980746 0
    outer loop
      vertex 4.7153 62.8625 30.6
      vertex 4.85642 62.8906 35.1
      vertex 4.7153 62.8625 35.1
    endloop
  endfacet
  facet normal 0.195287 -0.980746 0
    outer loop
      vertex 4.85642 62.8906 35.1
      vertex 4.7153 62.8625 30.6
      vertex 4.85642 62.8906 30.6
    endloop
  endfacet
  facet normal 0.980781 -0.195113 0
    outer loop
      vertex 3.90941 61.9436 35.1
      vertex 3.93748 62.0847 30.6
      vertex 3.93748 62.0847 35.1
    endloop
  endfacet
  facet normal 0.980781 -0.195113 0
    outer loop
      vertex 3.93748 62.0847 30.6
      vertex 3.90941 61.9436 35.1
      vertex 3.90941 61.9436 30.6
    endloop
  endfacet
  facet normal 0.980781 0.195113 0
    outer loop
      vertex 3.93748 61.5153 35.1
      vertex 3.90941 61.6564 30.6
      vertex 3.90941 61.6564 35.1
    endloop
  endfacet
  facet normal 0.980781 0.195113 0
    outer loop
      vertex 3.90941 61.6564 30.6
      vertex 3.93748 61.5153 35.1
      vertex 3.93748 61.5153 30.6
    endloop
  endfacet
  facet normal 0.831387 0.555694 0
    outer loop
      vertex 4.12731 61.1304 35.1
      vertex 4.04737 61.25 30.6
      vertex 4.04737 61.25 35.1
    endloop
  endfacet
  facet normal 0.831387 0.555694 0
    outer loop
      vertex 4.04737 61.25 30.6
      vertex 4.12731 61.1304 35.1
      vertex 4.12731 61.1304 30.6
    endloop
  endfacet
  facet normal -0.0653289 0.997864 0
    outer loop
      vertex 5.14358 60.7094 30.6
      vertex 5 60.7 35.1
      vertex 5.14358 60.7094 35.1
    endloop
  endfacet
  facet normal -0.0653289 0.997864 0
    outer loop
      vertex 5 60.7 35.1
      vertex 5.14358 60.7094 30.6
      vertex 5 60.7 30.6
    endloop
  endfacet
  facet normal 0.195287 0.980746 -0
    outer loop
      vertex 4.85642 60.7094 30.6
      vertex 4.7153 60.7375 35.1
      vertex 4.85642 60.7094 35.1
    endloop
  endfacet
  facet normal 0.195287 0.980746 0
    outer loop
      vertex 4.7153 60.7375 35.1
      vertex 4.85642 60.7094 30.6
      vertex 4.7153 60.7375 30.6
    endloop
  endfacet
  facet normal -0.751905 0.659272 0
    outer loop
      vertex 5.77782 61.0222 30.6
      vertex 5.87269 61.1304 35.1
      vertex 5.87269 61.1304 30.6
    endloop
  endfacet
  facet normal -0.751905 0.659272 0
    outer loop
      vertex 5.87269 61.1304 35.1
      vertex 5.77782 61.0222 30.6
      vertex 5.77782 61.0222 35.1
    endloop
  endfacet
  facet normal -0.659458 -0.751741 0
    outer loop
      vertex 5.66964 62.6727 30.6
      vertex 5.77782 62.5778 35.1
      vertex 5.66964 62.6727 35.1
    endloop
  endfacet
  facet normal -0.659458 -0.751741 -0
    outer loop
      vertex 5.77782 62.5778 35.1
      vertex 5.66964 62.6727 30.6
      vertex 5.77782 62.5778 30.6
    endloop
  endfacet
  facet normal -0.896806 0.442424 0
    outer loop
      vertex 5.95263 61.25 30.6
      vertex 6.01627 61.379 35.1
      vertex 6.01627 61.379 30.6
    endloop
  endfacet
  facet normal -0.896806 0.442424 0
    outer loop
      vertex 6.01627 61.379 35.1
      vertex 5.95263 61.25 30.6
      vertex 5.95263 61.25 35.1
    endloop
  endfacet
  facet normal 0.0653289 -0.997864 0
    outer loop
      vertex 4.85642 62.8906 30.6
      vertex 5 62.9 35.1
      vertex 4.85642 62.8906 35.1
    endloop
  endfacet
  facet normal 0.0653289 -0.997864 0
    outer loop
      vertex 5 62.9 35.1
      vertex 4.85642 62.8906 30.6
      vertex 5 62.9 30.6
    endloop
  endfacet
  facet normal 0.751905 0.659272 0
    outer loop
      vertex 4.22218 61.0222 35.1
      vertex 4.12731 61.1304 30.6
      vertex 4.12731 61.1304 35.1
    endloop
  endfacet
  facet normal 0.751905 0.659272 0
    outer loop
      vertex 4.12731 61.1304 30.6
      vertex 4.22218 61.0222 35.1
      vertex 4.22218 61.0222 30.6
    endloop
  endfacet
  facet normal 0.831387 -0.555694 0
    outer loop
      vertex 4.04737 62.35 35.1
      vertex 4.12731 62.4696 30.6
      vertex 4.12731 62.4696 35.1
    endloop
  endfacet
  facet normal 0.831387 -0.555694 0
    outer loop
      vertex 4.12731 62.4696 30.6
      vertex 4.04737 62.35 35.1
      vertex 4.04737 62.35 30.6
    endloop
  endfacet
  facet normal 0.659458 -0.751741 0
    outer loop
      vertex 4.22218 62.5778 30.6
      vertex 4.33036 62.6727 35.1
      vertex 4.22218 62.5778 35.1
    endloop
  endfacet
  facet normal 0.659458 -0.751741 0
    outer loop
      vertex 4.33036 62.6727 35.1
      vertex 4.22218 62.5778 30.6
      vertex 4.33036 62.6727 30.6
    endloop
  endfacet
  facet normal -0.195287 0.980746 0
    outer loop
      vertex 5.2847 60.7375 30.6
      vertex 5.14358 60.7094 35.1
      vertex 5.2847 60.7375 35.1
    endloop
  endfacet
  facet normal -0.195287 0.980746 0
    outer loop
      vertex 5.14358 60.7094 35.1
      vertex 5.2847 60.7375 30.6
      vertex 5.14358 60.7094 30.6
    endloop
  endfacet
  facet normal 0.0653289 0.997864 -0
    outer loop
      vertex 5 60.7 30.6
      vertex 4.85642 60.7094 35.1
      vertex 5 60.7 35.1
    endloop
  endfacet
  facet normal 0.0653289 0.997864 0
    outer loop
      vertex 4.85642 60.7094 35.1
      vertex 5 60.7 30.6
      vertex 4.85642 60.7094 30.6
    endloop
  endfacet
  facet normal 0.442622 -0.896708 0
    outer loop
      vertex 4.45 62.7526 30.6
      vertex 4.57905 62.8163 35.1
      vertex 4.45 62.7526 35.1
    endloop
  endfacet
  facet normal 0.442622 -0.896708 0
    outer loop
      vertex 4.57905 62.8163 35.1
      vertex 4.45 62.7526 30.6
      vertex 4.57905 62.8163 30.6
    endloop
  endfacet
  facet normal -0.195287 -0.980746 0
    outer loop
      vertex 5.14358 62.8906 30.6
      vertex 5.2847 62.8625 35.1
      vertex 5.14358 62.8906 35.1
    endloop
  endfacet
  facet normal -0.195287 -0.980746 -0
    outer loop
      vertex 5.2847 62.8625 35.1
      vertex 5.14358 62.8906 30.6
      vertex 5.2847 62.8625 30.6
    endloop
  endfacet
  facet normal -0.442622 -0.896708 0
    outer loop
      vertex 5.42095 62.8163 30.6
      vertex 5.55 62.7526 35.1
      vertex 5.42095 62.8163 35.1
    endloop
  endfacet
  facet normal -0.442622 -0.896708 -0
    outer loop
      vertex 5.55 62.7526 35.1
      vertex 5.42095 62.8163 30.6
      vertex 5.55 62.7526 30.6
    endloop
  endfacet
  facet normal 0.896806 0.442424 0
    outer loop
      vertex 4.04737 61.25 35.1
      vertex 3.98373 61.379 30.6
      vertex 3.98373 61.379 35.1
    endloop
  endfacet
  facet normal 0.896806 0.442424 0
    outer loop
      vertex 3.98373 61.379 30.6
      vertex 4.04737 61.25 35.1
      vertex 4.04737 61.25 30.6
    endloop
  endfacet
  facet normal -0.555374 -0.831601 0
    outer loop
      vertex 5.55 62.7526 30.6
      vertex 5.66964 62.6727 35.1
      vertex 5.55 62.7526 35.1
    endloop
  endfacet
  facet normal -0.555374 -0.831601 -0
    outer loop
      vertex 5.66964 62.6727 35.1
      vertex 5.55 62.7526 30.6
      vertex 5.66964 62.6727 30.6
    endloop
  endfacet
  facet normal 0.321124 -0.947037 0
    outer loop
      vertex 4.57905 62.8163 30.6
      vertex 4.7153 62.8625 35.1
      vertex 4.57905 62.8163 35.1
    endloop
  endfacet
  facet normal 0.321124 -0.947037 0
    outer loop
      vertex 4.7153 62.8625 35.1
      vertex 4.57905 62.8163 30.6
      vertex 4.7153 62.8625 30.6
    endloop
  endfacet
  facet normal -0.99786 0.065389 0
    outer loop
      vertex 6.09059 61.6564 30.6
      vertex 6.1 61.8 35.1
      vertex 6.1 61.8 30.6
    endloop
  endfacet
  facet normal -0.99786 0.065389 0
    outer loop
      vertex 6.1 61.8 35.1
      vertex 6.09059 61.6564 30.6
      vertex 6.09059 61.6564 35.1
    endloop
  endfacet
  facet normal -0.751905 -0.659272 0
    outer loop
      vertex 5.87269 62.4696 30.6
      vertex 5.77782 62.5778 35.1
      vertex 5.77782 62.5778 30.6
    endloop
  endfacet
  facet normal -0.751905 -0.659272 0
    outer loop
      vertex 5.77782 62.5778 35.1
      vertex 5.87269 62.4696 30.6
      vertex 5.87269 62.4696 35.1
    endloop
  endfacet
  facet normal 0.321124 0.947037 -0
    outer loop
      vertex 4.7153 60.7375 30.6
      vertex 4.57905 60.7837 35.1
      vertex 4.7153 60.7375 35.1
    endloop
  endfacet
  facet normal 0.321124 0.947037 0
    outer loop
      vertex 4.57905 60.7837 35.1
      vertex 4.7153 60.7375 30.6
      vertex 4.57905 60.7837 30.6
    endloop
  endfacet
  facet normal 0.442622 0.896708 -0
    outer loop
      vertex 4.57905 60.7837 30.6
      vertex 4.45 60.8474 35.1
      vertex 4.57905 60.7837 35.1
    endloop
  endfacet
  facet normal 0.442622 0.896708 0
    outer loop
      vertex 4.45 60.8474 35.1
      vertex 4.57905 60.7837 30.6
      vertex 4.45 60.8474 30.6
    endloop
  endfacet
  facet normal 0.946967 -0.32133 0
    outer loop
      vertex 3.93748 62.0847 35.1
      vertex 3.98373 62.221 30.6
      vertex 3.98373 62.221 35.1
    endloop
  endfacet
  facet normal 0.946967 -0.32133 0
    outer loop
      vertex 3.98373 62.221 30.6
      vertex 3.93748 62.0847 35.1
      vertex 3.93748 62.0847 30.6
    endloop
  endfacet
  facet normal -0.0653289 -0.997864 0
    outer loop
      vertex 5 62.9 30.6
      vertex 5.14358 62.8906 35.1
      vertex 5 62.9 35.1
    endloop
  endfacet
  facet normal -0.0653289 -0.997864 -0
    outer loop
      vertex 5.14358 62.8906 35.1
      vertex 5 62.9 30.6
      vertex 5.14358 62.8906 30.6
    endloop
  endfacet
  facet normal -0.321124 -0.947037 0
    outer loop
      vertex 5.2847 62.8625 30.6
      vertex 5.42095 62.8163 35.1
      vertex 5.2847 62.8625 35.1
    endloop
  endfacet
  facet normal -0.321124 -0.947037 -0
    outer loop
      vertex 5.42095 62.8163 35.1
      vertex 5.2847 62.8625 30.6
      vertex 5.42095 62.8163 30.6
    endloop
  endfacet
  facet normal -0.946967 -0.32133 0
    outer loop
      vertex 6.06252 62.0847 30.6
      vertex 6.01627 62.221 35.1
      vertex 6.01627 62.221 30.6
    endloop
  endfacet
  facet normal -0.946967 -0.32133 0
    outer loop
      vertex 6.01627 62.221 35.1
      vertex 6.06252 62.0847 30.6
      vertex 6.06252 62.0847 35.1
    endloop
  endfacet
  facet normal -0.831387 0.555694 0
    outer loop
      vertex 5.87269 61.1304 30.6
      vertex 5.95263 61.25 35.1
      vertex 5.95263 61.25 30.6
    endloop
  endfacet
  facet normal -0.831387 0.555694 0
    outer loop
      vertex 5.95263 61.25 35.1
      vertex 5.87269 61.1304 30.6
      vertex 5.87269 61.1304 35.1
    endloop
  endfacet
  facet normal 0.946967 0.32133 0
    outer loop
      vertex 3.98373 61.379 35.1
      vertex 3.93748 61.5153 30.6
      vertex 3.93748 61.5153 35.1
    endloop
  endfacet
  facet normal 0.946967 0.32133 0
    outer loop
      vertex 3.93748 61.5153 30.6
      vertex 3.98373 61.379 35.1
      vertex 3.98373 61.379 30.6
    endloop
  endfacet
  facet normal 0.659458 0.751741 -0
    outer loop
      vertex 4.33036 60.9273 30.6
      vertex 4.22218 61.0222 35.1
      vertex 4.33036 60.9273 35.1
    endloop
  endfacet
  facet normal 0.659458 0.751741 0
    outer loop
      vertex 4.22218 61.0222 35.1
      vertex 4.33036 60.9273 30.6
      vertex 4.22218 61.0222 30.6
    endloop
  endfacet
  facet normal 0.99786 -0.065389 0
    outer loop
      vertex 3.9 61.8 35.1
      vertex 3.90941 61.9436 30.6
      vertex 3.90941 61.9436 35.1
    endloop
  endfacet
  facet normal 0.99786 -0.065389 0
    outer loop
      vertex 3.90941 61.9436 30.6
      vertex 3.9 61.8 35.1
      vertex 3.9 61.8 30.6
    endloop
  endfacet
  facet normal 0 0 1
    outer loop
      vertex 6.09059 61.9436 30.6
      vertex 6.09059 61.6564 30.6
      vertex 6.1 61.8 30.6
    endloop
  endfacet
  facet normal 0 0 1
    outer loop
      vertex 6.06252 62.0847 30.6
      vertex 6.09059 61.6564 30.6
      vertex 6.09059 61.9436 30.6
    endloop
  endfacet
  facet normal 0 0 1
    outer loop
      vertex 6.06252 62.0847 30.6
      vertex 6.06252 61.5153 30.6
      vertex 6.09059 61.6564 30.6
    endloop
  endfacet
  facet normal 0 0 1
    outer loop
      vertex 6.01627 62.221 30.6
      vertex 6.06252 61.5153 30.6
      vertex 6.06252 62.0847 30.6
    endloop
  endfacet
  facet normal 0 0 1
    outer loop
      vertex 6.01627 62.221 30.6
      vertex 6.01627 61.379 30.6
      vertex 6.06252 61.5153 30.6
    endloop
  endfacet
  facet normal 0 0 1
    outer loop
      vertex 5.95263 62.35 30.6
      vertex 6.01627 61.379 30.6
      vertex 6.01627 62.221 30.6
    endloop
  endfacet
  facet normal 0 0 1
    outer loop
      vertex 5.95263 62.35 30.6
      vertex 5.95263 61.25 30.6
      vertex 6.01627 61.379 30.6
    endloop
  endfacet
  facet normal 0 0 1
    outer loop
      vertex 5.87269 62.4696 30.6
      vertex 5.95263 61.25 30.6
      vertex 5.95263 62.35 30.6
    endloop
  endfacet
  facet normal 0 0 1
    outer loop
      vertex 5.87269 62.4696 30.6
      vertex 5.87269 61.1304 30.6
      vertex 5.95263 61.25 30.6
    endloop
  endfacet
  facet normal 0 0 1
    outer loop
      vertex 5.77782 62.5778 30.6
      vertex 5.87269 61.1304 30.6
      vertex 5.87269 62.4696 30.6
    endloop
  endfacet
  facet normal 0 0 1
    outer loop
      vertex 5.77782 62.5778 30.6
      vertex 5.77782 61.0222 30.6
      vertex 5.87269 61.1304 30.6
    endloop
  endfacet
  facet normal 0 0 1
    outer loop
      vertex 5.66964 62.6727 30.6
      vertex 5.77782 61.0222 30.6
      vertex 5.77782 62.5778 30.6
    endloop
  endfacet
  facet normal 0 0 1
    outer loop
      vertex 5.66964 62.6727 30.6
      vertex 5.66964 60.9273 30.6
      vertex 5.77782 61.0222 30.6
    endloop
  endfacet
  facet normal 0 0 1
    outer loop
      vertex 5.55 62.7526 30.6
      vertex 5.66964 60.9273 30.6
      vertex 5.66964 62.6727 30.6
    endloop
  endfacet
  facet normal 0 0 1
    outer loop
      vertex 5.55 62.7526 30.6
      vertex 5.55 60.8474 30.6
      vertex 5.66964 60.9273 30.6
    endloop
  endfacet
  facet normal 0 0 1
    outer loop
      vertex 5.42095 62.8163 30.6
      vertex 5.55 60.8474 30.6
      vertex 5.55 62.7526 30.6
    endloop
  endfacet
  facet normal 0 0 1
    outer loop
      vertex 5.42095 62.8163 30.6
      vertex 5.42095 60.7837 30.6
      vertex 5.55 60.8474 30.6
    endloop
  endfacet
  facet normal 0 0 1
    outer loop
      vertex 5.2847 62.8625 30.6
      vertex 5.42095 60.7837 30.6
      vertex 5.42095 62.8163 30.6
    endloop
  endfacet
  facet normal 0 0 1
    outer loop
      vertex 5.2847 62.8625 30.6
      vertex 5.2847 60.7375 30.6
      vertex 5.42095 60.7837 30.6
    endloop
  endfacet
  facet normal 0 0 1
    outer loop
      vertex 5.14358 62.8906 30.6
      vertex 5.2847 60.7375 30.6
      vertex 5.2847 62.8625 30.6
    endloop
  endfacet
  facet normal 0 0 1
    outer loop
      vertex 5.14358 62.8906 30.6
      vertex 5.14358 60.7094 30.6
      vertex 5.2847 60.7375 30.6
    endloop
  endfacet
  facet normal 0 0 1
    outer loop
      vertex 5 62.9 30.6
      vertex 5.14358 60.7094 30.6
      vertex 5.14358 62.8906 30.6
    endloop
  endfacet
  facet normal 0 0 1
    outer loop
      vertex 5 62.9 30.6
      vertex 5 60.7 30.6
      vertex 5.14358 60.7094 30.6
    endloop
  endfacet
  facet normal -0 0 1
    outer loop
      vertex 4.85642 62.8906 30.6
      vertex 5 60.7 30.6
      vertex 5 62.9 30.6
    endloop
  endfacet
  facet normal 0 0 1
    outer loop
      vertex 4.85642 62.8906 30.6
      vertex 4.85642 60.7094 30.6
      vertex 5 60.7 30.6
    endloop
  endfacet
  facet normal -0 0 1
    outer loop
      vertex 4.7153 62.8625 30.6
      vertex 4.85642 60.7094 30.6
      vertex 4.85642 62.8906 30.6
    endloop
  endfacet
  facet normal 0 0 1
    outer loop
      vertex 4.7153 62.8625 30.6
      vertex 4.7153 60.7375 30.6
      vertex 4.85642 60.7094 30.6
    endloop
  endfacet
  facet normal -0 0 1
    outer loop
      vertex 4.57905 62.8163 30.6
      vertex 4.7153 60.7375 30.6
      vertex 4.7153 62.8625 30.6
    endloop
  endfacet
  facet normal 0 0 1
    outer loop
      vertex 4.57905 62.8163 30.6
      vertex 4.57905 60.7837 30.6
      vertex 4.7153 60.7375 30.6
    endloop
  endfacet
  facet normal -0 0 1
    outer loop
      vertex 4.45 62.7526 30.6
      vertex 4.57905 60.7837 30.6
      vertex 4.57905 62.8163 30.6
    endloop
  endfacet
  facet normal 0 0 1
    outer loop
      vertex 4.45 62.7526 30.6
      vertex 4.45 60.8474 30.6
      vertex 4.57905 60.7837 30.6
    endloop
  endfacet
  facet normal -0 0 1
    outer loop
      vertex 4.33036 62.6727 30.6
      vertex 4.45 60.8474 30.6
      vertex 4.45 62.7526 30.6
    endloop
  endfacet
  facet normal 0 0 1
    outer loop
      vertex 4.33036 62.6727 30.6
      vertex 4.33036 60.9273 30.6
      vertex 4.45 60.8474 30.6
    endloop
  endfacet
  facet normal -0 0 1
    outer loop
      vertex 4.22218 62.5778 30.6
      vertex 4.33036 60.9273 30.6
      vertex 4.33036 62.6727 30.6
    endloop
  endfacet
  facet normal 0 0 1
    outer loop
      vertex 4.22218 62.5778 30.6
      vertex 4.22218 61.0222 30.6
      vertex 4.33036 60.9273 30.6
    endloop
  endfacet
  facet normal -0 0 1
    outer loop
      vertex 4.12731 62.4696 30.6
      vertex 4.22218 61.0222 30.6
      vertex 4.22218 62.5778 30.6
    endloop
  endfacet
  facet normal 0 0 1
    outer loop
      vertex 4.12731 62.4696 30.6
      vertex 4.12731 61.1304 30.6
      vertex 4.22218 61.0222 30.6
    endloop
  endfacet
  facet normal -0 0 1
    outer loop
      vertex 4.04737 62.35 30.6
      vertex 4.12731 61.1304 30.6
      vertex 4.12731 62.4696 30.6
    endloop
  endfacet
  facet normal 0 0 1
    outer loop
      vertex 4.04737 62.35 30.6
      vertex 4.04737 61.25 30.6
      vertex 4.12731 61.1304 30.6
    endloop
  endfacet
  facet normal -0 0 1
    outer loop
      vertex 3.98373 62.221 30.6
      vertex 4.04737 61.25 30.6
      vertex 4.04737 62.35 30.6
    endloop
  endfacet
  facet normal 0 0 1
    outer loop
      vertex 3.98373 62.221 30.6
      vertex 3.98373 61.379 30.6
      vertex 4.04737 61.25 30.6
    endloop
  endfacet
  facet normal -0 0 1
    outer loop
      vertex 3.93748 62.0847 30.6
      vertex 3.98373 61.379 30.6
      vertex 3.98373 62.221 30.6
    endloop
  endfacet
  facet normal 0 0 1
    outer loop
      vertex 3.93748 62.0847 30.6
      vertex 3.93748 61.5153 30.6
      vertex 3.98373 61.379 30.6
    endloop
  endfacet
  facet normal -0 0 1
    outer loop
      vertex 3.90941 61.9436 30.6
      vertex 3.93748 61.5153 30.6
      vertex 3.93748 62.0847 30.6
    endloop
  endfacet
  facet normal 0 0 1
    outer loop
      vertex 3.90941 61.9436 30.6
      vertex 3.90941 61.6564 30.6
      vertex 3.93748 61.5153 30.6
    endloop
  endfacet
  facet normal 0 -0 1
    outer loop
      vertex 3.90941 61.6564 30.6
      vertex 3.90941 61.9436 30.6
      vertex 3.9 61.8 30.6
    endloop
  endfacet
  facet normal 0.555374 -0.831601 0
    outer loop
      vertex 4.33036 62.6727 30.6
      vertex 4.45 62.7526 35.1
      vertex 4.33036 62.6727 35.1
    endloop
  endfacet
  facet normal 0.555374 -0.831601 0
    outer loop
      vertex 4.45 62.7526 35.1
      vertex 4.33036 62.6727 30.6
      vertex 4.45 62.7526 30.6
    endloop
  endfacet
  facet normal 0.896806 -0.442424 0
    outer loop
      vertex 3.98373 62.221 35.1
      vertex 4.04737 62.35 30.6
      vertex 4.04737 62.35 35.1
    endloop
  endfacet
  facet normal 0.896806 -0.442424 0
    outer loop
      vertex 4.04737 62.35 30.6
      vertex 3.98373 62.221 35.1
      vertex 3.98373 62.221 30.6
    endloop
  endfacet
  facet normal 0.555374 0.831601 -0
    outer loop
      vertex 4.45 60.8474 30.6
      vertex 4.33036 60.9273 35.1
      vertex 4.45 60.8474 35.1
    endloop
  endfacet
  facet normal 0.555374 0.831601 0
    outer loop
      vertex 4.33036 60.9273 35.1
      vertex 4.45 60.8474 30.6
      vertex 4.33036 60.9273 30.6
    endloop
  endfacet
  facet normal -0.659458 0.751741 0
    outer loop
      vertex 5.77782 61.0222 30.6
      vertex 5.66964 60.9273 35.1
      vertex 5.77782 61.0222 35.1
    endloop
  endfacet
  facet normal -0.659458 0.751741 0
    outer loop
      vertex 5.66964 60.9273 35.1
      vertex 5.77782 61.0222 30.6
      vertex 5.66964 60.9273 30.6
    endloop
  endfacet
  facet normal -0.065389 0.99786 0
    outer loop
      vertex 54.9436 3.90941 30.6
      vertex 54.8 3.9 35.1
      vertex 54.9436 3.90941 35.1
    endloop
  endfacet
  facet normal -0.065389 0.99786 0
    outer loop
      vertex 54.8 3.9 35.1
      vertex 54.9436 3.90941 30.6
      vertex 54.8 3.9 30.6
    endloop
  endfacet
  facet normal -0.980746 -0.195287 0
    outer loop
      vertex 55.8906 5.14358 30.6
      vertex 55.8625 5.2847 35.1
      vertex 55.8625 5.2847 30.6
    endloop
  endfacet
  facet normal -0.980746 -0.195287 0
    outer loop
      vertex 55.8625 5.2847 35.1
      vertex 55.8906 5.14358 30.6
      vertex 55.8906 5.14358 35.1
    endloop
  endfacet
  facet normal -0.997864 -0.0653289 0
    outer loop
      vertex 55.9 5 30.6
      vertex 55.8906 5.14358 35.1
      vertex 55.8906 5.14358 30.6
    endloop
  endfacet
  facet normal -0.997864 -0.0653289 0
    outer loop
      vertex 55.8906 5.14358 35.1
      vertex 55.9 5 30.6
      vertex 55.9 5 35.1
    endloop
  endfacet
  facet normal -0.980746 0.195287 0
    outer loop
      vertex 55.8625 4.7153 30.6
      vertex 55.8906 4.85642 35.1
      vertex 55.8906 4.85642 30.6
    endloop
  endfacet
  facet normal -0.980746 0.195287 0
    outer loop
      vertex 55.8906 4.85642 35.1
      vertex 55.8625 4.7153 30.6
      vertex 55.8625 4.7153 35.1
    endloop
  endfacet
  facet normal -0.947037 0.321124 0
    outer loop
      vertex 55.8163 4.57905 30.6
      vertex 55.8625 4.7153 35.1
      vertex 55.8625 4.7153 30.6
    endloop
  endfacet
  facet normal -0.947037 0.321124 0
    outer loop
      vertex 55.8625 4.7153 35.1
      vertex 55.8163 4.57905 30.6
      vertex 55.8163 4.57905 35.1
    endloop
  endfacet
  facet normal 0.659272 0.751905 -0
    outer loop
      vertex 54.1304 4.12731 30.6
      vertex 54.0222 4.22218 35.1
      vertex 54.1304 4.12731 35.1
    endloop
  endfacet
  facet normal 0.659272 0.751905 0
    outer loop
      vertex 54.0222 4.22218 35.1
      vertex 54.1304 4.12731 30.6
      vertex 54.0222 4.22218 30.6
    endloop
  endfacet
  facet normal 0.195113 0.980781 -0
    outer loop
      vertex 54.6564 3.90941 30.6
      vertex 54.5153 3.93748 35.1
      vertex 54.6564 3.90941 35.1
    endloop
  endfacet
  facet normal 0.195113 0.980781 0
    outer loop
      vertex 54.5153 3.93748 35.1
      vertex 54.6564 3.90941 30.6
      vertex 54.5153 3.93748 30.6
    endloop
  endfacet
  facet normal 0.32133 -0.946967 0
    outer loop
      vertex 54.379 6.01627 30.6
      vertex 54.5153 6.06252 35.1
      vertex 54.379 6.01627 35.1
    endloop
  endfacet
  facet normal 0.32133 -0.946967 0
    outer loop
      vertex 54.5153 6.06252 35.1
      vertex 54.379 6.01627 30.6
      vertex 54.5153 6.06252 30.6
    endloop
  endfacet
  facet normal 0.555694 -0.831387 0
    outer loop
      vertex 54.1304 5.87269 30.6
      vertex 54.25 5.95263 35.1
      vertex 54.1304 5.87269 35.1
    endloop
  endfacet
  facet normal 0.555694 -0.831387 0
    outer loop
      vertex 54.25 5.95263 35.1
      vertex 54.1304 5.87269 30.6
      vertex 54.25 5.95263 30.6
    endloop
  endfacet
  facet normal -0.896708 -0.442622 0
    outer loop
      vertex 55.8163 5.42095 30.6
      vertex 55.7526 5.55 35.1
      vertex 55.7526 5.55 30.6
    endloop
  endfacet
  facet normal -0.896708 -0.442622 0
    outer loop
      vertex 55.7526 5.55 35.1
      vertex 55.8163 5.42095 30.6
      vertex 55.8163 5.42095 35.1
    endloop
  endfacet
  facet normal -0.195113 0.980781 0
    outer loop
      vertex 55.0847 3.93748 30.6
      vertex 54.9436 3.90941 35.1
      vertex 55.0847 3.93748 35.1
    endloop
  endfacet
  facet normal -0.195113 0.980781 0
    outer loop
      vertex 54.9436 3.90941 35.1
      vertex 55.0847 3.93748 30.6
      vertex 54.9436 3.90941 30.6
    endloop
  endfacet
  facet normal -0.442424 0.896806 0
    outer loop
      vertex 55.35 4.04737 30.6
      vertex 55.221 3.98373 35.1
      vertex 55.35 4.04737 35.1
    endloop
  endfacet
  facet normal -0.442424 0.896806 0
    outer loop
      vertex 55.221 3.98373 35.1
      vertex 55.35 4.04737 30.6
      vertex 55.221 3.98373 30.6
    endloop
  endfacet
  facet normal -0.32133 0.946967 0
    outer loop
      vertex 55.221 3.98373 30.6
      vertex 55.0847 3.93748 35.1
      vertex 55.221 3.98373 35.1
    endloop
  endfacet
  facet normal -0.32133 0.946967 0
    outer loop
      vertex 55.0847 3.93748 35.1
      vertex 55.221 3.98373 30.6
      vertex 55.0847 3.93748 30.6
    endloop
  endfacet
  facet normal -0.555694 0.831387 0
    outer loop
      vertex 55.4696 4.12731 30.6
      vertex 55.35 4.04737 35.1
      vertex 55.4696 4.12731 35.1
    endloop
  endfacet
  facet normal -0.555694 0.831387 0
    outer loop
      vertex 55.35 4.04737 35.1
      vertex 55.4696 4.12731 30.6
      vertex 55.35 4.04737 30.6
    endloop
  endfacet
  facet normal 0.442424 -0.896806 0
    outer loop
      vertex 54.25 5.95263 30.6
      vertex 54.379 6.01627 35.1
      vertex 54.25 5.95263 35.1
    endloop
  endfacet
  facet normal 0.442424 -0.896806 0
    outer loop
      vertex 54.379 6.01627 35.1
      vertex 54.25 5.95263 30.6
      vertex 54.379 6.01627 30.6
    endloop
  endfacet
  facet normal 0.751741 0.659458 0
    outer loop
      vertex 54.0222 4.22218 35.1
      vertex 53.9273 4.33036 30.6
      vertex 53.9273 4.33036 35.1
    endloop
  endfacet
  facet normal 0.751741 0.659458 0
    outer loop
      vertex 53.9273 4.33036 30.6
      vertex 54.0222 4.22218 35.1
      vertex 54.0222 4.22218 30.6
    endloop
  endfacet
  facet normal 0.997864 0.0653289 0
    outer loop
      vertex 53.7094 4.85642 35.1
      vertex 53.7 5 30.6
      vertex 53.7 5 35.1
    endloop
  endfacet
  facet normal 0.997864 0.0653289 0
    outer loop
      vertex 53.7 5 30.6
      vertex 53.7094 4.85642 35.1
      vertex 53.7094 4.85642 30.6
    endloop
  endfacet
  facet normal -0.831601 -0.555374 0
    outer loop
      vertex 55.7526 5.55 30.6
      vertex 55.6727 5.66964 35.1
      vertex 55.6727 5.66964 30.6
    endloop
  endfacet
  facet normal -0.831601 -0.555374 0
    outer loop
      vertex 55.6727 5.66964 35.1
      vertex 55.7526 5.55 30.6
      vertex 55.7526 5.55 35.1
    endloop
  endfacet
  facet normal 0.997864 -0.0653289 0
    outer loop
      vertex 53.7 5 35.1
      vertex 53.7094 5.14358 30.6
      vertex 53.7094 5.14358 35.1
    endloop
  endfacet
  facet normal 0.997864 -0.0653289 0
    outer loop
      vertex 53.7094 5.14358 30.6
      vertex 53.7 5 35.1
      vertex 53.7 5 30.6
    endloop
  endfacet
  facet normal 0.555694 0.831387 -0
    outer loop
      vertex 54.25 4.04737 30.6
      vertex 54.1304 4.12731 35.1
      vertex 54.25 4.04737 35.1
    endloop
  endfacet
  facet normal 0.555694 0.831387 0
    outer loop
      vertex 54.1304 4.12731 35.1
      vertex 54.25 4.04737 30.6
      vertex 54.1304 4.12731 30.6
    endloop
  endfacet
  facet normal 0.980746 -0.195287 0
    outer loop
      vertex 53.7094 5.14358 35.1
      vertex 53.7375 5.2847 30.6
      vertex 53.7375 5.2847 35.1
    endloop
  endfacet
  facet normal 0.980746 -0.195287 0
    outer loop
      vertex 53.7375 5.2847 30.6
      vertex 53.7094 5.14358 35.1
      vertex 53.7094 5.14358 30.6
    endloop
  endfacet
  facet normal 0.751741 -0.659458 0
    outer loop
      vertex 53.9273 5.66964 35.1
      vertex 54.0222 5.77782 30.6
      vertex 54.0222 5.77782 35.1
    endloop
  endfacet
  facet normal 0.751741 -0.659458 0
    outer loop
      vertex 54.0222 5.77782 30.6
      vertex 53.9273 5.66964 35.1
      vertex 53.9273 5.66964 30.6
    endloop
  endfacet
  facet normal 0.947037 0.321124 0
    outer loop
      vertex 53.7837 4.57905 35.1
      vertex 53.7375 4.7153 30.6
      vertex 53.7375 4.7153 35.1
    endloop
  endfacet
  facet normal 0.947037 0.321124 0
    outer loop
      vertex 53.7375 4.7153 30.6
      vertex 53.7837 4.57905 35.1
      vertex 53.7837 4.57905 30.6
    endloop
  endfacet
  facet normal -0.997864 0.0653289 0
    outer loop
      vertex 55.8906 4.85642 30.6
      vertex 55.9 5 35.1
      vertex 55.9 5 30.6
    endloop
  endfacet
  facet normal -0.997864 0.0653289 0
    outer loop
      vertex 55.9 5 35.1
      vertex 55.8906 4.85642 30.6
      vertex 55.8906 4.85642 35.1
    endloop
  endfacet
  facet normal -0.442424 -0.896806 0
    outer loop
      vertex 55.221 6.01627 30.6
      vertex 55.35 5.95263 35.1
      vertex 55.221 6.01627 35.1
    endloop
  endfacet
  facet normal -0.442424 -0.896806 -0
    outer loop
      vertex 55.35 5.95263 35.1
      vertex 55.221 6.01627 30.6
      vertex 55.35 5.95263 30.6
    endloop
  endfacet
  facet normal -0.751741 -0.659458 0
    outer loop
      vertex 55.6727 5.66964 30.6
      vertex 55.5778 5.77782 35.1
      vertex 55.5778 5.77782 30.6
    endloop
  endfacet
  facet normal -0.751741 -0.659458 0
    outer loop
      vertex 55.5778 5.77782 35.1
      vertex 55.6727 5.66964 30.6
      vertex 55.6727 5.66964 35.1
    endloop
  endfacet
  facet normal -0.555694 -0.831387 0
    outer loop
      vertex 55.35 5.95263 30.6
      vertex 55.4696 5.87269 35.1
      vertex 55.35 5.95263 35.1
    endloop
  endfacet
  facet normal -0.555694 -0.831387 -0
    outer loop
      vertex 55.4696 5.87269 35.1
      vertex 55.35 5.95263 30.6
      vertex 55.4696 5.87269 30.6
    endloop
  endfacet
  facet normal -0.896708 0.442622 0
    outer loop
      vertex 55.7526 4.45 30.6
      vertex 55.8163 4.57905 35.1
      vertex 55.8163 4.57905 30.6
    endloop
  endfacet
  facet normal -0.896708 0.442622 0
    outer loop
      vertex 55.8163 4.57905 35.1
      vertex 55.7526 4.45 30.6
      vertex 55.7526 4.45 35.1
    endloop
  endfacet
  facet normal -0.831601 0.555374 0
    outer loop
      vertex 55.6727 4.33036 30.6
      vertex 55.7526 4.45 35.1
      vertex 55.7526 4.45 30.6
    endloop
  endfacet
  facet normal -0.831601 0.555374 0
    outer loop
      vertex 55.7526 4.45 35.1
      vertex 55.6727 4.33036 30.6
      vertex 55.6727 4.33036 35.1
    endloop
  endfacet
  facet normal 0.831601 -0.555374 0
    outer loop
      vertex 53.8474 5.55 35.1
      vertex 53.9273 5.66964 30.6
      vertex 53.9273 5.66964 35.1
    endloop
  endfacet
  facet normal 0.831601 -0.555374 0
    outer loop
      vertex 53.9273 5.66964 30.6
      vertex 53.8474 5.55 35.1
      vertex 53.8474 5.55 30.6
    endloop
  endfacet
  facet normal 0.195113 -0.980781 0
    outer loop
      vertex 54.5153 6.06252 30.6
      vertex 54.6564 6.09059 35.1
      vertex 54.5153 6.06252 35.1
    endloop
  endfacet
  facet normal 0.195113 -0.980781 0
    outer loop
      vertex 54.6564 6.09059 35.1
      vertex 54.5153 6.06252 30.6
      vertex 54.6564 6.09059 30.6
    endloop
  endfacet
  facet normal -0.659272 -0.751905 0
    outer loop
      vertex 55.4696 5.87269 30.6
      vertex 55.5778 5.77782 35.1
      vertex 55.4696 5.87269 35.1
    endloop
  endfacet
  facet normal -0.659272 -0.751905 -0
    outer loop
      vertex 55.5778 5.77782 35.1
      vertex 55.4696 5.87269 30.6
      vertex 55.5778 5.77782 30.6
    endloop
  endfacet
  facet normal -0.751741 0.659458 0
    outer loop
      vertex 55.5778 4.22218 30.6
      vertex 55.6727 4.33036 35.1
      vertex 55.6727 4.33036 30.6
    endloop
  endfacet
  facet normal -0.751741 0.659458 0
    outer loop
      vertex 55.6727 4.33036 35.1
      vertex 55.5778 4.22218 30.6
      vertex 55.5778 4.22218 35.1
    endloop
  endfacet
  facet normal 0.32133 0.946967 -0
    outer loop
      vertex 54.5153 3.93748 30.6
      vertex 54.379 3.98373 35.1
      vertex 54.5153 3.93748 35.1
    endloop
  endfacet
  facet normal 0.32133 0.946967 0
    outer loop
      vertex 54.379 3.98373 35.1
      vertex 54.5153 3.93748 30.6
      vertex 54.379 3.98373 30.6
    endloop
  endfacet
  facet normal -0.065389 -0.99786 0
    outer loop
      vertex 54.8 6.1 30.6
      vertex 54.9436 6.09059 35.1
      vertex 54.8 6.1 35.1
    endloop
  endfacet
  facet normal -0.065389 -0.99786 -0
    outer loop
      vertex 54.9436 6.09059 35.1
      vertex 54.8 6.1 30.6
      vertex 54.9436 6.09059 30.6
    endloop
  endfacet
  facet normal 0.831601 0.555374 0
    outer loop
      vertex 53.9273 4.33036 35.1
      vertex 53.8474 4.45 30.6
      vertex 53.8474 4.45 35.1
    endloop
  endfacet
  facet normal 0.831601 0.555374 0
    outer loop
      vertex 53.8474 4.45 30.6
      vertex 53.9273 4.33036 35.1
      vertex 53.9273 4.33036 30.6
    endloop
  endfacet
  facet normal 0.659272 -0.751905 0
    outer loop
      vertex 54.0222 5.77782 30.6
      vertex 54.1304 5.87269 35.1
      vertex 54.0222 5.77782 35.1
    endloop
  endfacet
  facet normal 0.659272 -0.751905 0
    outer loop
      vertex 54.1304 5.87269 35.1
      vertex 54.0222 5.77782 30.6
      vertex 54.1304 5.87269 30.6
    endloop
  endfacet
  facet normal -0.195113 -0.980781 0
    outer loop
      vertex 54.9436 6.09059 30.6
      vertex 55.0847 6.06252 35.1
      vertex 54.9436 6.09059 35.1
    endloop
  endfacet
  facet normal -0.195113 -0.980781 -0
    outer loop
      vertex 55.0847 6.06252 35.1
      vertex 54.9436 6.09059 30.6
      vertex 55.0847 6.06252 30.6
    endloop
  endfacet
  facet normal 0.896708 -0.442622 0
    outer loop
      vertex 53.7837 5.42095 35.1
      vertex 53.8474 5.55 30.6
      vertex 53.8474 5.55 35.1
    endloop
  endfacet
  facet normal 0.896708 -0.442622 0
    outer loop
      vertex 53.8474 5.55 30.6
      vertex 53.7837 5.42095 35.1
      vertex 53.7837 5.42095 30.6
    endloop
  endfacet
  facet normal 0.065389 -0.99786 0
    outer loop
      vertex 54.6564 6.09059 30.6
      vertex 54.8 6.1 35.1
      vertex 54.6564 6.09059 35.1
    endloop
  endfacet
  facet normal 0.065389 -0.99786 0
    outer loop
      vertex 54.8 6.1 35.1
      vertex 54.6564 6.09059 30.6
      vertex 54.8 6.1 30.6
    endloop
  endfacet
  facet normal 0 0 1
    outer loop
      vertex 55.8906 5.14358 30.6
      vertex 55.8906 4.85642 30.6
      vertex 55.9 5 30.6
    endloop
  endfacet
  facet normal 0 0 1
    outer loop
      vertex 55.8625 5.2847 30.6
      vertex 55.8906 4.85642 30.6
      vertex 55.8906 5.14358 30.6
    endloop
  endfacet
  facet normal 0 0 1
    outer loop
      vertex 55.8625 5.2847 30.6
      vertex 55.8625 4.7153 30.6
      vertex 55.8906 4.85642 30.6
    endloop
  endfacet
  facet normal 0 0 1
    outer loop
      vertex 55.8163 5.42095 30.6
      vertex 55.8625 4.7153 30.6
      vertex 55.8625 5.2847 30.6
    endloop
  endfacet
  facet normal 0 0 1
    outer loop
      vertex 55.8163 5.42095 30.6
      vertex 55.8163 4.57905 30.6
      vertex 55.8625 4.7153 30.6
    endloop
  endfacet
  facet normal 0 0 1
    outer loop
      vertex 55.7526 5.55 30.6
      vertex 55.8163 4.57905 30.6
      vertex 55.8163 5.42095 30.6
    endloop
  endfacet
  facet normal 0 0 1
    outer loop
      vertex 55.7526 5.55 30.6
      vertex 55.7526 4.45 30.6
      vertex 55.8163 4.57905 30.6
    endloop
  endfacet
  facet normal 0 0 1
    outer loop
      vertex 55.6727 5.66964 30.6
      vertex 55.7526 4.45 30.6
      vertex 55.7526 5.55 30.6
    endloop
  endfacet
  facet normal 0 0 1
    outer loop
      vertex 55.6727 5.66964 30.6
      vertex 55.6727 4.33036 30.6
      vertex 55.7526 4.45 30.6
    endloop
  endfacet
  facet normal 0 0 1
    outer loop
      vertex 55.5778 5.77782 30.6
      vertex 55.6727 4.33036 30.6
      vertex 55.6727 5.66964 30.6
    endloop
  endfacet
  facet normal 0 0 1
    outer loop
      vertex 55.5778 5.77782 30.6
      vertex 55.5778 4.22218 30.6
      vertex 55.6727 4.33036 30.6
    endloop
  endfacet
  facet normal 0 0 1
    outer loop
      vertex 55.4696 5.87269 30.6
      vertex 55.5778 4.22218 30.6
      vertex 55.5778 5.77782 30.6
    endloop
  endfacet
  facet normal 0 0 1
    outer loop
      vertex 55.4696 5.87269 30.6
      vertex 55.4696 4.12731 30.6
      vertex 55.5778 4.22218 30.6
    endloop
  endfacet
  facet normal 0 0 1
    outer loop
      vertex 55.35 5.95263 30.6
      vertex 55.4696 4.12731 30.6
      vertex 55.4696 5.87269 30.6
    endloop
  endfacet
  facet normal 0 0 1
    outer loop
      vertex 55.35 5.95263 30.6
      vertex 55.35 4.04737 30.6
      vertex 55.4696 4.12731 30.6
    endloop
  endfacet
  facet normal 0 0 1
    outer loop
      vertex 55.221 6.01627 30.6
      vertex 55.35 4.04737 30.6
      vertex 55.35 5.95263 30.6
    endloop
  endfacet
  facet normal 0 0 1
    outer loop
      vertex 55.221 6.01627 30.6
      vertex 55.221 3.98373 30.6
      vertex 55.35 4.04737 30.6
    endloop
  endfacet
  facet normal 0 0 1
    outer loop
      vertex 55.0847 6.06252 30.6
      vertex 55.221 3.98373 30.6
      vertex 55.221 6.01627 30.6
    endloop
  endfacet
  facet normal 0 0 1
    outer loop
      vertex 55.0847 6.06252 30.6
      vertex 55.0847 3.93748 30.6
      vertex 55.221 3.98373 30.6
    endloop
  endfacet
  facet normal 0 0 1
    outer loop
      vertex 54.9436 6.09059 30.6
      vertex 55.0847 3.93748 30.6
      vertex 55.0847 6.06252 30.6
    endloop
  endfacet
  facet normal 0 0 1
    outer loop
      vertex 54.9436 6.09059 30.6
      vertex 54.9436 3.90941 30.6
      vertex 55.0847 3.93748 30.6
    endloop
  endfacet
  facet normal 0 0 1
    outer loop
      vertex 54.8 6.1 30.6
      vertex 54.9436 3.90941 30.6
      vertex 54.9436 6.09059 30.6
    endloop
  endfacet
  facet normal 0 0 1
    outer loop
      vertex 54.8 6.1 30.6
      vertex 54.8 3.9 30.6
      vertex 54.9436 3.90941 30.6
    endloop
  endfacet
  facet normal -0 0 1
    outer loop
      vertex 54.6564 6.09059 30.6
      vertex 54.8 3.9 30.6
      vertex 54.8 6.1 30.6
    endloop
  endfacet
  facet normal 0 0 1
    outer loop
      vertex 54.6564 6.09059 30.6
      vertex 54.6564 3.90941 30.6
      vertex 54.8 3.9 30.6
    endloop
  endfacet
  facet normal -0 0 1
    outer loop
      vertex 54.5153 6.06252 30.6
      vertex 54.6564 3.90941 30.6
      vertex 54.6564 6.09059 30.6
    endloop
  endfacet
  facet normal 0 0 1
    outer loop
      vertex 54.5153 6.06252 30.6
      vertex 54.5153 3.93748 30.6
      vertex 54.6564 3.90941 30.6
    endloop
  endfacet
  facet normal -0 0 1
    outer loop
      vertex 54.379 6.01627 30.6
      vertex 54.5153 3.93748 30.6
      vertex 54.5153 6.06252 30.6
    endloop
  endfacet
  facet normal 0 0 1
    outer loop
      vertex 54.379 6.01627 30.6
      vertex 54.379 3.98373 30.6
      vertex 54.5153 3.93748 30.6
    endloop
  endfacet
  facet normal -0 0 1
    outer loop
      vertex 54.25 5.95263 30.6
      vertex 54.379 3.98373 30.6
      vertex 54.379 6.01627 30.6
    endloop
  endfacet
  facet normal 0 0 1
    outer loop
      vertex 54.25 5.95263 30.6
      vertex 54.25 4.04737 30.6
      vertex 54.379 3.98373 30.6
    endloop
  endfacet
  facet normal -0 0 1
    outer loop
      vertex 54.1304 5.87269 30.6
      vertex 54.25 4.04737 30.6
      vertex 54.25 5.95263 30.6
    endloop
  endfacet
  facet normal 0 0 1
    outer loop
      vertex 54.1304 5.87269 30.6
      vertex 54.1304 4.12731 30.6
      vertex 54.25 4.04737 30.6
    endloop
  endfacet
  facet normal -0 0 1
    outer loop
      vertex 54.0222 5.77782 30.6
      vertex 54.1304 4.12731 30.6
      vertex 54.1304 5.87269 30.6
    endloop
  endfacet
  facet normal 0 0 1
    outer loop
      vertex 54.0222 5.77782 30.6
      vertex 54.0222 4.22218 30.6
      vertex 54.1304 4.12731 30.6
    endloop
  endfacet
  facet normal -0 0 1
    outer loop
      vertex 53.9273 5.66964 30.6
      vertex 54.0222 4.22218 30.6
      vertex 54.0222 5.77782 30.6
    endloop
  endfacet
  facet normal 0 0 1
    outer loop
      vertex 53.9273 5.66964 30.6
      vertex 53.9273 4.33036 30.6
      vertex 54.0222 4.22218 30.6
    endloop
  endfacet
  facet normal -0 0 1
    outer loop
      vertex 53.8474 5.55 30.6
      vertex 53.9273 4.33036 30.6
      vertex 53.9273 5.66964 30.6
    endloop
  endfacet
  facet normal 0 0 1
    outer loop
      vertex 53.8474 5.55 30.6
      vertex 53.8474 4.45 30.6
      vertex 53.9273 4.33036 30.6
    endloop
  endfacet
  facet normal -0 0 1
    outer loop
      vertex 53.7837 5.42095 30.6
      vertex 53.8474 4.45 30.6
      vertex 53.8474 5.55 30.6
    endloop
  endfacet
  facet normal 0 0 1
    outer loop
      vertex 53.7837 5.42095 30.6
      vertex 53.7837 4.57905 30.6
      vertex 53.8474 4.45 30.6
    endloop
  endfacet
  facet normal -0 0 1
    outer loop
      vertex 53.7375 5.2847 30.6
      vertex 53.7837 4.57905 30.6
      vertex 53.7837 5.42095 30.6
    endloop
  endfacet
  facet normal 0 0 1
    outer loop
      vertex 53.7375 5.2847 30.6
      vertex 53.7375 4.7153 30.6
      vertex 53.7837 4.57905 30.6
    endloop
  endfacet
  facet normal -0 0 1
    outer loop
      vertex 53.7094 5.14358 30.6
      vertex 53.7375 4.7153 30.6
      vertex 53.7375 5.2847 30.6
    endloop
  endfacet
  facet normal 0 0 1
    outer loop
      vertex 53.7094 5.14358 30.6
      vertex 53.7094 4.85642 30.6
      vertex 53.7375 4.7153 30.6
    endloop
  endfacet
  facet normal 0 -0 1
    outer loop
      vertex 53.7094 4.85642 30.6
      vertex 53.7094 5.14358 30.6
      vertex 53.7 5 30.6
    endloop
  endfacet
  facet normal 0.980746 0.195287 0
    outer loop
      vertex 53.7375 4.7153 35.1
      vertex 53.7094 4.85642 30.6
      vertex 53.7094 4.85642 35.1
    endloop
  endfacet
  facet normal 0.980746 0.195287 0
    outer loop
      vertex 53.7094 4.85642 30.6
      vertex 53.7375 4.7153 35.1
      vertex 53.7375 4.7153 30.6
    endloop
  endfacet
  facet normal -0.32133 -0.946967 0
    outer loop
      vertex 55.0847 6.06252 30.6
      vertex 55.221 6.01627 35.1
      vertex 55.0847 6.06252 35.1
    endloop
  endfacet
  facet normal -0.32133 -0.946967 -0
    outer loop
      vertex 55.221 6.01627 35.1
      vertex 55.0847 6.06252 30.6
      vertex 55.221 6.01627 30.6
    endloop
  endfacet
  facet normal 0.947037 -0.321124 0
    outer loop
      vertex 53.7375 5.2847 35.1
      vertex 53.7837 5.42095 30.6
      vertex 53.7837 5.42095 35.1
    endloop
  endfacet
  facet normal 0.947037 -0.321124 0
    outer loop
      vertex 53.7837 5.42095 30.6
      vertex 53.7375 5.2847 35.1
      vertex 53.7375 5.2847 30.6
    endloop
  endfacet
  facet normal -0.947037 -0.321124 0
    outer loop
      vertex 55.8625 5.2847 30.6
      vertex 55.8163 5.42095 35.1
      vertex 55.8163 5.42095 30.6
    endloop
  endfacet
  facet normal -0.947037 -0.321124 0
    outer loop
      vertex 55.8163 5.42095 35.1
      vertex 55.8625 5.2847 30.6
      vertex 55.8625 5.2847 35.1
    endloop
  endfacet
  facet normal 0.442424 0.896806 -0
    outer loop
      vertex 54.379 3.98373 30.6
      vertex 54.25 4.04737 35.1
      vertex 54.379 3.98373 35.1
    endloop
  endfacet
  facet normal 0.442424 0.896806 0
    outer loop
      vertex 54.25 4.04737 35.1
      vertex 54.379 3.98373 30.6
      vertex 54.25 4.04737 30.6
    endloop
  endfacet
  facet normal 0.065389 0.99786 -0
    outer loop
      vertex 54.8 3.9 30.6
      vertex 54.6564 3.90941 35.1
      vertex 54.8 3.9 35.1
    endloop
  endfacet
  facet normal 0.065389 0.99786 0
    outer loop
      vertex 54.6564 3.90941 35.1
      vertex 54.8 3.9 30.6
      vertex 54.6564 3.90941 30.6
    endloop
  endfacet
  facet normal 0.896708 0.442622 0
    outer loop
      vertex 53.8474 4.45 35.1
      vertex 53.7837 4.57905 30.6
      vertex 53.7837 4.57905 35.1
    endloop
  endfacet
  facet normal 0.896708 0.442622 0
    outer loop
      vertex 53.7837 4.57905 30.6
      vertex 53.8474 4.45 35.1
      vertex 53.8474 4.45 30.6
    endloop
  endfacet
  facet normal -0.659272 0.751905 0
    outer loop
      vertex 55.5778 4.22218 30.6
      vertex 55.4696 4.12731 35.1
      vertex 55.5778 4.22218 35.1
    endloop
  endfacet
  facet normal -0.659272 0.751905 0
    outer loop
      vertex 55.4696 4.12731 35.1
      vertex 55.5778 4.22218 30.6
      vertex 55.4696 4.12731 30.6
    endloop
  endfacet
  facet normal -0.980741 0.195314 0
    outer loop
      vertex 55.8625 61.5153 30.6
      vertex 55.8906 61.6564 35.1
      vertex 55.8906 61.6564 30.6
    endloop
  endfacet
  facet normal -0.980741 0.195314 0
    outer loop
      vertex 55.8906 61.6564 35.1
      vertex 55.8625 61.5153 30.6
      vertex 55.8625 61.5153 35.1
    endloop
  endfacet
  facet normal -0.195314 0.980741 0
    outer loop
      vertex 55.0847 60.7375 30.6
      vertex 54.9436 60.7094 35.1
      vertex 55.0847 60.7375 35.1
    endloop
  endfacet
  facet normal -0.195314 0.980741 0
    outer loop
      vertex 54.9436 60.7094 35.1
      vertex 55.0847 60.7375 30.6
      vertex 54.9436 60.7094 30.6
    endloop
  endfacet
  facet normal -0.980741 -0.195314 0
    outer loop
      vertex 55.8906 61.9436 30.6
      vertex 55.8625 62.0847 35.1
      vertex 55.8625 62.0847 30.6
    endloop
  endfacet
  facet normal -0.980741 -0.195314 0
    outer loop
      vertex 55.8625 62.0847 35.1
      vertex 55.8906 61.9436 30.6
      vertex 55.8906 61.9436 35.1
    endloop
  endfacet
  facet normal -0.997864 -0.0653198 0
    outer loop
      vertex 55.9 61.8 30.6
      vertex 55.8906 61.9436 35.1
      vertex 55.8906 61.9436 30.6
    endloop
  endfacet
  facet normal -0.997864 -0.0653198 0
    outer loop
      vertex 55.8906 61.9436 35.1
      vertex 55.9 61.8 30.6
      vertex 55.9 61.8 35.1
    endloop
  endfacet
  facet normal 0.751801 0.65939 0
    outer loop
      vertex 54.0222 61.0222 35.1
      vertex 53.9273 61.1304 30.6
      vertex 53.9273 61.1304 35.1
    endloop
  endfacet
  facet normal 0.751801 0.65939 0
    outer loop
      vertex 53.9273 61.1304 30.6
      vertex 54.0222 61.0222 35.1
      vertex 54.0222 61.0222 30.6
    endloop
  endfacet
  facet normal 0.89664 0.44276 0
    outer loop
      vertex 53.8474 61.25 35.1
      vertex 53.7837 61.379 30.6
      vertex 53.7837 61.379 35.1
    endloop
  endfacet
  facet normal 0.89664 0.44276 0
    outer loop
      vertex 53.7837 61.379 30.6
      vertex 53.8474 61.25 35.1
      vertex 53.8474 61.25 30.6
    endloop
  endfacet
  facet normal 0.65939 0.751801 -0
    outer loop
      vertex 54.1304 60.9273 30.6
      vertex 54.0222 61.0222 35.1
      vertex 54.1304 60.9273 35.1
    endloop
  endfacet
  facet normal 0.65939 0.751801 0
    outer loop
      vertex 54.0222 61.0222 35.1
      vertex 54.1304 60.9273 30.6
      vertex 54.0222 61.0222 30.6
    endloop
  endfacet
  facet normal 0.751801 -0.65939 0
    outer loop
      vertex 53.9273 62.4696 35.1
      vertex 54.0222 62.5778 30.6
      vertex 54.0222 62.5778 35.1
    endloop
  endfacet
  facet normal 0.751801 -0.65939 0
    outer loop
      vertex 54.0222 62.5778 30.6
      vertex 53.9273 62.4696 35.1
      vertex 53.9273 62.4696 30.6
    endloop
  endfacet
  facet normal 0.555502 -0.831515 0
    outer loop
      vertex 54.1304 62.6727 30.6
      vertex 54.25 62.7526 35.1
      vertex 54.1304 62.6727 35.1
    endloop
  endfacet
  facet normal 0.555502 -0.831515 0
    outer loop
      vertex 54.25 62.7526 35.1
      vertex 54.1304 62.6727 30.6
      vertex 54.25 62.7526 30.6
    endloop
  endfacet
  facet normal -0.89664 0.44276 0
    outer loop
      vertex 55.7526 61.25 30.6
      vertex 55.8163 61.379 35.1
      vertex 55.8163 61.379 30.6
    endloop
  endfacet
  facet normal -0.89664 0.44276 0
    outer loop
      vertex 55.8163 61.379 35.1
      vertex 55.7526 61.25 30.6
      vertex 55.7526 61.25 35.1
    endloop
  endfacet
  facet normal -0.0653198 -0.997864 0
    outer loop
      vertex 54.8 62.9 30.6
      vertex 54.9436 62.8906 35.1
      vertex 54.8 62.9 35.1
    endloop
  endfacet
  facet normal -0.0653198 -0.997864 -0
    outer loop
      vertex 54.9436 62.8906 35.1
      vertex 54.8 62.9 30.6
      vertex 54.9436 62.8906 30.6
    endloop
  endfacet
  facet normal 0.65939 -0.751801 0
    outer loop
      vertex 54.0222 62.5778 30.6
      vertex 54.1304 62.6727 35.1
      vertex 54.0222 62.5778 35.1
    endloop
  endfacet
  facet normal 0.65939 -0.751801 0
    outer loop
      vertex 54.1304 62.6727 35.1
      vertex 54.0222 62.5778 30.6
      vertex 54.1304 62.6727 30.6
    endloop
  endfacet
  facet normal -0.44276 -0.89664 0
    outer loop
      vertex 55.221 62.8163 30.6
      vertex 55.35 62.7526 35.1
      vertex 55.221 62.8163 35.1
    endloop
  endfacet
  facet normal -0.44276 -0.89664 -0
    outer loop
      vertex 55.35 62.7526 35.1
      vertex 55.221 62.8163 30.6
      vertex 55.35 62.7526 30.6
    endloop
  endfacet
  facet normal 0.321018 -0.947073 0
    outer loop
      vertex 54.379 62.8163 30.6
      vertex 54.5153 62.8625 35.1
      vertex 54.379 62.8163 35.1
    endloop
  endfacet
  facet normal 0.321018 -0.947073 0
    outer loop
      vertex 54.5153 62.8625 35.1
      vertex 54.379 62.8163 30.6
      vertex 54.5153 62.8625 30.6
    endloop
  endfacet
  facet normal -0.947073 0.321018 0
    outer loop
      vertex 55.8163 61.379 30.6
      vertex 55.8625 61.5153 35.1
      vertex 55.8625 61.5153 30.6
    endloop
  endfacet
  facet normal -0.947073 0.321018 0
    outer loop
      vertex 55.8625 61.5153 35.1
      vertex 55.8163 61.379 30.6
      vertex 55.8163 61.379 35.1
    endloop
  endfacet
  facet normal -0.751801 0.65939 0
    outer loop
      vertex 55.5778 61.0222 30.6
      vertex 55.6727 61.1304 35.1
      vertex 55.6727 61.1304 30.6
    endloop
  endfacet
  facet normal -0.751801 0.65939 0
    outer loop
      vertex 55.6727 61.1304 35.1
      vertex 55.5778 61.0222 30.6
      vertex 55.5778 61.0222 35.1
    endloop
  endfacet
  facet normal -0.65939 0.751801 0
    outer loop
      vertex 55.5778 61.0222 30.6
      vertex 55.4696 60.9273 35.1
      vertex 55.5778 61.0222 35.1
    endloop
  endfacet
  facet normal -0.65939 0.751801 0
    outer loop
      vertex 55.4696 60.9273 35.1
      vertex 55.5778 61.0222 30.6
      vertex 55.4696 60.9273 30.6
    endloop
  endfacet
  facet normal -0.0653198 0.997864 0
    outer loop
      vertex 54.9436 60.7094 30.6
      vertex 54.8 60.7 35.1
      vertex 54.9436 60.7094 35.1
    endloop
  endfacet
  facet normal -0.0653198 0.997864 0
    outer loop
      vertex 54.8 60.7 35.1
      vertex 54.9436 60.7094 30.6
      vertex 54.8 60.7 30.6
    endloop
  endfacet
  facet normal 0.555502 0.831515 -0
    outer loop
      vertex 54.25 60.8474 30.6
      vertex 54.1304 60.9273 35.1
      vertex 54.25 60.8474 35.1
    endloop
  endfacet
  facet normal 0.555502 0.831515 0
    outer loop
      vertex 54.1304 60.9273 35.1
      vertex 54.25 60.8474 30.6
      vertex 54.1304 60.9273 30.6
    endloop
  endfacet
  facet normal 0 0 1
    outer loop
      vertex 55.8906 61.9436 30.6
      vertex 55.8906 61.6564 30.6
      vertex 55.9 61.8 30.6
    endloop
  endfacet
  facet normal 0 0 1
    outer loop
      vertex 55.8625 62.0847 30.6
      vertex 55.8906 61.6564 30.6
      vertex 55.8906 61.9436 30.6
    endloop
  endfacet
  facet normal 0 0 1
    outer loop
      vertex 55.8625 62.0847 30.6
      vertex 55.8625 61.5153 30.6
      vertex 55.8906 61.6564 30.6
    endloop
  endfacet
  facet normal 0 0 1
    outer loop
      vertex 55.8163 62.221 30.6
      vertex 55.8625 61.5153 30.6
      vertex 55.8625 62.0847 30.6
    endloop
  endfacet
  facet normal 0 0 1
    outer loop
      vertex 55.8163 62.221 30.6
      vertex 55.8163 61.379 30.6
      vertex 55.8625 61.5153 30.6
    endloop
  endfacet
  facet normal 0 0 1
    outer loop
      vertex 55.7526 62.35 30.6
      vertex 55.8163 61.379 30.6
      vertex 55.8163 62.221 30.6
    endloop
  endfacet
  facet normal 0 0 1
    outer loop
      vertex 55.7526 62.35 30.6
      vertex 55.7526 61.25 30.6
      vertex 55.8163 61.379 30.6
    endloop
  endfacet
  facet normal 0 0 1
    outer loop
      vertex 55.6727 62.4696 30.6
      vertex 55.7526 61.25 30.6
      vertex 55.7526 62.35 30.6
    endloop
  endfacet
  facet normal 0 0 1
    outer loop
      vertex 55.6727 62.4696 30.6
      vertex 55.6727 61.1304 30.6
      vertex 55.7526 61.25 30.6
    endloop
  endfacet
  facet normal 0 0 1
    outer loop
      vertex 55.5778 62.5778 30.6
      vertex 55.6727 61.1304 30.6
      vertex 55.6727 62.4696 30.6
    endloop
  endfacet
  facet normal 0 0 1
    outer loop
      vertex 55.5778 62.5778 30.6
      vertex 55.5778 61.0222 30.6
      vertex 55.6727 61.1304 30.6
    endloop
  endfacet
  facet normal 0 0 1
    outer loop
      vertex 55.4696 62.6727 30.6
      vertex 55.5778 61.0222 30.6
      vertex 55.5778 62.5778 30.6
    endloop
  endfacet
  facet normal 0 0 1
    outer loop
      vertex 55.4696 62.6727 30.6
      vertex 55.4696 60.9273 30.6
      vertex 55.5778 61.0222 30.6
    endloop
  endfacet
  facet normal 0 0 1
    outer loop
      vertex 55.35 62.7526 30.6
      vertex 55.4696 60.9273 30.6
      vertex 55.4696 62.6727 30.6
    endloop
  endfacet
  facet normal 0 0 1
    outer loop
      vertex 55.35 62.7526 30.6
      vertex 55.35 60.8474 30.6
      vertex 55.4696 60.9273 30.6
    endloop
  endfacet
  facet normal 0 0 1
    outer loop
      vertex 55.221 62.8163 30.6
      vertex 55.35 60.8474 30.6
      vertex 55.35 62.7526 30.6
    endloop
  endfacet
  facet normal 0 0 1
    outer loop
      vertex 55.221 62.8163 30.6
      vertex 55.221 60.7837 30.6
      vertex 55.35 60.8474 30.6
    endloop
  endfacet
  facet normal 0 0 1
    outer loop
      vertex 55.0847 62.8625 30.6
      vertex 55.221 60.7837 30.6
      vertex 55.221 62.8163 30.6
    endloop
  endfacet
  facet normal 0 0 1
    outer loop
      vertex 55.0847 62.8625 30.6
      vertex 55.0847 60.7375 30.6
      vertex 55.221 60.7837 30.6
    endloop
  endfacet
  facet normal 0 0 1
    outer loop
      vertex 54.9436 62.8906 30.6
      vertex 55.0847 60.7375 30.6
      vertex 55.0847 62.8625 30.6
    endloop
  endfacet
  facet normal 0 0 1
    outer loop
      vertex 54.9436 62.8906 30.6
      vertex 54.9436 60.7094 30.6
      vertex 55.0847 60.7375 30.6
    endloop
  endfacet
  facet normal 0 0 1
    outer loop
      vertex 54.8 62.9 30.6
      vertex 54.9436 60.7094 30.6
      vertex 54.9436 62.8906 30.6
    endloop
  endfacet
  facet normal 0 0 1
    outer loop
      vertex 54.8 62.9 30.6
      vertex 54.8 60.7 30.6
      vertex 54.9436 60.7094 30.6
    endloop
  endfacet
  facet normal -0 0 1
    outer loop
      vertex 54.6564 62.8906 30.6
      vertex 54.8 60.7 30.6
      vertex 54.8 62.9 30.6
    endloop
  endfacet
  facet normal 0 0 1
    outer loop
      vertex 54.6564 62.8906 30.6
      vertex 54.6564 60.7094 30.6
      vertex 54.8 60.7 30.6
    endloop
  endfacet
  facet normal -0 0 1
    outer loop
      vertex 54.5153 62.8625 30.6
      vertex 54.6564 60.7094 30.6
      vertex 54.6564 62.8906 30.6
    endloop
  endfacet
  facet normal 0 0 1
    outer loop
      vertex 54.5153 62.8625 30.6
      vertex 54.5153 60.7375 30.6
      vertex 54.6564 60.7094 30.6
    endloop
  endfacet
  facet normal -0 0 1
    outer loop
      vertex 54.379 62.8163 30.6
      vertex 54.5153 60.7375 30.6
      vertex 54.5153 62.8625 30.6
    endloop
  endfacet
  facet normal 0 0 1
    outer loop
      vertex 54.379 62.8163 30.6
      vertex 54.379 60.7837 30.6
      vertex 54.5153 60.7375 30.6
    endloop
  endfacet
  facet normal -0 0 1
    outer loop
      vertex 54.25 62.7526 30.6
      vertex 54.379 60.7837 30.6
      vertex 54.379 62.8163 30.6
    endloop
  endfacet
  facet normal 0 0 1
    outer loop
      vertex 54.25 62.7526 30.6
      vertex 54.25 60.8474 30.6
      vertex 54.379 60.7837 30.6
    endloop
  endfacet
  facet normal -0 0 1
    outer loop
      vertex 54.1304 62.6727 30.6
      vertex 54.25 60.8474 30.6
      vertex 54.25 62.7526 30.6
    endloop
  endfacet
  facet normal 0 0 1
    outer loop
      vertex 54.1304 62.6727 30.6
      vertex 54.1304 60.9273 30.6
      vertex 54.25 60.8474 30.6
    endloop
  endfacet
  facet normal -0 0 1
    outer loop
      vertex 54.0222 62.5778 30.6
      vertex 54.1304 60.9273 30.6
      vertex 54.1304 62.6727 30.6
    endloop
  endfacet
  facet normal 0 0 1
    outer loop
      vertex 54.0222 62.5778 30.6
      vertex 54.0222 61.0222 30.6
      vertex 54.1304 60.9273 30.6
    endloop
  endfacet
  facet normal -0 0 1
    outer loop
      vertex 53.9273 62.4696 30.6
      vertex 54.0222 61.0222 30.6
      vertex 54.0222 62.5778 30.6
    endloop
  endfacet
  facet normal 0 0 1
    outer loop
      vertex 53.9273 62.4696 30.6
      vertex 53.9273 61.1304 30.6
      vertex 54.0222 61.0222 30.6
    endloop
  endfacet
  facet normal -0 0 1
    outer loop
      vertex 53.8474 62.35 30.6
      vertex 53.9273 61.1304 30.6
      vertex 53.9273 62.4696 30.6
    endloop
  endfacet
  facet normal 0 0 1
    outer loop
      vertex 53.8474 62.35 30.6
      vertex 53.8474 61.25 30.6
      vertex 53.9273 61.1304 30.6
    endloop
  endfacet
  facet normal -0 0 1
    outer loop
      vertex 53.7837 62.221 30.6
      vertex 53.8474 61.25 30.6
      vertex 53.8474 62.35 30.6
    endloop
  endfacet
  facet normal 0 0 1
    outer loop
      vertex 53.7837 62.221 30.6
      vertex 53.7837 61.379 30.6
      vertex 53.8474 61.25 30.6
    endloop
  endfacet
  facet normal -0 0 1
    outer loop
      vertex 53.7375 62.0847 30.6
      vertex 53.7837 61.379 30.6
      vertex 53.7837 62.221 30.6
    endloop
  endfacet
  facet normal 0 0 1
    outer loop
      vertex 53.7375 62.0847 30.6
      vertex 53.7375 61.5153 30.6
      vertex 53.7837 61.379 30.6
    endloop
  endfacet
  facet normal -0 0 1
    outer loop
      vertex 53.7094 61.9436 30.6
      vertex 53.7375 61.5153 30.6
      vertex 53.7375 62.0847 30.6
    endloop
  endfacet
  facet normal 0 0 1
    outer loop
      vertex 53.7094 61.9436 30.6
      vertex 53.7094 61.6564 30.6
      vertex 53.7375 61.5153 30.6
    endloop
  endfacet
  facet normal 0 -0 1
    outer loop
      vertex 53.7094 61.6564 30.6
      vertex 53.7094 61.9436 30.6
      vertex 53.7 61.8 30.6
    endloop
  endfacet
  facet normal -0.195314 -0.980741 0
    outer loop
      vertex 54.9436 62.8906 30.6
      vertex 55.0847 62.8625 35.1
      vertex 54.9436 62.8906 35.1
    endloop
  endfacet
  facet normal -0.195314 -0.980741 -0
    outer loop
      vertex 55.0847 62.8625 35.1
      vertex 54.9436 62.8906 30.6
      vertex 55.0847 62.8625 30.6
    endloop
  endfacet
  facet normal 0.947073 0.321018 0
    outer loop
      vertex 53.7837 61.379 35.1
      vertex 53.7375 61.5153 30.6
      vertex 53.7375 61.5153 35.1
    endloop
  endfacet
  facet normal 0.947073 0.321018 0
    outer loop
      vertex 53.7375 61.5153 30.6
      vertex 53.7837 61.379 35.1
      vertex 53.7837 61.379 30.6
    endloop
  endfacet
  facet normal 0.980741 -0.195314 0
    outer loop
      vertex 53.7094 61.9436 35.1
      vertex 53.7375 62.0847 30.6
      vertex 53.7375 62.0847 35.1
    endloop
  endfacet
  facet normal 0.980741 -0.195314 0
    outer loop
      vertex 53.7375 62.0847 30.6
      vertex 53.7094 61.9436 35.1
      vertex 53.7094 61.9436 30.6
    endloop
  endfacet
  facet normal -0.751801 -0.65939 0
    outer loop
      vertex 55.6727 62.4696 30.6
      vertex 55.5778 62.5778 35.1
      vertex 55.5778 62.5778 30.6
    endloop
  endfacet
  facet normal -0.751801 -0.65939 0
    outer loop
      vertex 55.5778 62.5778 35.1
      vertex 55.6727 62.4696 30.6
      vertex 55.6727 62.4696 35.1
    endloop
  endfacet
  facet normal -0.65939 -0.751801 0
    outer loop
      vertex 55.4696 62.6727 30.6
      vertex 55.5778 62.5778 35.1
      vertex 55.4696 62.6727 35.1
    endloop
  endfacet
  facet normal -0.65939 -0.751801 -0
    outer loop
      vertex 55.5778 62.5778 35.1
      vertex 55.4696 62.6727 30.6
      vertex 55.5778 62.5778 30.6
    endloop
  endfacet
  facet normal 0.195314 -0.980741 0
    outer loop
      vertex 54.5153 62.8625 30.6
      vertex 54.6564 62.8906 35.1
      vertex 54.5153 62.8625 35.1
    endloop
  endfacet
  facet normal 0.195314 -0.980741 0
    outer loop
      vertex 54.6564 62.8906 35.1
      vertex 54.5153 62.8625 30.6
      vertex 54.6564 62.8906 30.6
    endloop
  endfacet
  facet normal -0.831515 -0.555502 0
    outer loop
      vertex 55.7526 62.35 30.6
      vertex 55.6727 62.4696 35.1
      vertex 55.6727 62.4696 30.6
    endloop
  endfacet
  facet normal -0.831515 -0.555502 0
    outer loop
      vertex 55.6727 62.4696 35.1
      vertex 55.7526 62.35 30.6
      vertex 55.7526 62.35 35.1
    endloop
  endfacet
  facet normal -0.555502 -0.831515 0
    outer loop
      vertex 55.35 62.7526 30.6
      vertex 55.4696 62.6727 35.1
      vertex 55.35 62.7526 35.1
    endloop
  endfacet
  facet normal -0.555502 -0.831515 -0
    outer loop
      vertex 55.4696 62.6727 35.1
      vertex 55.35 62.7526 30.6
      vertex 55.4696 62.6727 30.6
    endloop
  endfacet
  facet normal -0.321018 0.947073 0
    outer loop
      vertex 55.221 60.7837 30.6
      vertex 55.0847 60.7375 35.1
      vertex 55.221 60.7837 35.1
    endloop
  endfacet
  facet normal -0.321018 0.947073 0
    outer loop
      vertex 55.0847 60.7375 35.1
      vertex 55.221 60.7837 30.6
      vertex 55.0847 60.7375 30.6
    endloop
  endfacet
  facet normal -0.997864 0.0653198 0
    outer loop
      vertex 55.8906 61.6564 30.6
      vertex 55.9 61.8 35.1
      vertex 55.9 61.8 30.6
    endloop
  endfacet
  facet normal -0.997864 0.0653198 0
    outer loop
      vertex 55.9 61.8 35.1
      vertex 55.8906 61.6564 30.6
      vertex 55.8906 61.6564 35.1
    endloop
  endfacet
  facet normal 0.0653198 -0.997864 0
    outer loop
      vertex 54.6564 62.8906 30.6
      vertex 54.8 62.9 35.1
      vertex 54.6564 62.8906 35.1
    endloop
  endfacet
  facet normal 0.0653198 -0.997864 0
    outer loop
      vertex 54.8 62.9 35.1
      vertex 54.6564 62.8906 30.6
      vertex 54.8 62.9 30.6
    endloop
  endfacet
  facet normal 0.947073 -0.321018 0
    outer loop
      vertex 53.7375 62.0847 35.1
      vertex 53.7837 62.221 30.6
      vertex 53.7837 62.221 35.1
    endloop
  endfacet
  facet normal 0.947073 -0.321018 0
    outer loop
      vertex 53.7837 62.221 30.6
      vertex 53.7375 62.0847 35.1
      vertex 53.7375 62.0847 30.6
    endloop
  endfacet
  facet normal 0.980741 0.195314 0
    outer loop
      vertex 53.7375 61.5153 35.1
      vertex 53.7094 61.6564 30.6
      vertex 53.7094 61.6564 35.1
    endloop
  endfacet
  facet normal 0.980741 0.195314 0
    outer loop
      vertex 53.7094 61.6564 30.6
      vertex 53.7375 61.5153 35.1
      vertex 53.7375 61.5153 30.6
    endloop
  endfacet
  facet normal 0.44276 -0.89664 0
    outer loop
      vertex 54.25 62.7526 30.6
      vertex 54.379 62.8163 35.1
      vertex 54.25 62.7526 35.1
    endloop
  endfacet
  facet normal 0.44276 -0.89664 0
    outer loop
      vertex 54.379 62.8163 35.1
      vertex 54.25 62.7526 30.6
      vertex 54.379 62.8163 30.6
    endloop
  endfacet
  facet normal 0.831515 0.555502 0
    outer loop
      vertex 53.9273 61.1304 35.1
      vertex 53.8474 61.25 30.6
      vertex 53.8474 61.25 35.1
    endloop
  endfacet
  facet normal 0.831515 0.555502 0
    outer loop
      vertex 53.8474 61.25 30.6
      vertex 53.9273 61.1304 35.1
      vertex 53.9273 61.1304 30.6
    endloop
  endfacet
  facet normal -0.831515 0.555502 0
    outer loop
      vertex 55.6727 61.1304 30.6
      vertex 55.7526 61.25 35.1
      vertex 55.7526 61.25 30.6
    endloop
  endfacet
  facet normal -0.831515 0.555502 0
    outer loop
      vertex 55.7526 61.25 35.1
      vertex 55.6727 61.1304 30.6
      vertex 55.6727 61.1304 35.1
    endloop
  endfacet
  facet normal -0.555502 0.831515 0
    outer loop
      vertex 55.4696 60.9273 30.6
      vertex 55.35 60.8474 35.1
      vertex 55.4696 60.9273 35.1
    endloop
  endfacet
  facet normal -0.555502 0.831515 0
    outer loop
      vertex 55.35 60.8474 35.1
      vertex 55.4696 60.9273 30.6
      vertex 55.35 60.8474 30.6
    endloop
  endfacet
  facet normal 0.89664 -0.44276 0
    outer loop
      vertex 53.7837 62.221 35.1
      vertex 53.8474 62.35 30.6
      vertex 53.8474 62.35 35.1
    endloop
  endfacet
  facet normal 0.89664 -0.44276 0
    outer loop
      vertex 53.8474 62.35 30.6
      vertex 53.7837 62.221 35.1
      vertex 53.7837 62.221 30.6
    endloop
  endfacet
  facet normal 0.997864 -0.0653198 0
    outer loop
      vertex 53.7 61.8 35.1
      vertex 53.7094 61.9436 30.6
      vertex 53.7094 61.9436 35.1
    endloop
  endfacet
  facet normal 0.997864 -0.0653198 0
    outer loop
      vertex 53.7094 61.9436 30.6
      vertex 53.7 61.8 35.1
      vertex 53.7 61.8 30.6
    endloop
  endfacet
  facet normal -0.321018 -0.947073 0
    outer loop
      vertex 55.0847 62.8625 30.6
      vertex 55.221 62.8163 35.1
      vertex 55.0847 62.8625 35.1
    endloop
  endfacet
  facet normal -0.321018 -0.947073 -0
    outer loop
      vertex 55.221 62.8163 35.1
      vertex 55.0847 62.8625 30.6
      vertex 55.221 62.8163 30.6
    endloop
  endfacet
  facet normal 0.44276 0.89664 -0
    outer loop
      vertex 54.379 60.7837 30.6
      vertex 54.25 60.8474 35.1
      vertex 54.379 60.7837 35.1
    endloop
  endfacet
  facet normal 0.44276 0.89664 0
    outer loop
      vertex 54.25 60.8474 35.1
      vertex 54.379 60.7837 30.6
      vertex 54.25 60.8474 30.6
    endloop
  endfacet
  facet normal 0.997864 0.0653198 0
    outer loop
      vertex 53.7094 61.6564 35.1
      vertex 53.7 61.8 30.6
      vertex 53.7 61.8 35.1
    endloop
  endfacet
  facet normal 0.997864 0.0653198 0
    outer loop
      vertex 53.7 61.8 30.6
      vertex 53.7094 61.6564 35.1
      vertex 53.7094 61.6564 30.6
    endloop
  endfacet
  facet normal -0.89664 -0.44276 0
    outer loop
      vertex 55.8163 62.221 30.6
      vertex 55.7526 62.35 35.1
      vertex 55.7526 62.35 30.6
    endloop
  endfacet
  facet normal -0.89664 -0.44276 0
    outer loop
      vertex 55.7526 62.35 35.1
      vertex 55.8163 62.221 30.6
      vertex 55.8163 62.221 35.1
    endloop
  endfacet
  facet normal 0.195314 0.980741 -0
    outer loop
      vertex 54.6564 60.7094 30.6
      vertex 54.5153 60.7375 35.1
      vertex 54.6564 60.7094 35.1
    endloop
  endfacet
  facet normal 0.195314 0.980741 0
    outer loop
      vertex 54.5153 60.7375 35.1
      vertex 54.6564 60.7094 30.6
      vertex 54.5153 60.7375 30.6
    endloop
  endfacet
  facet normal -0.947073 -0.321018 0
    outer loop
      vertex 55.8625 62.0847 30.6
      vertex 55.8163 62.221 35.1
      vertex 55.8163 62.221 30.6
    endloop
  endfacet
  facet normal -0.947073 -0.321018 0
    outer loop
      vertex 55.8163 62.221 35.1
      vertex 55.8625 62.0847 30.6
      vertex 55.8625 62.0847 35.1
    endloop
  endfacet
  facet normal 0.321018 0.947073 -0
    outer loop
      vertex 54.5153 60.7375 30.6
      vertex 54.379 60.7837 35.1
      vertex 54.5153 60.7375 35.1
    endloop
  endfacet
  facet normal 0.321018 0.947073 0
    outer loop
      vertex 54.379 60.7837 35.1
      vertex 54.5153 60.7375 30.6
      vertex 54.379 60.7837 30.6
    endloop
  endfacet
  facet normal -0.44276 0.89664 0
    outer loop
      vertex 55.35 60.8474 30.6
      vertex 55.221 60.7837 35.1
      vertex 55.35 60.8474 35.1
    endloop
  endfacet
  facet normal -0.44276 0.89664 0
    outer loop
      vertex 55.221 60.7837 35.1
      vertex 55.35 60.8474 30.6
      vertex 55.221 60.7837 30.6
    endloop
  endfacet
  facet normal 0.831515 -0.555502 0
    outer loop
      vertex 53.8474 62.35 35.1
      vertex 53.9273 62.4696 30.6
      vertex 53.9273 62.4696 35.1
    endloop
  endfacet
  facet normal 0.831515 -0.555502 0
    outer loop
      vertex 53.9273 62.4696 30.6
      vertex 53.8474 62.35 35.1
      vertex 53.8474 62.35 30.6
    endloop
  endfacet
  facet normal 0.0653198 0.997864 -0
    outer loop
      vertex 54.8 60.7 30.6
      vertex 54.6564 60.7094 35.1
      vertex 54.8 60.7 35.1
    endloop
  endfacet
  facet normal 0.0653198 0.997864 0
    outer loop
      vertex 54.6564 60.7094 35.1
      vertex 54.8 60.7 30.6
      vertex 54.6564 60.7094 30.6
    endloop
  endfacet
  facet normal -0.98077 0 -0.195165
    outer loop
      vertex 26.5855 0 23.6219
      vertex 26.5421 2 23.84
      vertex 26.5855 2 23.6219
    endloop
  endfacet
  facet normal -0.98077 -0 -0.195165
    outer loop
      vertex 26.5421 2 23.84
      vertex 26.5855 0 23.6219
      vertex 26.5421 0 23.84
    endloop
  endfacet
  facet normal -0.997872 0 -0.0652057
    outer loop
      vertex 26.6 0 23.4
      vertex 26.5855 2 23.6219
      vertex 26.6 2 23.4
    endloop
  endfacet
  facet normal -0.997872 -0 -0.0652057
    outer loop
      vertex 26.5855 2 23.6219
      vertex 26.6 0 23.4
      vertex 26.5855 0 23.6219
    endloop
  endfacet
  facet normal -0.0652057 0 0.997872
    outer loop
      vertex 24.9 2 21.7
      vertex 25.1219 0 21.7145
      vertex 25.1219 2 21.7145
    endloop
  endfacet
  facet normal -0.0652057 0 0.997872
    outer loop
      vertex 25.1219 0 21.7145
      vertex 24.9 2 21.7
      vertex 24.9 0 21.7
    endloop
  endfacet
  facet normal -0.831566 0 -0.555426
    outer loop
      vertex 26.3722 0 24.25
      vertex 26.2487 2 24.4349
      vertex 26.3722 2 24.25
    endloop
  endfacet
  facet normal -0.831566 -0 -0.555426
    outer loop
      vertex 26.2487 2 24.4349
      vertex 26.3722 0 24.25
      vertex 26.2487 0 24.4349
    endloop
  endfacet
  facet normal 0.659268 0 -0.751908
    outer loop
      vertex 23.6979 0 24.6021
      vertex 23.8651 2 24.7487
      vertex 23.8651 0 24.7487
    endloop
  endfacet
  facet normal 0.659268 0 -0.751908
    outer loop
      vertex 23.8651 2 24.7487
      vertex 23.6979 0 24.6021
      vertex 23.6979 2 24.6021
    endloop
  endfacet
  facet normal 0.0652057 0 0.997872
    outer loop
      vertex 24.6781 2 21.7145
      vertex 24.9 0 21.7
      vertex 24.9 2 21.7
    endloop
  endfacet
  facet normal 0.0652057 0 0.997872
    outer loop
      vertex 24.9 0 21.7
      vertex 24.6781 2 21.7145
      vertex 24.6781 0 21.7145
    endloop
  endfacet
  facet normal -0.946915 0 0.321484
    outer loop
      vertex 26.4706 0 22.7494
      vertex 26.5421 2 22.96
      vertex 26.4706 2 22.7494
    endloop
  endfacet
  facet normal -0.946915 0 0.321484
    outer loop
      vertex 26.5421 2 22.96
      vertex 26.4706 0 22.7494
      vertex 26.5421 0 22.96
    endloop
  endfacet
  facet normal 0.195165 0 0.98077
    outer loop
      vertex 24.46 2 21.7579
      vertex 24.6781 0 21.7145
      vertex 24.6781 2 21.7145
    endloop
  endfacet
  facet normal 0.195165 0 0.98077
    outer loop
      vertex 24.6781 0 21.7145
      vertex 24.46 2 21.7579
      vertex 24.46 0 21.7579
    endloop
  endfacet
  facet normal -0.0652057 0 -0.997872
    outer loop
      vertex 24.9 0 25.1
      vertex 25.1219 2 25.0855
      vertex 25.1219 0 25.0855
    endloop
  endfacet
  facet normal -0.0652057 0 -0.997872
    outer loop
      vertex 25.1219 2 25.0855
      vertex 24.9 0 25.1
      vertex 24.9 2 25.1
    endloop
  endfacet
  facet normal -0.321484 0 0.946915
    outer loop
      vertex 25.34 2 21.7579
      vertex 25.5506 0 21.8294
      vertex 25.5506 2 21.8294
    endloop
  endfacet
  facet normal -0.321484 0 0.946915
    outer loop
      vertex 25.5506 0 21.8294
      vertex 25.34 2 21.7579
      vertex 25.34 0 21.7579
    endloop
  endfacet
  facet normal -0.751908 0 -0.659268
    outer loop
      vertex 26.2487 0 24.4349
      vertex 26.1021 2 24.6021
      vertex 26.2487 2 24.4349
    endloop
  endfacet
  facet normal -0.751908 -0 -0.659268
    outer loop
      vertex 26.1021 2 24.6021
      vertex 26.2487 0 24.4349
      vertex 26.1021 0 24.6021
    endloop
  endfacet
  facet normal 0.946915 -0 0.321484
    outer loop
      vertex 23.2579 0 22.96
      vertex 23.3294 2 22.7494
      vertex 23.2579 2 22.96
    endloop
  endfacet
  facet normal 0.946915 0 0.321484
    outer loop
      vertex 23.3294 2 22.7494
      vertex 23.2579 0 22.96
      vertex 23.3294 0 22.7494
    endloop
  endfacet
  facet normal 0.44253 0 0.896754
    outer loop
      vertex 24.05 2 21.9278
      vertex 24.2494 0 21.8294
      vertex 24.2494 2 21.8294
    endloop
  endfacet
  facet normal 0.44253 0 0.896754
    outer loop
      vertex 24.2494 0 21.8294
      vertex 24.05 2 21.9278
      vertex 24.05 0 21.9278
    endloop
  endfacet
  facet normal 0.321484 0 -0.946915
    outer loop
      vertex 24.2494 0 24.9706
      vertex 24.46 2 25.0421
      vertex 24.46 0 25.0421
    endloop
  endfacet
  facet normal 0.321484 0 -0.946915
    outer loop
      vertex 24.46 2 25.0421
      vertex 24.2494 0 24.9706
      vertex 24.2494 2 24.9706
    endloop
  endfacet
  facet normal -0.946915 0 -0.321484
    outer loop
      vertex 26.5421 0 23.84
      vertex 26.4706 2 24.0506
      vertex 26.5421 2 23.84
    endloop
  endfacet
  facet normal -0.946915 -0 -0.321484
    outer loop
      vertex 26.4706 2 24.0506
      vertex 26.5421 0 23.84
      vertex 26.4706 0 24.0506
    endloop
  endfacet
  facet normal -0.751908 0 0.659268
    outer loop
      vertex 26.1021 0 22.1979
      vertex 26.2487 2 22.3651
      vertex 26.1021 2 22.1979
    endloop
  endfacet
  facet normal -0.751908 0 0.659268
    outer loop
      vertex 26.2487 2 22.3651
      vertex 26.1021 0 22.1979
      vertex 26.2487 0 22.3651
    endloop
  endfacet
  facet normal -0.555426 0 0.831566
    outer loop
      vertex 25.75 2 21.9278
      vertex 25.9349 0 22.0513
      vertex 25.9349 2 22.0513
    endloop
  endfacet
  facet normal -0.555426 0 0.831566
    outer loop
      vertex 25.9349 0 22.0513
      vertex 25.75 2 21.9278
      vertex 25.75 0 21.9278
    endloop
  endfacet
  facet normal 0.98077 -0 0.195165
    outer loop
      vertex 23.2145 0 23.1781
      vertex 23.2579 2 22.96
      vertex 23.2145 2 23.1781
    endloop
  endfacet
  facet normal 0.98077 0 0.195165
    outer loop
      vertex 23.2579 2 22.96
      vertex 23.2145 0 23.1781
      vertex 23.2579 0 22.96
    endloop
  endfacet
  facet normal 0.751908 -0 0.659268
    outer loop
      vertex 23.5513 0 22.3651
      vertex 23.6979 2 22.1979
      vertex 23.5513 2 22.3651
    endloop
  endfacet
  facet normal 0.751908 0 0.659268
    outer loop
      vertex 23.6979 2 22.1979
      vertex 23.5513 0 22.3651
      vertex 23.6979 0 22.1979
    endloop
  endfacet
  facet normal -0.195165 0 -0.98077
    outer loop
      vertex 25.1219 0 25.0855
      vertex 25.34 2 25.0421
      vertex 25.34 0 25.0421
    endloop
  endfacet
  facet normal -0.195165 0 -0.98077
    outer loop
      vertex 25.34 2 25.0421
      vertex 25.1219 0 25.0855
      vertex 25.1219 2 25.0855
    endloop
  endfacet
  facet normal -0.98077 0 0.195165
    outer loop
      vertex 26.5421 0 22.96
      vertex 26.5855 2 23.1781
      vertex 26.5421 2 22.96
    endloop
  endfacet
  facet normal -0.98077 0 0.195165
    outer loop
      vertex 26.5855 2 23.1781
      vertex 26.5421 0 22.96
      vertex 26.5855 0 23.1781
    endloop
  endfacet
  facet normal -0.896754 0 0.44253
    outer loop
      vertex 26.3722 0 22.55
      vertex 26.4706 2 22.7494
      vertex 26.3722 2 22.55
    endloop
  endfacet
  facet normal -0.896754 0 0.44253
    outer loop
      vertex 26.4706 2 22.7494
      vertex 26.3722 0 22.55
      vertex 26.4706 0 22.7494
    endloop
  endfacet
  facet normal -0.997872 0 0.0652057
    outer loop
      vertex 26.5855 0 23.1781
      vertex 26.6 2 23.4
      vertex 26.5855 2 23.1781
    endloop
  endfacet
  facet normal -0.997872 0 0.0652057
    outer loop
      vertex 26.6 2 23.4
      vertex 26.5855 0 23.1781
      vertex 26.6 0 23.4
    endloop
  endfacet
  facet normal -0.321484 0 -0.946915
    outer loop
      vertex 25.34 0 25.0421
      vertex 25.5506 2 24.9706
      vertex 25.5506 0 24.9706
    endloop
  endfacet
  facet normal -0.321484 0 -0.946915
    outer loop
      vertex 25.5506 2 24.9706
      vertex 25.34 0 25.0421
      vertex 25.34 2 25.0421
    endloop
  endfacet
  facet normal -0.555426 0 -0.831566
    outer loop
      vertex 25.75 0 24.8722
      vertex 25.9349 2 24.7487
      vertex 25.9349 0 24.7487
    endloop
  endfacet
  facet normal -0.555426 0 -0.831566
    outer loop
      vertex 25.9349 2 24.7487
      vertex 25.75 0 24.8722
      vertex 25.75 2 24.8722
    endloop
  endfacet
  facet normal -0.659268 0 -0.751908
    outer loop
      vertex 25.9349 0 24.7487
      vertex 26.1021 2 24.6021
      vertex 26.1021 0 24.6021
    endloop
  endfacet
  facet normal -0.659268 0 -0.751908
    outer loop
      vertex 26.1021 2 24.6021
      vertex 25.9349 0 24.7487
      vertex 25.9349 2 24.7487
    endloop
  endfacet
  facet normal 0.195165 0 -0.98077
    outer loop
      vertex 24.46 0 25.0421
      vertex 24.6781 2 25.0855
      vertex 24.6781 0 25.0855
    endloop
  endfacet
  facet normal 0.195165 0 -0.98077
    outer loop
      vertex 24.6781 2 25.0855
      vertex 24.46 0 25.0421
      vertex 24.46 2 25.0421
    endloop
  endfacet
  facet normal -0.659268 0 0.751908
    outer loop
      vertex 25.9349 2 22.0513
      vertex 26.1021 0 22.1979
      vertex 26.1021 2 22.1979
    endloop
  endfacet
  facet normal -0.659268 0 0.751908
    outer loop
      vertex 26.1021 0 22.1979
      vertex 25.9349 2 22.0513
      vertex 25.9349 0 22.0513
    endloop
  endfacet
  facet normal 0.831566 -0 0.555426
    outer loop
      vertex 23.4278 0 22.55
      vertex 23.5513 2 22.3651
      vertex 23.4278 2 22.55
    endloop
  endfacet
  facet normal 0.831566 0 0.555426
    outer loop
      vertex 23.5513 2 22.3651
      vertex 23.4278 0 22.55
      vertex 23.5513 0 22.3651
    endloop
  endfacet
  facet normal 0.997872 0 -0.0652057
    outer loop
      vertex 23.2145 0 23.6219
      vertex 23.2 2 23.4
      vertex 23.2145 2 23.6219
    endloop
  endfacet
  facet normal 0.997872 0 -0.0652057
    outer loop
      vertex 23.2 2 23.4
      vertex 23.2145 0 23.6219
      vertex 23.2 0 23.4
    endloop
  endfacet
  facet normal -0.195165 0 0.98077
    outer loop
      vertex 25.1219 2 21.7145
      vertex 25.34 0 21.7579
      vertex 25.34 2 21.7579
    endloop
  endfacet
  facet normal -0.195165 0 0.98077
    outer loop
      vertex 25.34 0 21.7579
      vertex 25.1219 2 21.7145
      vertex 25.1219 0 21.7145
    endloop
  endfacet
  facet normal -0.44253 0 -0.896754
    outer loop
      vertex 25.5506 0 24.9706
      vertex 25.75 2 24.8722
      vertex 25.75 0 24.8722
    endloop
  endfacet
  facet normal -0.44253 0 -0.896754
    outer loop
      vertex 25.75 2 24.8722
      vertex 25.5506 0 24.9706
      vertex 25.5506 2 24.9706
    endloop
  endfacet
  facet normal 0.659268 0 0.751908
    outer loop
      vertex 23.6979 2 22.1979
      vertex 23.8651 0 22.0513
      vertex 23.8651 2 22.0513
    endloop
  endfacet
  facet normal 0.659268 0 0.751908
    outer loop
      vertex 23.8651 0 22.0513
      vertex 23.6979 2 22.1979
      vertex 23.6979 0 22.1979
    endloop
  endfacet
  facet normal -0.831566 0 0.555426
    outer loop
      vertex 26.2487 0 22.3651
      vertex 26.3722 2 22.55
      vertex 26.2487 2 22.3651
    endloop
  endfacet
  facet normal -0.831566 0 0.555426
    outer loop
      vertex 26.3722 2 22.55
      vertex 26.2487 0 22.3651
      vertex 26.3722 0 22.55
    endloop
  endfacet
  facet normal 0.98077 0 -0.195165
    outer loop
      vertex 23.2579 0 23.84
      vertex 23.2145 2 23.6219
      vertex 23.2579 2 23.84
    endloop
  endfacet
  facet normal 0.98077 0 -0.195165
    outer loop
      vertex 23.2145 2 23.6219
      vertex 23.2579 0 23.84
      vertex 23.2145 0 23.6219
    endloop
  endfacet
  facet normal 0.896754 -0 0.44253
    outer loop
      vertex 23.3294 0 22.7494
      vertex 23.4278 2 22.55
      vertex 23.3294 2 22.7494
    endloop
  endfacet
  facet normal 0.896754 0 0.44253
    outer loop
      vertex 23.4278 2 22.55
      vertex 23.3294 0 22.7494
      vertex 23.4278 0 22.55
    endloop
  endfacet
  facet normal 0.946915 0 -0.321484
    outer loop
      vertex 23.3294 0 24.0506
      vertex 23.2579 2 23.84
      vertex 23.3294 2 24.0506
    endloop
  endfacet
  facet normal 0.946915 0 -0.321484
    outer loop
      vertex 23.2579 2 23.84
      vertex 23.3294 0 24.0506
      vertex 23.2579 0 23.84
    endloop
  endfacet
  facet normal -0.896754 0 -0.44253
    outer loop
      vertex 26.4706 0 24.0506
      vertex 26.3722 2 24.25
      vertex 26.4706 2 24.0506
    endloop
  endfacet
  facet normal -0.896754 -0 -0.44253
    outer loop
      vertex 26.3722 2 24.25
      vertex 26.4706 0 24.0506
      vertex 26.3722 0 24.25
    endloop
  endfacet
  facet normal 0.0652057 0 -0.997872
    outer loop
      vertex 24.6781 0 25.0855
      vertex 24.9 2 25.1
      vertex 24.9 0 25.1
    endloop
  endfacet
  facet normal 0.0652057 0 -0.997872
    outer loop
      vertex 24.9 2 25.1
      vertex 24.6781 0 25.0855
      vertex 24.6781 2 25.0855
    endloop
  endfacet
  facet normal 0.751908 0 -0.659268
    outer loop
      vertex 23.6979 0 24.6021
      vertex 23.5513 2 24.4349
      vertex 23.6979 2 24.6021
    endloop
  endfacet
  facet normal 0.751908 0 -0.659268
    outer loop
      vertex 23.5513 2 24.4349
      vertex 23.6979 0 24.6021
      vertex 23.5513 0 24.4349
    endloop
  endfacet
  facet normal 0.321484 0 0.946915
    outer loop
      vertex 24.2494 2 21.8294
      vertex 24.46 0 21.7579
      vertex 24.46 2 21.7579
    endloop
  endfacet
  facet normal 0.321484 0 0.946915
    outer loop
      vertex 24.46 0 21.7579
      vertex 24.2494 2 21.8294
      vertex 24.2494 0 21.8294
    endloop
  endfacet
  facet normal 0.896754 0 -0.44253
    outer loop
      vertex 23.4278 0 24.25
      vertex 23.3294 2 24.0506
      vertex 23.4278 2 24.25
    endloop
  endfacet
  facet normal 0.896754 0 -0.44253
    outer loop
      vertex 23.3294 2 24.0506
      vertex 23.4278 0 24.25
      vertex 23.3294 0 24.0506
    endloop
  endfacet
  facet normal 0.44253 0 -0.896754
    outer loop
      vertex 24.05 0 24.8722
      vertex 24.2494 2 24.9706
      vertex 24.2494 0 24.9706
    endloop
  endfacet
  facet normal 0.44253 0 -0.896754
    outer loop
      vertex 24.2494 2 24.9706
      vertex 24.05 0 24.8722
      vertex 24.05 2 24.8722
    endloop
  endfacet
  facet normal 0.997872 -0 0.0652057
    outer loop
      vertex 23.2 0 23.4
      vertex 23.2145 2 23.1781
      vertex 23.2 2 23.4
    endloop
  endfacet
  facet normal 0.997872 0 0.0652057
    outer loop
      vertex 23.2145 2 23.1781
      vertex 23.2 0 23.4
      vertex 23.2145 0 23.1781
    endloop
  endfacet
  facet normal 0.555426 0 -0.831566
    outer loop
      vertex 23.8651 0 24.7487
      vertex 24.05 2 24.8722
      vertex 24.05 0 24.8722
    endloop
  endfacet
  facet normal 0.555426 0 -0.831566
    outer loop
      vertex 24.05 2 24.8722
      vertex 23.8651 0 24.7487
      vertex 23.8651 2 24.7487
    endloop
  endfacet
  facet normal 0.831566 0 -0.555426
    outer loop
      vertex 23.5513 0 24.4349
      vertex 23.4278 2 24.25
      vertex 23.5513 2 24.4349
    endloop
  endfacet
  facet normal 0.831566 0 -0.555426
    outer loop
      vertex 23.4278 2 24.25
      vertex 23.5513 0 24.4349
      vertex 23.4278 0 24.25
    endloop
  endfacet
  facet normal -0.44253 0 0.896754
    outer loop
      vertex 25.5506 2 21.8294
      vertex 25.75 0 21.9278
      vertex 25.75 2 21.9278
    endloop
  endfacet
  facet normal -0.44253 0 0.896754
    outer loop
      vertex 25.75 0 21.9278
      vertex 25.5506 2 21.8294
      vertex 25.5506 0 21.8294
    endloop
  endfacet
  facet normal 0.555426 0 0.831566
    outer loop
      vertex 23.8651 2 22.0513
      vertex 24.05 0 21.9278
      vertex 24.05 2 21.9278
    endloop
  endfacet
  facet normal 0.555426 0 0.831566
    outer loop
      vertex 24.05 0 21.9278
      vertex 23.8651 2 22.0513
      vertex 23.8651 0 22.0513
    endloop
  endfacet
  facet normal -0.98077 0 -0.195165
    outer loop
      vertex 51.5855 0 23.6219
      vertex 51.5421 2 23.84
      vertex 51.5855 2 23.6219
    endloop
  endfacet
  facet normal -0.98077 -0 -0.195165
    outer loop
      vertex 51.5421 2 23.84
      vertex 51.5855 0 23.6219
      vertex 51.5421 0 23.84
    endloop
  endfacet
  facet normal -0.997872 0 -0.0652057
    outer loop
      vertex 51.6 0 23.4
      vertex 51.5855 2 23.6219
      vertex 51.6 2 23.4
    endloop
  endfacet
  facet normal -0.997872 -0 -0.0652057
    outer loop
      vertex 51.5855 2 23.6219
      vertex 51.6 0 23.4
      vertex 51.5855 0 23.6219
    endloop
  endfacet
  facet normal -0.0652057 0 0.997872
    outer loop
      vertex 49.9 2 21.7
      vertex 50.1219 0 21.7145
      vertex 50.1219 2 21.7145
    endloop
  endfacet
  facet normal -0.0652057 0 0.997872
    outer loop
      vertex 50.1219 0 21.7145
      vertex 49.9 2 21.7
      vertex 49.9 0 21.7
    endloop
  endfacet
  facet normal -0.831566 0 -0.555426
    outer loop
      vertex 51.3722 0 24.25
      vertex 51.2487 2 24.4349
      vertex 51.3722 2 24.25
    endloop
  endfacet
  facet normal -0.831566 -0 -0.555426
    outer loop
      vertex 51.2487 2 24.4349
      vertex 51.3722 0 24.25
      vertex 51.2487 0 24.4349
    endloop
  endfacet
  facet normal 0.659268 0 -0.751908
    outer loop
      vertex 48.6979 0 24.6021
      vertex 48.8651 2 24.7487
      vertex 48.8651 0 24.7487
    endloop
  endfacet
  facet normal 0.659268 0 -0.751908
    outer loop
      vertex 48.8651 2 24.7487
      vertex 48.6979 0 24.6021
      vertex 48.6979 2 24.6021
    endloop
  endfacet
  facet normal 0.0652057 0 0.997872
    outer loop
      vertex 49.6781 2 21.7145
      vertex 49.9 0 21.7
      vertex 49.9 2 21.7
    endloop
  endfacet
  facet normal 0.0652057 0 0.997872
    outer loop
      vertex 49.9 0 21.7
      vertex 49.6781 2 21.7145
      vertex 49.6781 0 21.7145
    endloop
  endfacet
  facet normal -0.946915 0 0.321484
    outer loop
      vertex 51.4706 0 22.7494
      vertex 51.5421 2 22.96
      vertex 51.4706 2 22.7494
    endloop
  endfacet
  facet normal -0.946915 0 0.321484
    outer loop
      vertex 51.5421 2 22.96
      vertex 51.4706 0 22.7494
      vertex 51.5421 0 22.96
    endloop
  endfacet
  facet normal 0.195165 0 0.98077
    outer loop
      vertex 49.46 2 21.7579
      vertex 49.6781 0 21.7145
      vertex 49.6781 2 21.7145
    endloop
  endfacet
  facet normal 0.195165 0 0.98077
    outer loop
      vertex 49.6781 0 21.7145
      vertex 49.46 2 21.7579
      vertex 49.46 0 21.7579
    endloop
  endfacet
  facet normal -0.0652057 0 -0.997872
    outer loop
      vertex 49.9 0 25.1
      vertex 50.1219 2 25.0855
      vertex 50.1219 0 25.0855
    endloop
  endfacet
  facet normal -0.0652057 0 -0.997872
    outer loop
      vertex 50.1219 2 25.0855
      vertex 49.9 0 25.1
      vertex 49.9 2 25.1
    endloop
  endfacet
  facet normal -0.321484 0 0.946915
    outer loop
      vertex 50.34 2 21.7579
      vertex 50.5506 0 21.8294
      vertex 50.5506 2 21.8294
    endloop
  endfacet
  facet normal -0.321484 0 0.946915
    outer loop
      vertex 50.5506 0 21.8294
      vertex 50.34 2 21.7579
      vertex 50.34 0 21.7579
    endloop
  endfacet
  facet normal -0.751908 0 -0.659268
    outer loop
      vertex 51.2487 0 24.4349
      vertex 51.1021 2 24.6021
      vertex 51.2487 2 24.4349
    endloop
  endfacet
  facet normal -0.751908 -0 -0.659268
    outer loop
      vertex 51.1021 2 24.6021
      vertex 51.2487 0 24.4349
      vertex 51.1021 0 24.6021
    endloop
  endfacet
  facet normal 0.946915 -0 0.321484
    outer loop
      vertex 48.2579 0 22.96
      vertex 48.3294 2 22.7494
      vertex 48.2579 2 22.96
    endloop
  endfacet
  facet normal 0.946915 0 0.321484
    outer loop
      vertex 48.3294 2 22.7494
      vertex 48.2579 0 22.96
      vertex 48.3294 0 22.7494
    endloop
  endfacet
  facet normal 0.44253 0 0.896754
    outer loop
      vertex 49.05 2 21.9278
      vertex 49.2494 0 21.8294
      vertex 49.2494 2 21.8294
    endloop
  endfacet
  facet normal 0.44253 0 0.896754
    outer loop
      vertex 49.2494 0 21.8294
      vertex 49.05 2 21.9278
      vertex 49.05 0 21.9278
    endloop
  endfacet
  facet normal 0.321484 0 -0.946915
    outer loop
      vertex 49.2494 0 24.9706
      vertex 49.46 2 25.0421
      vertex 49.46 0 25.0421
    endloop
  endfacet
  facet normal 0.321484 0 -0.946915
    outer loop
      vertex 49.46 2 25.0421
      vertex 49.2494 0 24.9706
      vertex 49.2494 2 24.9706
    endloop
  endfacet
  facet normal -0.946915 0 -0.321484
    outer loop
      vertex 51.5421 0 23.84
      vertex 51.4706 2 24.0506
      vertex 51.5421 2 23.84
    endloop
  endfacet
  facet normal -0.946915 -0 -0.321484
    outer loop
      vertex 51.4706 2 24.0506
      vertex 51.5421 0 23.84
      vertex 51.4706 0 24.0506
    endloop
  endfacet
  facet normal -0.751908 0 0.659268
    outer loop
      vertex 51.1021 0 22.1979
      vertex 51.2487 2 22.3651
      vertex 51.1021 2 22.1979
    endloop
  endfacet
  facet normal -0.751908 0 0.659268
    outer loop
      vertex 51.2487 2 22.3651
      vertex 51.1021 0 22.1979
      vertex 51.2487 0 22.3651
    endloop
  endfacet
  facet normal -0.555426 0 0.831566
    outer loop
      vertex 50.75 2 21.9278
      vertex 50.9349 0 22.0513
      vertex 50.9349 2 22.0513
    endloop
  endfacet
  facet normal -0.555426 0 0.831566
    outer loop
      vertex 50.9349 0 22.0513
      vertex 50.75 2 21.9278
      vertex 50.75 0 21.9278
    endloop
  endfacet
  facet normal 0.98077 -0 0.195165
    outer loop
      vertex 48.2145 0 23.1781
      vertex 48.2579 2 22.96
      vertex 48.2145 2 23.1781
    endloop
  endfacet
  facet normal 0.98077 0 0.195165
    outer loop
      vertex 48.2579 2 22.96
      vertex 48.2145 0 23.1781
      vertex 48.2579 0 22.96
    endloop
  endfacet
  facet normal 0.751908 -0 0.659268
    outer loop
      vertex 48.5513 0 22.3651
      vertex 48.6979 2 22.1979
      vertex 48.5513 2 22.3651
    endloop
  endfacet
  facet normal 0.751908 0 0.659268
    outer loop
      vertex 48.6979 2 22.1979
      vertex 48.5513 0 22.3651
      vertex 48.6979 0 22.1979
    endloop
  endfacet
  facet normal -0.195165 0 -0.98077
    outer loop
      vertex 50.1219 0 25.0855
      vertex 50.34 2 25.0421
      vertex 50.34 0 25.0421
    endloop
  endfacet
  facet normal -0.195165 0 -0.98077
    outer loop
      vertex 50.34 2 25.0421
      vertex 50.1219 0 25.0855
      vertex 50.1219 2 25.0855
    endloop
  endfacet
  facet normal -0.896754 0 0.44253
    outer loop
      vertex 51.3722 0 22.55
      vertex 51.4706 2 22.7494
      vertex 51.3722 2 22.55
    endloop
  endfacet
  facet normal -0.896754 0 0.44253
    outer loop
      vertex 51.4706 2 22.7494
      vertex 51.3722 0 22.55
      vertex 51.4706 0 22.7494
    endloop
  endfacet
  facet normal -0.997872 0 0.0652057
    outer loop
      vertex 51.5855 0 23.1781
      vertex 51.6 2 23.4
      vertex 51.5855 2 23.1781
    endloop
  endfacet
  facet normal -0.997872 0 0.0652057
    outer loop
      vertex 51.6 2 23.4
      vertex 51.5855 0 23.1781
      vertex 51.6 0 23.4
    endloop
  endfacet
  facet normal -0.321484 0 -0.946915
    outer loop
      vertex 50.34 0 25.0421
      vertex 50.5506 2 24.9706
      vertex 50.5506 0 24.9706
    endloop
  endfacet
  facet normal -0.321484 0 -0.946915
    outer loop
      vertex 50.5506 2 24.9706
      vertex 50.34 0 25.0421
      vertex 50.34 2 25.0421
    endloop
  endfacet
  facet normal -0.555426 0 -0.831566
    outer loop
      vertex 50.75 0 24.8722
      vertex 50.9349 2 24.7487
      vertex 50.9349 0 24.7487
    endloop
  endfacet
  facet normal -0.555426 0 -0.831566
    outer loop
      vertex 50.9349 2 24.7487
      vertex 50.75 0 24.8722
      vertex 50.75 2 24.8722
    endloop
  endfacet
  facet normal -0.659268 0 -0.751908
    outer loop
      vertex 50.9349 0 24.7487
      vertex 51.1021 2 24.6021
      vertex 51.1021 0 24.6021
    endloop
  endfacet
  facet normal -0.659268 0 -0.751908
    outer loop
      vertex 51.1021 2 24.6021
      vertex 50.9349 0 24.7487
      vertex 50.9349 2 24.7487
    endloop
  endfacet
  facet normal 0.195165 0 -0.98077
    outer loop
      vertex 49.46 0 25.0421
      vertex 49.6781 2 25.0855
      vertex 49.6781 0 25.0855
    endloop
  endfacet
  facet normal 0.195165 0 -0.98077
    outer loop
      vertex 49.6781 2 25.0855
      vertex 49.46 0 25.0421
      vertex 49.46 2 25.0421
    endloop
  endfacet
  facet normal -0.659268 0 0.751908
    outer loop
      vertex 50.9349 2 22.0513
      vertex 51.1021 0 22.1979
      vertex 51.1021 2 22.1979
    endloop
  endfacet
  facet normal -0.659268 0 0.751908
    outer loop
      vertex 51.1021 0 22.1979
      vertex 50.9349 2 22.0513
      vertex 50.9349 0 22.0513
    endloop
  endfacet
  facet normal 0.831566 -0 0.555426
    outer loop
      vertex 48.4278 0 22.55
      vertex 48.5513 2 22.3651
      vertex 48.4278 2 22.55
    endloop
  endfacet
  facet normal 0.831566 0 0.555426
    outer loop
      vertex 48.5513 2 22.3651
      vertex 48.4278 0 22.55
      vertex 48.5513 0 22.3651
    endloop
  endfacet
  facet normal -0.98077 0 0.195165
    outer loop
      vertex 51.5421 0 22.96
      vertex 51.5855 2 23.1781
      vertex 51.5421 2 22.96
    endloop
  endfacet
  facet normal -0.98077 0 0.195165
    outer loop
      vertex 51.5855 2 23.1781
      vertex 51.5421 0 22.96
      vertex 51.5855 0 23.1781
    endloop
  endfacet
  facet normal 0.997872 0 -0.0652057
    outer loop
      vertex 48.2145 0 23.6219
      vertex 48.2 2 23.4
      vertex 48.2145 2 23.6219
    endloop
  endfacet
  facet normal 0.997872 0 -0.0652057
    outer loop
      vertex 48.2 2 23.4
      vertex 48.2145 0 23.6219
      vertex 48.2 0 23.4
    endloop
  endfacet
  facet normal -0.195165 0 0.98077
    outer loop
      vertex 50.1219 2 21.7145
      vertex 50.34 0 21.7579
      vertex 50.34 2 21.7579
    endloop
  endfacet
  facet normal -0.195165 0 0.98077
    outer loop
      vertex 50.34 0 21.7579
      vertex 50.1219 2 21.7145
      vertex 50.1219 0 21.7145
    endloop
  endfacet
  facet normal -0.44253 0 -0.896754
    outer loop
      vertex 50.5506 0 24.9706
      vertex 50.75 2 24.8722
      vertex 50.75 0 24.8722
    endloop
  endfacet
  facet normal -0.44253 0 -0.896754
    outer loop
      vertex 50.75 2 24.8722
      vertex 50.5506 0 24.9706
      vertex 50.5506 2 24.9706
    endloop
  endfacet
  facet normal 0.659268 0 0.751908
    outer loop
      vertex 48.6979 2 22.1979
      vertex 48.8651 0 22.0513
      vertex 48.8651 2 22.0513
    endloop
  endfacet
  facet normal 0.659268 0 0.751908
    outer loop
      vertex 48.8651 0 22.0513
      vertex 48.6979 2 22.1979
      vertex 48.6979 0 22.1979
    endloop
  endfacet
  facet normal -0.831566 0 0.555426
    outer loop
      vertex 51.2487 0 22.3651
      vertex 51.3722 2 22.55
      vertex 51.2487 2 22.3651
    endloop
  endfacet
  facet normal -0.831566 0 0.555426
    outer loop
      vertex 51.3722 2 22.55
      vertex 51.2487 0 22.3651
      vertex 51.3722 0 22.55
    endloop
  endfacet
  facet normal 0.98077 0 -0.195165
    outer loop
      vertex 48.2579 0 23.84
      vertex 48.2145 2 23.6219
      vertex 48.2579 2 23.84
    endloop
  endfacet
  facet normal 0.98077 0 -0.195165
    outer loop
      vertex 48.2145 2 23.6219
      vertex 48.2579 0 23.84
      vertex 48.2145 0 23.6219
    endloop
  endfacet
  facet normal 0.896754 -0 0.44253
    outer loop
      vertex 48.3294 0 22.7494
      vertex 48.4278 2 22.55
      vertex 48.3294 2 22.7494
    endloop
  endfacet
  facet normal 0.896754 0 0.44253
    outer loop
      vertex 48.4278 2 22.55
      vertex 48.3294 0 22.7494
      vertex 48.4278 0 22.55
    endloop
  endfacet
  facet normal 0.946915 0 -0.321484
    outer loop
      vertex 48.3294 0 24.0506
      vertex 48.2579 2 23.84
      vertex 48.3294 2 24.0506
    endloop
  endfacet
  facet normal 0.946915 0 -0.321484
    outer loop
      vertex 48.2579 2 23.84
      vertex 48.3294 0 24.0506
      vertex 48.2579 0 23.84
    endloop
  endfacet
  facet normal -0.896754 0 -0.44253
    outer loop
      vertex 51.4706 0 24.0506
      vertex 51.3722 2 24.25
      vertex 51.4706 2 24.0506
    endloop
  endfacet
  facet normal -0.896754 -0 -0.44253
    outer loop
      vertex 51.3722 2 24.25
      vertex 51.4706 0 24.0506
      vertex 51.3722 0 24.25
    endloop
  endfacet
  facet normal 0.0652057 0 -0.997872
    outer loop
      vertex 49.6781 0 25.0855
      vertex 49.9 2 25.1
      vertex 49.9 0 25.1
    endloop
  endfacet
  facet normal 0.0652057 0 -0.997872
    outer loop
      vertex 49.9 2 25.1
      vertex 49.6781 0 25.0855
      vertex 49.6781 2 25.0855
    endloop
  endfacet
  facet normal 0.751908 0 -0.659268
    outer loop
      vertex 48.6979 0 24.6021
      vertex 48.5513 2 24.4349
      vertex 48.6979 2 24.6021
    endloop
  endfacet
  facet normal 0.751908 0 -0.659268
    outer loop
      vertex 48.5513 2 24.4349
      vertex 48.6979 0 24.6021
      vertex 48.5513 0 24.4349
    endloop
  endfacet
  facet normal 0.321484 0 0.946915
    outer loop
      vertex 49.2494 2 21.8294
      vertex 49.46 0 21.7579
      vertex 49.46 2 21.7579
    endloop
  endfacet
  facet normal 0.321484 0 0.946915
    outer loop
      vertex 49.46 0 21.7579
      vertex 49.2494 2 21.8294
      vertex 49.2494 0 21.8294
    endloop
  endfacet
  facet normal 0.896754 0 -0.44253
    outer loop
      vertex 48.4278 0 24.25
      vertex 48.3294 2 24.0506
      vertex 48.4278 2 24.25
    endloop
  endfacet
  facet normal 0.896754 0 -0.44253
    outer loop
      vertex 48.3294 2 24.0506
      vertex 48.4278 0 24.25
      vertex 48.3294 0 24.0506
    endloop
  endfacet
  facet normal 0.44253 0 -0.896754
    outer loop
      vertex 49.05 0 24.8722
      vertex 49.2494 2 24.9706
      vertex 49.2494 0 24.9706
    endloop
  endfacet
  facet normal 0.44253 0 -0.896754
    outer loop
      vertex 49.2494 2 24.9706
      vertex 49.05 0 24.8722
      vertex 49.05 2 24.8722
    endloop
  endfacet
  facet normal 0.997872 -0 0.0652057
    outer loop
      vertex 48.2 0 23.4
      vertex 48.2145 2 23.1781
      vertex 48.2 2 23.4
    endloop
  endfacet
  facet normal 0.997872 0 0.0652057
    outer loop
      vertex 48.2145 2 23.1781
      vertex 48.2 0 23.4
      vertex 48.2145 0 23.1781
    endloop
  endfacet
  facet normal 0.555426 0 -0.831566
    outer loop
      vertex 48.8651 0 24.7487
      vertex 49.05 2 24.8722
      vertex 49.05 0 24.8722
    endloop
  endfacet
  facet normal 0.555426 0 -0.831566
    outer loop
      vertex 49.05 2 24.8722
      vertex 48.8651 0 24.7487
      vertex 48.8651 2 24.7487
    endloop
  endfacet
  facet normal -0.44253 0 0.896754
    outer loop
      vertex 50.5506 2 21.8294
      vertex 50.75 0 21.9278
      vertex 50.75 2 21.9278
    endloop
  endfacet
  facet normal -0.44253 0 0.896754
    outer loop
      vertex 50.75 0 21.9278
      vertex 50.5506 2 21.8294
      vertex 50.5506 0 21.8294
    endloop
  endfacet
  facet normal 0.831566 0 -0.555426
    outer loop
      vertex 48.5513 0 24.4349
      vertex 48.4278 2 24.25
      vertex 48.5513 2 24.4349
    endloop
  endfacet
  facet normal 0.831566 0 -0.555426
    outer loop
      vertex 48.4278 2 24.25
      vertex 48.5513 0 24.4349
      vertex 48.4278 0 24.25
    endloop
  endfacet
  facet normal 0.555426 0 0.831566
    outer loop
      vertex 48.8651 2 22.0513
      vertex 49.05 0 21.9278
      vertex 49.05 2 21.9278
    endloop
  endfacet
  facet normal 0.555426 0 0.831566
    outer loop
      vertex 49.05 0 21.9278
      vertex 48.8651 2 22.0513
      vertex 48.8651 0 22.0513
    endloop
  endfacet
  facet normal -0.89686 0 -0.442315
    outer loop
      vertex 47.5358 0 28.224
      vertex 47.449 2 28.4
      vertex 47.5358 2 28.224
    endloop
  endfacet
  facet normal -0.89686 -0 -0.442315
    outer loop
      vertex 47.449 2 28.4
      vertex 47.5358 0 28.224
      vertex 47.449 0 28.4
    endloop
  endfacet
  facet normal -0.980757 0 -0.195234
    outer loop
      vertex 47.6372 0 27.8458
      vertex 47.5989 2 28.0382
      vertex 47.6372 2 27.8458
    endloop
  endfacet
  facet normal -0.980757 -0 -0.195234
    outer loop
      vertex 47.5989 2 28.0382
      vertex 47.6372 0 27.8458
      vertex 47.5989 0 28.0382
    endloop
  endfacet
  facet normal -0.0652336 0 0.99787
    outer loop
      vertex 46.15 2 17.65
      vertex 46.3458 0 17.6628
      vertex 46.3458 2 17.6628
    endloop
  endfacet
  facet normal -0.0652336 0 0.99787
    outer loop
      vertex 46.3458 0 17.6628
      vertex 46.15 2 17.65
      vertex 46.15 0 17.65
    endloop
  endfacet
  facet normal -0.195234 0 -0.980757
    outer loop
      vertex 46.3458 0 29.1372
      vertex 46.5382 2 29.0989
      vertex 46.5382 0 29.0989
    endloop
  endfacet
  facet normal -0.195234 0 -0.980757
    outer loop
      vertex 46.5382 2 29.0989
      vertex 46.3458 0 29.1372
      vertex 46.3458 2 29.1372
    endloop
  endfacet
  facet normal 0.195234 0 0.980757
    outer loop
      vertex 28.2618 2 17.7011
      vertex 28.4542 0 17.6628
      vertex 28.4542 2 17.6628
    endloop
  endfacet
  facet normal 0.195234 0 0.980757
    outer loop
      vertex 28.4542 0 17.6628
      vertex 28.2618 2 17.7011
      vertex 28.2618 0 17.7011
    endloop
  endfacet
  facet normal 0.442315 0 -0.89686
    outer loop
      vertex 27.9 0 28.949
      vertex 28.076 2 29.0358
      vertex 28.076 0 29.0358
    endloop
  endfacet
  facet normal 0.442315 0 -0.89686
    outer loop
      vertex 28.076 2 29.0358
      vertex 27.9 0 28.949
      vertex 27.9 2 28.949
    endloop
  endfacet
  facet normal -0 0 1
    outer loop
      vertex 28.65 2 17.65
      vertex 46.15 0 17.65
      vertex 46.15 2 17.65
    endloop
  endfacet
  facet normal 0 0 1
    outer loop
      vertex 46.15 0 17.65
      vertex 28.65 2 17.65
      vertex 28.65 0 17.65
    endloop
  endfacet
  facet normal 0 0 -1
    outer loop
      vertex 28.65 0 29.15
      vertex 46.15 2 29.15
      vertex 46.15 0 29.15
    endloop
  endfacet
  facet normal -0 0 -1
    outer loop
      vertex 46.15 2 29.15
      vertex 28.65 0 29.15
      vertex 28.65 2 29.15
    endloop
  endfacet
  facet normal -0.555641 0 0.831422
    outer loop
      vertex 46.9 2 17.851
      vertex 47.0631 0 17.96
      vertex 47.0631 2 17.96
    endloop
  endfacet
  facet normal -0.555641 0 0.831422
    outer loop
      vertex 47.0631 0 17.96
      vertex 46.9 2 17.851
      vertex 46.9 0 17.851
    endloop
  endfacet
  facet normal 1 -0 0
    outer loop
      vertex 27.15 0 27.65
      vertex 27.15 2 19.15
      vertex 27.15 2 27.65
    endloop
  endfacet
  facet normal 1 0 0
    outer loop
      vertex 27.15 2 19.15
      vertex 27.15 0 27.65
      vertex 27.15 0 19.15
    endloop
  endfacet
  facet normal 0.89686 0 -0.442315
    outer loop
      vertex 27.351 0 28.4
      vertex 27.2642 2 28.224
      vertex 27.351 2 28.4
    endloop
  endfacet
  facet normal 0.89686 0 -0.442315
    outer loop
      vertex 27.2642 2 28.224
      vertex 27.351 0 28.4
      vertex 27.2642 0 28.224
    endloop
  endfacet
  facet normal 0.442315 0 0.89686
    outer loop
      vertex 27.9 2 17.851
      vertex 28.076 0 17.7642
      vertex 28.076 2 17.7642
    endloop
  endfacet
  facet normal 0.442315 0 0.89686
    outer loop
      vertex 28.076 0 17.7642
      vertex 27.9 2 17.851
      vertex 27.9 0 17.851
    endloop
  endfacet
  facet normal 0.658937 0 -0.752198
    outer loop
      vertex 27.5893 0 28.7107
      vertex 27.7369 2 28.84
      vertex 27.7369 0 28.84
    endloop
  endfacet
  facet normal 0.658937 0 -0.752198
    outer loop
      vertex 27.7369 2 28.84
      vertex 27.5893 0 28.7107
      vertex 27.5893 2 28.7107
    endloop
  endfacet
  facet normal 0.0652336 0 -0.99787
    outer loop
      vertex 28.4542 0 29.1372
      vertex 28.65 2 29.15
      vertex 28.65 0 29.15
    endloop
  endfacet
  facet normal 0.0652336 0 -0.99787
    outer loop
      vertex 28.65 2 29.15
      vertex 28.4542 0 29.1372
      vertex 28.4542 2 29.1372
    endloop
  endfacet
  facet normal -0.0652336 0 -0.99787
    outer loop
      vertex 46.15 0 29.15
      vertex 46.3458 2 29.1372
      vertex 46.3458 0 29.1372
    endloop
  endfacet
  facet normal -0.0652336 0 -0.99787
    outer loop
      vertex 46.3458 2 29.1372
      vertex 46.15 0 29.15
      vertex 46.15 2 29.15
    endloop
  endfacet
  facet normal 0.99787 -0 0.0652336
    outer loop
      vertex 27.15 0 19.15
      vertex 27.1628 2 18.9542
      vertex 27.15 2 19.15
    endloop
  endfacet
  facet normal 0.99787 0 0.0652336
    outer loop
      vertex 27.1628 2 18.9542
      vertex 27.15 0 19.15
      vertex 27.1628 0 18.9542
    endloop
  endfacet
  facet normal 0.99787 0 -0.0652336
    outer loop
      vertex 27.1628 0 27.8458
      vertex 27.15 2 27.65
      vertex 27.1628 2 27.8458
    endloop
  endfacet
  facet normal 0.99787 0 -0.0652336
    outer loop
      vertex 27.15 2 27.65
      vertex 27.1628 0 27.8458
      vertex 27.15 0 27.65
    endloop
  endfacet
  facet normal -0.980757 0 0.195234
    outer loop
      vertex 47.5989 0 18.7618
      vertex 47.6372 2 18.9542
      vertex 47.5989 2 18.7618
    endloop
  endfacet
  facet normal -0.980757 0 0.195234
    outer loop
      vertex 47.6372 2 18.9542
      vertex 47.5989 0 18.7618
      vertex 47.6372 0 18.9542
    endloop
  endfacet
  facet normal -0.442315 0 -0.89686
    outer loop
      vertex 46.724 0 29.0358
      vertex 46.9 2 28.949
      vertex 46.9 0 28.949
    endloop
  endfacet
  facet normal -0.442315 0 -0.89686
    outer loop
      vertex 46.9 2 28.949
      vertex 46.724 0 29.0358
      vertex 46.724 2 29.0358
    endloop
  endfacet
  facet normal 0.0652336 0 0.99787
    outer loop
      vertex 28.4542 2 17.6628
      vertex 28.65 0 17.65
      vertex 28.65 2 17.65
    endloop
  endfacet
  facet normal 0.0652336 0 0.99787
    outer loop
      vertex 28.65 0 17.65
      vertex 28.4542 2 17.6628
      vertex 28.4542 0 17.6628
    endloop
  endfacet
  facet normal -0.946885 0 -0.321574
    outer loop
      vertex 47.5989 0 28.0382
      vertex 47.5358 2 28.224
      vertex 47.5989 2 28.0382
    endloop
  endfacet
  facet normal -0.946885 -0 -0.321574
    outer loop
      vertex 47.5358 2 28.224
      vertex 47.5989 0 28.0382
      vertex 47.5358 0 28.224
    endloop
  endfacet
  facet normal -0.99787 0 0.0652336
    outer loop
      vertex 47.6372 0 18.9542
      vertex 47.65 2 19.15
      vertex 47.6372 2 18.9542
    endloop
  endfacet
  facet normal -0.99787 0 0.0652336
    outer loop
      vertex 47.65 2 19.15
      vertex 47.6372 0 18.9542
      vertex 47.65 0 19.15
    endloop
  endfacet
  facet normal 0.831422 0 -0.555641
    outer loop
      vertex 27.46 0 28.5631
      vertex 27.351 2 28.4
      vertex 27.46 2 28.5631
    endloop
  endfacet
  facet normal 0.831422 0 -0.555641
    outer loop
      vertex 27.351 2 28.4
      vertex 27.46 0 28.5631
      vertex 27.351 0 28.4
    endloop
  endfacet
  facet normal 0.946885 -0 0.321574
    outer loop
      vertex 27.2011 0 18.7618
      vertex 27.2642 2 18.576
      vertex 27.2011 2 18.7618
    endloop
  endfacet
  facet normal 0.946885 0 0.321574
    outer loop
      vertex 27.2642 2 18.576
      vertex 27.2011 0 18.7618
      vertex 27.2642 0 18.576
    endloop
  endfacet
  facet normal 0.752198 -0 0.658937
    outer loop
      vertex 27.46 0 18.2369
      vertex 27.5893 2 18.0893
      vertex 27.46 2 18.2369
    endloop
  endfacet
  facet normal 0.752198 0 0.658937
    outer loop
      vertex 27.5893 2 18.0893
      vertex 27.46 0 18.2369
      vertex 27.5893 0 18.0893
    endloop
  endfacet
  facet normal 0.752198 0 -0.658937
    outer loop
      vertex 27.5893 0 28.7107
      vertex 27.46 2 28.5631
      vertex 27.5893 2 28.7107
    endloop
  endfacet
  facet normal 0.752198 0 -0.658937
    outer loop
      vertex 27.46 2 28.5631
      vertex 27.5893 0 28.7107
      vertex 27.46 0 28.5631
    endloop
  endfacet
  facet normal 0.555641 0 -0.831422
    outer loop
      vertex 27.7369 0 28.84
      vertex 27.9 2 28.949
      vertex 27.9 0 28.949
    endloop
  endfacet
  facet normal 0.555641 0 -0.831422
    outer loop
      vertex 27.9 2 28.949
      vertex 27.7369 0 28.84
      vertex 27.7369 2 28.84
    endloop
  endfacet
  facet normal -0.321574 0 -0.946885
    outer loop
      vertex 46.5382 0 29.0989
      vertex 46.724 2 29.0358
      vertex 46.724 0 29.0358
    endloop
  endfacet
  facet normal -0.321574 0 -0.946885
    outer loop
      vertex 46.724 2 29.0358
      vertex 46.5382 0 29.0989
      vertex 46.5382 2 29.0989
    endloop
  endfacet
  facet normal -0.752198 0 -0.658937
    outer loop
      vertex 47.34 0 28.5631
      vertex 47.2107 2 28.7107
      vertex 47.34 2 28.5631
    endloop
  endfacet
  facet normal -0.752198 -0 -0.658937
    outer loop
      vertex 47.2107 2 28.7107
      vertex 47.34 0 28.5631
      vertex 47.2107 0 28.7107
    endloop
  endfacet
  facet normal -0.658937 0 0.752198
    outer loop
      vertex 47.0631 2 17.96
      vertex 47.2107 0 18.0893
      vertex 47.2107 2 18.0893
    endloop
  endfacet
  facet normal -0.658937 0 0.752198
    outer loop
      vertex 47.2107 0 18.0893
      vertex 47.0631 2 17.96
      vertex 47.0631 0 17.96
    endloop
  endfacet
  facet normal 0.946885 0 -0.321574
    outer loop
      vertex 27.2642 0 28.224
      vertex 27.2011 2 28.0382
      vertex 27.2642 2 28.224
    endloop
  endfacet
  facet normal 0.946885 0 -0.321574
    outer loop
      vertex 27.2011 2 28.0382
      vertex 27.2642 0 28.224
      vertex 27.2011 0 28.0382
    endloop
  endfacet
  facet normal -0.831422 0 0.555641
    outer loop
      vertex 47.34 0 18.2369
      vertex 47.449 2 18.4
      vertex 47.34 2 18.2369
    endloop
  endfacet
  facet normal -0.831422 0 0.555641
    outer loop
      vertex 47.449 2 18.4
      vertex 47.34 0 18.2369
      vertex 47.449 0 18.4
    endloop
  endfacet
  facet normal 0.555641 0 0.831422
    outer loop
      vertex 27.7369 2 17.96
      vertex 27.9 0 17.851
      vertex 27.9 2 17.851
    endloop
  endfacet
  facet normal 0.555641 0 0.831422
    outer loop
      vertex 27.9 0 17.851
      vertex 27.7369 2 17.96
      vertex 27.7369 0 17.96
    endloop
  endfacet
  facet normal -0.99787 0 -0.0652336
    outer loop
      vertex 47.65 0 27.65
      vertex 47.6372 2 27.8458
      vertex 47.65 2 27.65
    endloop
  endfacet
  facet normal -0.99787 -0 -0.0652336
    outer loop
      vertex 47.6372 2 27.8458
      vertex 47.65 0 27.65
      vertex 47.6372 0 27.8458
    endloop
  endfacet
  facet normal 0.321574 0 -0.946885
    outer loop
      vertex 28.076 0 29.0358
      vertex 28.2618 2 29.0989
      vertex 28.2618 0 29.0989
    endloop
  endfacet
  facet normal 0.321574 0 -0.946885
    outer loop
      vertex 28.2618 2 29.0989
      vertex 28.076 0 29.0358
      vertex 28.076 2 29.0358
    endloop
  endfacet
  facet normal 0.980757 0 -0.195234
    outer loop
      vertex 27.2011 0 28.0382
      vertex 27.1628 2 27.8458
      vertex 27.2011 2 28.0382
    endloop
  endfacet
  facet normal 0.980757 0 -0.195234
    outer loop
      vertex 27.1628 2 27.8458
      vertex 27.2011 0 28.0382
      vertex 27.1628 0 27.8458
    endloop
  endfacet
  facet normal -0.946885 0 0.321574
    outer loop
      vertex 47.5358 0 18.576
      vertex 47.5989 2 18.7618
      vertex 47.5358 2 18.576
    endloop
  endfacet
  facet normal -0.946885 0 0.321574
    outer loop
      vertex 47.5989 2 18.7618
      vertex 47.5358 0 18.576
      vertex 47.5989 0 18.7618
    endloop
  endfacet
  facet normal 0.195234 0 -0.980757
    outer loop
      vertex 28.2618 0 29.0989
      vertex 28.4542 2 29.1372
      vertex 28.4542 0 29.1372
    endloop
  endfacet
  facet normal 0.195234 0 -0.980757
    outer loop
      vertex 28.4542 2 29.1372
      vertex 28.2618 0 29.0989
      vertex 28.2618 2 29.0989
    endloop
  endfacet
  facet normal -0.831422 0 -0.555641
    outer loop
      vertex 47.449 0 28.4
      vertex 47.34 2 28.5631
      vertex 47.449 2 28.4
    endloop
  endfacet
  facet normal -0.831422 -0 -0.555641
    outer loop
      vertex 47.34 2 28.5631
      vertex 47.449 0 28.4
      vertex 47.34 0 28.5631
    endloop
  endfacet
  facet normal 0.831422 -0 0.555641
    outer loop
      vertex 27.351 0 18.4
      vertex 27.46 2 18.2369
      vertex 27.351 2 18.4
    endloop
  endfacet
  facet normal 0.831422 0 0.555641
    outer loop
      vertex 27.46 2 18.2369
      vertex 27.351 0 18.4
      vertex 27.46 0 18.2369
    endloop
  endfacet
  facet normal -0.555641 0 -0.831422
    outer loop
      vertex 46.9 0 28.949
      vertex 47.0631 2 28.84
      vertex 47.0631 0 28.84
    endloop
  endfacet
  facet normal -0.555641 0 -0.831422
    outer loop
      vertex 47.0631 2 28.84
      vertex 46.9 0 28.949
      vertex 46.9 2 28.949
    endloop
  endfacet
  facet normal 0.89686 -0 0.442315
    outer loop
      vertex 27.2642 0 18.576
      vertex 27.351 2 18.4
      vertex 27.2642 2 18.576
    endloop
  endfacet
  facet normal 0.89686 0 0.442315
    outer loop
      vertex 27.351 2 18.4
      vertex 27.2642 0 18.576
      vertex 27.351 0 18.4
    endloop
  endfacet
  facet normal 0.321574 0 0.946885
    outer loop
      vertex 28.076 2 17.7642
      vertex 28.2618 0 17.7011
      vertex 28.2618 2 17.7011
    endloop
  endfacet
  facet normal 0.321574 0 0.946885
    outer loop
      vertex 28.2618 0 17.7011
      vertex 28.076 2 17.7642
      vertex 28.076 0 17.7642
    endloop
  endfacet
  facet normal 0.658937 0 0.752198
    outer loop
      vertex 27.5893 2 18.0893
      vertex 27.7369 0 17.96
      vertex 27.7369 2 17.96
    endloop
  endfacet
  facet normal 0.658937 0 0.752198
    outer loop
      vertex 27.7369 0 17.96
      vertex 27.5893 2 18.0893
      vertex 27.5893 0 18.0893
    endloop
  endfacet
  facet normal 0.980757 -0 0.195234
    outer loop
      vertex 27.1628 0 18.9542
      vertex 27.2011 2 18.7618
      vertex 27.1628 2 18.9542
    endloop
  endfacet
  facet normal 0.980757 0 0.195234
    outer loop
      vertex 27.2011 2 18.7618
      vertex 27.1628 0 18.9542
      vertex 27.2011 0 18.7618
    endloop
  endfacet
  facet normal -0.752198 0 0.658937
    outer loop
      vertex 47.2107 0 18.0893
      vertex 47.34 2 18.2369
      vertex 47.2107 2 18.0893
    endloop
  endfacet
  facet normal -0.752198 0 0.658937
    outer loop
      vertex 47.34 2 18.2369
      vertex 47.2107 0 18.0893
      vertex 47.34 0 18.2369
    endloop
  endfacet
  facet normal -0.442315 0 0.89686
    outer loop
      vertex 46.724 2 17.7642
      vertex 46.9 0 17.851
      vertex 46.9 2 17.851
    endloop
  endfacet
  facet normal -0.442315 0 0.89686
    outer loop
      vertex 46.9 0 17.851
      vertex 46.724 2 17.7642
      vertex 46.724 0 17.7642
    endloop
  endfacet
  facet normal -1 0 0
    outer loop
      vertex 47.65 0 19.15
      vertex 47.65 2 27.65
      vertex 47.65 2 19.15
    endloop
  endfacet
  facet normal -1 -0 0
    outer loop
      vertex 47.65 2 27.65
      vertex 47.65 0 19.15
      vertex 47.65 0 27.65
    endloop
  endfacet
  facet normal -0.195234 0 0.980757
    outer loop
      vertex 46.3458 2 17.6628
      vertex 46.5382 0 17.7011
      vertex 46.5382 2 17.7011
    endloop
  endfacet
  facet normal -0.195234 0 0.980757
    outer loop
      vertex 46.5382 0 17.7011
      vertex 46.3458 2 17.6628
      vertex 46.3458 0 17.6628
    endloop
  endfacet
  facet normal -0.89686 0 0.442315
    outer loop
      vertex 47.449 0 18.4
      vertex 47.5358 2 18.576
      vertex 47.449 2 18.4
    endloop
  endfacet
  facet normal -0.89686 0 0.442315
    outer loop
      vertex 47.5358 2 18.576
      vertex 47.449 0 18.4
      vertex 47.5358 0 18.576
    endloop
  endfacet
  facet normal -0.321574 0 0.946885
    outer loop
      vertex 46.5382 2 17.7011
      vertex 46.724 0 17.7642
      vertex 46.724 2 17.7642
    endloop
  endfacet
  facet normal -0.321574 0 0.946885
    outer loop
      vertex 46.724 0 17.7642
      vertex 46.5382 2 17.7011
      vertex 46.5382 0 17.7011
    endloop
  endfacet
  facet normal -0.658937 0 -0.752198
    outer loop
      vertex 47.0631 0 28.84
      vertex 47.2107 2 28.7107
      vertex 47.2107 0 28.7107
    endloop
  endfacet
  facet normal -0.658937 0 -0.752198
    outer loop
      vertex 47.2107 2 28.7107
      vertex 47.0631 0 28.84
      vertex 47.0631 2 28.84
    endloop
  endfacet
  facet normal -0.659556 0 -0.751656
    outer loop
      vertex 16.8523 64.8 9.21068
      vertex 16.9899 66.8 9.08994
      vertex 16.9899 64.8 9.08994
    endloop
  endfacet
  facet normal -0.659556 0 -0.751656
    outer loop
      vertex 16.9899 66.8 9.08994
      vertex 16.8523 64.8 9.21068
      vertex 16.8523 66.8 9.21068
    endloop
  endfacet
  facet normal -0.321482 0 0.946916
    outer loop
      vertex 16.3623 66.8 2.54771
      vertex 16.5357 64.8 2.60658
      vertex 16.5357 66.8 2.60658
    endloop
  endfacet
  facet normal -0.321482 0 0.946916
    outer loop
      vertex 16.5357 64.8 2.60658
      vertex 16.3623 66.8 2.54771
      vertex 16.3623 64.8 2.54771
    endloop
  endfacet
  facet normal -0.195066 0 0.98079
    outer loop
      vertex 16.1827 66.8 2.51199
      vertex 16.3623 64.8 2.54771
      vertex 16.3623 66.8 2.54771
    endloop
  endfacet
  facet normal -0.195066 0 0.98079
    outer loop
      vertex 16.3623 64.8 2.54771
      vertex 16.1827 66.8 2.51199
      vertex 16.1827 64.8 2.51199
    endloop
  endfacet
  facet normal 0.195066 0 0.98079
    outer loop
      vertex 15.4377 66.8 2.54771
      vertex 15.6173 64.8 2.51199
      vertex 15.6173 66.8 2.51199
    endloop
  endfacet
  facet normal 0.195066 0 0.98079
    outer loop
      vertex 15.6173 64.8 2.51199
      vertex 15.4377 66.8 2.54771
      vertex 15.4377 64.8 2.54771
    endloop
  endfacet
  facet normal 0.831579 0 -0.555406
    outer loop
      vertex 14.6893 64.8 8.95226
      vertex 14.5876 66.8 8.79999
      vertex 14.6893 66.8 8.95226
    endloop
  endfacet
  facet normal 0.831579 0 -0.555406
    outer loop
      vertex 14.5876 66.8 8.79999
      vertex 14.6893 64.8 8.95226
      vertex 14.5876 64.8 8.79999
    endloop
  endfacet
  facet normal -0.896871 0 -0.442292
    outer loop
      vertex 17.2934 64.8 8.63574
      vertex 17.2124 66.8 8.79999
      vertex 17.2934 66.8 8.63574
    endloop
  endfacet
  facet normal -0.896871 -0 -0.442292
    outer loop
      vertex 17.2124 66.8 8.79999
      vertex 17.2934 64.8 8.63574
      vertex 17.2124 64.8 8.79999
    endloop
  endfacet
  facet normal 0.0653771 0 0.997861
    outer loop
      vertex 15.6173 66.8 2.51199
      vertex 15.8 64.8 2.50002
      vertex 15.8 66.8 2.50002
    endloop
  endfacet
  facet normal 0.0653771 0 0.997861
    outer loop
      vertex 15.8 64.8 2.50002
      vertex 15.6173 66.8 2.51199
      vertex 15.6173 64.8 2.51199
    endloop
  endfacet
  facet normal 0 0 -1
    outer loop
      vertex 15.8 64.8 9.49998
      vertex 16 66.8 9.49998
      vertex 16 64.8 9.49998
    endloop
  endfacet
  facet normal -0 0 -1
    outer loop
      vertex 16 66.8 9.49998
      vertex 15.8 64.8 9.49998
      vertex 15.8 66.8 9.49998
    endloop
  endfacet
  facet normal 0.997851 0 -0.0655259
    outer loop
      vertex 14.412 64.8 8.28273
      vertex 14.4 66.8 8.09999
      vertex 14.412 66.8 8.28273
    endloop
  endfacet
  facet normal 0.997851 0 -0.0655259
    outer loop
      vertex 14.4 66.8 8.09999
      vertex 14.412 64.8 8.28273
      vertex 14.4 64.8 8.09999
    endloop
  endfacet
  facet normal -0.946866 0 0.321629
    outer loop
      vertex 17.2934 64.8 3.36426
      vertex 17.3523 66.8 3.53766
      vertex 17.2934 66.8 3.36426
    endloop
  endfacet
  facet normal -0.946866 0 0.321629
    outer loop
      vertex 17.3523 66.8 3.53766
      vertex 17.2934 64.8 3.36426
      vertex 17.3523 64.8 3.53766
    endloop
  endfacet
  facet normal 0.195066 0 -0.98079
    outer loop
      vertex 15.4377 64.8 9.45229
      vertex 15.6173 66.8 9.48801
      vertex 15.6173 64.8 9.48801
    endloop
  endfacet
  facet normal 0.195066 0 -0.98079
    outer loop
      vertex 15.6173 66.8 9.48801
      vertex 15.4377 64.8 9.45229
      vertex 15.4377 66.8 9.45229
    endloop
  endfacet
  facet normal 0.659556 0 0.751656
    outer loop
      vertex 14.8101 66.8 2.91006
      vertex 14.9477 64.8 2.78932
      vertex 14.9477 66.8 2.78932
    endloop
  endfacet
  facet normal 0.659556 0 0.751656
    outer loop
      vertex 14.9477 64.8 2.78932
      vertex 14.8101 66.8 2.91006
      vertex 14.8101 64.8 2.91006
    endloop
  endfacet
  facet normal -0.0653771 0 0.997861
    outer loop
      vertex 16 66.8 2.50002
      vertex 16.1827 64.8 2.51199
      vertex 16.1827 66.8 2.51199
    endloop
  endfacet
  facet normal -0.0653771 0 0.997861
    outer loop
      vertex 16.1827 64.8 2.51199
      vertex 16 66.8 2.50002
      vertex 16 64.8 2.50002
    endloop
  endfacet
  facet normal 0.896871 0 -0.442292
    outer loop
      vertex 14.5876 64.8 8.79999
      vertex 14.5066 66.8 8.63574
      vertex 14.5876 66.8 8.79999
    endloop
  endfacet
  facet normal 0.896871 0 -0.442292
    outer loop
      vertex 14.5066 66.8 8.63574
      vertex 14.5876 64.8 8.79999
      vertex 14.5066 64.8 8.63574
    endloop
  endfacet
  facet normal -0.831579 0 0.555406
    outer loop
      vertex 17.1107 64.8 3.04774
      vertex 17.2124 66.8 3.20001
      vertex 17.1107 66.8 3.04774
    endloop
  endfacet
  facet normal -0.831579 0 0.555406
    outer loop
      vertex 17.2124 66.8 3.20001
      vertex 17.1107 64.8 3.04774
      vertex 17.2124 64.8 3.20001
    endloop
  endfacet
  facet normal -0.946866 0 -0.321629
    outer loop
      vertex 17.3523 64.8 8.46234
      vertex 17.2934 66.8 8.63574
      vertex 17.3523 66.8 8.46234
    endloop
  endfacet
  facet normal -0.946866 -0 -0.321629
    outer loop
      vertex 17.2934 66.8 8.63574
      vertex 17.3523 64.8 8.46234
      vertex 17.2934 64.8 8.63574
    endloop
  endfacet
  facet normal 0.980813 -0 0.19495
    outer loop
      vertex 14.412 64.8 3.71727
      vertex 14.4477 66.8 3.53766
      vertex 14.412 66.8 3.71727
    endloop
  endfacet
  facet normal 0.980813 0 0.19495
    outer loop
      vertex 14.4477 66.8 3.53766
      vertex 14.412 64.8 3.71727
      vertex 14.4477 64.8 3.53766
    endloop
  endfacet
  facet normal -0.831579 0 -0.555406
    outer loop
      vertex 17.2124 64.8 8.79999
      vertex 17.1107 66.8 8.95226
      vertex 17.2124 66.8 8.79999
    endloop
  endfacet
  facet normal -0.831579 -0 -0.555406
    outer loop
      vertex 17.1107 66.8 8.95226
      vertex 17.2124 64.8 8.79999
      vertex 17.1107 64.8 8.95226
    endloop
  endfacet
  facet normal 0.555481 0 0.831529
    outer loop
      vertex 14.9477 66.8 2.78932
      vertex 15.1 64.8 2.68758
      vertex 15.1 66.8 2.68758
    endloop
  endfacet
  facet normal 0.555481 0 0.831529
    outer loop
      vertex 15.1 64.8 2.68758
      vertex 14.9477 66.8 2.78932
      vertex 14.9477 64.8 2.78932
    endloop
  endfacet
  facet normal 0.751683 -0 0.659524
    outer loop
      vertex 14.6893 64.8 3.04774
      vertex 14.8101 66.8 2.91006
      vertex 14.6893 66.8 3.04774
    endloop
  endfacet
  facet normal 0.751683 0 0.659524
    outer loop
      vertex 14.8101 66.8 2.91006
      vertex 14.6893 64.8 3.04774
      vertex 14.8101 64.8 2.91006
    endloop
  endfacet
  facet normal 0.442184 0 -0.896924
    outer loop
      vertex 15.1 64.8 9.31242
      vertex 15.2643 66.8 9.39342
      vertex 15.2643 64.8 9.39342
    endloop
  endfacet
  facet normal 0.442184 0 -0.896924
    outer loop
      vertex 15.2643 66.8 9.39342
      vertex 15.1 64.8 9.31242
      vertex 15.1 66.8 9.31242
    endloop
  endfacet
  facet normal 0.321482 0 -0.946916
    outer loop
      vertex 15.2643 64.8 9.39342
      vertex 15.4377 66.8 9.45229
      vertex 15.4377 64.8 9.45229
    endloop
  endfacet
  facet normal 0.321482 0 -0.946916
    outer loop
      vertex 15.4377 66.8 9.45229
      vertex 15.2643 64.8 9.39342
      vertex 15.2643 66.8 9.39342
    endloop
  endfacet
  facet normal 0.321482 0 0.946916
    outer loop
      vertex 15.2643 66.8 2.60658
      vertex 15.4377 64.8 2.54771
      vertex 15.4377 66.8 2.54771
    endloop
  endfacet
  facet normal 0.321482 0 0.946916
    outer loop
      vertex 15.4377 64.8 2.54771
      vertex 15.2643 66.8 2.60658
      vertex 15.2643 64.8 2.60658
    endloop
  endfacet
  facet normal 0.831579 -0 0.555406
    outer loop
      vertex 14.5876 64.8 3.20001
      vertex 14.6893 66.8 3.04774
      vertex 14.5876 66.8 3.20001
    endloop
  endfacet
  facet normal 0.831579 0 0.555406
    outer loop
      vertex 14.6893 66.8 3.04774
      vertex 14.5876 64.8 3.20001
      vertex 14.6893 64.8 3.04774
    endloop
  endfacet
  facet normal 0.442184 0 0.896924
    outer loop
      vertex 15.1 66.8 2.68758
      vertex 15.2643 64.8 2.60658
      vertex 15.2643 66.8 2.60658
    endloop
  endfacet
  facet normal 0.442184 0 0.896924
    outer loop
      vertex 15.2643 64.8 2.60658
      vertex 15.1 66.8 2.68758
      vertex 15.1 64.8 2.68758
    endloop
  endfacet
  facet normal -0.997851 0 -0.0655259
    outer loop
      vertex 17.4 64.8 8.09999
      vertex 17.388 66.8 8.28273
      vertex 17.4 66.8 8.09999
    endloop
  endfacet
  facet normal -0.997851 -0 -0.0655259
    outer loop
      vertex 17.388 66.8 8.28273
      vertex 17.4 64.8 8.09999
      vertex 17.388 64.8 8.28273
    endloop
  endfacet
  facet normal 0.659556 0 -0.751656
    outer loop
      vertex 14.8101 64.8 9.08994
      vertex 14.9477 66.8 9.21068
      vertex 14.9477 64.8 9.21068
    endloop
  endfacet
  facet normal 0.659556 0 -0.751656
    outer loop
      vertex 14.9477 66.8 9.21068
      vertex 14.8101 64.8 9.08994
      vertex 14.8101 66.8 9.08994
    endloop
  endfacet
  facet normal -0.997851 0 0.0655259
    outer loop
      vertex 17.388 64.8 3.71727
      vertex 17.4 66.8 3.90001
      vertex 17.388 66.8 3.71727
    endloop
  endfacet
  facet normal -0.997851 0 0.0655259
    outer loop
      vertex 17.4 66.8 3.90001
      vertex 17.388 64.8 3.71727
      vertex 17.4 64.8 3.90001
    endloop
  endfacet
  facet normal -0.0653771 0 -0.997861
    outer loop
      vertex 16 64.8 9.49998
      vertex 16.1827 66.8 9.48801
      vertex 16.1827 64.8 9.48801
    endloop
  endfacet
  facet normal -0.0653771 0 -0.997861
    outer loop
      vertex 16.1827 66.8 9.48801
      vertex 16 64.8 9.49998
      vertex 16 66.8 9.49998
    endloop
  endfacet
  facet normal -0.195066 0 -0.98079
    outer loop
      vertex 16.1827 64.8 9.48801
      vertex 16.3623 66.8 9.45229
      vertex 16.3623 64.8 9.45229
    endloop
  endfacet
  facet normal -0.195066 0 -0.98079
    outer loop
      vertex 16.3623 66.8 9.45229
      vertex 16.1827 64.8 9.48801
      vertex 16.1827 66.8 9.48801
    endloop
  endfacet
  facet normal 0.980813 0 -0.19495
    outer loop
      vertex 14.4477 64.8 8.46234
      vertex 14.412 66.8 8.28273
      vertex 14.4477 66.8 8.46234
    endloop
  endfacet
  facet normal 0.980813 0 -0.19495
    outer loop
      vertex 14.412 66.8 8.28273
      vertex 14.4477 64.8 8.46234
      vertex 14.412 64.8 8.28273
    endloop
  endfacet
  facet normal -0.896871 0 0.442292
    outer loop
      vertex 17.2124 64.8 3.20001
      vertex 17.2934 66.8 3.36426
      vertex 17.2124 66.8 3.20001
    endloop
  endfacet
  facet normal -0.896871 0 0.442292
    outer loop
      vertex 17.2934 66.8 3.36426
      vertex 17.2124 64.8 3.20001
      vertex 17.2934 64.8 3.36426
    endloop
  endfacet
  facet normal 0.751683 0 -0.659524
    outer loop
      vertex 14.8101 64.8 9.08994
      vertex 14.6893 66.8 8.95226
      vertex 14.8101 66.8 9.08994
    endloop
  endfacet
  facet normal 0.751683 0 -0.659524
    outer loop
      vertex 14.6893 66.8 8.95226
      vertex 14.8101 64.8 9.08994
      vertex 14.6893 64.8 8.95226
    endloop
  endfacet
  facet normal -1 0 0
    outer loop
      vertex 17.4 64.8 3.90001
      vertex 17.4 66.8 8.09999
      vertex 17.4 66.8 3.90001
    endloop
  endfacet
  facet normal -1 -0 0
    outer loop
      vertex 17.4 66.8 8.09999
      vertex 17.4 64.8 3.90001
      vertex 17.4 64.8 8.09999
    endloop
  endfacet
  facet normal -0.980813 0 -0.19495
    outer loop
      vertex 17.388 64.8 8.28273
      vertex 17.3523 66.8 8.46234
      vertex 17.388 66.8 8.28273
    endloop
  endfacet
  facet normal -0.980813 -0 -0.19495
    outer loop
      vertex 17.3523 66.8 8.46234
      vertex 17.388 64.8 8.28273
      vertex 17.3523 64.8 8.46234
    endloop
  endfacet
  facet normal 0.0653771 0 -0.997861
    outer loop
      vertex 15.6173 64.8 9.48801
      vertex 15.8 66.8 9.49998
      vertex 15.8 64.8 9.49998
    endloop
  endfacet
  facet normal 0.0653771 0 -0.997861
    outer loop
      vertex 15.8 66.8 9.49998
      vertex 15.6173 64.8 9.48801
      vertex 15.6173 66.8 9.48801
    endloop
  endfacet
  facet normal 0.946866 0 -0.321629
    outer loop
      vertex 14.5066 64.8 8.63574
      vertex 14.4477 66.8 8.46234
      vertex 14.5066 66.8 8.63574
    endloop
  endfacet
  facet normal 0.946866 0 -0.321629
    outer loop
      vertex 14.4477 66.8 8.46234
      vertex 14.5066 64.8 8.63574
      vertex 14.4477 64.8 8.46234
    endloop
  endfacet
  facet normal 0.896871 -0 0.442292
    outer loop
      vertex 14.5066 64.8 3.36426
      vertex 14.5876 66.8 3.20001
      vertex 14.5066 66.8 3.36426
    endloop
  endfacet
  facet normal 0.896871 0 0.442292
    outer loop
      vertex 14.5876 66.8 3.20001
      vertex 14.5066 64.8 3.36426
      vertex 14.5876 64.8 3.20001
    endloop
  endfacet
  facet normal -0 0 1
    outer loop
      vertex 15.8 66.8 2.50002
      vertex 16 64.8 2.50002
      vertex 16 66.8 2.50002
    endloop
  endfacet
  facet normal 0 0 1
    outer loop
      vertex 16 64.8 2.50002
      vertex 15.8 66.8 2.50002
      vertex 15.8 64.8 2.50002
    endloop
  endfacet
  facet normal 1 -0 0
    outer loop
      vertex 14.4 64.8 8.09999
      vertex 14.4 66.8 3.90001
      vertex 14.4 66.8 8.09999
    endloop
  endfacet
  facet normal 1 0 0
    outer loop
      vertex 14.4 66.8 3.90001
      vertex 14.4 64.8 8.09999
      vertex 14.4 64.8 3.90001
    endloop
  endfacet
  facet normal 0.997851 -0 0.0655259
    outer loop
      vertex 14.4 64.8 3.90001
      vertex 14.412 66.8 3.71727
      vertex 14.4 66.8 3.90001
    endloop
  endfacet
  facet normal 0.997851 0 0.0655259
    outer loop
      vertex 14.412 66.8 3.71727
      vertex 14.4 64.8 3.90001
      vertex 14.412 64.8 3.71727
    endloop
  endfacet
  facet normal 0.946866 -0 0.321629
    outer loop
      vertex 14.4477 64.8 3.53766
      vertex 14.5066 66.8 3.36426
      vertex 14.4477 66.8 3.53766
    endloop
  endfacet
  facet normal 0.946866 0 0.321629
    outer loop
      vertex 14.5066 66.8 3.36426
      vertex 14.4477 64.8 3.53766
      vertex 14.5066 64.8 3.36426
    endloop
  endfacet
  facet normal 0.555481 0 -0.831529
    outer loop
      vertex 14.9477 64.8 9.21068
      vertex 15.1 66.8 9.31242
      vertex 15.1 64.8 9.31242
    endloop
  endfacet
  facet normal 0.555481 0 -0.831529
    outer loop
      vertex 15.1 66.8 9.31242
      vertex 14.9477 64.8 9.21068
      vertex 14.9477 66.8 9.21068
    endloop
  endfacet
  facet normal -0.442184 0 0.896924
    outer loop
      vertex 16.5357 66.8 2.60658
      vertex 16.7 64.8 2.68758
      vertex 16.7 66.8 2.68758
    endloop
  endfacet
  facet normal -0.442184 0 0.896924
    outer loop
      vertex 16.7 64.8 2.68758
      vertex 16.5357 66.8 2.60658
      vertex 16.5357 64.8 2.60658
    endloop
  endfacet
  facet normal -0.555481 0 0.831529
    outer loop
      vertex 16.7 66.8 2.68758
      vertex 16.8523 64.8 2.78932
      vertex 16.8523 66.8 2.78932
    endloop
  endfacet
  facet normal -0.555481 0 0.831529
    outer loop
      vertex 16.8523 64.8 2.78932
      vertex 16.7 66.8 2.68758
      vertex 16.7 64.8 2.68758
    endloop
  endfacet
  facet normal -0.321482 0 -0.946916
    outer loop
      vertex 16.3623 64.8 9.45229
      vertex 16.5357 66.8 9.39342
      vertex 16.5357 64.8 9.39342
    endloop
  endfacet
  facet normal -0.321482 0 -0.946916
    outer loop
      vertex 16.5357 66.8 9.39342
      vertex 16.3623 64.8 9.45229
      vertex 16.3623 66.8 9.45229
    endloop
  endfacet
  facet normal -0.442184 0 -0.896924
    outer loop
      vertex 16.5357 64.8 9.39342
      vertex 16.7 66.8 9.31242
      vertex 16.7 64.8 9.31242
    endloop
  endfacet
  facet normal -0.442184 0 -0.896924
    outer loop
      vertex 16.7 66.8 9.31242
      vertex 16.5357 64.8 9.39342
      vertex 16.5357 66.8 9.39342
    endloop
  endfacet
  facet normal -0.751683 0 -0.659524
    outer loop
      vertex 17.1107 64.8 8.95226
      vertex 16.9899 66.8 9.08994
      vertex 17.1107 66.8 8.95226
    endloop
  endfacet
  facet normal -0.751683 -0 -0.659524
    outer loop
      vertex 16.9899 66.8 9.08994
      vertex 17.1107 64.8 8.95226
      vertex 16.9899 64.8 9.08994
    endloop
  endfacet
  facet normal -0.555481 0 -0.831529
    outer loop
      vertex 16.7 64.8 9.31242
      vertex 16.8523 66.8 9.21068
      vertex 16.8523 64.8 9.21068
    endloop
  endfacet
  facet normal -0.555481 0 -0.831529
    outer loop
      vertex 16.8523 66.8 9.21068
      vertex 16.7 64.8 9.31242
      vertex 16.7 66.8 9.31242
    endloop
  endfacet
  facet normal -0.659556 0 0.751656
    outer loop
      vertex 16.8523 66.8 2.78932
      vertex 16.9899 64.8 2.91006
      vertex 16.9899 66.8 2.91006
    endloop
  endfacet
  facet normal -0.659556 0 0.751656
    outer loop
      vertex 16.9899 64.8 2.91006
      vertex 16.8523 66.8 2.78932
      vertex 16.8523 64.8 2.78932
    endloop
  endfacet
  facet normal -0.980813 0 0.19495
    outer loop
      vertex 17.3523 64.8 3.53766
      vertex 17.388 66.8 3.71727
      vertex 17.3523 66.8 3.53766
    endloop
  endfacet
  facet normal -0.980813 0 0.19495
    outer loop
      vertex 17.388 66.8 3.71727
      vertex 17.3523 64.8 3.53766
      vertex 17.388 64.8 3.71727
    endloop
  endfacet
  facet normal -0.751683 0 0.659524
    outer loop
      vertex 16.9899 64.8 2.91006
      vertex 17.1107 66.8 3.04774
      vertex 16.9899 66.8 2.91006
    endloop
  endfacet
  facet normal -0.751683 0 0.659524
    outer loop
      vertex 17.1107 66.8 3.04774
      vertex 16.9899 64.8 2.91006
      vertex 17.1107 64.8 3.04774
    endloop
  endfacet
  facet normal -0.659556 0 -0.751656
    outer loop
      vertex 23.8523 64.8 9.21068
      vertex 23.9899 66.8 9.08994
      vertex 23.9899 64.8 9.08994
    endloop
  endfacet
  facet normal -0.659556 0 -0.751656
    outer loop
      vertex 23.9899 66.8 9.08994
      vertex 23.8523 64.8 9.21068
      vertex 23.8523 66.8 9.21068
    endloop
  endfacet
  facet normal -0.321482 0 0.946916
    outer loop
      vertex 23.3623 66.8 2.54771
      vertex 23.5357 64.8 2.60658
      vertex 23.5357 66.8 2.60658
    endloop
  endfacet
  facet normal -0.321482 0 0.946916
    outer loop
      vertex 23.5357 64.8 2.60658
      vertex 23.3623 66.8 2.54771
      vertex 23.3623 64.8 2.54771
    endloop
  endfacet
  facet normal -0.195066 0 0.98079
    outer loop
      vertex 23.1827 66.8 2.51199
      vertex 23.3623 64.8 2.54771
      vertex 23.3623 66.8 2.54771
    endloop
  endfacet
  facet normal -0.195066 0 0.98079
    outer loop
      vertex 23.3623 64.8 2.54771
      vertex 23.1827 66.8 2.51199
      vertex 23.1827 64.8 2.51199
    endloop
  endfacet
  facet normal 0.195066 0 0.98079
    outer loop
      vertex 22.4377 66.8 2.54771
      vertex 22.6173 64.8 2.51199
      vertex 22.6173 66.8 2.51199
    endloop
  endfacet
  facet normal 0.195066 0 0.98079
    outer loop
      vertex 22.6173 64.8 2.51199
      vertex 22.4377 66.8 2.54771
      vertex 22.4377 64.8 2.54771
    endloop
  endfacet
  facet normal 0.831579 0 -0.555406
    outer loop
      vertex 21.6893 64.8 8.95226
      vertex 21.5876 66.8 8.79999
      vertex 21.6893 66.8 8.95226
    endloop
  endfacet
  facet normal 0.831579 0 -0.555406
    outer loop
      vertex 21.5876 66.8 8.79999
      vertex 21.6893 64.8 8.95226
      vertex 21.5876 64.8 8.79999
    endloop
  endfacet
  facet normal -0.896871 0 -0.442292
    outer loop
      vertex 24.2934 64.8 8.63574
      vertex 24.2124 66.8 8.79999
      vertex 24.2934 66.8 8.63574
    endloop
  endfacet
  facet normal -0.896871 -0 -0.442292
    outer loop
      vertex 24.2124 66.8 8.79999
      vertex 24.2934 64.8 8.63574
      vertex 24.2124 64.8 8.79999
    endloop
  endfacet
  facet normal 0.0653771 0 0.997861
    outer loop
      vertex 22.6173 66.8 2.51199
      vertex 22.8 64.8 2.50002
      vertex 22.8 66.8 2.50002
    endloop
  endfacet
  facet normal 0.0653771 0 0.997861
    outer loop
      vertex 22.8 64.8 2.50002
      vertex 22.6173 66.8 2.51199
      vertex 22.6173 64.8 2.51199
    endloop
  endfacet
  facet normal 0 0 -1
    outer loop
      vertex 22.8 64.8 9.49998
      vertex 23 66.8 9.49998
      vertex 23 64.8 9.49998
    endloop
  endfacet
  facet normal -0 0 -1
    outer loop
      vertex 23 66.8 9.49998
      vertex 22.8 64.8 9.49998
      vertex 22.8 66.8 9.49998
    endloop
  endfacet
  facet normal 0.997851 0 -0.0655259
    outer loop
      vertex 21.412 64.8 8.28273
      vertex 21.4 66.8 8.09999
      vertex 21.412 66.8 8.28273
    endloop
  endfacet
  facet normal 0.997851 0 -0.0655259
    outer loop
      vertex 21.4 66.8 8.09999
      vertex 21.412 64.8 8.28273
      vertex 21.4 64.8 8.09999
    endloop
  endfacet
  facet normal -0.946866 0 0.321629
    outer loop
      vertex 24.2934 64.8 3.36426
      vertex 24.3523 66.8 3.53766
      vertex 24.2934 66.8 3.36426
    endloop
  endfacet
  facet normal -0.946866 0 0.321629
    outer loop
      vertex 24.3523 66.8 3.53766
      vertex 24.2934 64.8 3.36426
      vertex 24.3523 64.8 3.53766
    endloop
  endfacet
  facet normal 0.195066 0 -0.98079
    outer loop
      vertex 22.4377 64.8 9.45229
      vertex 22.6173 66.8 9.48801
      vertex 22.6173 64.8 9.48801
    endloop
  endfacet
  facet normal 0.195066 0 -0.98079
    outer loop
      vertex 22.6173 66.8 9.48801
      vertex 22.4377 64.8 9.45229
      vertex 22.4377 66.8 9.45229
    endloop
  endfacet
  facet normal 0.659556 0 0.751656
    outer loop
      vertex 21.8101 66.8 2.91006
      vertex 21.9477 64.8 2.78932
      vertex 21.9477 66.8 2.78932
    endloop
  endfacet
  facet normal 0.659556 0 0.751656
    outer loop
      vertex 21.9477 64.8 2.78932
      vertex 21.8101 66.8 2.91006
      vertex 21.8101 64.8 2.91006
    endloop
  endfacet
  facet normal -0.0653771 0 0.997861
    outer loop
      vertex 23 66.8 2.50002
      vertex 23.1827 64.8 2.51199
      vertex 23.1827 66.8 2.51199
    endloop
  endfacet
  facet normal -0.0653771 0 0.997861
    outer loop
      vertex 23.1827 64.8 2.51199
      vertex 23 66.8 2.50002
      vertex 23 64.8 2.50002
    endloop
  endfacet
  facet normal 0.896871 0 -0.442292
    outer loop
      vertex 21.5876 64.8 8.79999
      vertex 21.5066 66.8 8.63574
      vertex 21.5876 66.8 8.79999
    endloop
  endfacet
  facet normal 0.896871 0 -0.442292
    outer loop
      vertex 21.5066 66.8 8.63574
      vertex 21.5876 64.8 8.79999
      vertex 21.5066 64.8 8.63574
    endloop
  endfacet
  facet normal -0.831579 0 0.555406
    outer loop
      vertex 24.1107 64.8 3.04774
      vertex 24.2124 66.8 3.20001
      vertex 24.1107 66.8 3.04774
    endloop
  endfacet
  facet normal -0.831579 0 0.555406
    outer loop
      vertex 24.2124 66.8 3.20001
      vertex 24.1107 64.8 3.04774
      vertex 24.2124 64.8 3.20001
    endloop
  endfacet
  facet normal -0.946866 0 -0.321629
    outer loop
      vertex 24.3523 64.8 8.46234
      vertex 24.2934 66.8 8.63574
      vertex 24.3523 66.8 8.46234
    endloop
  endfacet
  facet normal -0.946866 -0 -0.321629
    outer loop
      vertex 24.2934 66.8 8.63574
      vertex 24.3523 64.8 8.46234
      vertex 24.2934 64.8 8.63574
    endloop
  endfacet
  facet normal 0.980813 -0 0.19495
    outer loop
      vertex 21.412 64.8 3.71727
      vertex 21.4477 66.8 3.53766
      vertex 21.412 66.8 3.71727
    endloop
  endfacet
  facet normal 0.980813 0 0.19495
    outer loop
      vertex 21.4477 66.8 3.53766
      vertex 21.412 64.8 3.71727
      vertex 21.4477 64.8 3.53766
    endloop
  endfacet
  facet normal -0.831579 0 -0.555406
    outer loop
      vertex 24.2124 64.8 8.79999
      vertex 24.1107 66.8 8.95226
      vertex 24.2124 66.8 8.79999
    endloop
  endfacet
  facet normal -0.831579 -0 -0.555406
    outer loop
      vertex 24.1107 66.8 8.95226
      vertex 24.2124 64.8 8.79999
      vertex 24.1107 64.8 8.95226
    endloop
  endfacet
  facet normal 0.555481 0 0.831529
    outer loop
      vertex 21.9477 66.8 2.78932
      vertex 22.1 64.8 2.68758
      vertex 22.1 66.8 2.68758
    endloop
  endfacet
  facet normal 0.555481 0 0.831529
    outer loop
      vertex 22.1 64.8 2.68758
      vertex 21.9477 66.8 2.78932
      vertex 21.9477 64.8 2.78932
    endloop
  endfacet
  facet normal 0.751683 -0 0.659524
    outer loop
      vertex 21.6893 64.8 3.04774
      vertex 21.8101 66.8 2.91006
      vertex 21.6893 66.8 3.04774
    endloop
  endfacet
  facet normal 0.751683 0 0.659524
    outer loop
      vertex 21.8101 66.8 2.91006
      vertex 21.6893 64.8 3.04774
      vertex 21.8101 64.8 2.91006
    endloop
  endfacet
  facet normal 0.442184 0 -0.896924
    outer loop
      vertex 22.1 64.8 9.31242
      vertex 22.2643 66.8 9.39342
      vertex 22.2643 64.8 9.39342
    endloop
  endfacet
  facet normal 0.442184 0 -0.896924
    outer loop
      vertex 22.2643 66.8 9.39342
      vertex 22.1 64.8 9.31242
      vertex 22.1 66.8 9.31242
    endloop
  endfacet
  facet normal 0.321482 0 -0.946916
    outer loop
      vertex 22.2643 64.8 9.39342
      vertex 22.4377 66.8 9.45229
      vertex 22.4377 64.8 9.45229
    endloop
  endfacet
  facet normal 0.321482 0 -0.946916
    outer loop
      vertex 22.4377 66.8 9.45229
      vertex 22.2643 64.8 9.39342
      vertex 22.2643 66.8 9.39342
    endloop
  endfacet
  facet normal 0.321482 0 0.946916
    outer loop
      vertex 22.2643 66.8 2.60658
      vertex 22.4377 64.8 2.54771
      vertex 22.4377 66.8 2.54771
    endloop
  endfacet
  facet normal 0.321482 0 0.946916
    outer loop
      vertex 22.4377 64.8 2.54771
      vertex 22.2643 66.8 2.60658
      vertex 22.2643 64.8 2.60658
    endloop
  endfacet
  facet normal 0.831579 -0 0.555406
    outer loop
      vertex 21.5876 64.8 3.20001
      vertex 21.6893 66.8 3.04774
      vertex 21.5876 66.8 3.20001
    endloop
  endfacet
  facet normal 0.831579 0 0.555406
    outer loop
      vertex 21.6893 66.8 3.04774
      vertex 21.5876 64.8 3.20001
      vertex 21.6893 64.8 3.04774
    endloop
  endfacet
  facet normal 0.442184 0 0.896924
    outer loop
      vertex 22.1 66.8 2.68758
      vertex 22.2643 64.8 2.60658
      vertex 22.2643 66.8 2.60658
    endloop
  endfacet
  facet normal 0.442184 0 0.896924
    outer loop
      vertex 22.2643 64.8 2.60658
      vertex 22.1 66.8 2.68758
      vertex 22.1 64.8 2.68758
    endloop
  endfacet
  facet normal -0.997851 0 -0.0655259
    outer loop
      vertex 24.4 64.8 8.09999
      vertex 24.388 66.8 8.28273
      vertex 24.4 66.8 8.09999
    endloop
  endfacet
  facet normal -0.997851 -0 -0.0655259
    outer loop
      vertex 24.388 66.8 8.28273
      vertex 24.4 64.8 8.09999
      vertex 24.388 64.8 8.28273
    endloop
  endfacet
  facet normal -0.997851 0 0.0655259
    outer loop
      vertex 24.388 64.8 3.71727
      vertex 24.4 66.8 3.90001
      vertex 24.388 66.8 3.71727
    endloop
  endfacet
  facet normal -0.997851 0 0.0655259
    outer loop
      vertex 24.4 66.8 3.90001
      vertex 24.388 64.8 3.71727
      vertex 24.4 64.8 3.90001
    endloop
  endfacet
  facet normal -0.0653771 0 -0.997861
    outer loop
      vertex 23 64.8 9.49998
      vertex 23.1827 66.8 9.48801
      vertex 23.1827 64.8 9.48801
    endloop
  endfacet
  facet normal -0.0653771 0 -0.997861
    outer loop
      vertex 23.1827 66.8 9.48801
      vertex 23 64.8 9.49998
      vertex 23 66.8 9.49998
    endloop
  endfacet
  facet normal -0.195066 0 -0.98079
    outer loop
      vertex 23.1827 64.8 9.48801
      vertex 23.3623 66.8 9.45229
      vertex 23.3623 64.8 9.45229
    endloop
  endfacet
  facet normal -0.195066 0 -0.98079
    outer loop
      vertex 23.3623 66.8 9.45229
      vertex 23.1827 64.8 9.48801
      vertex 23.1827 66.8 9.48801
    endloop
  endfacet
  facet normal 0.980813 0 -0.19495
    outer loop
      vertex 21.4477 64.8 8.46234
      vertex 21.412 66.8 8.28273
      vertex 21.4477 66.8 8.46234
    endloop
  endfacet
  facet normal 0.980813 0 -0.19495
    outer loop
      vertex 21.412 66.8 8.28273
      vertex 21.4477 64.8 8.46234
      vertex 21.412 64.8 8.28273
    endloop
  endfacet
  facet normal -0.896871 0 0.442292
    outer loop
      vertex 24.2124 64.8 3.20001
      vertex 24.2934 66.8 3.36426
      vertex 24.2124 66.8 3.20001
    endloop
  endfacet
  facet normal -0.896871 0 0.442292
    outer loop
      vertex 24.2934 66.8 3.36426
      vertex 24.2124 64.8 3.20001
      vertex 24.2934 64.8 3.36426
    endloop
  endfacet
  facet normal 0.751683 0 -0.659524
    outer loop
      vertex 21.8101 64.8 9.08994
      vertex 21.6893 66.8 8.95226
      vertex 21.8101 66.8 9.08994
    endloop
  endfacet
  facet normal 0.751683 0 -0.659524
    outer loop
      vertex 21.6893 66.8 8.95226
      vertex 21.8101 64.8 9.08994
      vertex 21.6893 64.8 8.95226
    endloop
  endfacet
  facet normal -1 0 0
    outer loop
      vertex 24.4 64.8 3.90001
      vertex 24.4 66.8 8.09999
      vertex 24.4 66.8 3.90001
    endloop
  endfacet
  facet normal -1 -0 0
    outer loop
      vertex 24.4 66.8 8.09999
      vertex 24.4 64.8 3.90001
      vertex 24.4 64.8 8.09999
    endloop
  endfacet
  facet normal -0.980813 0 -0.19495
    outer loop
      vertex 24.388 64.8 8.28273
      vertex 24.3523 66.8 8.46234
      vertex 24.388 66.8 8.28273
    endloop
  endfacet
  facet normal -0.980813 -0 -0.19495
    outer loop
      vertex 24.3523 66.8 8.46234
      vertex 24.388 64.8 8.28273
      vertex 24.3523 64.8 8.46234
    endloop
  endfacet
  facet normal 0.0653771 0 -0.997861
    outer loop
      vertex 22.6173 64.8 9.48801
      vertex 22.8 66.8 9.49998
      vertex 22.8 64.8 9.49998
    endloop
  endfacet
  facet normal 0.0653771 0 -0.997861
    outer loop
      vertex 22.8 66.8 9.49998
      vertex 22.6173 64.8 9.48801
      vertex 22.6173 66.8 9.48801
    endloop
  endfacet
  facet normal 0.946866 0 -0.321629
    outer loop
      vertex 21.5066 64.8 8.63574
      vertex 21.4477 66.8 8.46234
      vertex 21.5066 66.8 8.63574
    endloop
  endfacet
  facet normal 0.946866 0 -0.321629
    outer loop
      vertex 21.4477 66.8 8.46234
      vertex 21.5066 64.8 8.63574
      vertex 21.4477 64.8 8.46234
    endloop
  endfacet
  facet normal 0.896871 -0 0.442292
    outer loop
      vertex 21.5066 64.8 3.36426
      vertex 21.5876 66.8 3.20001
      vertex 21.5066 66.8 3.36426
    endloop
  endfacet
  facet normal 0.896871 0 0.442292
    outer loop
      vertex 21.5876 66.8 3.20001
      vertex 21.5066 64.8 3.36426
      vertex 21.5876 64.8 3.20001
    endloop
  endfacet
  facet normal -0 0 1
    outer loop
      vertex 22.8 66.8 2.50002
      vertex 23 64.8 2.50002
      vertex 23 66.8 2.50002
    endloop
  endfacet
  facet normal 0 0 1
    outer loop
      vertex 23 64.8 2.50002
      vertex 22.8 66.8 2.50002
      vertex 22.8 64.8 2.50002
    endloop
  endfacet
  facet normal 1 -0 0
    outer loop
      vertex 21.4 64.8 8.09999
      vertex 21.4 66.8 3.90001
      vertex 21.4 66.8 8.09999
    endloop
  endfacet
  facet normal 1 0 0
    outer loop
      vertex 21.4 66.8 3.90001
      vertex 21.4 64.8 8.09999
      vertex 21.4 64.8 3.90001
    endloop
  endfacet
  facet normal 0.997851 -0 0.0655259
    outer loop
      vertex 21.4 64.8 3.90001
      vertex 21.412 66.8 3.71727
      vertex 21.4 66.8 3.90001
    endloop
  endfacet
  facet normal 0.997851 0 0.0655259
    outer loop
      vertex 21.412 66.8 3.71727
      vertex 21.4 64.8 3.90001
      vertex 21.412 64.8 3.71727
    endloop
  endfacet
  facet normal 0.946866 -0 0.321629
    outer loop
      vertex 21.4477 64.8 3.53766
      vertex 21.5066 66.8 3.36426
      vertex 21.4477 66.8 3.53766
    endloop
  endfacet
  facet normal 0.946866 0 0.321629
    outer loop
      vertex 21.5066 66.8 3.36426
      vertex 21.4477 64.8 3.53766
      vertex 21.5066 64.8 3.36426
    endloop
  endfacet
  facet normal 0.659556 0 -0.751656
    outer loop
      vertex 21.8101 64.8 9.08994
      vertex 21.9477 66.8 9.21068
      vertex 21.9477 64.8 9.21068
    endloop
  endfacet
  facet normal 0.659556 0 -0.751656
    outer loop
      vertex 21.9477 66.8 9.21068
      vertex 21.8101 64.8 9.08994
      vertex 21.8101 66.8 9.08994
    endloop
  endfacet
  facet normal 0.555481 0 -0.831529
    outer loop
      vertex 21.9477 64.8 9.21068
      vertex 22.1 66.8 9.31242
      vertex 22.1 64.8 9.31242
    endloop
  endfacet
  facet normal 0.555481 0 -0.831529
    outer loop
      vertex 22.1 66.8 9.31242
      vertex 21.9477 64.8 9.21068
      vertex 21.9477 66.8 9.21068
    endloop
  endfacet
  facet normal -0.442184 0 0.896924
    outer loop
      vertex 23.5357 66.8 2.60658
      vertex 23.7 64.8 2.68758
      vertex 23.7 66.8 2.68758
    endloop
  endfacet
  facet normal -0.442184 0 0.896924
    outer loop
      vertex 23.7 64.8 2.68758
      vertex 23.5357 66.8 2.60658
      vertex 23.5357 64.8 2.60658
    endloop
  endfacet
  facet normal -0.555481 0 0.831529
    outer loop
      vertex 23.7 66.8 2.68758
      vertex 23.8523 64.8 2.78932
      vertex 23.8523 66.8 2.78932
    endloop
  endfacet
  facet normal -0.555481 0 0.831529
    outer loop
      vertex 23.8523 64.8 2.78932
      vertex 23.7 66.8 2.68758
      vertex 23.7 64.8 2.68758
    endloop
  endfacet
  facet normal -0.321482 0 -0.946916
    outer loop
      vertex 23.3623 64.8 9.45229
      vertex 23.5357 66.8 9.39342
      vertex 23.5357 64.8 9.39342
    endloop
  endfacet
  facet normal -0.321482 0 -0.946916
    outer loop
      vertex 23.5357 66.8 9.39342
      vertex 23.3623 64.8 9.45229
      vertex 23.3623 66.8 9.45229
    endloop
  endfacet
  facet normal -0.442184 0 -0.896924
    outer loop
      vertex 23.5357 64.8 9.39342
      vertex 23.7 66.8 9.31242
      vertex 23.7 64.8 9.31242
    endloop
  endfacet
  facet normal -0.442184 0 -0.896924
    outer loop
      vertex 23.7 66.8 9.31242
      vertex 23.5357 64.8 9.39342
      vertex 23.5357 66.8 9.39342
    endloop
  endfacet
  facet normal -0.751683 0 -0.659524
    outer loop
      vertex 24.1107 64.8 8.95226
      vertex 23.9899 66.8 9.08994
      vertex 24.1107 66.8 8.95226
    endloop
  endfacet
  facet normal -0.751683 -0 -0.659524
    outer loop
      vertex 23.9899 66.8 9.08994
      vertex 24.1107 64.8 8.95226
      vertex 23.9899 64.8 9.08994
    endloop
  endfacet
  facet normal -0.555481 0 -0.831529
    outer loop
      vertex 23.7 64.8 9.31242
      vertex 23.8523 66.8 9.21068
      vertex 23.8523 64.8 9.21068
    endloop
  endfacet
  facet normal -0.555481 0 -0.831529
    outer loop
      vertex 23.8523 66.8 9.21068
      vertex 23.7 64.8 9.31242
      vertex 23.7 66.8 9.31242
    endloop
  endfacet
  facet normal -0.659556 0 0.751656
    outer loop
      vertex 23.8523 66.8 2.78932
      vertex 23.9899 64.8 2.91006
      vertex 23.9899 66.8 2.91006
    endloop
  endfacet
  facet normal -0.659556 0 0.751656
    outer loop
      vertex 23.9899 64.8 2.91006
      vertex 23.8523 66.8 2.78932
      vertex 23.8523 64.8 2.78932
    endloop
  endfacet
  facet normal -0.980813 0 0.19495
    outer loop
      vertex 24.3523 64.8 3.53766
      vertex 24.388 66.8 3.71727
      vertex 24.3523 66.8 3.53766
    endloop
  endfacet
  facet normal -0.980813 0 0.19495
    outer loop
      vertex 24.388 66.8 3.71727
      vertex 24.3523 64.8 3.53766
      vertex 24.388 64.8 3.71727
    endloop
  endfacet
  facet normal -0.751683 0 0.659524
    outer loop
      vertex 23.9899 64.8 2.91006
      vertex 24.1107 66.8 3.04774
      vertex 23.9899 66.8 2.91006
    endloop
  endfacet
  facet normal -0.751683 0 0.659524
    outer loop
      vertex 24.1107 66.8 3.04774
      vertex 23.9899 64.8 2.91006
      vertex 24.1107 64.8 3.04774
    endloop
  endfacet
  facet normal -0.659556 0 -0.751656
    outer loop
      vertex 30.8523 64.8 9.21068
      vertex 30.9899 66.8 9.08994
      vertex 30.9899 64.8 9.08994
    endloop
  endfacet
  facet normal -0.659556 0 -0.751656
    outer loop
      vertex 30.9899 66.8 9.08994
      vertex 30.8523 64.8 9.21068
      vertex 30.8523 66.8 9.21068
    endloop
  endfacet
  facet normal -0.321482 0 0.946916
    outer loop
      vertex 30.3623 66.8 2.54771
      vertex 30.5357 64.8 2.60658
      vertex 30.5357 66.8 2.60658
    endloop
  endfacet
  facet normal -0.321482 0 0.946916
    outer loop
      vertex 30.5357 64.8 2.60658
      vertex 30.3623 66.8 2.54771
      vertex 30.3623 64.8 2.54771
    endloop
  endfacet
  facet normal -0.195066 0 0.98079
    outer loop
      vertex 30.1827 66.8 2.51199
      vertex 30.3623 64.8 2.54771
      vertex 30.3623 66.8 2.54771
    endloop
  endfacet
  facet normal -0.195066 0 0.98079
    outer loop
      vertex 30.3623 64.8 2.54771
      vertex 30.1827 66.8 2.51199
      vertex 30.1827 64.8 2.51199
    endloop
  endfacet
  facet normal 0.195066 0 0.98079
    outer loop
      vertex 29.4377 66.8 2.54771
      vertex 29.6173 64.8 2.51199
      vertex 29.6173 66.8 2.51199
    endloop
  endfacet
  facet normal 0.195066 0 0.98079
    outer loop
      vertex 29.6173 64.8 2.51199
      vertex 29.4377 66.8 2.54771
      vertex 29.4377 64.8 2.54771
    endloop
  endfacet
  facet normal 0.831579 0 -0.555406
    outer loop
      vertex 28.6893 64.8 8.95226
      vertex 28.5876 66.8 8.79999
      vertex 28.6893 66.8 8.95226
    endloop
  endfacet
  facet normal 0.831579 0 -0.555406
    outer loop
      vertex 28.5876 66.8 8.79999
      vertex 28.6893 64.8 8.95226
      vertex 28.5876 64.8 8.79999
    endloop
  endfacet
  facet normal -0.896871 0 -0.442292
    outer loop
      vertex 31.2934 64.8 8.63574
      vertex 31.2124 66.8 8.79999
      vertex 31.2934 66.8 8.63574
    endloop
  endfacet
  facet normal -0.896871 -0 -0.442292
    outer loop
      vertex 31.2124 66.8 8.79999
      vertex 31.2934 64.8 8.63574
      vertex 31.2124 64.8 8.79999
    endloop
  endfacet
  facet normal 0.0653771 0 0.997861
    outer loop
      vertex 29.6173 66.8 2.51199
      vertex 29.8 64.8 2.50002
      vertex 29.8 66.8 2.50002
    endloop
  endfacet
  facet normal 0.0653771 0 0.997861
    outer loop
      vertex 29.8 64.8 2.50002
      vertex 29.6173 66.8 2.51199
      vertex 29.6173 64.8 2.51199
    endloop
  endfacet
  facet normal 0 0 -1
    outer loop
      vertex 29.8 64.8 9.49998
      vertex 30 66.8 9.49998
      vertex 30 64.8 9.49998
    endloop
  endfacet
  facet normal -0 0 -1
    outer loop
      vertex 30 66.8 9.49998
      vertex 29.8 64.8 9.49998
      vertex 29.8 66.8 9.49998
    endloop
  endfacet
  facet normal 0.997851 0 -0.0655259
    outer loop
      vertex 28.412 64.8 8.28273
      vertex 28.4 66.8 8.09999
      vertex 28.412 66.8 8.28273
    endloop
  endfacet
  facet normal 0.997851 0 -0.0655259
    outer loop
      vertex 28.4 66.8 8.09999
      vertex 28.412 64.8 8.28273
      vertex 28.4 64.8 8.09999
    endloop
  endfacet
  facet normal -0.946866 0 0.321629
    outer loop
      vertex 31.2934 64.8 3.36426
      vertex 31.3523 66.8 3.53766
      vertex 31.2934 66.8 3.36426
    endloop
  endfacet
  facet normal -0.946866 0 0.321629
    outer loop
      vertex 31.3523 66.8 3.53766
      vertex 31.2934 64.8 3.36426
      vertex 31.3523 64.8 3.53766
    endloop
  endfacet
  facet normal 0.195066 0 -0.98079
    outer loop
      vertex 29.4377 64.8 9.45229
      vertex 29.6173 66.8 9.48801
      vertex 29.6173 64.8 9.48801
    endloop
  endfacet
  facet normal 0.195066 0 -0.98079
    outer loop
      vertex 29.6173 66.8 9.48801
      vertex 29.4377 64.8 9.45229
      vertex 29.4377 66.8 9.45229
    endloop
  endfacet
  facet normal 0.659556 0 0.751656
    outer loop
      vertex 28.8101 66.8 2.91006
      vertex 28.9477 64.8 2.78932
      vertex 28.9477 66.8 2.78932
    endloop
  endfacet
  facet normal 0.659556 0 0.751656
    outer loop
      vertex 28.9477 64.8 2.78932
      vertex 28.8101 66.8 2.91006
      vertex 28.8101 64.8 2.91006
    endloop
  endfacet
  facet normal -0.0653771 0 0.997861
    outer loop
      vertex 30 66.8 2.50002
      vertex 30.1827 64.8 2.51199
      vertex 30.1827 66.8 2.51199
    endloop
  endfacet
  facet normal -0.0653771 0 0.997861
    outer loop
      vertex 30.1827 64.8 2.51199
      vertex 30 66.8 2.50002
      vertex 30 64.8 2.50002
    endloop
  endfacet
  facet normal 0.896871 0 -0.442292
    outer loop
      vertex 28.5876 64.8 8.79999
      vertex 28.5066 66.8 8.63574
      vertex 28.5876 66.8 8.79999
    endloop
  endfacet
  facet normal 0.896871 0 -0.442292
    outer loop
      vertex 28.5066 66.8 8.63574
      vertex 28.5876 64.8 8.79999
      vertex 28.5066 64.8 8.63574
    endloop
  endfacet
  facet normal -0.831579 0 0.555406
    outer loop
      vertex 31.1107 64.8 3.04774
      vertex 31.2124 66.8 3.20001
      vertex 31.1107 66.8 3.04774
    endloop
  endfacet
  facet normal -0.831579 0 0.555406
    outer loop
      vertex 31.2124 66.8 3.20001
      vertex 31.1107 64.8 3.04774
      vertex 31.2124 64.8 3.20001
    endloop
  endfacet
  facet normal -0.946866 0 -0.321629
    outer loop
      vertex 31.3523 64.8 8.46234
      vertex 31.2934 66.8 8.63574
      vertex 31.3523 66.8 8.46234
    endloop
  endfacet
  facet normal -0.946866 -0 -0.321629
    outer loop
      vertex 31.2934 66.8 8.63574
      vertex 31.3523 64.8 8.46234
      vertex 31.2934 64.8 8.63574
    endloop
  endfacet
  facet normal 0.980813 -0 0.19495
    outer loop
      vertex 28.412 64.8 3.71727
      vertex 28.4477 66.8 3.53766
      vertex 28.412 66.8 3.71727
    endloop
  endfacet
  facet normal 0.980813 0 0.19495
    outer loop
      vertex 28.4477 66.8 3.53766
      vertex 28.412 64.8 3.71727
      vertex 28.4477 64.8 3.53766
    endloop
  endfacet
  facet normal -0.831579 0 -0.555406
    outer loop
      vertex 31.2124 64.8 8.79999
      vertex 31.1107 66.8 8.95226
      vertex 31.2124 66.8 8.79999
    endloop
  endfacet
  facet normal -0.831579 -0 -0.555406
    outer loop
      vertex 31.1107 66.8 8.95226
      vertex 31.2124 64.8 8.79999
      vertex 31.1107 64.8 8.95226
    endloop
  endfacet
  facet normal 0.555481 0 0.831529
    outer loop
      vertex 28.9477 66.8 2.78932
      vertex 29.1 64.8 2.68758
      vertex 29.1 66.8 2.68758
    endloop
  endfacet
  facet normal 0.555481 0 0.831529
    outer loop
      vertex 29.1 64.8 2.68758
      vertex 28.9477 66.8 2.78932
      vertex 28.9477 64.8 2.78932
    endloop
  endfacet
  facet normal 0.751683 -0 0.659524
    outer loop
      vertex 28.6893 64.8 3.04774
      vertex 28.8101 66.8 2.91006
      vertex 28.6893 66.8 3.04774
    endloop
  endfacet
  facet normal 0.751683 0 0.659524
    outer loop
      vertex 28.8101 66.8 2.91006
      vertex 28.6893 64.8 3.04774
      vertex 28.8101 64.8 2.91006
    endloop
  endfacet
  facet normal 0.442184 0 -0.896924
    outer loop
      vertex 29.1 64.8 9.31242
      vertex 29.2643 66.8 9.39342
      vertex 29.2643 64.8 9.39342
    endloop
  endfacet
  facet normal 0.442184 0 -0.896924
    outer loop
      vertex 29.2643 66.8 9.39342
      vertex 29.1 64.8 9.31242
      vertex 29.1 66.8 9.31242
    endloop
  endfacet
  facet normal 0.321482 0 -0.946916
    outer loop
      vertex 29.2643 64.8 9.39342
      vertex 29.4377 66.8 9.45229
      vertex 29.4377 64.8 9.45229
    endloop
  endfacet
  facet normal 0.321482 0 -0.946916
    outer loop
      vertex 29.4377 66.8 9.45229
      vertex 29.2643 64.8 9.39342
      vertex 29.2643 66.8 9.39342
    endloop
  endfacet
  facet normal 0.321482 0 0.946916
    outer loop
      vertex 29.2643 66.8 2.60658
      vertex 29.4377 64.8 2.54771
      vertex 29.4377 66.8 2.54771
    endloop
  endfacet
  facet normal 0.321482 0 0.946916
    outer loop
      vertex 29.4377 64.8 2.54771
      vertex 29.2643 66.8 2.60658
      vertex 29.2643 64.8 2.60658
    endloop
  endfacet
  facet normal 0.831579 -0 0.555406
    outer loop
      vertex 28.5876 64.8 3.20001
      vertex 28.6893 66.8 3.04774
      vertex 28.5876 66.8 3.20001
    endloop
  endfacet
  facet normal 0.831579 0 0.555406
    outer loop
      vertex 28.6893 66.8 3.04774
      vertex 28.5876 64.8 3.20001
      vertex 28.6893 64.8 3.04774
    endloop
  endfacet
  facet normal 0.442184 0 0.896924
    outer loop
      vertex 29.1 66.8 2.68758
      vertex 29.2643 64.8 2.60658
      vertex 29.2643 66.8 2.60658
    endloop
  endfacet
  facet normal 0.442184 0 0.896924
    outer loop
      vertex 29.2643 64.8 2.60658
      vertex 29.1 66.8 2.68758
      vertex 29.1 64.8 2.68758
    endloop
  endfacet
  facet normal -0.997851 0 -0.0655259
    outer loop
      vertex 31.4 64.8 8.09999
      vertex 31.388 66.8 8.28273
      vertex 31.4 66.8 8.09999
    endloop
  endfacet
  facet normal -0.997851 -0 -0.0655259
    outer loop
      vertex 31.388 66.8 8.28273
      vertex 31.4 64.8 8.09999
      vertex 31.388 64.8 8.28273
    endloop
  endfacet
  facet normal 0.659556 0 -0.751656
    outer loop
      vertex 28.8101 64.8 9.08994
      vertex 28.9477 66.8 9.21068
      vertex 28.9477 64.8 9.21068
    endloop
  endfacet
  facet normal 0.659556 0 -0.751656
    outer loop
      vertex 28.9477 66.8 9.21068
      vertex 28.8101 64.8 9.08994
      vertex 28.8101 66.8 9.08994
    endloop
  endfacet
  facet normal -0.997851 0 0.0655259
    outer loop
      vertex 31.388 64.8 3.71727
      vertex 31.4 66.8 3.90001
      vertex 31.388 66.8 3.71727
    endloop
  endfacet
  facet normal -0.997851 0 0.0655259
    outer loop
      vertex 31.4 66.8 3.90001
      vertex 31.388 64.8 3.71727
      vertex 31.4 64.8 3.90001
    endloop
  endfacet
  facet normal -0.0653771 0 -0.997861
    outer loop
      vertex 30 64.8 9.49998
      vertex 30.1827 66.8 9.48801
      vertex 30.1827 64.8 9.48801
    endloop
  endfacet
  facet normal -0.0653771 0 -0.997861
    outer loop
      vertex 30.1827 66.8 9.48801
      vertex 30 64.8 9.49998
      vertex 30 66.8 9.49998
    endloop
  endfacet
  facet normal -0.195066 0 -0.98079
    outer loop
      vertex 30.1827 64.8 9.48801
      vertex 30.3623 66.8 9.45229
      vertex 30.3623 64.8 9.45229
    endloop
  endfacet
  facet normal -0.195066 0 -0.98079
    outer loop
      vertex 30.3623 66.8 9.45229
      vertex 30.1827 64.8 9.48801
      vertex 30.1827 66.8 9.48801
    endloop
  endfacet
  facet normal 0.980813 0 -0.19495
    outer loop
      vertex 28.4477 64.8 8.46234
      vertex 28.412 66.8 8.28273
      vertex 28.4477 66.8 8.46234
    endloop
  endfacet
  facet normal 0.980813 0 -0.19495
    outer loop
      vertex 28.412 66.8 8.28273
      vertex 28.4477 64.8 8.46234
      vertex 28.412 64.8 8.28273
    endloop
  endfacet
  facet normal -0.896871 0 0.442292
    outer loop
      vertex 31.2124 64.8 3.20001
      vertex 31.2934 66.8 3.36426
      vertex 31.2124 66.8 3.20001
    endloop
  endfacet
  facet normal -0.896871 0 0.442292
    outer loop
      vertex 31.2934 66.8 3.36426
      vertex 31.2124 64.8 3.20001
      vertex 31.2934 64.8 3.36426
    endloop
  endfacet
  facet normal 0.751683 0 -0.659524
    outer loop
      vertex 28.8101 64.8 9.08994
      vertex 28.6893 66.8 8.95226
      vertex 28.8101 66.8 9.08994
    endloop
  endfacet
  facet normal 0.751683 0 -0.659524
    outer loop
      vertex 28.6893 66.8 8.95226
      vertex 28.8101 64.8 9.08994
      vertex 28.6893 64.8 8.95226
    endloop
  endfacet
  facet normal -1 0 0
    outer loop
      vertex 31.4 64.8 3.90001
      vertex 31.4 66.8 8.09999
      vertex 31.4 66.8 3.90001
    endloop
  endfacet
  facet normal -1 -0 0
    outer loop
      vertex 31.4 66.8 8.09999
      vertex 31.4 64.8 3.90001
      vertex 31.4 64.8 8.09999
    endloop
  endfacet
  facet normal -0.980813 0 -0.19495
    outer loop
      vertex 31.388 64.8 8.28273
      vertex 31.3523 66.8 8.46234
      vertex 31.388 66.8 8.28273
    endloop
  endfacet
  facet normal -0.980813 -0 -0.19495
    outer loop
      vertex 31.3523 66.8 8.46234
      vertex 31.388 64.8 8.28273
      vertex 31.3523 64.8 8.46234
    endloop
  endfacet
  facet normal 0.0653771 0 -0.997861
    outer loop
      vertex 29.6173 64.8 9.48801
      vertex 29.8 66.8 9.49998
      vertex 29.8 64.8 9.49998
    endloop
  endfacet
  facet normal 0.0653771 0 -0.997861
    outer loop
      vertex 29.8 66.8 9.49998
      vertex 29.6173 64.8 9.48801
      vertex 29.6173 66.8 9.48801
    endloop
  endfacet
  facet normal 0.946866 0 -0.321629
    outer loop
      vertex 28.5066 64.8 8.63574
      vertex 28.4477 66.8 8.46234
      vertex 28.5066 66.8 8.63574
    endloop
  endfacet
  facet normal 0.946866 0 -0.321629
    outer loop
      vertex 28.4477 66.8 8.46234
      vertex 28.5066 64.8 8.63574
      vertex 28.4477 64.8 8.46234
    endloop
  endfacet
  facet normal 0.896871 -0 0.442292
    outer loop
      vertex 28.5066 64.8 3.36426
      vertex 28.5876 66.8 3.20001
      vertex 28.5066 66.8 3.36426
    endloop
  endfacet
  facet normal 0.896871 0 0.442292
    outer loop
      vertex 28.5876 66.8 3.20001
      vertex 28.5066 64.8 3.36426
      vertex 28.5876 64.8 3.20001
    endloop
  endfacet
  facet normal -0 0 1
    outer loop
      vertex 29.8 66.8 2.50002
      vertex 30 64.8 2.50002
      vertex 30 66.8 2.50002
    endloop
  endfacet
  facet normal 0 0 1
    outer loop
      vertex 30 64.8 2.50002
      vertex 29.8 66.8 2.50002
      vertex 29.8 64.8 2.50002
    endloop
  endfacet
  facet normal 1 -0 0
    outer loop
      vertex 28.4 64.8 8.09999
      vertex 28.4 66.8 3.90001
      vertex 28.4 66.8 8.09999
    endloop
  endfacet
  facet normal 1 0 0
    outer loop
      vertex 28.4 66.8 3.90001
      vertex 28.4 64.8 8.09999
      vertex 28.4 64.8 3.90001
    endloop
  endfacet
  facet normal 0.997851 -0 0.0655259
    outer loop
      vertex 28.4 64.8 3.90001
      vertex 28.412 66.8 3.71727
      vertex 28.4 66.8 3.90001
    endloop
  endfacet
  facet normal 0.997851 0 0.0655259
    outer loop
      vertex 28.412 66.8 3.71727
      vertex 28.4 64.8 3.90001
      vertex 28.412 64.8 3.71727
    endloop
  endfacet
  facet normal 0.946866 -0 0.321629
    outer loop
      vertex 28.4477 64.8 3.53766
      vertex 28.5066 66.8 3.36426
      vertex 28.4477 66.8 3.53766
    endloop
  endfacet
  facet normal 0.946866 0 0.321629
    outer loop
      vertex 28.5066 66.8 3.36426
      vertex 28.4477 64.8 3.53766
      vertex 28.5066 64.8 3.36426
    endloop
  endfacet
  facet normal 0.555481 0 -0.831529
    outer loop
      vertex 28.9477 64.8 9.21068
      vertex 29.1 66.8 9.31242
      vertex 29.1 64.8 9.31242
    endloop
  endfacet
  facet normal 0.555481 0 -0.831529
    outer loop
      vertex 29.1 66.8 9.31242
      vertex 28.9477 64.8 9.21068
      vertex 28.9477 66.8 9.21068
    endloop
  endfacet
  facet normal -0.442184 0 0.896924
    outer loop
      vertex 30.5357 66.8 2.60658
      vertex 30.7 64.8 2.68758
      vertex 30.7 66.8 2.68758
    endloop
  endfacet
  facet normal -0.442184 0 0.896924
    outer loop
      vertex 30.7 64.8 2.68758
      vertex 30.5357 66.8 2.60658
      vertex 30.5357 64.8 2.60658
    endloop
  endfacet
  facet normal -0.555481 0 0.831529
    outer loop
      vertex 30.7 66.8 2.68758
      vertex 30.8523 64.8 2.78932
      vertex 30.8523 66.8 2.78932
    endloop
  endfacet
  facet normal -0.555481 0 0.831529
    outer loop
      vertex 30.8523 64.8 2.78932
      vertex 30.7 66.8 2.68758
      vertex 30.7 64.8 2.68758
    endloop
  endfacet
  facet normal -0.321482 0 -0.946916
    outer loop
      vertex 30.3623 64.8 9.45229
      vertex 30.5357 66.8 9.39342
      vertex 30.5357 64.8 9.39342
    endloop
  endfacet
  facet normal -0.321482 0 -0.946916
    outer loop
      vertex 30.5357 66.8 9.39342
      vertex 30.3623 64.8 9.45229
      vertex 30.3623 66.8 9.45229
    endloop
  endfacet
  facet normal -0.442184 0 -0.896924
    outer loop
      vertex 30.5357 64.8 9.39342
      vertex 30.7 66.8 9.31242
      vertex 30.7 64.8 9.31242
    endloop
  endfacet
  facet normal -0.442184 0 -0.896924
    outer loop
      vertex 30.7 66.8 9.31242
      vertex 30.5357 64.8 9.39342
      vertex 30.5357 66.8 9.39342
    endloop
  endfacet
  facet normal -0.751683 0 -0.659524
    outer loop
      vertex 31.1107 64.8 8.95226
      vertex 30.9899 66.8 9.08994
      vertex 31.1107 66.8 8.95226
    endloop
  endfacet
  facet normal -0.751683 -0 -0.659524
    outer loop
      vertex 30.9899 66.8 9.08994
      vertex 31.1107 64.8 8.95226
      vertex 30.9899 64.8 9.08994
    endloop
  endfacet
  facet normal -0.555481 0 -0.831529
    outer loop
      vertex 30.7 64.8 9.31242
      vertex 30.8523 66.8 9.21068
      vertex 30.8523 64.8 9.21068
    endloop
  endfacet
  facet normal -0.555481 0 -0.831529
    outer loop
      vertex 30.8523 66.8 9.21068
      vertex 30.7 64.8 9.31242
      vertex 30.7 66.8 9.31242
    endloop
  endfacet
  facet normal -0.659556 0 0.751656
    outer loop
      vertex 30.8523 66.8 2.78932
      vertex 30.9899 64.8 2.91006
      vertex 30.9899 66.8 2.91006
    endloop
  endfacet
  facet normal -0.659556 0 0.751656
    outer loop
      vertex 30.9899 64.8 2.91006
      vertex 30.8523 66.8 2.78932
      vertex 30.8523 64.8 2.78932
    endloop
  endfacet
  facet normal -0.751683 0 0.659524
    outer loop
      vertex 30.9899 64.8 2.91006
      vertex 31.1107 66.8 3.04774
      vertex 30.9899 66.8 2.91006
    endloop
  endfacet
  facet normal -0.751683 0 0.659524
    outer loop
      vertex 31.1107 66.8 3.04774
      vertex 30.9899 64.8 2.91006
      vertex 31.1107 64.8 3.04774
    endloop
  endfacet
  facet normal -0.980813 0 0.19495
    outer loop
      vertex 31.3523 64.8 3.53766
      vertex 31.388 66.8 3.71727
      vertex 31.3523 66.8 3.53766
    endloop
  endfacet
  facet normal -0.980813 0 0.19495
    outer loop
      vertex 31.388 66.8 3.71727
      vertex 31.3523 64.8 3.53766
      vertex 31.388 64.8 3.71727
    endloop
  endfacet
  facet normal -0.659556 0 -0.751656
    outer loop
      vertex 37.8523 64.8 9.21068
      vertex 37.9899 66.8 9.08994
      vertex 37.9899 64.8 9.08994
    endloop
  endfacet
  facet normal -0.659556 0 -0.751656
    outer loop
      vertex 37.9899 66.8 9.08994
      vertex 37.8523 64.8 9.21068
      vertex 37.8523 66.8 9.21068
    endloop
  endfacet
  facet normal -0.321482 0 0.946916
    outer loop
      vertex 37.3623 66.8 2.54771
      vertex 37.5357 64.8 2.60658
      vertex 37.5357 66.8 2.60658
    endloop
  endfacet
  facet normal -0.321482 0 0.946916
    outer loop
      vertex 37.5357 64.8 2.60658
      vertex 37.3623 66.8 2.54771
      vertex 37.3623 64.8 2.54771
    endloop
  endfacet
  facet normal -0.195066 0 0.98079
    outer loop
      vertex 37.1827 66.8 2.51199
      vertex 37.3623 64.8 2.54771
      vertex 37.3623 66.8 2.54771
    endloop
  endfacet
  facet normal -0.195066 0 0.98079
    outer loop
      vertex 37.3623 64.8 2.54771
      vertex 37.1827 66.8 2.51199
      vertex 37.1827 64.8 2.51199
    endloop
  endfacet
  facet normal 0.195066 0 0.98079
    outer loop
      vertex 36.4377 66.8 2.54771
      vertex 36.6173 64.8 2.51199
      vertex 36.6173 66.8 2.51199
    endloop
  endfacet
  facet normal 0.195066 0 0.98079
    outer loop
      vertex 36.6173 64.8 2.51199
      vertex 36.4377 66.8 2.54771
      vertex 36.4377 64.8 2.54771
    endloop
  endfacet
  facet normal 0.831579 0 -0.555406
    outer loop
      vertex 35.6893 64.8 8.95226
      vertex 35.5876 66.8 8.79999
      vertex 35.6893 66.8 8.95226
    endloop
  endfacet
  facet normal 0.831579 0 -0.555406
    outer loop
      vertex 35.5876 66.8 8.79999
      vertex 35.6893 64.8 8.95226
      vertex 35.5876 64.8 8.79999
    endloop
  endfacet
  facet normal -0.896871 0 -0.442292
    outer loop
      vertex 38.2934 64.8 8.63574
      vertex 38.2124 66.8 8.79999
      vertex 38.2934 66.8 8.63574
    endloop
  endfacet
  facet normal -0.896871 -0 -0.442292
    outer loop
      vertex 38.2124 66.8 8.79999
      vertex 38.2934 64.8 8.63574
      vertex 38.2124 64.8 8.79999
    endloop
  endfacet
  facet normal 0.0653771 0 0.997861
    outer loop
      vertex 36.6173 66.8 2.51199
      vertex 36.8 64.8 2.50002
      vertex 36.8 66.8 2.50002
    endloop
  endfacet
  facet normal 0.0653771 0 0.997861
    outer loop
      vertex 36.8 64.8 2.50002
      vertex 36.6173 66.8 2.51199
      vertex 36.6173 64.8 2.51199
    endloop
  endfacet
  facet normal 0 0 -1
    outer loop
      vertex 36.8 64.8 9.49998
      vertex 37 66.8 9.49998
      vertex 37 64.8 9.49998
    endloop
  endfacet
  facet normal -0 0 -1
    outer loop
      vertex 37 66.8 9.49998
      vertex 36.8 64.8 9.49998
      vertex 36.8 66.8 9.49998
    endloop
  endfacet
  facet normal 0.997851 0 -0.0655259
    outer loop
      vertex 35.412 64.8 8.28273
      vertex 35.4 66.8 8.09999
      vertex 35.412 66.8 8.28273
    endloop
  endfacet
  facet normal 0.997851 0 -0.0655259
    outer loop
      vertex 35.4 66.8 8.09999
      vertex 35.412 64.8 8.28273
      vertex 35.4 64.8 8.09999
    endloop
  endfacet
  facet normal -0.946866 0 0.321629
    outer loop
      vertex 38.2934 64.8 3.36426
      vertex 38.3523 66.8 3.53766
      vertex 38.2934 66.8 3.36426
    endloop
  endfacet
  facet normal -0.946866 0 0.321629
    outer loop
      vertex 38.3523 66.8 3.53766
      vertex 38.2934 64.8 3.36426
      vertex 38.3523 64.8 3.53766
    endloop
  endfacet
  facet normal 0.195066 0 -0.98079
    outer loop
      vertex 36.4377 64.8 9.45229
      vertex 36.6173 66.8 9.48801
      vertex 36.6173 64.8 9.48801
    endloop
  endfacet
  facet normal 0.195066 0 -0.98079
    outer loop
      vertex 36.6173 66.8 9.48801
      vertex 36.4377 64.8 9.45229
      vertex 36.4377 66.8 9.45229
    endloop
  endfacet
  facet normal 0.659556 0 0.751656
    outer loop
      vertex 35.8101 66.8 2.91006
      vertex 35.9477 64.8 2.78932
      vertex 35.9477 66.8 2.78932
    endloop
  endfacet
  facet normal 0.659556 0 0.751656
    outer loop
      vertex 35.9477 64.8 2.78932
      vertex 35.8101 66.8 2.91006
      vertex 35.8101 64.8 2.91006
    endloop
  endfacet
  facet normal -0.0653771 0 0.997861
    outer loop
      vertex 37 66.8 2.50002
      vertex 37.1827 64.8 2.51199
      vertex 37.1827 66.8 2.51199
    endloop
  endfacet
  facet normal -0.0653771 0 0.997861
    outer loop
      vertex 37.1827 64.8 2.51199
      vertex 37 66.8 2.50002
      vertex 37 64.8 2.50002
    endloop
  endfacet
  facet normal 0.896871 0 -0.442292
    outer loop
      vertex 35.5876 64.8 8.79999
      vertex 35.5066 66.8 8.63574
      vertex 35.5876 66.8 8.79999
    endloop
  endfacet
  facet normal 0.896871 0 -0.442292
    outer loop
      vertex 35.5066 66.8 8.63574
      vertex 35.5876 64.8 8.79999
      vertex 35.5066 64.8 8.63574
    endloop
  endfacet
  facet normal -0.831579 0 0.555406
    outer loop
      vertex 38.1107 64.8 3.04774
      vertex 38.2124 66.8 3.20001
      vertex 38.1107 66.8 3.04774
    endloop
  endfacet
  facet normal -0.831579 0 0.555406
    outer loop
      vertex 38.2124 66.8 3.20001
      vertex 38.1107 64.8 3.04774
      vertex 38.2124 64.8 3.20001
    endloop
  endfacet
  facet normal -0.946866 0 -0.321629
    outer loop
      vertex 38.3523 64.8 8.46234
      vertex 38.2934 66.8 8.63574
      vertex 38.3523 66.8 8.46234
    endloop
  endfacet
  facet normal -0.946866 -0 -0.321629
    outer loop
      vertex 38.2934 66.8 8.63574
      vertex 38.3523 64.8 8.46234
      vertex 38.2934 64.8 8.63574
    endloop
  endfacet
  facet normal 0.980813 -0 0.19495
    outer loop
      vertex 35.412 64.8 3.71727
      vertex 35.4477 66.8 3.53766
      vertex 35.412 66.8 3.71727
    endloop
  endfacet
  facet normal 0.980813 0 0.19495
    outer loop
      vertex 35.4477 66.8 3.53766
      vertex 35.412 64.8 3.71727
      vertex 35.4477 64.8 3.53766
    endloop
  endfacet
  facet normal -0.831579 0 -0.555406
    outer loop
      vertex 38.2124 64.8 8.79999
      vertex 38.1107 66.8 8.95226
      vertex 38.2124 66.8 8.79999
    endloop
  endfacet
  facet normal -0.831579 -0 -0.555406
    outer loop
      vertex 38.1107 66.8 8.95226
      vertex 38.2124 64.8 8.79999
      vertex 38.1107 64.8 8.95226
    endloop
  endfacet
  facet normal 0.555481 0 0.831529
    outer loop
      vertex 35.9477 66.8 2.78932
      vertex 36.1 64.8 2.68758
      vertex 36.1 66.8 2.68758
    endloop
  endfacet
  facet normal 0.555481 0 0.831529
    outer loop
      vertex 36.1 64.8 2.68758
      vertex 35.9477 66.8 2.78932
      vertex 35.9477 64.8 2.78932
    endloop
  endfacet
  facet normal 0.751683 -0 0.659524
    outer loop
      vertex 35.6893 64.8 3.04774
      vertex 35.8101 66.8 2.91006
      vertex 35.6893 66.8 3.04774
    endloop
  endfacet
  facet normal 0.751683 0 0.659524
    outer loop
      vertex 35.8101 66.8 2.91006
      vertex 35.6893 64.8 3.04774
      vertex 35.8101 64.8 2.91006
    endloop
  endfacet
  facet normal 0.442184 0 -0.896924
    outer loop
      vertex 36.1 64.8 9.31242
      vertex 36.2643 66.8 9.39342
      vertex 36.2643 64.8 9.39342
    endloop
  endfacet
  facet normal 0.442184 0 -0.896924
    outer loop
      vertex 36.2643 66.8 9.39342
      vertex 36.1 64.8 9.31242
      vertex 36.1 66.8 9.31242
    endloop
  endfacet
  facet normal 0.321482 0 -0.946916
    outer loop
      vertex 36.2643 64.8 9.39342
      vertex 36.4377 66.8 9.45229
      vertex 36.4377 64.8 9.45229
    endloop
  endfacet
  facet normal 0.321482 0 -0.946916
    outer loop
      vertex 36.4377 66.8 9.45229
      vertex 36.2643 64.8 9.39342
      vertex 36.2643 66.8 9.39342
    endloop
  endfacet
  facet normal 0.321482 0 0.946916
    outer loop
      vertex 36.2643 66.8 2.60658
      vertex 36.4377 64.8 2.54771
      vertex 36.4377 66.8 2.54771
    endloop
  endfacet
  facet normal 0.321482 0 0.946916
    outer loop
      vertex 36.4377 64.8 2.54771
      vertex 36.2643 66.8 2.60658
      vertex 36.2643 64.8 2.60658
    endloop
  endfacet
  facet normal 0.831579 -0 0.555406
    outer loop
      vertex 35.5876 64.8 3.20001
      vertex 35.6893 66.8 3.04774
      vertex 35.5876 66.8 3.20001
    endloop
  endfacet
  facet normal 0.831579 0 0.555406
    outer loop
      vertex 35.6893 66.8 3.04774
      vertex 35.5876 64.8 3.20001
      vertex 35.6893 64.8 3.04774
    endloop
  endfacet
  facet normal 0.442184 0 0.896924
    outer loop
      vertex 36.1 66.8 2.68758
      vertex 36.2643 64.8 2.60658
      vertex 36.2643 66.8 2.60658
    endloop
  endfacet
  facet normal 0.442184 0 0.896924
    outer loop
      vertex 36.2643 64.8 2.60658
      vertex 36.1 66.8 2.68758
      vertex 36.1 64.8 2.68758
    endloop
  endfacet
  facet normal -0.997851 0 -0.0655259
    outer loop
      vertex 38.4 64.8 8.09999
      vertex 38.388 66.8 8.28273
      vertex 38.4 66.8 8.09999
    endloop
  endfacet
  facet normal -0.997851 -0 -0.0655259
    outer loop
      vertex 38.388 66.8 8.28273
      vertex 38.4 64.8 8.09999
      vertex 38.388 64.8 8.28273
    endloop
  endfacet
  facet normal -0.997851 0 0.0655259
    outer loop
      vertex 38.388 64.8 3.71727
      vertex 38.4 66.8 3.90001
      vertex 38.388 66.8 3.71727
    endloop
  endfacet
  facet normal -0.997851 0 0.0655259
    outer loop
      vertex 38.4 66.8 3.90001
      vertex 38.388 64.8 3.71727
      vertex 38.4 64.8 3.90001
    endloop
  endfacet
  facet normal -0.0653771 0 -0.997861
    outer loop
      vertex 37 64.8 9.49998
      vertex 37.1827 66.8 9.48801
      vertex 37.1827 64.8 9.48801
    endloop
  endfacet
  facet normal -0.0653771 0 -0.997861
    outer loop
      vertex 37.1827 66.8 9.48801
      vertex 37 64.8 9.49998
      vertex 37 66.8 9.49998
    endloop
  endfacet
  facet normal -0.195066 0 -0.98079
    outer loop
      vertex 37.1827 64.8 9.48801
      vertex 37.3623 66.8 9.45229
      vertex 37.3623 64.8 9.45229
    endloop
  endfacet
  facet normal -0.195066 0 -0.98079
    outer loop
      vertex 37.3623 66.8 9.45229
      vertex 37.1827 64.8 9.48801
      vertex 37.1827 66.8 9.48801
    endloop
  endfacet
  facet normal 0.980813 0 -0.19495
    outer loop
      vertex 35.4477 64.8 8.46234
      vertex 35.412 66.8 8.28273
      vertex 35.4477 66.8 8.46234
    endloop
  endfacet
  facet normal 0.980813 0 -0.19495
    outer loop
      vertex 35.412 66.8 8.28273
      vertex 35.4477 64.8 8.46234
      vertex 35.412 64.8 8.28273
    endloop
  endfacet
  facet normal -0.896871 0 0.442292
    outer loop
      vertex 38.2124 64.8 3.20001
      vertex 38.2934 66.8 3.36426
      vertex 38.2124 66.8 3.20001
    endloop
  endfacet
  facet normal -0.896871 0 0.442292
    outer loop
      vertex 38.2934 66.8 3.36426
      vertex 38.2124 64.8 3.20001
      vertex 38.2934 64.8 3.36426
    endloop
  endfacet
  facet normal 0.751683 0 -0.659524
    outer loop
      vertex 35.8101 64.8 9.08994
      vertex 35.6893 66.8 8.95226
      vertex 35.8101 66.8 9.08994
    endloop
  endfacet
  facet normal 0.751683 0 -0.659524
    outer loop
      vertex 35.6893 66.8 8.95226
      vertex 35.8101 64.8 9.08994
      vertex 35.6893 64.8 8.95226
    endloop
  endfacet
  facet normal -1 0 0
    outer loop
      vertex 38.4 64.8 3.90001
      vertex 38.4 66.8 8.09999
      vertex 38.4 66.8 3.90001
    endloop
  endfacet
  facet normal -1 -0 0
    outer loop
      vertex 38.4 66.8 8.09999
      vertex 38.4 64.8 3.90001
      vertex 38.4 64.8 8.09999
    endloop
  endfacet
  facet normal -0.980813 0 -0.19495
    outer loop
      vertex 38.388 64.8 8.28273
      vertex 38.3523 66.8 8.46234
      vertex 38.388 66.8 8.28273
    endloop
  endfacet
  facet normal -0.980813 -0 -0.19495
    outer loop
      vertex 38.3523 66.8 8.46234
      vertex 38.388 64.8 8.28273
      vertex 38.3523 64.8 8.46234
    endloop
  endfacet
  facet normal 0.0653771 0 -0.997861
    outer loop
      vertex 36.6173 64.8 9.48801
      vertex 36.8 66.8 9.49998
      vertex 36.8 64.8 9.49998
    endloop
  endfacet
  facet normal 0.0653771 0 -0.997861
    outer loop
      vertex 36.8 66.8 9.49998
      vertex 36.6173 64.8 9.48801
      vertex 36.6173 66.8 9.48801
    endloop
  endfacet
  facet normal 0.946866 0 -0.321629
    outer loop
      vertex 35.5066 64.8 8.63574
      vertex 35.4477 66.8 8.46234
      vertex 35.5066 66.8 8.63574
    endloop
  endfacet
  facet normal 0.946866 0 -0.321629
    outer loop
      vertex 35.4477 66.8 8.46234
      vertex 35.5066 64.8 8.63574
      vertex 35.4477 64.8 8.46234
    endloop
  endfacet
  facet normal 0.896871 -0 0.442292
    outer loop
      vertex 35.5066 64.8 3.36426
      vertex 35.5876 66.8 3.20001
      vertex 35.5066 66.8 3.36426
    endloop
  endfacet
  facet normal 0.896871 0 0.442292
    outer loop
      vertex 35.5876 66.8 3.20001
      vertex 35.5066 64.8 3.36426
      vertex 35.5876 64.8 3.20001
    endloop
  endfacet
  facet normal -0 0 1
    outer loop
      vertex 36.8 66.8 2.50002
      vertex 37 64.8 2.50002
      vertex 37 66.8 2.50002
    endloop
  endfacet
  facet normal 0 0 1
    outer loop
      vertex 37 64.8 2.50002
      vertex 36.8 66.8 2.50002
      vertex 36.8 64.8 2.50002
    endloop
  endfacet
  facet normal 1 -0 0
    outer loop
      vertex 35.4 64.8 8.09999
      vertex 35.4 66.8 3.90001
      vertex 35.4 66.8 8.09999
    endloop
  endfacet
  facet normal 1 0 0
    outer loop
      vertex 35.4 66.8 3.90001
      vertex 35.4 64.8 8.09999
      vertex 35.4 64.8 3.90001
    endloop
  endfacet
  facet normal 0.997851 -0 0.0655259
    outer loop
      vertex 35.4 64.8 3.90001
      vertex 35.412 66.8 3.71727
      vertex 35.4 66.8 3.90001
    endloop
  endfacet
  facet normal 0.997851 0 0.0655259
    outer loop
      vertex 35.412 66.8 3.71727
      vertex 35.4 64.8 3.90001
      vertex 35.412 64.8 3.71727
    endloop
  endfacet
  facet normal 0.946866 -0 0.321629
    outer loop
      vertex 35.4477 64.8 3.53766
      vertex 35.5066 66.8 3.36426
      vertex 35.4477 66.8 3.53766
    endloop
  endfacet
  facet normal 0.946866 0 0.321629
    outer loop
      vertex 35.5066 66.8 3.36426
      vertex 35.4477 64.8 3.53766
      vertex 35.5066 64.8 3.36426
    endloop
  endfacet
  facet normal 0.659556 0 -0.751656
    outer loop
      vertex 35.8101 64.8 9.08994
      vertex 35.9477 66.8 9.21068
      vertex 35.9477 64.8 9.21068
    endloop
  endfacet
  facet normal 0.659556 0 -0.751656
    outer loop
      vertex 35.9477 66.8 9.21068
      vertex 35.8101 64.8 9.08994
      vertex 35.8101 66.8 9.08994
    endloop
  endfacet
  facet normal 0.555481 0 -0.831529
    outer loop
      vertex 35.9477 64.8 9.21068
      vertex 36.1 66.8 9.31242
      vertex 36.1 64.8 9.31242
    endloop
  endfacet
  facet normal 0.555481 0 -0.831529
    outer loop
      vertex 36.1 66.8 9.31242
      vertex 35.9477 64.8 9.21068
      vertex 35.9477 66.8 9.21068
    endloop
  endfacet
  facet normal -0.442184 0 0.896924
    outer loop
      vertex 37.5357 66.8 2.60658
      vertex 37.7 64.8 2.68758
      vertex 37.7 66.8 2.68758
    endloop
  endfacet
  facet normal -0.442184 0 0.896924
    outer loop
      vertex 37.7 64.8 2.68758
      vertex 37.5357 66.8 2.60658
      vertex 37.5357 64.8 2.60658
    endloop
  endfacet
  facet normal -0.555481 0 0.831529
    outer loop
      vertex 37.7 66.8 2.68758
      vertex 37.8523 64.8 2.78932
      vertex 37.8523 66.8 2.78932
    endloop
  endfacet
  facet normal -0.555481 0 0.831529
    outer loop
      vertex 37.8523 64.8 2.78932
      vertex 37.7 66.8 2.68758
      vertex 37.7 64.8 2.68758
    endloop
  endfacet
  facet normal -0.321482 0 -0.946916
    outer loop
      vertex 37.3623 64.8 9.45229
      vertex 37.5357 66.8 9.39342
      vertex 37.5357 64.8 9.39342
    endloop
  endfacet
  facet normal -0.321482 0 -0.946916
    outer loop
      vertex 37.5357 66.8 9.39342
      vertex 37.3623 64.8 9.45229
      vertex 37.3623 66.8 9.45229
    endloop
  endfacet
  facet normal -0.442184 0 -0.896924
    outer loop
      vertex 37.5357 64.8 9.39342
      vertex 37.7 66.8 9.31242
      vertex 37.7 64.8 9.31242
    endloop
  endfacet
  facet normal -0.442184 0 -0.896924
    outer loop
      vertex 37.7 66.8 9.31242
      vertex 37.5357 64.8 9.39342
      vertex 37.5357 66.8 9.39342
    endloop
  endfacet
  facet normal -0.751683 0 -0.659524
    outer loop
      vertex 38.1107 64.8 8.95226
      vertex 37.9899 66.8 9.08994
      vertex 38.1107 66.8 8.95226
    endloop
  endfacet
  facet normal -0.751683 -0 -0.659524
    outer loop
      vertex 37.9899 66.8 9.08994
      vertex 38.1107 64.8 8.95226
      vertex 37.9899 64.8 9.08994
    endloop
  endfacet
  facet normal -0.555481 0 -0.831529
    outer loop
      vertex 37.7 64.8 9.31242
      vertex 37.8523 66.8 9.21068
      vertex 37.8523 64.8 9.21068
    endloop
  endfacet
  facet normal -0.555481 0 -0.831529
    outer loop
      vertex 37.8523 66.8 9.21068
      vertex 37.7 64.8 9.31242
      vertex 37.7 66.8 9.31242
    endloop
  endfacet
  facet normal -0.659556 0 0.751656
    outer loop
      vertex 37.8523 66.8 2.78932
      vertex 37.9899 64.8 2.91006
      vertex 37.9899 66.8 2.91006
    endloop
  endfacet
  facet normal -0.659556 0 0.751656
    outer loop
      vertex 37.9899 64.8 2.91006
      vertex 37.8523 66.8 2.78932
      vertex 37.8523 64.8 2.78932
    endloop
  endfacet
  facet normal -0.980813 0 0.19495
    outer loop
      vertex 38.3523 64.8 3.53766
      vertex 38.388 66.8 3.71727
      vertex 38.3523 66.8 3.53766
    endloop
  endfacet
  facet normal -0.980813 0 0.19495
    outer loop
      vertex 38.388 66.8 3.71727
      vertex 38.3523 64.8 3.53766
      vertex 38.388 64.8 3.71727
    endloop
  endfacet
  facet normal -0.751683 0 0.659524
    outer loop
      vertex 37.9899 64.8 2.91006
      vertex 38.1107 66.8 3.04774
      vertex 37.9899 66.8 2.91006
    endloop
  endfacet
  facet normal -0.751683 0 0.659524
    outer loop
      vertex 38.1107 66.8 3.04774
      vertex 37.9899 64.8 2.91006
      vertex 38.1107 64.8 3.04774
    endloop
  endfacet
  facet normal -0.659556 0 -0.751656
    outer loop
      vertex 44.8523 64.8 9.21068
      vertex 44.9899 66.8 9.08994
      vertex 44.9899 64.8 9.08994
    endloop
  endfacet
  facet normal -0.659556 0 -0.751656
    outer loop
      vertex 44.9899 66.8 9.08994
      vertex 44.8523 64.8 9.21068
      vertex 44.8523 66.8 9.21068
    endloop
  endfacet
  facet normal -0.321482 0 0.946916
    outer loop
      vertex 44.3623 66.8 2.54771
      vertex 44.5357 64.8 2.60658
      vertex 44.5357 66.8 2.60658
    endloop
  endfacet
  facet normal -0.321482 0 0.946916
    outer loop
      vertex 44.5357 64.8 2.60658
      vertex 44.3623 66.8 2.54771
      vertex 44.3623 64.8 2.54771
    endloop
  endfacet
  facet normal -0.195066 0 0.98079
    outer loop
      vertex 44.1827 66.8 2.51199
      vertex 44.3623 64.8 2.54771
      vertex 44.3623 66.8 2.54771
    endloop
  endfacet
  facet normal -0.195066 0 0.98079
    outer loop
      vertex 44.3623 64.8 2.54771
      vertex 44.1827 66.8 2.51199
      vertex 44.1827 64.8 2.51199
    endloop
  endfacet
  facet normal 0.195066 0 0.98079
    outer loop
      vertex 43.4377 66.8 2.54771
      vertex 43.6173 64.8 2.51199
      vertex 43.6173 66.8 2.51199
    endloop
  endfacet
  facet normal 0.195066 0 0.98079
    outer loop
      vertex 43.6173 64.8 2.51199
      vertex 43.4377 66.8 2.54771
      vertex 43.4377 64.8 2.54771
    endloop
  endfacet
  facet normal 0.831579 0 -0.555406
    outer loop
      vertex 42.6893 64.8 8.95226
      vertex 42.5876 66.8 8.79999
      vertex 42.6893 66.8 8.95226
    endloop
  endfacet
  facet normal 0.831579 0 -0.555406
    outer loop
      vertex 42.5876 66.8 8.79999
      vertex 42.6893 64.8 8.95226
      vertex 42.5876 64.8 8.79999
    endloop
  endfacet
  facet normal -0.896871 0 -0.442292
    outer loop
      vertex 45.2934 64.8 8.63574
      vertex 45.2124 66.8 8.79999
      vertex 45.2934 66.8 8.63574
    endloop
  endfacet
  facet normal -0.896871 -0 -0.442292
    outer loop
      vertex 45.2124 66.8 8.79999
      vertex 45.2934 64.8 8.63574
      vertex 45.2124 64.8 8.79999
    endloop
  endfacet
  facet normal 0.0653771 0 0.997861
    outer loop
      vertex 43.6173 66.8 2.51199
      vertex 43.8 64.8 2.50002
      vertex 43.8 66.8 2.50002
    endloop
  endfacet
  facet normal 0.0653771 0 0.997861
    outer loop
      vertex 43.8 64.8 2.50002
      vertex 43.6173 66.8 2.51199
      vertex 43.6173 64.8 2.51199
    endloop
  endfacet
  facet normal 0 0 -1
    outer loop
      vertex 43.8 64.8 9.49998
      vertex 44 66.8 9.49998
      vertex 44 64.8 9.49998
    endloop
  endfacet
  facet normal -0 0 -1
    outer loop
      vertex 44 66.8 9.49998
      vertex 43.8 64.8 9.49998
      vertex 43.8 66.8 9.49998
    endloop
  endfacet
  facet normal 0.997851 0 -0.0655259
    outer loop
      vertex 42.412 64.8 8.28273
      vertex 42.4 66.8 8.09999
      vertex 42.412 66.8 8.28273
    endloop
  endfacet
  facet normal 0.997851 0 -0.0655259
    outer loop
      vertex 42.4 66.8 8.09999
      vertex 42.412 64.8 8.28273
      vertex 42.4 64.8 8.09999
    endloop
  endfacet
  facet normal -0.946866 0 0.321629
    outer loop
      vertex 45.2934 64.8 3.36426
      vertex 45.3523 66.8 3.53766
      vertex 45.2934 66.8 3.36426
    endloop
  endfacet
  facet normal -0.946866 0 0.321629
    outer loop
      vertex 45.3523 66.8 3.53766
      vertex 45.2934 64.8 3.36426
      vertex 45.3523 64.8 3.53766
    endloop
  endfacet
  facet normal 0.195066 0 -0.98079
    outer loop
      vertex 43.4377 64.8 9.45229
      vertex 43.6173 66.8 9.48801
      vertex 43.6173 64.8 9.48801
    endloop
  endfacet
  facet normal 0.195066 0 -0.98079
    outer loop
      vertex 43.6173 66.8 9.48801
      vertex 43.4377 64.8 9.45229
      vertex 43.4377 66.8 9.45229
    endloop
  endfacet
  facet normal 0.659556 0 0.751656
    outer loop
      vertex 42.8101 66.8 2.91006
      vertex 42.9477 64.8 2.78932
      vertex 42.9477 66.8 2.78932
    endloop
  endfacet
  facet normal 0.659556 0 0.751656
    outer loop
      vertex 42.9477 64.8 2.78932
      vertex 42.8101 66.8 2.91006
      vertex 42.8101 64.8 2.91006
    endloop
  endfacet
  facet normal -0.0653771 0 0.997861
    outer loop
      vertex 44 66.8 2.50002
      vertex 44.1827 64.8 2.51199
      vertex 44.1827 66.8 2.51199
    endloop
  endfacet
  facet normal -0.0653771 0 0.997861
    outer loop
      vertex 44.1827 64.8 2.51199
      vertex 44 66.8 2.50002
      vertex 44 64.8 2.50002
    endloop
  endfacet
  facet normal 0.896871 0 -0.442292
    outer loop
      vertex 42.5876 64.8 8.79999
      vertex 42.5066 66.8 8.63574
      vertex 42.5876 66.8 8.79999
    endloop
  endfacet
  facet normal 0.896871 0 -0.442292
    outer loop
      vertex 42.5066 66.8 8.63574
      vertex 42.5876 64.8 8.79999
      vertex 42.5066 64.8 8.63574
    endloop
  endfacet
  facet normal -0.831579 0 0.555406
    outer loop
      vertex 45.1107 64.8 3.04774
      vertex 45.2124 66.8 3.20001
      vertex 45.1107 66.8 3.04774
    endloop
  endfacet
  facet normal -0.831579 0 0.555406
    outer loop
      vertex 45.2124 66.8 3.20001
      vertex 45.1107 64.8 3.04774
      vertex 45.2124 64.8 3.20001
    endloop
  endfacet
  facet normal -0.946866 0 -0.321629
    outer loop
      vertex 45.3523 64.8 8.46234
      vertex 45.2934 66.8 8.63574
      vertex 45.3523 66.8 8.46234
    endloop
  endfacet
  facet normal -0.946866 -0 -0.321629
    outer loop
      vertex 45.2934 66.8 8.63574
      vertex 45.3523 64.8 8.46234
      vertex 45.2934 64.8 8.63574
    endloop
  endfacet
  facet normal 0.980813 -0 0.19495
    outer loop
      vertex 42.412 64.8 3.71727
      vertex 42.4477 66.8 3.53766
      vertex 42.412 66.8 3.71727
    endloop
  endfacet
  facet normal 0.980813 0 0.19495
    outer loop
      vertex 42.4477 66.8 3.53766
      vertex 42.412 64.8 3.71727
      vertex 42.4477 64.8 3.53766
    endloop
  endfacet
  facet normal -0.831579 0 -0.555406
    outer loop
      vertex 45.2124 64.8 8.79999
      vertex 45.1107 66.8 8.95226
      vertex 45.2124 66.8 8.79999
    endloop
  endfacet
  facet normal -0.831579 -0 -0.555406
    outer loop
      vertex 45.1107 66.8 8.95226
      vertex 45.2124 64.8 8.79999
      vertex 45.1107 64.8 8.95226
    endloop
  endfacet
  facet normal 0.555481 0 0.831529
    outer loop
      vertex 42.9477 66.8 2.78932
      vertex 43.1 64.8 2.68758
      vertex 43.1 66.8 2.68758
    endloop
  endfacet
  facet normal 0.555481 0 0.831529
    outer loop
      vertex 43.1 64.8 2.68758
      vertex 42.9477 66.8 2.78932
      vertex 42.9477 64.8 2.78932
    endloop
  endfacet
  facet normal 0.751683 -0 0.659524
    outer loop
      vertex 42.6893 64.8 3.04774
      vertex 42.8101 66.8 2.91006
      vertex 42.6893 66.8 3.04774
    endloop
  endfacet
  facet normal 0.751683 0 0.659524
    outer loop
      vertex 42.8101 66.8 2.91006
      vertex 42.6893 64.8 3.04774
      vertex 42.8101 64.8 2.91006
    endloop
  endfacet
  facet normal 0.442184 0 -0.896924
    outer loop
      vertex 43.1 64.8 9.31242
      vertex 43.2643 66.8 9.39342
      vertex 43.2643 64.8 9.39342
    endloop
  endfacet
  facet normal 0.442184 0 -0.896924
    outer loop
      vertex 43.2643 66.8 9.39342
      vertex 43.1 64.8 9.31242
      vertex 43.1 66.8 9.31242
    endloop
  endfacet
  facet normal 0.321482 0 -0.946916
    outer loop
      vertex 43.2643 64.8 9.39342
      vertex 43.4377 66.8 9.45229
      vertex 43.4377 64.8 9.45229
    endloop
  endfacet
  facet normal 0.321482 0 -0.946916
    outer loop
      vertex 43.4377 66.8 9.45229
      vertex 43.2643 64.8 9.39342
      vertex 43.2643 66.8 9.39342
    endloop
  endfacet
  facet normal 0.321482 0 0.946916
    outer loop
      vertex 43.2643 66.8 2.60658
      vertex 43.4377 64.8 2.54771
      vertex 43.4377 66.8 2.54771
    endloop
  endfacet
  facet normal 0.321482 0 0.946916
    outer loop
      vertex 43.4377 64.8 2.54771
      vertex 43.2643 66.8 2.60658
      vertex 43.2643 64.8 2.60658
    endloop
  endfacet
  facet normal 0.831579 -0 0.555406
    outer loop
      vertex 42.5876 64.8 3.20001
      vertex 42.6893 66.8 3.04774
      vertex 42.5876 66.8 3.20001
    endloop
  endfacet
  facet normal 0.831579 0 0.555406
    outer loop
      vertex 42.6893 66.8 3.04774
      vertex 42.5876 64.8 3.20001
      vertex 42.6893 64.8 3.04774
    endloop
  endfacet
  facet normal 0.442184 0 0.896924
    outer loop
      vertex 43.1 66.8 2.68758
      vertex 43.2643 64.8 2.60658
      vertex 43.2643 66.8 2.60658
    endloop
  endfacet
  facet normal 0.442184 0 0.896924
    outer loop
      vertex 43.2643 64.8 2.60658
      vertex 43.1 66.8 2.68758
      vertex 43.1 64.8 2.68758
    endloop
  endfacet
  facet normal -0.997851 0 -0.0655259
    outer loop
      vertex 45.4 64.8 8.09999
      vertex 45.388 66.8 8.28273
      vertex 45.4 66.8 8.09999
    endloop
  endfacet
  facet normal -0.997851 -0 -0.0655259
    outer loop
      vertex 45.388 66.8 8.28273
      vertex 45.4 64.8 8.09999
      vertex 45.388 64.8 8.28273
    endloop
  endfacet
  facet normal 0.659556 0 -0.751656
    outer loop
      vertex 42.8101 64.8 9.08994
      vertex 42.9477 66.8 9.21068
      vertex 42.9477 64.8 9.21068
    endloop
  endfacet
  facet normal 0.659556 0 -0.751656
    outer loop
      vertex 42.9477 66.8 9.21068
      vertex 42.8101 64.8 9.08994
      vertex 42.8101 66.8 9.08994
    endloop
  endfacet
  facet normal -0.997851 0 0.0655259
    outer loop
      vertex 45.388 64.8 3.71727
      vertex 45.4 66.8 3.90001
      vertex 45.388 66.8 3.71727
    endloop
  endfacet
  facet normal -0.997851 0 0.0655259
    outer loop
      vertex 45.4 66.8 3.90001
      vertex 45.388 64.8 3.71727
      vertex 45.4 64.8 3.90001
    endloop
  endfacet
  facet normal -0.0653771 0 -0.997861
    outer loop
      vertex 44 64.8 9.49998
      vertex 44.1827 66.8 9.48801
      vertex 44.1827 64.8 9.48801
    endloop
  endfacet
  facet normal -0.0653771 0 -0.997861
    outer loop
      vertex 44.1827 66.8 9.48801
      vertex 44 64.8 9.49998
      vertex 44 66.8 9.49998
    endloop
  endfacet
  facet normal -0.195066 0 -0.98079
    outer loop
      vertex 44.1827 64.8 9.48801
      vertex 44.3623 66.8 9.45229
      vertex 44.3623 64.8 9.45229
    endloop
  endfacet
  facet normal -0.195066 0 -0.98079
    outer loop
      vertex 44.3623 66.8 9.45229
      vertex 44.1827 64.8 9.48801
      vertex 44.1827 66.8 9.48801
    endloop
  endfacet
  facet normal 0.980813 0 -0.19495
    outer loop
      vertex 42.4477 64.8 8.46234
      vertex 42.412 66.8 8.28273
      vertex 42.4477 66.8 8.46234
    endloop
  endfacet
  facet normal 0.980813 0 -0.19495
    outer loop
      vertex 42.412 66.8 8.28273
      vertex 42.4477 64.8 8.46234
      vertex 42.412 64.8 8.28273
    endloop
  endfacet
  facet normal -0.896871 0 0.442292
    outer loop
      vertex 45.2124 64.8 3.20001
      vertex 45.2934 66.8 3.36426
      vertex 45.2124 66.8 3.20001
    endloop
  endfacet
  facet normal -0.896871 0 0.442292
    outer loop
      vertex 45.2934 66.8 3.36426
      vertex 45.2124 64.8 3.20001
      vertex 45.2934 64.8 3.36426
    endloop
  endfacet
  facet normal 0.751683 0 -0.659524
    outer loop
      vertex 42.8101 64.8 9.08994
      vertex 42.6893 66.8 8.95226
      vertex 42.8101 66.8 9.08994
    endloop
  endfacet
  facet normal 0.751683 0 -0.659524
    outer loop
      vertex 42.6893 66.8 8.95226
      vertex 42.8101 64.8 9.08994
      vertex 42.6893 64.8 8.95226
    endloop
  endfacet
  facet normal -1 0 0
    outer loop
      vertex 45.4 64.8 3.90001
      vertex 45.4 66.8 8.09999
      vertex 45.4 66.8 3.90001
    endloop
  endfacet
  facet normal -1 -0 0
    outer loop
      vertex 45.4 66.8 8.09999
      vertex 45.4 64.8 3.90001
      vertex 45.4 64.8 8.09999
    endloop
  endfacet
  facet normal -0.980813 0 -0.19495
    outer loop
      vertex 45.388 64.8 8.28273
      vertex 45.3523 66.8 8.46234
      vertex 45.388 66.8 8.28273
    endloop
  endfacet
  facet normal -0.980813 -0 -0.19495
    outer loop
      vertex 45.3523 66.8 8.46234
      vertex 45.388 64.8 8.28273
      vertex 45.3523 64.8 8.46234
    endloop
  endfacet
  facet normal 0.0653771 0 -0.997861
    outer loop
      vertex 43.6173 64.8 9.48801
      vertex 43.8 66.8 9.49998
      vertex 43.8 64.8 9.49998
    endloop
  endfacet
  facet normal 0.0653771 0 -0.997861
    outer loop
      vertex 43.8 66.8 9.49998
      vertex 43.6173 64.8 9.48801
      vertex 43.6173 66.8 9.48801
    endloop
  endfacet
  facet normal 0.946866 0 -0.321629
    outer loop
      vertex 42.5066 64.8 8.63574
      vertex 42.4477 66.8 8.46234
      vertex 42.5066 66.8 8.63574
    endloop
  endfacet
  facet normal 0.946866 0 -0.321629
    outer loop
      vertex 42.4477 66.8 8.46234
      vertex 42.5066 64.8 8.63574
      vertex 42.4477 64.8 8.46234
    endloop
  endfacet
  facet normal 0.896871 -0 0.442292
    outer loop
      vertex 42.5066 64.8 3.36426
      vertex 42.5876 66.8 3.20001
      vertex 42.5066 66.8 3.36426
    endloop
  endfacet
  facet normal 0.896871 0 0.442292
    outer loop
      vertex 42.5876 66.8 3.20001
      vertex 42.5066 64.8 3.36426
      vertex 42.5876 64.8 3.20001
    endloop
  endfacet
  facet normal -0 0 1
    outer loop
      vertex 43.8 66.8 2.50002
      vertex 44 64.8 2.50002
      vertex 44 66.8 2.50002
    endloop
  endfacet
  facet normal 0 0 1
    outer loop
      vertex 44 64.8 2.50002
      vertex 43.8 66.8 2.50002
      vertex 43.8 64.8 2.50002
    endloop
  endfacet
  facet normal 1 -0 0
    outer loop
      vertex 42.4 64.8 8.09999
      vertex 42.4 66.8 3.90001
      vertex 42.4 66.8 8.09999
    endloop
  endfacet
  facet normal 1 0 0
    outer loop
      vertex 42.4 66.8 3.90001
      vertex 42.4 64.8 8.09999
      vertex 42.4 64.8 3.90001
    endloop
  endfacet
  facet normal 0.997851 -0 0.0655259
    outer loop
      vertex 42.4 64.8 3.90001
      vertex 42.412 66.8 3.71727
      vertex 42.4 66.8 3.90001
    endloop
  endfacet
  facet normal 0.997851 0 0.0655259
    outer loop
      vertex 42.412 66.8 3.71727
      vertex 42.4 64.8 3.90001
      vertex 42.412 64.8 3.71727
    endloop
  endfacet
  facet normal 0.946866 -0 0.321629
    outer loop
      vertex 42.4477 64.8 3.53766
      vertex 42.5066 66.8 3.36426
      vertex 42.4477 66.8 3.53766
    endloop
  endfacet
  facet normal 0.946866 0 0.321629
    outer loop
      vertex 42.5066 66.8 3.36426
      vertex 42.4477 64.8 3.53766
      vertex 42.5066 64.8 3.36426
    endloop
  endfacet
  facet normal 0.555481 0 -0.831529
    outer loop
      vertex 42.9477 64.8 9.21068
      vertex 43.1 66.8 9.31242
      vertex 43.1 64.8 9.31242
    endloop
  endfacet
  facet normal 0.555481 0 -0.831529
    outer loop
      vertex 43.1 66.8 9.31242
      vertex 42.9477 64.8 9.21068
      vertex 42.9477 66.8 9.21068
    endloop
  endfacet
  facet normal -0.555481 0 0.831529
    outer loop
      vertex 44.7 66.8 2.68758
      vertex 44.8523 64.8 2.78932
      vertex 44.8523 66.8 2.78932
    endloop
  endfacet
  facet normal -0.555481 0 0.831529
    outer loop
      vertex 44.8523 64.8 2.78932
      vertex 44.7 66.8 2.68758
      vertex 44.7 64.8 2.68758
    endloop
  endfacet
  facet normal -0.321482 0 -0.946916
    outer loop
      vertex 44.3623 64.8 9.45229
      vertex 44.5357 66.8 9.39342
      vertex 44.5357 64.8 9.39342
    endloop
  endfacet
  facet normal -0.321482 0 -0.946916
    outer loop
      vertex 44.5357 66.8 9.39342
      vertex 44.3623 64.8 9.45229
      vertex 44.3623 66.8 9.45229
    endloop
  endfacet
  facet normal -0.442184 0 -0.896924
    outer loop
      vertex 44.5357 64.8 9.39342
      vertex 44.7 66.8 9.31242
      vertex 44.7 64.8 9.31242
    endloop
  endfacet
  facet normal -0.442184 0 -0.896924
    outer loop
      vertex 44.7 66.8 9.31242
      vertex 44.5357 64.8 9.39342
      vertex 44.5357 66.8 9.39342
    endloop
  endfacet
  facet normal -0.555481 0 -0.831529
    outer loop
      vertex 44.7 64.8 9.31242
      vertex 44.8523 66.8 9.21068
      vertex 44.8523 64.8 9.21068
    endloop
  endfacet
  facet normal -0.555481 0 -0.831529
    outer loop
      vertex 44.8523 66.8 9.21068
      vertex 44.7 64.8 9.31242
      vertex 44.7 66.8 9.31242
    endloop
  endfacet
  facet normal -0.659556 0 0.751656
    outer loop
      vertex 44.8523 66.8 2.78932
      vertex 44.9899 64.8 2.91006
      vertex 44.9899 66.8 2.91006
    endloop
  endfacet
  facet normal -0.659556 0 0.751656
    outer loop
      vertex 44.9899 64.8 2.91006
      vertex 44.8523 66.8 2.78932
      vertex 44.8523 64.8 2.78932
    endloop
  endfacet
  facet normal -0.751683 0 -0.659524
    outer loop
      vertex 45.1107 64.8 8.95226
      vertex 44.9899 66.8 9.08994
      vertex 45.1107 66.8 8.95226
    endloop
  endfacet
  facet normal -0.751683 -0 -0.659524
    outer loop
      vertex 44.9899 66.8 9.08994
      vertex 45.1107 64.8 8.95226
      vertex 44.9899 64.8 9.08994
    endloop
  endfacet
  facet normal -0.980813 0 0.19495
    outer loop
      vertex 45.3523 64.8 3.53766
      vertex 45.388 66.8 3.71727
      vertex 45.3523 66.8 3.53766
    endloop
  endfacet
  facet normal -0.980813 0 0.19495
    outer loop
      vertex 45.388 66.8 3.71727
      vertex 45.3523 64.8 3.53766
      vertex 45.388 64.8 3.71727
    endloop
  endfacet
  facet normal -0.751683 0 0.659524
    outer loop
      vertex 44.9899 64.8 2.91006
      vertex 45.1107 66.8 3.04774
      vertex 44.9899 66.8 2.91006
    endloop
  endfacet
  facet normal -0.751683 0 0.659524
    outer loop
      vertex 45.1107 66.8 3.04774
      vertex 44.9899 64.8 2.91006
      vertex 45.1107 64.8 3.04774
    endloop
  endfacet
  facet normal -0.442184 0 0.896924
    outer loop
      vertex 44.5357 66.8 2.60658
      vertex 44.7 64.8 2.68758
      vertex 44.7 66.8 2.68758
    endloop
  endfacet
  facet normal -0.442184 0 0.896924
    outer loop
      vertex 44.7 64.8 2.68758
      vertex 44.5357 66.8 2.60658
      vertex 44.5357 64.8 2.60658
    endloop
  endfacet
  facet normal 0 -0.32144 0.94693
    outer loop
      vertex 0 18.8123 2.5218
      vertex 2 18.6141 2.45452
      vertex 2 18.8123 2.5218
    endloop
  endfacet
  facet normal 0 -0.32144 0.94693
    outer loop
      vertex 2 18.6141 2.45452
      vertex 0 18.8123 2.5218
      vertex 0 18.6141 2.45452
    endloop
  endfacet
  facet normal 0 -0.0654247 0.997858
    outer loop
      vertex 0 18.4088 2.41369
      vertex 2 18.2 2.4
      vertex 2 18.4088 2.41369
    endloop
  endfacet
  facet normal 0 -0.0654247 0.997858
    outer loop
      vertex 2 18.2 2.4
      vertex 0 18.4088 2.41369
      vertex 0 18.2 2.4
    endloop
  endfacet
  facet normal -0 0.195059 0.980791
    outer loop
      vertex 0 11.3912 2.41369
      vertex 2 11.1859 2.45452
      vertex 2 11.3912 2.41369
    endloop
  endfacet
  facet normal 0 0.195059 0.980791
    outer loop
      vertex 2 11.1859 2.45452
      vertex 0 11.3912 2.41369
      vertex 0 11.1859 2.45452
    endloop
  endfacet
  facet normal 0 0 -1
    outer loop
      vertex 0 11.6 6.4
      vertex 2 18.2 6.4
      vertex 2 11.6 6.4
    endloop
  endfacet
  facet normal -0 0 -1
    outer loop
      vertex 2 18.2 6.4
      vertex 0 11.6 6.4
      vertex 0 18.2 6.4
    endloop
  endfacet
  facet normal 0 -0.751842 -0.659343
    outer loop
      vertex 0 19.4694 5.77401
      vertex 2 19.3314 5.93137
      vertex 0 19.3314 5.93137
    endloop
  endfacet
  facet normal 0 -0.751842 -0.659343
    outer loop
      vertex 2 19.3314 5.93137
      vertex 0 19.4694 5.77401
      vertex 2 19.4694 5.77401
    endloop
  endfacet
  facet normal 0 0.946891 -0.321555
    outer loop
      vertex 2 10.0545 5.2141
      vertex 0 10.1218 5.41228
      vertex 2 10.1218 5.41228
    endloop
  endfacet
  facet normal 0 0.946891 -0.321555
    outer loop
      vertex 0 10.1218 5.41228
      vertex 2 10.0545 5.2141
      vertex 0 10.0545 5.2141
    endloop
  endfacet
  facet normal 0 0.997855 0.0654566
    outer loop
      vertex 2 10.0137 3.79116
      vertex 0 10 4.00001
      vertex 2 10 4.00001
    endloop
  endfacet
  facet normal 0 0.997855 0.0654566
    outer loop
      vertex 0 10 4.00001
      vertex 2 10.0137 3.79116
      vertex 0 10.0137 3.79116
    endloop
  endfacet
  facet normal 0 0.896822 0.442391
    outer loop
      vertex 2 10.2144 3.2
      vertex 0 10.1218 3.38772
      vertex 2 10.1218 3.38772
    endloop
  endfacet
  facet normal 0 0.896822 0.442391
    outer loop
      vertex 0 10.1218 3.38772
      vertex 2 10.2144 3.2
      vertex 0 10.2144 3.2
    endloop
  endfacet
  facet normal 0 0.0654247 -0.997858
    outer loop
      vertex 0 11.3912 6.38631
      vertex 2 11.6 6.4
      vertex 2 11.3912 6.38631
    endloop
  endfacet
  facet normal 0 0.0654247 -0.997858
    outer loop
      vertex 2 11.6 6.4
      vertex 0 11.3912 6.38631
      vertex 0 11.6 6.4
    endloop
  endfacet
  facet normal -0 0 1
    outer loop
      vertex 0 18.2 2.4
      vertex 2 11.6 2.4
      vertex 2 18.2 2.4
    endloop
  endfacet
  facet normal 0 0 1
    outer loop
      vertex 2 11.6 2.4
      vertex 0 18.2 2.4
      vertex 0 11.6 2.4
    endloop
  endfacet
  facet normal 0 -0.896822 0.442391
    outer loop
      vertex 0 19.5856 3.2
      vertex 2 19.6782 3.38772
      vertex 0 19.6782 3.38772
    endloop
  endfacet
  facet normal 0 -0.896822 0.442391
    outer loop
      vertex 2 19.6782 3.38772
      vertex 0 19.5856 3.2
      vertex 2 19.5856 3.2
    endloop
  endfacet
  facet normal -0 0.659221 0.751949
    outer loop
      vertex 0 10.626 2.73064
      vertex 2 10.4686 2.86863
      vertex 2 10.626 2.73064
    endloop
  endfacet
  facet normal 0 0.659221 0.751949
    outer loop
      vertex 2 10.4686 2.86863
      vertex 0 10.626 2.73064
      vertex 0 10.4686 2.86863
    endloop
  endfacet
  facet normal -0 0.0654247 0.997858
    outer loop
      vertex 0 11.6 2.4
      vertex 2 11.3912 2.41369
      vertex 2 11.6 2.4
    endloop
  endfacet
  facet normal 0 0.0654247 0.997858
    outer loop
      vertex 2 11.3912 2.41369
      vertex 0 11.6 2.4
      vertex 0 11.3912 2.41369
    endloop
  endfacet
  facet normal 0 -0.980812 -0.194958
    outer loop
      vertex 0 19.7863 5.00884
      vertex 2 19.7455 5.2141
      vertex 0 19.7455 5.2141
    endloop
  endfacet
  facet normal 0 -0.980812 -0.194958
    outer loop
      vertex 2 19.7455 5.2141
      vertex 0 19.7863 5.00884
      vertex 2 19.7863 5.00884
    endloop
  endfacet
  facet normal 0 0.32144 -0.94693
    outer loop
      vertex 0 10.9877 6.2782
      vertex 2 11.1859 6.34548
      vertex 2 10.9877 6.2782
    endloop
  endfacet
  facet normal 0 0.32144 -0.94693
    outer loop
      vertex 2 11.1859 6.34548
      vertex 0 10.9877 6.2782
      vertex 0 11.1859 6.34548
    endloop
  endfacet
  facet normal 0 -0.946891 0.321555
    outer loop
      vertex 0 19.6782 3.38772
      vertex 2 19.7455 3.5859
      vertex 0 19.7455 3.5859
    endloop
  endfacet
  facet normal 0 -0.946891 0.321555
    outer loop
      vertex 2 19.7455 3.5859
      vertex 0 19.6782 3.38772
      vertex 2 19.6782 3.38772
    endloop
  endfacet
  facet normal -0 0.442314 0.89686
    outer loop
      vertex 0 10.9877 2.5218
      vertex 2 10.8 2.61437
      vertex 2 10.9877 2.5218
    endloop
  endfacet
  facet normal 0 0.442314 0.89686
    outer loop
      vertex 2 10.8 2.61437
      vertex 0 10.9877 2.5218
      vertex 0 10.8 2.61437
    endloop
  endfacet
  facet normal 0 -0.946891 -0.321555
    outer loop
      vertex 0 19.7455 5.2141
      vertex 2 19.6782 5.41228
      vertex 0 19.6782 5.41228
    endloop
  endfacet
  facet normal 0 -0.946891 -0.321555
    outer loop
      vertex 2 19.6782 5.41228
      vertex 0 19.7455 5.2141
      vertex 2 19.7455 5.2141
    endloop
  endfacet
  facet normal 0 1 -0
    outer loop
      vertex 2 10 4.00001
      vertex 0 10 4.79999
      vertex 2 10 4.79999
    endloop
  endfacet
  facet normal 0 1 0
    outer loop
      vertex 0 10 4.79999
      vertex 2 10 4.00001
      vertex 0 10 4.00001
    endloop
  endfacet
  facet normal 0 -0.659221 0.751949
    outer loop
      vertex 0 19.3314 2.86863
      vertex 2 19.174 2.73064
      vertex 2 19.3314 2.86863
    endloop
  endfacet
  facet normal 0 -0.659221 0.751949
    outer loop
      vertex 2 19.174 2.73064
      vertex 0 19.3314 2.86863
      vertex 0 19.174 2.73064
    endloop
  endfacet
  facet normal 0 -0.195059 0.980791
    outer loop
      vertex 0 18.6141 2.45452
      vertex 2 18.4088 2.41369
      vertex 2 18.6141 2.45452
    endloop
  endfacet
  facet normal 0 -0.195059 0.980791
    outer loop
      vertex 2 18.4088 2.41369
      vertex 0 18.6141 2.45452
      vertex 0 18.4088 2.41369
    endloop
  endfacet
  facet normal 0 -0.442314 -0.89686
    outer loop
      vertex 0 18.8123 6.2782
      vertex 2 19 6.18563
      vertex 2 18.8123 6.2782
    endloop
  endfacet
  facet normal -0 -0.442314 -0.89686
    outer loop
      vertex 2 19 6.18563
      vertex 0 18.8123 6.2782
      vertex 0 19 6.18563
    endloop
  endfacet
  facet normal 0 -0.751842 0.659343
    outer loop
      vertex 0 19.3314 2.86863
      vertex 2 19.4694 3.02599
      vertex 0 19.4694 3.02599
    endloop
  endfacet
  facet normal 0 -0.751842 0.659343
    outer loop
      vertex 2 19.4694 3.02599
      vertex 0 19.3314 2.86863
      vertex 2 19.3314 2.86863
    endloop
  endfacet
  facet normal 0 -0.32144 -0.94693
    outer loop
      vertex 0 18.6141 6.34548
      vertex 2 18.8123 6.2782
      vertex 2 18.6141 6.34548
    endloop
  endfacet
  facet normal -0 -0.32144 -0.94693
    outer loop
      vertex 2 18.8123 6.2782
      vertex 0 18.6141 6.34548
      vertex 0 18.8123 6.2782
    endloop
  endfacet
  facet normal 0 -0.831624 -0.55534
    outer loop
      vertex 0 19.5856 5.6
      vertex 2 19.4694 5.77401
      vertex 0 19.4694 5.77401
    endloop
  endfacet
  facet normal 0 -0.831624 -0.55534
    outer loop
      vertex 2 19.4694 5.77401
      vertex 0 19.5856 5.6
      vertex 2 19.5856 5.6
    endloop
  endfacet
  facet normal 0 0.442314 -0.89686
    outer loop
      vertex 0 10.8 6.18563
      vertex 2 10.9877 6.2782
      vertex 2 10.8 6.18563
    endloop
  endfacet
  facet normal 0 0.442314 -0.89686
    outer loop
      vertex 2 10.9877 6.2782
      vertex 0 10.8 6.18563
      vertex 0 10.9877 6.2782
    endloop
  endfacet
  facet normal 0 0.980812 0.194958
    outer loop
      vertex 2 10.0545 3.5859
      vertex 0 10.0137 3.79116
      vertex 2 10.0137 3.79116
    endloop
  endfacet
  facet normal 0 0.980812 0.194958
    outer loop
      vertex 0 10.0137 3.79116
      vertex 2 10.0545 3.5859
      vertex 0 10.0545 3.5859
    endloop
  endfacet
  facet normal 0 0.946891 0.321555
    outer loop
      vertex 2 10.1218 3.38772
      vertex 0 10.0545 3.5859
      vertex 2 10.0545 3.5859
    endloop
  endfacet
  facet normal 0 0.946891 0.321555
    outer loop
      vertex 0 10.0545 3.5859
      vertex 2 10.1218 3.38772
      vertex 0 10.1218 3.38772
    endloop
  endfacet
  facet normal -0 0.555593 0.831454
    outer loop
      vertex 0 10.8 2.61437
      vertex 2 10.626 2.73064
      vertex 2 10.8 2.61437
    endloop
  endfacet
  facet normal 0 0.555593 0.831454
    outer loop
      vertex 2 10.626 2.73064
      vertex 0 10.8 2.61437
      vertex 0 10.626 2.73064
    endloop
  endfacet
  facet normal 0 0.831624 0.55534
    outer loop
      vertex 2 10.3306 3.02599
      vertex 0 10.2144 3.2
      vertex 2 10.2144 3.2
    endloop
  endfacet
  facet normal 0 0.831624 0.55534
    outer loop
      vertex 0 10.2144 3.2
      vertex 2 10.3306 3.02599
      vertex 0 10.3306 3.02599
    endloop
  endfacet
  facet normal 0 0.195059 -0.980791
    outer loop
      vertex 0 11.1859 6.34548
      vertex 2 11.3912 6.38631
      vertex 2 11.1859 6.34548
    endloop
  endfacet
  facet normal 0 0.195059 -0.980791
    outer loop
      vertex 2 11.3912 6.38631
      vertex 0 11.1859 6.34548
      vertex 0 11.3912 6.38631
    endloop
  endfacet
  facet normal 0 0.980812 -0.194958
    outer loop
      vertex 2 10.0137 5.00884
      vertex 0 10.0545 5.2141
      vertex 2 10.0545 5.2141
    endloop
  endfacet
  facet normal 0 0.980812 -0.194958
    outer loop
      vertex 0 10.0545 5.2141
      vertex 2 10.0137 5.00884
      vertex 0 10.0137 5.00884
    endloop
  endfacet
  facet normal 0 -0.195059 -0.980791
    outer loop
      vertex 0 18.4088 6.38631
      vertex 2 18.6141 6.34548
      vertex 2 18.4088 6.38631
    endloop
  endfacet
  facet normal -0 -0.195059 -0.980791
    outer loop
      vertex 2 18.6141 6.34548
      vertex 0 18.4088 6.38631
      vertex 0 18.6141 6.34548
    endloop
  endfacet
  facet normal -0 0.32144 0.94693
    outer loop
      vertex 0 11.1859 2.45452
      vertex 2 10.9877 2.5218
      vertex 2 11.1859 2.45452
    endloop
  endfacet
  facet normal 0 0.32144 0.94693
    outer loop
      vertex 2 10.9877 2.5218
      vertex 0 11.1859 2.45452
      vertex 0 10.9877 2.5218
    endloop
  endfacet
  facet normal 0 0.896822 -0.442391
    outer loop
      vertex 2 10.1218 5.41228
      vertex 0 10.2144 5.6
      vertex 2 10.2144 5.6
    endloop
  endfacet
  facet normal 0 0.896822 -0.442391
    outer loop
      vertex 0 10.2144 5.6
      vertex 2 10.1218 5.41228
      vertex 0 10.1218 5.41228
    endloop
  endfacet
  facet normal 0 -0.0654247 -0.997858
    outer loop
      vertex 0 18.2 6.4
      vertex 2 18.4088 6.38631
      vertex 2 18.2 6.4
    endloop
  endfacet
  facet normal -0 -0.0654247 -0.997858
    outer loop
      vertex 2 18.4088 6.38631
      vertex 0 18.2 6.4
      vertex 0 18.4088 6.38631
    endloop
  endfacet
  facet normal 0 0.659221 -0.751949
    outer loop
      vertex 0 10.4686 5.93137
      vertex 2 10.626 6.06936
      vertex 2 10.4686 5.93137
    endloop
  endfacet
  facet normal 0 0.659221 -0.751949
    outer loop
      vertex 2 10.626 6.06936
      vertex 0 10.4686 5.93137
      vertex 0 10.626 6.06936
    endloop
  endfacet
  facet normal 0 -0.442314 0.89686
    outer loop
      vertex 0 19 2.61437
      vertex 2 18.8123 2.5218
      vertex 2 19 2.61437
    endloop
  endfacet
  facet normal 0 -0.442314 0.89686
    outer loop
      vertex 2 18.8123 2.5218
      vertex 0 19 2.61437
      vertex 0 18.8123 2.5218
    endloop
  endfacet
  facet normal 0 0.751842 0.659343
    outer loop
      vertex 2 10.4686 2.86863
      vertex 0 10.3306 3.02599
      vertex 2 10.3306 3.02599
    endloop
  endfacet
  facet normal 0 0.751842 0.659343
    outer loop
      vertex 0 10.3306 3.02599
      vertex 2 10.4686 2.86863
      vertex 0 10.4686 2.86863
    endloop
  endfacet
  facet normal 0 0.555593 -0.831454
    outer loop
      vertex 0 10.626 6.06936
      vertex 2 10.8 6.18563
      vertex 2 10.626 6.06936
    endloop
  endfacet
  facet normal 0 0.555593 -0.831454
    outer loop
      vertex 2 10.8 6.18563
      vertex 0 10.626 6.06936
      vertex 0 10.8 6.18563
    endloop
  endfacet
  facet normal 0 0.997855 -0.0654566
    outer loop
      vertex 2 10 4.79999
      vertex 0 10.0137 5.00884
      vertex 2 10.0137 5.00884
    endloop
  endfacet
  facet normal 0 0.997855 -0.0654566
    outer loop
      vertex 0 10.0137 5.00884
      vertex 2 10 4.79999
      vertex 0 10 4.79999
    endloop
  endfacet
  facet normal 0 -0.980812 0.194958
    outer loop
      vertex 0 19.7455 3.5859
      vertex 2 19.7863 3.79116
      vertex 0 19.7863 3.79116
    endloop
  endfacet
  facet normal 0 -0.980812 0.194958
    outer loop
      vertex 2 19.7863 3.79116
      vertex 0 19.7455 3.5859
      vertex 2 19.7455 3.5859
    endloop
  endfacet
  facet normal 0 -0.896822 -0.442391
    outer loop
      vertex 0 19.6782 5.41228
      vertex 2 19.5856 5.6
      vertex 0 19.5856 5.6
    endloop
  endfacet
  facet normal 0 -0.896822 -0.442391
    outer loop
      vertex 2 19.5856 5.6
      vertex 0 19.6782 5.41228
      vertex 2 19.6782 5.41228
    endloop
  endfacet
  facet normal 0 -0.555593 0.831454
    outer loop
      vertex 0 19.174 2.73064
      vertex 2 19 2.61437
      vertex 2 19.174 2.73064
    endloop
  endfacet
  facet normal 0 -0.555593 0.831454
    outer loop
      vertex 2 19 2.61437
      vertex 0 19.174 2.73064
      vertex 0 19 2.61437
    endloop
  endfacet
  facet normal 0 0.751842 -0.659343
    outer loop
      vertex 2 10.3306 5.77401
      vertex 0 10.4686 5.93137
      vertex 2 10.4686 5.93137
    endloop
  endfacet
  facet normal 0 0.751842 -0.659343
    outer loop
      vertex 0 10.4686 5.93137
      vertex 2 10.3306 5.77401
      vertex 0 10.3306 5.77401
    endloop
  endfacet
  facet normal 0 -0.831624 0.55534
    outer loop
      vertex 0 19.4694 3.02599
      vertex 2 19.5856 3.2
      vertex 0 19.5856 3.2
    endloop
  endfacet
  facet normal 0 -0.831624 0.55534
    outer loop
      vertex 2 19.5856 3.2
      vertex 0 19.4694 3.02599
      vertex 2 19.4694 3.02599
    endloop
  endfacet
  facet normal 0 -1 0
    outer loop
      vertex 0 19.8 4.00001
      vertex 2 19.8 4.79999
      vertex 0 19.8 4.79999
    endloop
  endfacet
  facet normal 0 -1 -0
    outer loop
      vertex 2 19.8 4.79999
      vertex 0 19.8 4.00001
      vertex 2 19.8 4.00001
    endloop
  endfacet
  facet normal 0 -0.997855 0.0654566
    outer loop
      vertex 0 19.7863 3.79116
      vertex 2 19.8 4.00001
      vertex 0 19.8 4.00001
    endloop
  endfacet
  facet normal 0 -0.997855 0.0654566
    outer loop
      vertex 2 19.8 4.00001
      vertex 0 19.7863 3.79116
      vertex 2 19.7863 3.79116
    endloop
  endfacet
  facet normal 0 -0.997855 -0.0654566
    outer loop
      vertex 0 19.8 4.79999
      vertex 2 19.7863 5.00884
      vertex 0 19.7863 5.00884
    endloop
  endfacet
  facet normal 0 -0.997855 -0.0654566
    outer loop
      vertex 2 19.7863 5.00884
      vertex 0 19.8 4.79999
      vertex 2 19.8 4.79999
    endloop
  endfacet
  facet normal 0 0.831624 -0.55534
    outer loop
      vertex 2 10.2144 5.6
      vertex 0 10.3306 5.77401
      vertex 2 10.3306 5.77401
    endloop
  endfacet
  facet normal 0 0.831624 -0.55534
    outer loop
      vertex 0 10.3306 5.77401
      vertex 2 10.2144 5.6
      vertex 0 10.2144 5.6
    endloop
  endfacet
  facet normal 0 -0.555593 -0.831454
    outer loop
      vertex 0 19 6.18563
      vertex 2 19.174 6.06936
      vertex 2 19 6.18563
    endloop
  endfacet
  facet normal -0 -0.555593 -0.831454
    outer loop
      vertex 2 19.174 6.06936
      vertex 0 19 6.18563
      vertex 0 19.174 6.06936
    endloop
  endfacet
  facet normal 0 -0.659221 -0.751949
    outer loop
      vertex 0 19.174 6.06936
      vertex 2 19.3314 5.93137
      vertex 2 19.174 6.06936
    endloop
  endfacet
  facet normal -0 -0.659221 -0.751949
    outer loop
      vertex 2 19.3314 5.93137
      vertex 0 19.174 6.06936
      vertex 0 19.3314 5.93137
    endloop
  endfacet
  facet normal 0.659289 0 0.75189
    outer loop
      vertex 43.4544 2 6.45442
      vertex 43.8085 0 6.14393
      vertex 43.8085 2 6.14393
    endloop
  endfacet
  facet normal 0.659289 0 0.75189
    outer loop
      vertex 43.8085 0 6.14393
      vertex 43.4544 2 6.45442
      vertex 43.4544 0 6.45442
    endloop
  endfacet
  facet normal -0.980773 0 0.195152
    outer loop
      vertex 49.4773 0 8.06825
      vertex 49.5692 2 8.53011
      vertex 49.4773 2 8.06825
    endloop
  endfacet
  facet normal -0.980773 0 0.195152
    outer loop
      vertex 49.5692 2 8.53011
      vertex 49.4773 0 8.06825
      vertex 49.5692 0 8.53011
    endloop
  endfacet
  facet normal 0.442365 0 -0.896835
    outer loop
      vertex 44.2 0 12.1177
      vertex 44.6223 2 12.326
      vertex 44.6223 0 12.326
    endloop
  endfacet
  facet normal 0.442365 0 -0.896835
    outer loop
      vertex 44.6223 2 12.326
      vertex 44.2 0 12.1177
      vertex 44.2 2 12.1177
    endloop
  endfacet
  facet normal -0.195177 0 -0.980768
    outer loop
      vertex 46.4699 0 12.5692
      vertex 46.9317 2 12.4773
      vertex 46.9317 0 12.4773
    endloop
  endfacet
  facet normal -0.195177 0 -0.980768
    outer loop
      vertex 46.9317 2 12.4773
      vertex 46.4699 0 12.5692
      vertex 46.4699 2 12.5692
    endloop
  endfacet
  facet normal -0.946982 0 -0.321288
    outer loop
      vertex 49.4773 0 9.93175
      vertex 49.326 2 10.3777
      vertex 49.4773 2 9.93175
    endloop
  endfacet
  facet normal -0.946982 -0 -0.321288
    outer loop
      vertex 49.326 2 10.3777
      vertex 49.4773 0 9.93175
      vertex 49.326 0 10.3777
    endloop
  endfacet
  facet normal -0.751824 0 0.659364
    outer loop
      vertex 48.5456 0 6.45442
      vertex 48.8561 2 6.80846
      vertex 48.5456 2 6.45442
    endloop
  endfacet
  facet normal -0.751824 0 0.659364
    outer loop
      vertex 48.8561 2 6.80846
      vertex 48.5456 0 6.45442
      vertex 48.8561 0 6.80846
    endloop
  endfacet
  facet normal -0.896835 0 -0.442365
    outer loop
      vertex 49.326 0 10.3777
      vertex 49.1177 2 10.8
      vertex 49.326 2 10.3777
    endloop
  endfacet
  facet normal -0.896835 -0 -0.442365
    outer loop
      vertex 49.1177 2 10.8
      vertex 49.326 0 10.3777
      vertex 49.1177 0 10.8
    endloop
  endfacet
  facet normal 0.0654055 0 0.997859
    outer loop
      vertex 45.5301 2 5.4308
      vertex 46 0 5.4
      vertex 46 2 5.4
    endloop
  endfacet
  facet normal 0.0654055 0 0.997859
    outer loop
      vertex 46 0 5.4
      vertex 45.5301 2 5.4308
      vertex 45.5301 0 5.4308
    endloop
  endfacet
  facet normal -0.195115 0 0.98078
    outer loop
      vertex 46.4699 2 5.4308
      vertex 46.9317 0 5.52267
      vertex 46.9317 2 5.52267
    endloop
  endfacet
  facet normal -0.195115 0 0.98078
    outer loop
      vertex 46.9317 0 5.52267
      vertex 46.4699 2 5.4308
      vertex 46.4699 0 5.4308
    endloop
  endfacet
  facet normal -0.831462 0 -0.555582
    outer loop
      vertex 49.1177 0 10.8
      vertex 48.8561 2 11.1915
      vertex 49.1177 2 10.8
    endloop
  endfacet
  facet normal -0.831462 -0 -0.555582
    outer loop
      vertex 48.8561 2 11.1915
      vertex 49.1177 0 10.8
      vertex 48.8561 0 11.1915
    endloop
  endfacet
  facet normal -0.32137 0 0.946954
    outer loop
      vertex 46.9317 2 5.52267
      vertex 47.3777 0 5.67403
      vertex 47.3777 2 5.67403
    endloop
  endfacet
  facet normal -0.32137 0 0.946954
    outer loop
      vertex 47.3777 0 5.67403
      vertex 46.9317 2 5.52267
      vertex 46.9317 0 5.52267
    endloop
  endfacet
  facet normal 0.831462 0 -0.555582
    outer loop
      vertex 43.1439 0 11.1915
      vertex 42.8823 2 10.8
      vertex 43.1439 2 11.1915
    endloop
  endfacet
  facet normal 0.831462 0 -0.555582
    outer loop
      vertex 42.8823 2 10.8
      vertex 43.1439 0 11.1915
      vertex 42.8823 0 10.8
    endloop
  endfacet
  facet normal 0.896852 -0 0.442331
    outer loop
      vertex 42.674 0 7.62234
      vertex 42.8823 2 7.2
      vertex 42.674 2 7.62234
    endloop
  endfacet
  facet normal 0.896852 0 0.442331
    outer loop
      vertex 42.8823 2 7.2
      vertex 42.674 0 7.62234
      vertex 42.8823 0 7.2
    endloop
  endfacet
  facet normal 0.659301 0 -0.751879
    outer loop
      vertex 43.4544 0 11.5456
      vertex 43.8085 2 11.8561
      vertex 43.8085 0 11.8561
    endloop
  endfacet
  facet normal 0.659301 0 -0.751879
    outer loop
      vertex 43.8085 2 11.8561
      vertex 43.4544 0 11.5456
      vertex 43.4544 2 11.5456
    endloop
  endfacet
  facet normal -0.980773 0 -0.195152
    outer loop
      vertex 49.5692 0 9.46989
      vertex 49.4773 2 9.93175
      vertex 49.5692 2 9.46989
    endloop
  endfacet
  facet normal -0.980773 -0 -0.195152
    outer loop
      vertex 49.4773 2 9.93175
      vertex 49.5692 0 9.46989
      vertex 49.4773 0 9.93175
    endloop
  endfacet
  facet normal 0.195177 0 -0.980768
    outer loop
      vertex 45.0683 0 12.4773
      vertex 45.5301 2 12.5692
      vertex 45.5301 0 12.5692
    endloop
  endfacet
  facet normal 0.195177 0 -0.980768
    outer loop
      vertex 45.5301 2 12.5692
      vertex 45.0683 0 12.4773
      vertex 45.0683 2 12.4773
    endloop
  endfacet
  facet normal -0.946973 0 0.321314
    outer loop
      vertex 49.326 0 7.62234
      vertex 49.4773 2 8.06825
      vertex 49.326 2 7.62234
    endloop
  endfacet
  facet normal -0.946973 0 0.321314
    outer loop
      vertex 49.4773 2 8.06825
      vertex 49.326 0 7.62234
      vertex 49.4773 0 8.06825
    endloop
  endfacet
  facet normal -0.997859 0 -0.0654069
    outer loop
      vertex 49.6 0 9
      vertex 49.5692 2 9.46989
      vertex 49.6 2 9
    endloop
  endfacet
  facet normal -0.997859 -0 -0.0654069
    outer loop
      vertex 49.5692 2 9.46989
      vertex 49.6 0 9
      vertex 49.5692 0 9.46989
    endloop
  endfacet
  facet normal -0.555582 0 -0.831462
    outer loop
      vertex 47.8 0 12.1177
      vertex 48.1915 2 11.8561
      vertex 48.1915 0 11.8561
    endloop
  endfacet
  facet normal -0.555582 0 -0.831462
    outer loop
      vertex 48.1915 2 11.8561
      vertex 47.8 0 12.1177
      vertex 47.8 2 12.1177
    endloop
  endfacet
  facet normal 0.0654055 0 -0.997859
    outer loop
      vertex 45.5301 0 12.5692
      vertex 46 2 12.6
      vertex 46 0 12.6
    endloop
  endfacet
  facet normal 0.0654055 0 -0.997859
    outer loop
      vertex 46 2 12.6
      vertex 45.5301 0 12.5692
      vertex 45.5301 2 12.5692
    endloop
  endfacet
  facet normal -0.321256 0 -0.946993
    outer loop
      vertex 46.9317 0 12.4773
      vertex 47.3777 2 12.326
      vertex 47.3777 0 12.326
    endloop
  endfacet
  facet normal -0.321256 0 -0.946993
    outer loop
      vertex 47.3777 2 12.326
      vertex 46.9317 0 12.4773
      vertex 46.9317 2 12.4773
    endloop
  endfacet
  facet normal 0.195115 0 0.98078
    outer loop
      vertex 45.0683 2 5.52267
      vertex 45.5301 0 5.4308
      vertex 45.5301 2 5.4308
    endloop
  endfacet
  facet normal 0.195115 0 0.98078
    outer loop
      vertex 45.5301 0 5.4308
      vertex 45.0683 2 5.52267
      vertex 45.0683 0 5.52267
    endloop
  endfacet
  facet normal -0.555611 0 0.831442
    outer loop
      vertex 47.8 2 5.88231
      vertex 48.1915 0 6.14393
      vertex 48.1915 2 6.14393
    endloop
  endfacet
  facet normal -0.555611 0 0.831442
    outer loop
      vertex 48.1915 0 6.14393
      vertex 47.8 2 5.88231
      vertex 47.8 0 5.88231
    endloop
  endfacet
  facet normal -0.997859 0 0.0654069
    outer loop
      vertex 49.5692 0 8.53011
      vertex 49.6 2 9
      vertex 49.5692 2 8.53011
    endloop
  endfacet
  facet normal -0.997859 0 0.0654069
    outer loop
      vertex 49.6 2 9
      vertex 49.5692 0 8.53011
      vertex 49.6 0 9
    endloop
  endfacet
  facet normal 0.32137 0 0.946954
    outer loop
      vertex 44.6223 2 5.67403
      vertex 45.0683 0 5.52267
      vertex 45.0683 2 5.52267
    endloop
  endfacet
  facet normal 0.32137 0 0.946954
    outer loop
      vertex 45.0683 0 5.52267
      vertex 44.6223 2 5.67403
      vertex 44.6223 0 5.67403
    endloop
  endfacet
  facet normal 0.896835 0 -0.442365
    outer loop
      vertex 42.8823 0 10.8
      vertex 42.674 2 10.3777
      vertex 42.8823 2 10.8
    endloop
  endfacet
  facet normal 0.896835 0 -0.442365
    outer loop
      vertex 42.674 2 10.3777
      vertex 42.8823 0 10.8
      vertex 42.674 0 10.3777
    endloop
  endfacet
  facet normal 0.321256 0 -0.946993
    outer loop
      vertex 44.6223 0 12.326
      vertex 45.0683 2 12.4773
      vertex 45.0683 0 12.4773
    endloop
  endfacet
  facet normal 0.321256 0 -0.946993
    outer loop
      vertex 45.0683 2 12.4773
      vertex 44.6223 0 12.326
      vertex 44.6223 2 12.326
    endloop
  endfacet
  facet normal 0.555582 0 -0.831462
    outer loop
      vertex 43.8085 0 11.8561
      vertex 44.2 2 12.1177
      vertex 44.2 0 12.1177
    endloop
  endfacet
  facet normal 0.555582 0 -0.831462
    outer loop
      vertex 44.2 2 12.1177
      vertex 43.8085 0 11.8561
      vertex 43.8085 2 11.8561
    endloop
  endfacet
  facet normal -0.442365 0 -0.896835
    outer loop
      vertex 47.3777 0 12.326
      vertex 47.8 2 12.1177
      vertex 47.8 0 12.1177
    endloop
  endfacet
  facet normal -0.442365 0 -0.896835
    outer loop
      vertex 47.8 2 12.1177
      vertex 47.3777 0 12.326
      vertex 47.3777 2 12.326
    endloop
  endfacet
  facet normal -0.442331 0 0.896852
    outer loop
      vertex 47.3777 2 5.67403
      vertex 47.8 0 5.88231
      vertex 47.8 2 5.88231
    endloop
  endfacet
  facet normal -0.442331 0 0.896852
    outer loop
      vertex 47.8 0 5.88231
      vertex 47.3777 2 5.67403
      vertex 47.3777 0 5.67403
    endloop
  endfacet
  facet normal -0.831488 0 0.555543
    outer loop
      vertex 48.8561 0 6.80846
      vertex 49.1177 2 7.2
      vertex 48.8561 2 6.80846
    endloop
  endfacet
  facet normal -0.831488 0 0.555543
    outer loop
      vertex 49.1177 2 7.2
      vertex 48.8561 0 6.80846
      vertex 49.1177 0 7.2
    endloop
  endfacet
  facet normal 0.997859 0 -0.0654069
    outer loop
      vertex 42.4308 0 9.46989
      vertex 42.4 2 9
      vertex 42.4308 2 9.46989
    endloop
  endfacet
  facet normal 0.997859 0 -0.0654069
    outer loop
      vertex 42.4 2 9
      vertex 42.4308 0 9.46989
      vertex 42.4 0 9
    endloop
  endfacet
  facet normal 0.997859 -0 0.0654069
    outer loop
      vertex 42.4 0 9
      vertex 42.4308 2 8.53011
      vertex 42.4 2 9
    endloop
  endfacet
  facet normal 0.997859 0 0.0654069
    outer loop
      vertex 42.4308 2 8.53011
      vertex 42.4 0 9
      vertex 42.4308 0 8.53011
    endloop
  endfacet
  facet normal -0.751879 0 -0.659301
    outer loop
      vertex 48.8561 0 11.1915
      vertex 48.5456 2 11.5456
      vertex 48.8561 2 11.1915
    endloop
  endfacet
  facet normal -0.751879 -0 -0.659301
    outer loop
      vertex 48.5456 2 11.5456
      vertex 48.8561 0 11.1915
      vertex 48.5456 0 11.5456
    endloop
  endfacet
  facet normal 0.980773 0 -0.195152
    outer loop
      vertex 42.5227 0 9.93175
      vertex 42.4308 2 9.46989
      vertex 42.5227 2 9.93175
    endloop
  endfacet
  facet normal 0.980773 0 -0.195152
    outer loop
      vertex 42.4308 2 9.46989
      vertex 42.5227 0 9.93175
      vertex 42.4308 0 9.46989
    endloop
  endfacet
  facet normal 0.980773 -0 0.195152
    outer loop
      vertex 42.4308 0 8.53011
      vertex 42.5227 2 8.06825
      vertex 42.4308 2 8.53011
    endloop
  endfacet
  facet normal 0.980773 0 0.195152
    outer loop
      vertex 42.5227 2 8.06825
      vertex 42.4308 0 8.53011
      vertex 42.5227 0 8.06825
    endloop
  endfacet
  facet normal 0.831488 -0 0.555543
    outer loop
      vertex 42.8823 0 7.2
      vertex 43.1439 2 6.80846
      vertex 42.8823 2 7.2
    endloop
  endfacet
  facet normal 0.831488 0 0.555543
    outer loop
      vertex 43.1439 2 6.80846
      vertex 42.8823 0 7.2
      vertex 43.1439 0 6.80846
    endloop
  endfacet
  facet normal 0.442331 0 0.896852
    outer loop
      vertex 44.2 2 5.88231
      vertex 44.6223 0 5.67403
      vertex 44.6223 2 5.67403
    endloop
  endfacet
  facet normal 0.442331 0 0.896852
    outer loop
      vertex 44.6223 0 5.67403
      vertex 44.2 2 5.88231
      vertex 44.2 0 5.88231
    endloop
  endfacet
  facet normal 0.751879 0 -0.659301
    outer loop
      vertex 43.4544 0 11.5456
      vertex 43.1439 2 11.1915
      vertex 43.4544 2 11.5456
    endloop
  endfacet
  facet normal 0.751879 0 -0.659301
    outer loop
      vertex 43.1439 2 11.1915
      vertex 43.4544 0 11.5456
      vertex 43.1439 0 11.1915
    endloop
  endfacet
  facet normal 0.555611 0 0.831442
    outer loop
      vertex 43.8085 2 6.14393
      vertex 44.2 0 5.88231
      vertex 44.2 2 5.88231
    endloop
  endfacet
  facet normal 0.555611 0 0.831442
    outer loop
      vertex 44.2 0 5.88231
      vertex 43.8085 2 6.14393
      vertex 43.8085 0 6.14393
    endloop
  endfacet
  facet normal -0.896852 0 0.442331
    outer loop
      vertex 49.1177 0 7.2
      vertex 49.326 2 7.62234
      vertex 49.1177 2 7.2
    endloop
  endfacet
  facet normal -0.896852 0 0.442331
    outer loop
      vertex 49.326 2 7.62234
      vertex 49.1177 0 7.2
      vertex 49.326 0 7.62234
    endloop
  endfacet
  facet normal 0.946973 -0 0.321314
    outer loop
      vertex 42.5227 0 8.06825
      vertex 42.674 2 7.62234
      vertex 42.5227 2 8.06825
    endloop
  endfacet
  facet normal 0.946973 0 0.321314
    outer loop
      vertex 42.674 2 7.62234
      vertex 42.5227 0 8.06825
      vertex 42.674 0 7.62234
    endloop
  endfacet
  facet normal 0.946982 0 -0.321288
    outer loop
      vertex 42.674 0 10.3777
      vertex 42.5227 2 9.93175
      vertex 42.674 2 10.3777
    endloop
  endfacet
  facet normal 0.946982 0 -0.321288
    outer loop
      vertex 42.5227 2 9.93175
      vertex 42.674 0 10.3777
      vertex 42.5227 0 9.93175
    endloop
  endfacet
  facet normal 0.751824 -0 0.659364
    outer loop
      vertex 43.1439 0 6.80846
      vertex 43.4544 2 6.45442
      vertex 43.1439 2 6.80846
    endloop
  endfacet
  facet normal 0.751824 0 0.659364
    outer loop
      vertex 43.4544 2 6.45442
      vertex 43.1439 0 6.80846
      vertex 43.4544 0 6.45442
    endloop
  endfacet
  facet normal -0.659301 0 -0.751879
    outer loop
      vertex 48.1915 0 11.8561
      vertex 48.5456 2 11.5456
      vertex 48.5456 0 11.5456
    endloop
  endfacet
  facet normal -0.659301 0 -0.751879
    outer loop
      vertex 48.5456 2 11.5456
      vertex 48.1915 0 11.8561
      vertex 48.1915 2 11.8561
    endloop
  endfacet
  facet normal -0.0654055 0 -0.997859
    outer loop
      vertex 46 0 12.6
      vertex 46.4699 2 12.5692
      vertex 46.4699 0 12.5692
    endloop
  endfacet
  facet normal -0.0654055 0 -0.997859
    outer loop
      vertex 46.4699 2 12.5692
      vertex 46 0 12.6
      vertex 46 2 12.6
    endloop
  endfacet
  facet normal -0.0654055 0 0.997859
    outer loop
      vertex 46 2 5.4
      vertex 46.4699 0 5.4308
      vertex 46.4699 2 5.4308
    endloop
  endfacet
  facet normal -0.0654055 0 0.997859
    outer loop
      vertex 46.4699 0 5.4308
      vertex 46 2 5.4
      vertex 46 0 5.4
    endloop
  endfacet
  facet normal -0.659289 0 0.75189
    outer loop
      vertex 48.1915 2 6.14393
      vertex 48.5456 0 6.45442
      vertex 48.5456 2 6.45442
    endloop
  endfacet
  facet normal -0.659289 0 0.75189
    outer loop
      vertex 48.5456 0 6.45442
      vertex 48.1915 2 6.14393
      vertex 48.1915 0 6.14393
    endloop
  endfacet
  facet normal 0 -0.980815 -0.19494
    outer loop
      vertex 57.8 17.7431 9.10442
      vertex 59.8 17.7227 9.20706
      vertex 57.8 17.7227 9.20706
    endloop
  endfacet
  facet normal 0 -0.980815 -0.19494
    outer loop
      vertex 59.8 17.7227 9.20706
      vertex 57.8 17.7431 9.10442
      vertex 59.8 17.7431 9.10442
    endloop
  endfacet
  facet normal 0 0.751842 -0.659343
    outer loop
      vertex 59.8 10.4153 9.48701
      vertex 57.8 10.4843 9.56569
      vertex 59.8 10.4843 9.56569
    endloop
  endfacet
  facet normal 0 0.751842 -0.659343
    outer loop
      vertex 57.8 10.4843 9.56569
      vertex 59.8 10.4153 9.48701
      vertex 57.8 10.4153 9.48701
    endloop
  endfacet
  facet normal -0 0.0654722 0.997854
    outer loop
      vertex 57.8 11.05 6.2
      vertex 59.8 10.9456 6.20685
      vertex 59.8 11.05 6.2
    endloop
  endfacet
  facet normal 0 0.0654722 0.997854
    outer loop
      vertex 59.8 10.9456 6.20685
      vertex 57.8 11.05 6.2
      vertex 57.8 10.9456 6.20685
    endloop
  endfacet
  facet normal -0 0.555626 0.831432
    outer loop
      vertex 57.8 10.65 6.30717
      vertex 59.8 10.563 6.36531
      vertex 59.8 10.65 6.30717
    endloop
  endfacet
  facet normal 0 0.555626 0.831432
    outer loop
      vertex 59.8 10.563 6.36531
      vertex 57.8 10.65 6.30717
      vertex 57.8 10.563 6.36531
    endloop
  endfacet
  facet normal 0 0.555626 -0.831432
    outer loop
      vertex 57.8 10.563 9.63469
      vertex 59.8 10.65 9.69283
      vertex 59.8 10.563 9.63469
    endloop
  endfacet
  facet normal 0 0.555626 -0.831432
    outer loop
      vertex 59.8 10.65 9.69283
      vertex 57.8 10.563 9.63469
      vertex 57.8 10.65 9.69283
    endloop
  endfacet
  facet normal 0 -0.321646 0.94686
    outer loop
      vertex 57.8 17.2561 6.26089
      vertex 59.8 17.1571 6.22726
      vertex 59.8 17.2561 6.26089
    endloop
  endfacet
  facet normal 0 -0.321646 0.94686
    outer loop
      vertex 59.8 17.1571 6.22726
      vertex 57.8 17.2561 6.26089
      vertex 57.8 17.1571 6.22726
    endloop
  endfacet
  facet normal 0 0.321646 -0.94686
    outer loop
      vertex 57.8 10.7439 9.73911
      vertex 59.8 10.8429 9.77274
      vertex 59.8 10.7439 9.73911
    endloop
  endfacet
  facet normal 0 0.321646 -0.94686
    outer loop
      vertex 59.8 10.8429 9.77274
      vertex 57.8 10.7439 9.73911
      vertex 57.8 10.8429 9.77274
    endloop
  endfacet
  facet normal 0 0.831668 0.555273
    outer loop
      vertex 59.8 10.4153 6.51299
      vertex 57.8 10.3572 6.60001
      vertex 59.8 10.3572 6.60001
    endloop
  endfacet
  facet normal 0 0.831668 0.555273
    outer loop
      vertex 57.8 10.3572 6.60001
      vertex 59.8 10.4153 6.51299
      vertex 57.8 10.4153 6.51299
    endloop
  endfacet
  facet normal 0 -0.0654722 -0.997854
    outer loop
      vertex 57.8 16.95 9.8
      vertex 59.8 17.0544 9.79315
      vertex 59.8 16.95 9.8
    endloop
  endfacet
  facet normal -0 -0.0654722 -0.997854
    outer loop
      vertex 59.8 17.0544 9.79315
      vertex 57.8 16.95 9.8
      vertex 57.8 17.0544 9.79315
    endloop
  endfacet
  facet normal 0 0.194922 -0.980819
    outer loop
      vertex 57.8 10.8429 9.77274
      vertex 59.8 10.9456 9.79315
      vertex 59.8 10.8429 9.77274
    endloop
  endfacet
  facet normal 0 0.194922 -0.980819
    outer loop
      vertex 59.8 10.9456 9.79315
      vertex 57.8 10.8429 9.77274
      vertex 57.8 10.9456 9.79315
    endloop
  endfacet
  facet normal 0 -0.442086 0.896973
    outer loop
      vertex 57.8 17.35 6.30717
      vertex 59.8 17.2561 6.26089
      vertex 59.8 17.35 6.30717
    endloop
  endfacet
  facet normal 0 -0.442086 0.896973
    outer loop
      vertex 59.8 17.2561 6.26089
      vertex 57.8 17.35 6.30717
      vertex 57.8 17.2561 6.26089
    endloop
  endfacet
  facet normal -0 0.321646 0.94686
    outer loop
      vertex 57.8 10.8429 6.22726
      vertex 59.8 10.7439 6.26089
      vertex 59.8 10.8429 6.22726
    endloop
  endfacet
  facet normal 0 0.321646 0.94686
    outer loop
      vertex 59.8 10.7439 6.26089
      vertex 57.8 10.8429 6.22726
      vertex 57.8 10.7439 6.26089
    endloop
  endfacet
  facet normal -0 0 1
    outer loop
      vertex 57.8 16.95 6.2
      vertex 59.8 11.05 6.2
      vertex 59.8 16.95 6.2
    endloop
  endfacet
  facet normal 0 0 1
    outer loop
      vertex 59.8 11.05 6.2
      vertex 57.8 16.95 6.2
      vertex 57.8 11.05 6.2
    endloop
  endfacet
  facet normal 0 0.997824 0.0659355
    outer loop
      vertex 59.8 10.2569 6.89558
      vertex 57.8 10.25 7
      vertex 59.8 10.25 7
    endloop
  endfacet
  facet normal 0 0.997824 0.0659355
    outer loop
      vertex 57.8 10.25 7
      vertex 59.8 10.2569 6.89558
      vertex 57.8 10.2569 6.89558
    endloop
  endfacet
  facet normal 0 -0.555626 0.831432
    outer loop
      vertex 57.8 17.437 6.36531
      vertex 59.8 17.35 6.30717
      vertex 59.8 17.437 6.36531
    endloop
  endfacet
  facet normal 0 -0.555626 0.831432
    outer loop
      vertex 59.8 17.35 6.30717
      vertex 57.8 17.437 6.36531
      vertex 57.8 17.35 6.30717
    endloop
  endfacet
  facet normal 0 -0.896785 0.442467
    outer loop
      vertex 57.8 17.6428 6.60001
      vertex 59.8 17.6891 6.69385
      vertex 57.8 17.6891 6.69385
    endloop
  endfacet
  facet normal 0 -0.896785 0.442467
    outer loop
      vertex 59.8 17.6891 6.69385
      vertex 57.8 17.6428 6.60001
      vertex 59.8 17.6428 6.60001
    endloop
  endfacet
  facet normal 0 0 -1
    outer loop
      vertex 57.8 11.05 9.8
      vertex 59.8 16.95 9.8
      vertex 59.8 11.05 9.8
    endloop
  endfacet
  facet normal -0 0 -1
    outer loop
      vertex 59.8 16.95 9.8
      vertex 57.8 11.05 9.8
      vertex 57.8 16.95 9.8
    endloop
  endfacet
  facet normal 0 -0.321646 -0.94686
    outer loop
      vertex 57.8 17.1571 9.77274
      vertex 59.8 17.2561 9.73911
      vertex 59.8 17.1571 9.77274
    endloop
  endfacet
  facet normal -0 -0.321646 -0.94686
    outer loop
      vertex 59.8 17.2561 9.73911
      vertex 57.8 17.1571 9.77274
      vertex 57.8 17.2561 9.73911
    endloop
  endfacet
  facet normal 0 -0.442086 -0.896973
    outer loop
      vertex 57.8 17.2561 9.73911
      vertex 59.8 17.35 9.69283
      vertex 59.8 17.2561 9.73911
    endloop
  endfacet
  facet normal -0 -0.442086 -0.896973
    outer loop
      vertex 59.8 17.35 9.69283
      vertex 57.8 17.2561 9.73911
      vertex 57.8 17.35 9.69283
    endloop
  endfacet
  facet normal 0 0.980815 0.19494
    outer loop
      vertex 59.8 10.2773 6.79294
      vertex 57.8 10.2569 6.89558
      vertex 59.8 10.2569 6.89558
    endloop
  endfacet
  facet normal 0 0.980815 0.19494
    outer loop
      vertex 57.8 10.2569 6.89558
      vertex 59.8 10.2773 6.79294
      vertex 57.8 10.2773 6.79294
    endloop
  endfacet
  facet normal 0 -0.0654722 0.997854
    outer loop
      vertex 57.8 17.0544 6.20685
      vertex 59.8 16.95 6.2
      vertex 59.8 17.0544 6.20685
    endloop
  endfacet
  facet normal 0 -0.0654722 0.997854
    outer loop
      vertex 59.8 16.95 6.2
      vertex 57.8 17.0544 6.20685
      vertex 57.8 16.95 6.2
    endloop
  endfacet
  facet normal 0 -0.751842 0.659343
    outer loop
      vertex 57.8 17.5157 6.43431
      vertex 59.8 17.5847 6.51299
      vertex 57.8 17.5847 6.51299
    endloop
  endfacet
  facet normal 0 -0.751842 0.659343
    outer loop
      vertex 59.8 17.5847 6.51299
      vertex 57.8 17.5157 6.43431
      vertex 59.8 17.5157 6.43431
    endloop
  endfacet
  facet normal 0 -0.896785 -0.442467
    outer loop
      vertex 57.8 17.6891 9.30615
      vertex 59.8 17.6428 9.39999
      vertex 57.8 17.6428 9.39999
    endloop
  endfacet
  facet normal 0 -0.896785 -0.442467
    outer loop
      vertex 59.8 17.6428 9.39999
      vertex 57.8 17.6891 9.30615
      vertex 59.8 17.6891 9.30615
    endloop
  endfacet
  facet normal 0 0.896785 0.442467
    outer loop
      vertex 59.8 10.3572 6.60001
      vertex 57.8 10.3109 6.69385
      vertex 59.8 10.3109 6.69385
    endloop
  endfacet
  facet normal 0 0.896785 0.442467
    outer loop
      vertex 57.8 10.3109 6.69385
      vertex 59.8 10.3572 6.60001
      vertex 57.8 10.3572 6.60001
    endloop
  endfacet
  facet normal 0 -0.194922 0.980819
    outer loop
      vertex 57.8 17.1571 6.22726
      vertex 59.8 17.0544 6.20685
      vertex 59.8 17.1571 6.22726
    endloop
  endfacet
  facet normal 0 -0.194922 0.980819
    outer loop
      vertex 59.8 17.0544 6.20685
      vertex 57.8 17.1571 6.22726
      vertex 57.8 17.0544 6.20685
    endloop
  endfacet
  facet normal 0 0.980815 -0.19494
    outer loop
      vertex 59.8 10.2569 9.10442
      vertex 57.8 10.2773 9.20706
      vertex 59.8 10.2773 9.20706
    endloop
  endfacet
  facet normal 0 0.980815 -0.19494
    outer loop
      vertex 57.8 10.2773 9.20706
      vertex 59.8 10.2569 9.10442
      vertex 57.8 10.2569 9.10442
    endloop
  endfacet
  facet normal 0 0.947036 -0.321126
    outer loop
      vertex 59.8 10.2773 9.20706
      vertex 57.8 10.3109 9.30615
      vertex 59.8 10.3109 9.30615
    endloop
  endfacet
  facet normal 0 0.947036 -0.321126
    outer loop
      vertex 57.8 10.3109 9.30615
      vertex 59.8 10.2773 9.20706
      vertex 57.8 10.2773 9.20706
    endloop
  endfacet
  facet normal 0 -0.555626 -0.831432
    outer loop
      vertex 57.8 17.35 9.69283
      vertex 59.8 17.437 9.63469
      vertex 59.8 17.35 9.69283
    endloop
  endfacet
  facet normal -0 -0.555626 -0.831432
    outer loop
      vertex 59.8 17.437 9.63469
      vertex 57.8 17.35 9.69283
      vertex 57.8 17.437 9.63469
    endloop
  endfacet
  facet normal 0 -0.980815 0.19494
    outer loop
      vertex 57.8 17.7227 6.79294
      vertex 59.8 17.7431 6.89558
      vertex 57.8 17.7431 6.89558
    endloop
  endfacet
  facet normal 0 -0.980815 0.19494
    outer loop
      vertex 59.8 17.7431 6.89558
      vertex 57.8 17.7227 6.79294
      vertex 59.8 17.7227 6.79294
    endloop
  endfacet
  facet normal 0 1 -0
    outer loop
      vertex 59.8 10.25 7
      vertex 57.8 10.25 9
      vertex 59.8 10.25 9
    endloop
  endfacet
  facet normal 0 1 0
    outer loop
      vertex 57.8 10.25 9
      vertex 59.8 10.25 7
      vertex 57.8 10.25 7
    endloop
  endfacet
  facet normal -0 0.194922 0.980819
    outer loop
      vertex 57.8 10.9456 6.20685
      vertex 59.8 10.8429 6.22726
      vertex 59.8 10.9456 6.20685
    endloop
  endfacet
  facet normal 0 0.194922 0.980819
    outer loop
      vertex 59.8 10.8429 6.22726
      vertex 57.8 10.9456 6.20685
      vertex 57.8 10.8429 6.22726
    endloop
  endfacet
  facet normal 0 0.0654722 -0.997854
    outer loop
      vertex 57.8 10.9456 9.79315
      vertex 59.8 11.05 9.8
      vertex 59.8 10.9456 9.79315
    endloop
  endfacet
  facet normal 0 0.0654722 -0.997854
    outer loop
      vertex 59.8 11.05 9.8
      vertex 57.8 10.9456 9.79315
      vertex 57.8 11.05 9.8
    endloop
  endfacet
  facet normal 0 -0.947036 -0.321126
    outer loop
      vertex 57.8 17.7227 9.20706
      vertex 59.8 17.6891 9.30615
      vertex 57.8 17.6891 9.30615
    endloop
  endfacet
  facet normal 0 -0.947036 -0.321126
    outer loop
      vertex 59.8 17.6891 9.30615
      vertex 57.8 17.7227 9.20706
      vertex 59.8 17.7227 9.20706
    endloop
  endfacet
  facet normal 0 -0.997824 -0.0659355
    outer loop
      vertex 57.8 17.75 9
      vertex 59.8 17.7431 9.10442
      vertex 57.8 17.7431 9.10442
    endloop
  endfacet
  facet normal 0 -0.997824 -0.0659355
    outer loop
      vertex 59.8 17.7431 9.10442
      vertex 57.8 17.75 9
      vertex 59.8 17.75 9
    endloop
  endfacet
  facet normal 0 -0.997824 0.0659355
    outer loop
      vertex 57.8 17.7431 6.89558
      vertex 59.8 17.75 7
      vertex 57.8 17.75 7
    endloop
  endfacet
  facet normal 0 -0.997824 0.0659355
    outer loop
      vertex 59.8 17.75 7
      vertex 57.8 17.7431 6.89558
      vertex 59.8 17.7431 6.89558
    endloop
  endfacet
  facet normal 0 0.751842 0.659343
    outer loop
      vertex 59.8 10.4843 6.43431
      vertex 57.8 10.4153 6.51299
      vertex 59.8 10.4153 6.51299
    endloop
  endfacet
  facet normal 0 0.751842 0.659343
    outer loop
      vertex 57.8 10.4153 6.51299
      vertex 59.8 10.4843 6.43431
      vertex 57.8 10.4843 6.43431
    endloop
  endfacet
  facet normal 0 0.947036 0.321126
    outer loop
      vertex 59.8 10.3109 6.69385
      vertex 57.8 10.2773 6.79294
      vertex 59.8 10.2773 6.79294
    endloop
  endfacet
  facet normal 0 0.947036 0.321126
    outer loop
      vertex 57.8 10.2773 6.79294
      vertex 59.8 10.3109 6.69385
      vertex 57.8 10.3109 6.69385
    endloop
  endfacet
  facet normal -0 0.659248 0.751925
    outer loop
      vertex 57.8 10.563 6.36531
      vertex 59.8 10.4843 6.43431
      vertex 59.8 10.563 6.36531
    endloop
  endfacet
  facet normal 0 0.659248 0.751925
    outer loop
      vertex 59.8 10.4843 6.43431
      vertex 57.8 10.563 6.36531
      vertex 57.8 10.4843 6.43431
    endloop
  endfacet
  facet normal 0 -0.659248 -0.751925
    outer loop
      vertex 57.8 17.437 9.63469
      vertex 59.8 17.5157 9.56569
      vertex 59.8 17.437 9.63469
    endloop
  endfacet
  facet normal -0 -0.659248 -0.751925
    outer loop
      vertex 59.8 17.5157 9.56569
      vertex 57.8 17.437 9.63469
      vertex 57.8 17.5157 9.56569
    endloop
  endfacet
  facet normal -0 0.442086 0.896973
    outer loop
      vertex 57.8 10.7439 6.26089
      vertex 59.8 10.65 6.30717
      vertex 59.8 10.7439 6.26089
    endloop
  endfacet
  facet normal 0 0.442086 0.896973
    outer loop
      vertex 59.8 10.65 6.30717
      vertex 57.8 10.7439 6.26089
      vertex 57.8 10.65 6.30717
    endloop
  endfacet
  facet normal 0 -0.194922 -0.980819
    outer loop
      vertex 57.8 17.0544 9.79315
      vertex 59.8 17.1571 9.77274
      vertex 59.8 17.0544 9.79315
    endloop
  endfacet
  facet normal -0 -0.194922 -0.980819
    outer loop
      vertex 59.8 17.1571 9.77274
      vertex 57.8 17.0544 9.79315
      vertex 57.8 17.1571 9.77274
    endloop
  endfacet
  facet normal 0 0.442086 -0.896973
    outer loop
      vertex 57.8 10.65 9.69283
      vertex 59.8 10.7439 9.73911
      vertex 59.8 10.65 9.69283
    endloop
  endfacet
  facet normal 0 0.442086 -0.896973
    outer loop
      vertex 59.8 10.7439 9.73911
      vertex 57.8 10.65 9.69283
      vertex 57.8 10.7439 9.73911
    endloop
  endfacet
  facet normal 0 -0.659248 0.751925
    outer loop
      vertex 57.8 17.5157 6.43431
      vertex 59.8 17.437 6.36531
      vertex 59.8 17.5157 6.43431
    endloop
  endfacet
  facet normal 0 -0.659248 0.751925
    outer loop
      vertex 59.8 17.437 6.36531
      vertex 57.8 17.5157 6.43431
      vertex 57.8 17.437 6.36531
    endloop
  endfacet
  facet normal 0 -0.947036 0.321126
    outer loop
      vertex 57.8 17.6891 6.69385
      vertex 59.8 17.7227 6.79294
      vertex 57.8 17.7227 6.79294
    endloop
  endfacet
  facet normal 0 -0.947036 0.321126
    outer loop
      vertex 59.8 17.7227 6.79294
      vertex 57.8 17.6891 6.69385
      vertex 59.8 17.6891 6.69385
    endloop
  endfacet
  facet normal 0 -0.831668 -0.555273
    outer loop
      vertex 57.8 17.6428 9.39999
      vertex 59.8 17.5847 9.48701
      vertex 57.8 17.5847 9.48701
    endloop
  endfacet
  facet normal 0 -0.831668 -0.555273
    outer loop
      vertex 59.8 17.5847 9.48701
      vertex 57.8 17.6428 9.39999
      vertex 59.8 17.6428 9.39999
    endloop
  endfacet
  facet normal 0 0.659248 -0.751925
    outer loop
      vertex 57.8 10.4843 9.56569
      vertex 59.8 10.563 9.63469
      vertex 59.8 10.4843 9.56569
    endloop
  endfacet
  facet normal 0 0.659248 -0.751925
    outer loop
      vertex 59.8 10.563 9.63469
      vertex 57.8 10.4843 9.56569
      vertex 57.8 10.563 9.63469
    endloop
  endfacet
  facet normal 0 -0.831668 0.555273
    outer loop
      vertex 57.8 17.5847 6.51299
      vertex 59.8 17.6428 6.60001
      vertex 57.8 17.6428 6.60001
    endloop
  endfacet
  facet normal 0 -0.831668 0.555273
    outer loop
      vertex 59.8 17.6428 6.60001
      vertex 57.8 17.5847 6.51299
      vertex 59.8 17.5847 6.51299
    endloop
  endfacet
  facet normal 0 -1 0
    outer loop
      vertex 57.8 17.75 7
      vertex 59.8 17.75 9
      vertex 57.8 17.75 9
    endloop
  endfacet
  facet normal 0 -1 -0
    outer loop
      vertex 59.8 17.75 9
      vertex 57.8 17.75 7
      vertex 59.8 17.75 7
    endloop
  endfacet
  facet normal 0 -0.751842 -0.659343
    outer loop
      vertex 57.8 17.5847 9.48701
      vertex 59.8 17.5157 9.56569
      vertex 57.8 17.5157 9.56569
    endloop
  endfacet
  facet normal 0 -0.751842 -0.659343
    outer loop
      vertex 59.8 17.5157 9.56569
      vertex 57.8 17.5847 9.48701
      vertex 59.8 17.5847 9.48701
    endloop
  endfacet
  facet normal 0 0.997824 -0.0659355
    outer loop
      vertex 59.8 10.25 9
      vertex 57.8 10.2569 9.10442
      vertex 59.8 10.2569 9.10442
    endloop
  endfacet
  facet normal 0 0.997824 -0.0659355
    outer loop
      vertex 57.8 10.2569 9.10442
      vertex 59.8 10.25 9
      vertex 57.8 10.25 9
    endloop
  endfacet
  facet normal 0 0.831668 -0.555273
    outer loop
      vertex 59.8 10.3572 9.39999
      vertex 57.8 10.4153 9.48701
      vertex 59.8 10.4153 9.48701
    endloop
  endfacet
  facet normal 0 0.831668 -0.555273
    outer loop
      vertex 57.8 10.4153 9.48701
      vertex 59.8 10.3572 9.39999
      vertex 57.8 10.3572 9.39999
    endloop
  endfacet
  facet normal 0 0.896785 -0.442467
    outer loop
      vertex 59.8 10.3109 9.30615
      vertex 57.8 10.3572 9.39999
      vertex 59.8 10.3572 9.39999
    endloop
  endfacet
  facet normal 0 0.896785 -0.442467
    outer loop
      vertex 57.8 10.3572 9.39999
      vertex 59.8 10.3109 9.30615
      vertex 57.8 10.3109 9.30615
    endloop
  endfacet
endsolid OpenSCAD_Model
