solid OpenSCAD_Model
  facet normal -1 0 0
    outer loop
      vertex 9.4 62.8 2
      vertex 9.4 64.4 5
      vertex 9.4 64.4 2
    endloop
  endfacet
  facet normal -1 -0 0
    outer loop
      vertex 9.4 64.4 5
      vertex 9.4 62.8 2
      vertex 9.4 62.8 5
    endloop
  endfacet
  facet normal 0 1 -0
    outer loop
      vertex 4 57.4 2
      vertex 2.4 57.4 5
      vertex 4 57.4 5
    endloop
  endfacet
  facet normal 0 1 0
    outer loop
      vertex 2.4 57.4 5
      vertex 4 57.4 2
      vertex 2.4 57.4 2
    endloop
  endfacet
  facet normal -1 0 0
    outer loop
      vertex 9.4 2.4 2
      vertex 9.4 4 5
      vertex 9.4 4 2
    endloop
  endfacet
  facet normal -1 -0 0
    outer loop
      vertex 9.4 4 5
      vertex 9.4 2.4 2
      vertex 9.4 2.4 5
    endloop
  endfacet
  facet normal 0 -1 0
    outer loop
      vertex 2.4 9.4 2
      vertex 4 9.4 5
      vertex 2.4 9.4 5
    endloop
  endfacet
  facet normal 0 -1 -0
    outer loop
      vertex 4 9.4 5
      vertex 2.4 9.4 2
      vertex 4 9.4 2
    endloop
  endfacet
  facet normal 1 -0 0
    outer loop
      vertex 50.4 62.8 5
      vertex 50.4 64.4 2
      vertex 50.4 64.4 5
    endloop
  endfacet
  facet normal 1 0 0
    outer loop
      vertex 50.4 64.4 2
      vertex 50.4 62.8 5
      vertex 50.4 62.8 2
    endloop
  endfacet
  facet normal 0 1 -0
    outer loop
      vertex 57.4 57.4 2
      vertex 55.8 57.4 5
      vertex 57.4 57.4 5
    endloop
  endfacet
  facet normal 0 1 0
    outer loop
      vertex 55.8 57.4 5
      vertex 57.4 57.4 2
      vertex 55.8 57.4 2
    endloop
  endfacet
  facet normal 1 -0 0
    outer loop
      vertex 50.4 2.4 5
      vertex 50.4 4 2
      vertex 50.4 4 5
    endloop
  endfacet
  facet normal 1 0 0
    outer loop
      vertex 50.4 4 2
      vertex 50.4 2.4 5
      vertex 50.4 2.4 2
    endloop
  endfacet
  facet normal 0 -1 0
    outer loop
      vertex 55.8 9.4 2
      vertex 57.4 9.4 5
      vertex 55.8 9.4 5
    endloop
  endfacet
  facet normal 0 -1 -0
    outer loop
      vertex 57.4 9.4 5
      vertex 55.8 9.4 2
      vertex 57.4 9.4 2
    endloop
  endfacet
  facet normal 1 -0 0
    outer loop
      vertex 57.4 9.4 5
      vertex 57.4 57.4 2
      vertex 57.4 57.4 5
    endloop
  endfacet
  facet normal 1 0 0
    outer loop
      vertex 57.4 57.4 2
      vertex 57.4 9.4 5
      vertex 57.4 9.4 2
    endloop
  endfacet
  facet normal 0 0 1
    outer loop
      vertex 6.33962 61.2451 2
      vertex 9.4 62.8 2
      vertex 6.40059 61.4247 2
    endloop
  endfacet
  facet normal 0 0 1
    outer loop
      vertex 14.4 44.9 2
      vertex 6.43759 5.18926 2
      vertex 6.45 5 2
    endloop
  endfacet
  facet normal 0 0 1
    outer loop
      vertex 6.25574 61.075 2
      vertex 9.4 62.8 2
      vertex 6.33962 61.2451 2
    endloop
  endfacet
  facet normal 0 0 1
    outer loop
      vertex 14.4 44.9 2
      vertex 6.40059 5.37529 2
      vertex 6.43759 5.18926 2
    endloop
  endfacet
  facet normal 0 0 1
    outer loop
      vertex 6.15036 60.9173 2
      vertex 9.4 62.8 2
      vertex 6.25574 61.075 2
    endloop
  endfacet
  facet normal 0 0 1
    outer loop
      vertex 14.4 44.9 2
      vertex 6.33962 5.55489 2
      vertex 6.40059 5.37529 2
    endloop
  endfacet
  facet normal 0 0 1
    outer loop
      vertex 6.0253 60.7747 2
      vertex 9.4 62.8 2
      vertex 6.15036 60.9173 2
    endloop
  endfacet
  facet normal 0 0 1
    outer loop
      vertex 14.4 44.9 2
      vertex 6.25574 5.725 2
      vertex 6.33962 5.55489 2
    endloop
  endfacet
  facet normal 0 0 1
    outer loop
      vertex 4 57.4 2
      vertex 9.4 62.8 2
      vertex 6.0253 60.7747 2
    endloop
  endfacet
  facet normal 0 0 1
    outer loop
      vertex 14.4 44.9 2
      vertex 6.15036 5.8827 2
      vertex 6.25574 5.725 2
    endloop
  endfacet
  facet normal 0 0 1
    outer loop
      vertex 9.4 62.8 2
      vertex 4 57.4 2
      vertex 14.4 44.9 2
    endloop
  endfacet
  facet normal 0 0 1
    outer loop
      vertex 4 9.4 2
      vertex 14.4 44.9 2
      vertex 4 57.4 2
    endloop
  endfacet
  facet normal 0 0 1
    outer loop
      vertex 4 57.4 2
      vertex 6.0253 60.7747 2
      vertex 5.8827 60.6496 2
    endloop
  endfacet
  facet normal 0 0 1
    outer loop
      vertex 14.4 44.9 2
      vertex 4 9.4 2
      vertex 6.15036 5.8827 2
    endloop
  endfacet
  facet normal 0 0 1
    outer loop
      vertex 4 57.4 2
      vertex 5.8827 60.6496 2
      vertex 5.725 60.5443 2
    endloop
  endfacet
  facet normal 0 0 1
    outer loop
      vertex 6.15036 5.8827 2
      vertex 4 9.4 2
      vertex 6.0253 6.0253 2
    endloop
  endfacet
  facet normal 0 0 1
    outer loop
      vertex 4 57.4 2
      vertex 5.725 60.5443 2
      vertex 5.55489 60.4604 2
    endloop
  endfacet
  facet normal 0 0 1
    outer loop
      vertex 6.0253 6.0253 2
      vertex 4 9.4 2
      vertex 5.8827 6.15036 2
    endloop
  endfacet
  facet normal 0 0 1
    outer loop
      vertex 4 57.4 2
      vertex 5.55489 60.4604 2
      vertex 5.37529 60.3994 2
    endloop
  endfacet
  facet normal 0 0 1
    outer loop
      vertex 5.8827 6.15036 2
      vertex 4 9.4 2
      vertex 5.725 6.25574 2
    endloop
  endfacet
  facet normal 0 0 1
    outer loop
      vertex 4 57.4 2
      vertex 5.37529 60.3994 2
      vertex 5.18926 60.3624 2
    endloop
  endfacet
  facet normal 0 0 1
    outer loop
      vertex 5.725 6.25574 2
      vertex 4 9.4 2
      vertex 5.55489 6.33962 2
    endloop
  endfacet
  facet normal 0 0 1
    outer loop
      vertex 4 57.4 2
      vertex 5.18926 60.3624 2
      vertex 5 60.35 2
    endloop
  endfacet
  facet normal 0 0 1
    outer loop
      vertex 5.55489 6.33962 2
      vertex 4 9.4 2
      vertex 5.37529 6.40059 2
    endloop
  endfacet
  facet normal 0 0 1
    outer loop
      vertex 4 57.4 2
      vertex 5 60.35 2
      vertex 4.81074 60.3624 2
    endloop
  endfacet
  facet normal 0 0 1
    outer loop
      vertex 5.37529 6.40059 2
      vertex 4 9.4 2
      vertex 5.18926 6.43759 2
    endloop
  endfacet
  facet normal 0 0 1
    outer loop
      vertex 4 57.4 2
      vertex 4.81074 60.3624 2
      vertex 4.62471 60.3994 2
    endloop
  endfacet
  facet normal 0 0 1
    outer loop
      vertex 5.18926 6.43759 2
      vertex 4 9.4 2
      vertex 5 6.45 2
    endloop
  endfacet
  facet normal 0 0 1
    outer loop
      vertex 4 57.4 2
      vertex 4.62471 60.3994 2
      vertex 4.44511 60.4604 2
    endloop
  endfacet
  facet normal 0 0 1
    outer loop
      vertex 5 6.45 2
      vertex 4 9.4 2
      vertex 4.81074 6.43759 2
    endloop
  endfacet
  facet normal 0 0 1
    outer loop
      vertex 4 57.4 2
      vertex 4.44511 60.4604 2
      vertex 4.275 60.5443 2
    endloop
  endfacet
  facet normal 0 0 1
    outer loop
      vertex 4.81074 6.43759 2
      vertex 4 9.4 2
      vertex 4.62471 6.40059 2
    endloop
  endfacet
  facet normal 0 0 1
    outer loop
      vertex 2.4 57.4 2
      vertex 4.275 60.5443 2
      vertex 4.1173 60.6496 2
    endloop
  endfacet
  facet normal 0 0 1
    outer loop
      vertex 4.62471 6.40059 2
      vertex 4 9.4 2
      vertex 4.44511 6.33962 2
    endloop
  endfacet
  facet normal 0 0 1
    outer loop
      vertex 4.44511 6.33962 2
      vertex 4 9.4 2
      vertex 4.275 6.25574 2
    endloop
  endfacet
  facet normal 0 0 1
    outer loop
      vertex 2.4 57.4 2
      vertex 4.1173 60.6496 2
      vertex 3.9747 60.7747 2
    endloop
  endfacet
  facet normal 0 0 1
    outer loop
      vertex 2.4 57.4 2
      vertex 3.9747 60.7747 2
      vertex 3.84964 60.9173 2
    endloop
  endfacet
  facet normal 0 0 1
    outer loop
      vertex 2.4 57.4 2
      vertex 3.84964 60.9173 2
      vertex 3.74426 61.075 2
    endloop
  endfacet
  facet normal 0 0 1
    outer loop
      vertex 2.4 57.4 2
      vertex 3.74426 61.075 2
      vertex 3.66038 61.2451 2
    endloop
  endfacet
  facet normal 0 0 1
    outer loop
      vertex 2.4 57.4 2
      vertex 3.66038 61.2451 2
      vertex 3.59941 61.4247 2
    endloop
  endfacet
  facet normal 0 0 1
    outer loop
      vertex 0 63.8 2
      vertex 3.59941 61.4247 2
      vertex 3.56241 61.6107 2
    endloop
  endfacet
  facet normal -0 0 1
    outer loop
      vertex 0.61994 65.6263 2
      vertex 3.9747 62.8253 2
      vertex 0.878679 65.9213 2
    endloop
  endfacet
  facet normal -0 0 1
    outer loop
      vertex 0.401923 65.3 2
      vertex 3.9747 62.8253 2
      vertex 0.61994 65.6263 2
    endloop
  endfacet
  facet normal 0 0 1
    outer loop
      vertex 3.9747 62.8253 2
      vertex 0.401923 65.3 2
      vertex 3.84964 62.6827 2
    endloop
  endfacet
  facet normal 0 0 1
    outer loop
      vertex 3.59941 61.4247 2
      vertex 0 63.8 2
      vertex 2.4 57.4 2
    endloop
  endfacet
  facet normal 0 0 1
    outer loop
      vertex 4.275 60.5443 2
      vertex 2.4 57.4 2
      vertex 4 57.4 2
    endloop
  endfacet
  facet normal -0 0 1
    outer loop
      vertex 0.228361 64.9481 2
      vertex 3.84964 62.6827 2
      vertex 0.401923 65.3 2
    endloop
  endfacet
  facet normal -0 0 1
    outer loop
      vertex 2.4 9.4 2
      vertex 4.275 6.25574 2
      vertex 4 9.4 2
    endloop
  endfacet
  facet normal 0 0 1
    outer loop
      vertex 4.275 6.25574 2
      vertex 2.4 9.4 2
      vertex 4.1173 6.15036 2
    endloop
  endfacet
  facet normal 0 0 1
    outer loop
      vertex 4.1173 6.15036 2
      vertex 2.4 9.4 2
      vertex 3.9747 6.0253 2
    endloop
  endfacet
  facet normal 0 0 1
    outer loop
      vertex 3.9747 6.0253 2
      vertex 2.4 9.4 2
      vertex 3.84964 5.8827 2
    endloop
  endfacet
  facet normal 0 0 1
    outer loop
      vertex 3.84964 5.8827 2
      vertex 2.4 9.4 2
      vertex 3.74426 5.725 2
    endloop
  endfacet
  facet normal 0 0 1
    outer loop
      vertex 3.74426 5.725 2
      vertex 2.4 9.4 2
      vertex 3.66038 5.55489 2
    endloop
  endfacet
  facet normal 0 0 1
    outer loop
      vertex 3.66038 5.55489 2
      vertex 2.4 9.4 2
      vertex 3.59941 5.37529 2
    endloop
  endfacet
  facet normal 0 0 1
    outer loop
      vertex 0 3 2
      vertex 3.55 5 2
      vertex 3.56241 5.18926 2
    endloop
  endfacet
  facet normal 0 0 1
    outer loop
      vertex 0 3 2
      vertex 3.59941 5.37529 2
      vertex 2.4 9.4 2
    endloop
  endfacet
  facet normal 0 0 1
    outer loop
      vertex 3.55 5 2
      vertex 0 3 2
      vertex 0.0256653 2.60842 2
    endloop
  endfacet
  facet normal 0 0 1
    outer loop
      vertex 3.59941 5.37529 2
      vertex 0 3 2
      vertex 3.56241 5.18926 2
    endloop
  endfacet
  facet normal 0 0 1
    outer loop
      vertex 3.55 5 2
      vertex 2.60842 0.025666 2
      vertex 3 7.62939e-07 2
    endloop
  endfacet
  facet normal 0 0 1
    outer loop
      vertex 2.4 57.4 2
      vertex 0 63.8 2
      vertex 2.4 9.4 2
    endloop
  endfacet
  facet normal -0 0 1
    outer loop
      vertex 0.102222 64.5765 2
      vertex 3.84964 62.6827 2
      vertex 0.228361 64.9481 2
    endloop
  endfacet
  facet normal 0 0 1
    outer loop
      vertex 0 3 2
      vertex 2.4 9.4 2
      vertex 0 63.8 2
    endloop
  endfacet
  facet normal -0 0 1
    outer loop
      vertex 0.0256653 64.1916 2
      vertex 3.84964 62.6827 2
      vertex 0.102222 64.5765 2
    endloop
  endfacet
  facet normal 0 0 1
    outer loop
      vertex 3.55 5 2
      vertex 2.22354 0.102223 2
      vertex 2.60842 0.025666 2
    endloop
  endfacet
  facet normal -0 0 1
    outer loop
      vertex 0 63.8 2
      vertex 3.84964 62.6827 2
      vertex 0.0256653 64.1916 2
    endloop
  endfacet
  facet normal 0 0 1
    outer loop
      vertex 3.55 5 2
      vertex 1.85195 0.228362 2
      vertex 2.22354 0.102223 2
    endloop
  endfacet
  facet normal 0 0 1
    outer loop
      vertex 3.84964 62.6827 2
      vertex 0 63.8 2
      vertex 3.74426 62.525 2
    endloop
  endfacet
  facet normal 0 0 1
    outer loop
      vertex 3.55 5 2
      vertex 1.5 0.401924 2
      vertex 1.85195 0.228362 2
    endloop
  endfacet
  facet normal 0 0 1
    outer loop
      vertex 3.74426 62.525 2
      vertex 0 63.8 2
      vertex 3.66038 62.3549 2
    endloop
  endfacet
  facet normal 0 0 1
    outer loop
      vertex 3.55 5 2
      vertex 1.17372 0.619941 2
      vertex 1.5 0.401924 2
    endloop
  endfacet
  facet normal 0 0 1
    outer loop
      vertex 3.66038 62.3549 2
      vertex 0 63.8 2
      vertex 3.59941 62.1753 2
    endloop
  endfacet
  facet normal 0 0 1
    outer loop
      vertex 3.55 5 2
      vertex 0.878679 0.87868 2
      vertex 1.17372 0.619941 2
    endloop
  endfacet
  facet normal 0 0 1
    outer loop
      vertex 3.59941 62.1753 2
      vertex 0 63.8 2
      vertex 3.56241 61.9893 2
    endloop
  endfacet
  facet normal 0 0 1
    outer loop
      vertex 3.55 5 2
      vertex 0.61994 1.17372 2
      vertex 0.878679 0.87868 2
    endloop
  endfacet
  facet normal 0 0 1
    outer loop
      vertex 3.56241 61.9893 2
      vertex 0 63.8 2
      vertex 3.55 61.8 2
    endloop
  endfacet
  facet normal 0 0 1
    outer loop
      vertex 3.55 5 2
      vertex 0.401923 1.5 2
      vertex 0.61994 1.17372 2
    endloop
  endfacet
  facet normal 0 0 1
    outer loop
      vertex 3.55 61.8 2
      vertex 0 63.8 2
      vertex 3.56241 61.6107 2
    endloop
  endfacet
  facet normal 0 0 1
    outer loop
      vertex 3.55 5 2
      vertex 0.228361 1.85195 2
      vertex 0.401923 1.5 2
    endloop
  endfacet
  facet normal 0 0 1
    outer loop
      vertex 3.55 5 2
      vertex 0.102222 2.22354 2
      vertex 0.228361 1.85195 2
    endloop
  endfacet
  facet normal 0 0 1
    outer loop
      vertex 3.55 5 2
      vertex 0.0256653 2.60842 2
      vertex 0.102222 2.22354 2
    endloop
  endfacet
  facet normal 0 0 1
    outer loop
      vertex 44.2 43.7 2
      vertex 41.65 32.6 2
      vertex 44.2 15.1 2
    endloop
  endfacet
  facet normal 0 0 1
    outer loop
      vertex 44.2 43.7 2
      vertex 18.15 32.6 2
      vertex 41.65 32.6 2
    endloop
  endfacet
  facet normal 0 0 1
    outer loop
      vertex 15.6 15.1 2
      vertex 18.15 32.6 2
      vertex 15.6 43.7 2
    endloop
  endfacet
  facet normal -0 0 1
    outer loop
      vertex 15.6 43.7 2
      vertex 18.15 32.6 2
      vertex 44.2 43.7 2
    endloop
  endfacet
  facet normal -0 0 1
    outer loop
      vertex 41.65 20.1 2
      vertex 44.2 15.1 2
      vertex 41.65 32.6 2
    endloop
  endfacet
  facet normal 0 0 1
    outer loop
      vertex 41.65 20.1 2
      vertex 36.9 15.1 2
      vertex 44.2 15.1 2
    endloop
  endfacet
  facet normal 0 0 1
    outer loop
      vertex 36.9 15.1 2
      vertex 22.9 15.1 2
      vertex 36.9 13.9 2
    endloop
  endfacet
  facet normal 0 0 1
    outer loop
      vertex 41.65 20.1 2
      vertex 22.9 15.1 2
      vertex 36.9 15.1 2
    endloop
  endfacet
  facet normal -0 0 1
    outer loop
      vertex 18.15 20.1 2
      vertex 22.9 15.1 2
      vertex 41.65 20.1 2
    endloop
  endfacet
  facet normal 0 0 1
    outer loop
      vertex 18.15 20.1 2
      vertex 15.6 15.1 2
      vertex 22.9 15.1 2
    endloop
  endfacet
  facet normal 0 0 1
    outer loop
      vertex 18.15 32.6 2
      vertex 15.6 15.1 2
      vertex 18.15 20.1 2
    endloop
  endfacet
  facet normal -0 0 1
    outer loop
      vertex 45.4 13.9 2
      vertex 55.8 9.4 2
      vertex 45.4 44.9 2
    endloop
  endfacet
  facet normal 0 0 1
    outer loop
      vertex 50.4 62.8 2
      vertex 14.4 44.9 2
      vertex 45.4 44.9 2
    endloop
  endfacet
  facet normal 0 0 1
    outer loop
      vertex 6.43759 61.6107 2
      vertex 9.4 62.8 2
      vertex 6.45 61.8 2
    endloop
  endfacet
  facet normal -0 0 1
    outer loop
      vertex 9.4 62.8 2
      vertex 14.4 44.9 2
      vertex 50.4 62.8 2
    endloop
  endfacet
  facet normal 0 0 1
    outer loop
      vertex 55.8 9.4 2
      vertex 45.4 13.9 2
      vertex 50.4 4 2
    endloop
  endfacet
  facet normal -0 0 1
    outer loop
      vertex 36.9 13.9 2
      vertex 50.4 4 2
      vertex 45.4 13.9 2
    endloop
  endfacet
  facet normal 0 0 1
    outer loop
      vertex 22.9 13.9 2
      vertex 36.9 13.9 2
      vertex 22.9 15.1 2
    endloop
  endfacet
  facet normal 0 0 1
    outer loop
      vertex 36.9 13.9 2
      vertex 22.9 13.9 2
      vertex 50.4 4 2
    endloop
  endfacet
  facet normal 0 0 1
    outer loop
      vertex 9.4 4 2
      vertex 22.9 13.9 2
      vertex 14.4 13.9 2
    endloop
  endfacet
  facet normal 0 0 1
    outer loop
      vertex 22.9 13.9 2
      vertex 9.4 4 2
      vertex 50.4 4 2
    endloop
  endfacet
  facet normal 0 0 1
    outer loop
      vertex 6.40059 61.4247 2
      vertex 9.4 62.8 2
      vertex 6.43759 61.6107 2
    endloop
  endfacet
  facet normal 0 0 1
    outer loop
      vertex 59.8 63.8 2
      vertex 56.2376 61.9893 2
      vertex 56.25 61.8 2
    endloop
  endfacet
  facet normal 0 0 1
    outer loop
      vertex 57.1916 66.7743 2
      vertex 56.2006 62.1753 2
      vertex 56.2376 61.9893 2
    endloop
  endfacet
  facet normal 0 0 1
    outer loop
      vertex 57.1916 66.7743 2
      vertex 56.1396 62.3549 2
      vertex 56.2006 62.1753 2
    endloop
  endfacet
  facet normal 0 0 1
    outer loop
      vertex 57.1916 66.7743 2
      vertex 56.0557 62.525 2
      vertex 56.1396 62.3549 2
    endloop
  endfacet
  facet normal 0 0 1
    outer loop
      vertex 57.1916 66.7743 2
      vertex 55.9504 62.6827 2
      vertex 56.0557 62.525 2
    endloop
  endfacet
  facet normal 0 0 1
    outer loop
      vertex 57.1916 66.7743 2
      vertex 55.8253 62.8253 2
      vertex 55.9504 62.6827 2
    endloop
  endfacet
  facet normal 0 0 1
    outer loop
      vertex 57.1916 66.7743 2
      vertex 55.6827 62.9504 2
      vertex 55.8253 62.8253 2
    endloop
  endfacet
  facet normal 0 0 1
    outer loop
      vertex 56.8 66.8 2
      vertex 55.525 63.0557 2
      vertex 55.6827 62.9504 2
    endloop
  endfacet
  facet normal 0 0 1
    outer loop
      vertex 56.8 66.8 2
      vertex 55.3549 63.1396 2
      vertex 55.525 63.0557 2
    endloop
  endfacet
  facet normal 0 0 1
    outer loop
      vertex 56.8 66.8 2
      vertex 55.1753 63.2006 2
      vertex 55.3549 63.1396 2
    endloop
  endfacet
  facet normal 0 0 1
    outer loop
      vertex 56.8 66.8 2
      vertex 54.9893 63.2376 2
      vertex 55.1753 63.2006 2
    endloop
  endfacet
  facet normal 0 0 1
    outer loop
      vertex 56.8 66.8 2
      vertex 54.8 63.25 2
      vertex 54.9893 63.2376 2
    endloop
  endfacet
  facet normal 0 0 1
    outer loop
      vertex 56.8 66.8 2
      vertex 54.6107 63.2376 2
      vertex 54.8 63.25 2
    endloop
  endfacet
  facet normal 0 0 1
    outer loop
      vertex 56.8 66.8 2
      vertex 54.4247 63.2006 2
      vertex 54.6107 63.2376 2
    endloop
  endfacet
  facet normal -0 0 1
    outer loop
      vertex 50.4 64.4 2
      vertex 54.4247 63.2006 2
      vertex 56.8 66.8 2
    endloop
  endfacet
  facet normal 0 0 1
    outer loop
      vertex 54.4247 63.2006 2
      vertex 50.4 64.4 2
      vertex 54.2451 63.1396 2
    endloop
  endfacet
  facet normal 0 0 1
    outer loop
      vertex 54.2451 63.1396 2
      vertex 50.4 64.4 2
      vertex 54.075 63.0557 2
    endloop
  endfacet
  facet normal 0 0 1
    outer loop
      vertex 54.075 63.0557 2
      vertex 50.4 64.4 2
      vertex 53.9173 62.9504 2
    endloop
  endfacet
  facet normal 0 0 1
    outer loop
      vertex 53.9173 62.9504 2
      vertex 50.4 64.4 2
      vertex 53.7747 62.8253 2
    endloop
  endfacet
  facet normal 0 0 1
    outer loop
      vertex 53.4604 5.55489 2
      vertex 50.4 4 2
      vertex 53.3994 5.37529 2
    endloop
  endfacet
  facet normal 0 0 1
    outer loop
      vertex 53.3994 62.1753 2
      vertex 50.4 62.8 2
      vertex 53.3624 61.9893 2
    endloop
  endfacet
  facet normal 0 0 1
    outer loop
      vertex 53.4604 62.3549 2
      vertex 50.4 62.8 2
      vertex 53.3994 62.1753 2
    endloop
  endfacet
  facet normal 0 0 1
    outer loop
      vertex 53.5443 62.525 2
      vertex 50.4 62.8 2
      vertex 53.4604 62.3549 2
    endloop
  endfacet
  facet normal -0 0 1
    outer loop
      vertex 50.4 62.8 2
      vertex 53.5443 62.525 2
      vertex 50.4 64.4 2
    endloop
  endfacet
  facet normal 0 0 1
    outer loop
      vertex 53.6496 62.6827 2
      vertex 50.4 64.4 2
      vertex 53.5443 62.525 2
    endloop
  endfacet
  facet normal 0 0 1
    outer loop
      vertex 53.7747 62.8253 2
      vertex 50.4 64.4 2
      vertex 53.6496 62.6827 2
    endloop
  endfacet
  facet normal 0 0 1
    outer loop
      vertex 56.8 66.8 2
      vertex 9.4 64.4 2
      vertex 50.4 64.4 2
    endloop
  endfacet
  facet normal 0 0 1
    outer loop
      vertex 6.25574 62.525 2
      vertex 9.4 62.8 2
      vertex 9.4 64.4 2
    endloop
  endfacet
  facet normal 0 0 1
    outer loop
      vertex 14.4 44.9 2
      vertex 6.45 5 2
      vertex 14.4 13.9 2
    endloop
  endfacet
  facet normal 0 0 1
    outer loop
      vertex 14.4 13.9 2
      vertex 6.45 5 2
      vertex 9.4 4 2
    endloop
  endfacet
  facet normal 0 0 1
    outer loop
      vertex 9.4 62.8 2
      vertex 6.43759 61.9893 2
      vertex 6.45 61.8 2
    endloop
  endfacet
  facet normal 0 0 1
    outer loop
      vertex 9.4 62.8 2
      vertex 6.40059 62.1753 2
      vertex 6.43759 61.9893 2
    endloop
  endfacet
  facet normal 0 0 1
    outer loop
      vertex 9.4 62.8 2
      vertex 6.33962 62.3549 2
      vertex 6.40059 62.1753 2
    endloop
  endfacet
  facet normal 0 0 1
    outer loop
      vertex 9.4 62.8 2
      vertex 6.25574 62.525 2
      vertex 6.33962 62.3549 2
    endloop
  endfacet
  facet normal 0 0 1
    outer loop
      vertex 9.4 64.4 2
      vertex 6.15036 62.6827 2
      vertex 6.25574 62.525 2
    endloop
  endfacet
  facet normal 0 0 1
    outer loop
      vertex 9.4 64.4 2
      vertex 6.0253 62.8253 2
      vertex 6.15036 62.6827 2
    endloop
  endfacet
  facet normal 0 0 1
    outer loop
      vertex 9.4 64.4 2
      vertex 5.8827 62.9504 2
      vertex 6.0253 62.8253 2
    endloop
  endfacet
  facet normal 0 0 1
    outer loop
      vertex 9.4 64.4 2
      vertex 5.725 63.0557 2
      vertex 5.8827 62.9504 2
    endloop
  endfacet
  facet normal 0 0 1
    outer loop
      vertex 9.4 64.4 2
      vertex 5.55489 63.1396 2
      vertex 5.725 63.0557 2
    endloop
  endfacet
  facet normal 0 0 1
    outer loop
      vertex 9.4 64.4 2
      vertex 5.37529 63.2006 2
      vertex 5.55489 63.1396 2
    endloop
  endfacet
  facet normal 0 0 1
    outer loop
      vertex 3 66.8 2
      vertex 5.37529 63.2006 2
      vertex 9.4 64.4 2
    endloop
  endfacet
  facet normal 0 0 1
    outer loop
      vertex 5.37529 63.2006 2
      vertex 3 66.8 2
      vertex 5.18926 63.2376 2
    endloop
  endfacet
  facet normal 0 0 1
    outer loop
      vertex 5.18926 63.2376 2
      vertex 3 66.8 2
      vertex 5 63.25 2
    endloop
  endfacet
  facet normal 0 0 1
    outer loop
      vertex 5 63.25 2
      vertex 3 66.8 2
      vertex 4.81074 63.2376 2
    endloop
  endfacet
  facet normal -0 0 1
    outer loop
      vertex 0.878679 65.9213 2
      vertex 3.9747 62.8253 2
      vertex 1.17372 66.1801 2
    endloop
  endfacet
  facet normal -0 0 1
    outer loop
      vertex 1.17372 66.1801 2
      vertex 3.9747 62.8253 2
      vertex 1.5 66.3981 2
    endloop
  endfacet
  facet normal 0 0 1
    outer loop
      vertex 4.1173 62.9504 2
      vertex 1.5 66.3981 2
      vertex 3.9747 62.8253 2
    endloop
  endfacet
  facet normal -0 0 1
    outer loop
      vertex 1.5 66.3981 2
      vertex 4.1173 62.9504 2
      vertex 1.85195 66.5716 2
    endloop
  endfacet
  facet normal -0 0 1
    outer loop
      vertex 1.85195 66.5716 2
      vertex 4.1173 62.9504 2
      vertex 2.22354 66.6978 2
    endloop
  endfacet
  facet normal -0 0 1
    outer loop
      vertex 2.22354 66.6978 2
      vertex 4.1173 62.9504 2
      vertex 2.60842 66.7743 2
    endloop
  endfacet
  facet normal -0 0 1
    outer loop
      vertex 2.60842 66.7743 2
      vertex 4.1173 62.9504 2
      vertex 3 66.8 2
    endloop
  endfacet
  facet normal 0 0 1
    outer loop
      vertex 4.275 63.0557 2
      vertex 3 66.8 2
      vertex 4.1173 62.9504 2
    endloop
  endfacet
  facet normal 0 0 1
    outer loop
      vertex 4.44511 63.1396 2
      vertex 3 66.8 2
      vertex 4.275 63.0557 2
    endloop
  endfacet
  facet normal 0 0 1
    outer loop
      vertex 4.62471 63.2006 2
      vertex 3 66.8 2
      vertex 4.44511 63.1396 2
    endloop
  endfacet
  facet normal 0 0 1
    outer loop
      vertex 4.81074 63.2376 2
      vertex 3 66.8 2
      vertex 4.62471 63.2006 2
    endloop
  endfacet
  facet normal -0 0 1
    outer loop
      vertex 3 66.8 2
      vertex 9.4 64.4 2
      vertex 56.8 66.8 2
    endloop
  endfacet
  facet normal 0 0 1
    outer loop
      vertex 56.2376 61.9893 2
      vertex 59.8 63.8 2
      vertex 59.7743 64.1916 2
    endloop
  endfacet
  facet normal 0 0 1
    outer loop
      vertex 59.8 63.8 2
      vertex 57.4 57.4 2
      vertex 59.8 3 2
    endloop
  endfacet
  facet normal 0 0 1
    outer loop
      vertex 56.2376 61.9893 2
      vertex 59.7743 64.1916 2
      vertex 59.6978 64.5765 2
    endloop
  endfacet
  facet normal -0 0 1
    outer loop
      vertex 57.4 9.4 2
      vertex 59.8 3 2
      vertex 57.4 57.4 2
    endloop
  endfacet
  facet normal 0 0 1
    outer loop
      vertex 56.2376 61.9893 2
      vertex 59.6978 64.5765 2
      vertex 59.5716 64.9481 2
    endloop
  endfacet
  facet normal -0 0 1
    outer loop
      vertex 56.2006 5.37529 2
      vertex 59.8 3 2
      vertex 57.4 9.4 2
    endloop
  endfacet
  facet normal 0 0 1
    outer loop
      vertex 56.2376 61.9893 2
      vertex 59.5716 64.9481 2
      vertex 59.3981 65.3 2
    endloop
  endfacet
  facet normal -0 -0 1
    outer loop
      vertex 56.2376 5.18926 2
      vertex 59.8 3 2
      vertex 56.2006 5.37529 2
    endloop
  endfacet
  facet normal 0 0 1
    outer loop
      vertex 56.2376 61.9893 2
      vertex 59.3981 65.3 2
      vertex 59.1801 65.6263 2
    endloop
  endfacet
  facet normal -0 -0 1
    outer loop
      vertex 56.25 5 2
      vertex 59.8 3 2
      vertex 56.2376 5.18926 2
    endloop
  endfacet
  facet normal 0 0 1
    outer loop
      vertex 56.2376 61.9893 2
      vertex 59.1801 65.6263 2
      vertex 58.9213 65.9213 2
    endloop
  endfacet
  facet normal -0 0 1
    outer loop
      vertex 56.2376 4.81074 2
      vertex 59.8 3 2
      vertex 56.25 5 2
    endloop
  endfacet
  facet normal 0 0 1
    outer loop
      vertex 56.2376 61.9893 2
      vertex 58.9213 65.9213 2
      vertex 58.6263 66.1801 2
    endloop
  endfacet
  facet normal -0 0 1
    outer loop
      vertex 56.1396 4.44511 2
      vertex 59.8 3 2
      vertex 56.2006 4.62471 2
    endloop
  endfacet
  facet normal 0 0 1
    outer loop
      vertex 56.2376 61.9893 2
      vertex 58.6263 66.1801 2
      vertex 58.3 66.3981 2
    endloop
  endfacet
  facet normal -0 0 1
    outer loop
      vertex 56.0557 4.275 2
      vertex 59.8 3 2
      vertex 56.1396 4.44511 2
    endloop
  endfacet
  facet normal 0 0 1
    outer loop
      vertex 56.2376 61.9893 2
      vertex 58.3 66.3981 2
      vertex 57.9481 66.5716 2
    endloop
  endfacet
  facet normal -0 0 1
    outer loop
      vertex 55.9504 4.1173 2
      vertex 59.8 3 2
      vertex 56.0557 4.275 2
    endloop
  endfacet
  facet normal 0 0 1
    outer loop
      vertex 56.2376 61.9893 2
      vertex 57.9481 66.5716 2
      vertex 57.5765 66.6978 2
    endloop
  endfacet
  facet normal 0 0 1
    outer loop
      vertex 59.8 3 2
      vertex 55.9504 4.1173 2
      vertex 59.7743 2.60842 2
    endloop
  endfacet
  facet normal 0 0 1
    outer loop
      vertex 59.6978 2.22354 2
      vertex 55.9504 4.1173 2
      vertex 59.5716 1.85195 2
    endloop
  endfacet
  facet normal 0 0 1
    outer loop
      vertex 56.2376 61.9893 2
      vertex 57.5765 66.6978 2
      vertex 57.1916 66.7743 2
    endloop
  endfacet
  facet normal 0 0 1
    outer loop
      vertex 55.6827 62.9504 2
      vertex 57.1916 66.7743 2
      vertex 56.8 66.8 2
    endloop
  endfacet
  facet normal 0 0 1
    outer loop
      vertex 59.8 63.8 2
      vertex 56.25 61.8 2
      vertex 56.2376 61.6107 2
    endloop
  endfacet
  facet normal 0 0 1
    outer loop
      vertex 59.8 63.8 2
      vertex 56.2376 61.6107 2
      vertex 56.2006 61.4247 2
    endloop
  endfacet
  facet normal 0 0 1
    outer loop
      vertex 59.8 63.8 2
      vertex 56.2006 61.4247 2
      vertex 57.4 57.4 2
    endloop
  endfacet
  facet normal -0 0 1
    outer loop
      vertex 56.1396 61.2451 2
      vertex 57.4 57.4 2
      vertex 56.2006 61.4247 2
    endloop
  endfacet
  facet normal -0 0 1
    outer loop
      vertex 56.0557 61.075 2
      vertex 57.4 57.4 2
      vertex 56.1396 61.2451 2
    endloop
  endfacet
  facet normal -0 0 1
    outer loop
      vertex 55.9504 60.9173 2
      vertex 57.4 57.4 2
      vertex 56.0557 61.075 2
    endloop
  endfacet
  facet normal -0 0 1
    outer loop
      vertex 55.8253 60.7747 2
      vertex 57.4 57.4 2
      vertex 55.9504 60.9173 2
    endloop
  endfacet
  facet normal -0 0 1
    outer loop
      vertex 55.6827 60.6496 2
      vertex 57.4 57.4 2
      vertex 55.8253 60.7747 2
    endloop
  endfacet
  facet normal 0 0 1
    outer loop
      vertex 57.4 57.4 2
      vertex 55.525 60.5443 2
      vertex 55.8 57.4 2
    endloop
  endfacet
  facet normal -0 0 1
    outer loop
      vertex 55.525 60.5443 2
      vertex 57.4 57.4 2
      vertex 55.6827 60.6496 2
    endloop
  endfacet
  facet normal 0 0 1
    outer loop
      vertex 59.5716 1.85195 2
      vertex 55.9504 4.1173 2
      vertex 59.3981 1.5 2
    endloop
  endfacet
  facet normal -0 0 1
    outer loop
      vertex 55.8253 3.9747 2
      vertex 59.3981 1.5 2
      vertex 55.9504 4.1173 2
    endloop
  endfacet
  facet normal 0 0 1
    outer loop
      vertex 59.3981 1.5 2
      vertex 55.8253 3.9747 2
      vertex 59.1801 1.17372 2
    endloop
  endfacet
  facet normal 0 0 1
    outer loop
      vertex 59.1801 1.17372 2
      vertex 55.8253 3.9747 2
      vertex 58.9213 0.87868 2
    endloop
  endfacet
  facet normal 0 0 1
    outer loop
      vertex 59.7743 2.60842 2
      vertex 55.9504 4.1173 2
      vertex 59.6978 2.22354 2
    endloop
  endfacet
  facet normal -0 0 1
    outer loop
      vertex 56.2006 4.62471 2
      vertex 59.8 3 2
      vertex 56.2376 4.81074 2
    endloop
  endfacet
  facet normal 0 0 1
    outer loop
      vertex 57.4 9.4 2
      vertex 56.1396 5.55489 2
      vertex 56.2006 5.37529 2
    endloop
  endfacet
  facet normal 0 0 1
    outer loop
      vertex 57.4 9.4 2
      vertex 56.0557 5.725 2
      vertex 56.1396 5.55489 2
    endloop
  endfacet
  facet normal 0 0 1
    outer loop
      vertex 57.4 9.4 2
      vertex 55.9504 5.8827 2
      vertex 56.0557 5.725 2
    endloop
  endfacet
  facet normal 0 0 1
    outer loop
      vertex 57.4 9.4 2
      vertex 55.8253 6.0253 2
      vertex 55.9504 5.8827 2
    endloop
  endfacet
  facet normal 0 0 1
    outer loop
      vertex 55.525 6.25574 2
      vertex 57.4 9.4 2
      vertex 55.8 9.4 2
    endloop
  endfacet
  facet normal 0 0 1
    outer loop
      vertex 57.4 9.4 2
      vertex 55.6827 6.15036 2
      vertex 55.8253 6.0253 2
    endloop
  endfacet
  facet normal -0 0 1
    outer loop
      vertex 55.3549 60.4604 2
      vertex 55.8 57.4 2
      vertex 55.525 60.5443 2
    endloop
  endfacet
  facet normal -0 0 1
    outer loop
      vertex 55.1753 60.3994 2
      vertex 55.8 57.4 2
      vertex 55.3549 60.4604 2
    endloop
  endfacet
  facet normal 0 0 1
    outer loop
      vertex 57.4 9.4 2
      vertex 55.525 6.25574 2
      vertex 55.6827 6.15036 2
    endloop
  endfacet
  facet normal -0 0 1
    outer loop
      vertex 54.9893 60.3624 2
      vertex 55.8 57.4 2
      vertex 55.1753 60.3994 2
    endloop
  endfacet
  facet normal 0 0 1
    outer loop
      vertex 55.8 9.4 2
      vertex 55.3549 6.33962 2
      vertex 55.525 6.25574 2
    endloop
  endfacet
  facet normal -0 0 1
    outer loop
      vertex 54.8 60.35 2
      vertex 55.8 57.4 2
      vertex 54.9893 60.3624 2
    endloop
  endfacet
  facet normal 0 0 1
    outer loop
      vertex 55.8 9.4 2
      vertex 55.1753 6.40059 2
      vertex 55.3549 6.33962 2
    endloop
  endfacet
  facet normal 0 0 1
    outer loop
      vertex 54.6107 60.3624 2
      vertex 55.8 57.4 2
      vertex 54.8 60.35 2
    endloop
  endfacet
  facet normal 0 0 1
    outer loop
      vertex 55.8 9.4 2
      vertex 54.9893 6.43759 2
      vertex 55.1753 6.40059 2
    endloop
  endfacet
  facet normal 0 0 1
    outer loop
      vertex 54.4247 60.3994 2
      vertex 55.8 57.4 2
      vertex 54.6107 60.3624 2
    endloop
  endfacet
  facet normal 0 0 1
    outer loop
      vertex 55.8 9.4 2
      vertex 54.8 6.45 2
      vertex 54.9893 6.43759 2
    endloop
  endfacet
  facet normal 0 0 1
    outer loop
      vertex 54.2451 60.4604 2
      vertex 55.8 57.4 2
      vertex 54.4247 60.3994 2
    endloop
  endfacet
  facet normal 0 0 1
    outer loop
      vertex 55.8 9.4 2
      vertex 54.6107 6.43759 2
      vertex 54.8 6.45 2
    endloop
  endfacet
  facet normal 0 0 1
    outer loop
      vertex 54.075 60.5443 2
      vertex 55.8 57.4 2
      vertex 54.2451 60.4604 2
    endloop
  endfacet
  facet normal 0 0 1
    outer loop
      vertex 55.8 9.4 2
      vertex 54.4247 6.40059 2
      vertex 54.6107 6.43759 2
    endloop
  endfacet
  facet normal 0 0 1
    outer loop
      vertex 53.9173 60.6496 2
      vertex 55.8 57.4 2
      vertex 54.075 60.5443 2
    endloop
  endfacet
  facet normal 0 0 1
    outer loop
      vertex 55.8 9.4 2
      vertex 54.2451 6.33962 2
      vertex 54.4247 6.40059 2
    endloop
  endfacet
  facet normal 0 0 1
    outer loop
      vertex 53.7747 60.7747 2
      vertex 55.8 57.4 2
      vertex 53.9173 60.6496 2
    endloop
  endfacet
  facet normal 0 0 1
    outer loop
      vertex 55.8 9.4 2
      vertex 54.075 6.25574 2
      vertex 54.2451 6.33962 2
    endloop
  endfacet
  facet normal 0 0 1
    outer loop
      vertex 50.4 62.8 2
      vertex 53.7747 60.7747 2
      vertex 53.6496 60.9173 2
    endloop
  endfacet
  facet normal 0 0 1
    outer loop
      vertex 55.8 9.4 2
      vertex 53.9173 6.15036 2
      vertex 54.075 6.25574 2
    endloop
  endfacet
  facet normal 0 0 1
    outer loop
      vertex 53.5443 61.075 2
      vertex 50.4 62.8 2
      vertex 53.6496 60.9173 2
    endloop
  endfacet
  facet normal 0 0 1
    outer loop
      vertex 55.8 9.4 2
      vertex 53.7747 6.0253 2
      vertex 53.9173 6.15036 2
    endloop
  endfacet
  facet normal 0 0 1
    outer loop
      vertex 53.7747 60.7747 2
      vertex 50.4 62.8 2
      vertex 55.8 57.4 2
    endloop
  endfacet
  facet normal 0 0 1
    outer loop
      vertex 50.4 4 2
      vertex 53.7747 6.0253 2
      vertex 55.8 9.4 2
    endloop
  endfacet
  facet normal 0 0 1
    outer loop
      vertex 53.4604 61.2451 2
      vertex 50.4 62.8 2
      vertex 53.5443 61.075 2
    endloop
  endfacet
  facet normal 0 0 1
    outer loop
      vertex 45.4 44.9 2
      vertex 55.8 57.4 2
      vertex 50.4 62.8 2
    endloop
  endfacet
  facet normal 0 0 1
    outer loop
      vertex 53.3994 61.4247 2
      vertex 50.4 62.8 2
      vertex 53.4604 61.2451 2
    endloop
  endfacet
  facet normal 0 0 1
    outer loop
      vertex 55.8 57.4 2
      vertex 45.4 44.9 2
      vertex 55.8 9.4 2
    endloop
  endfacet
  facet normal 0 0 1
    outer loop
      vertex 53.3624 61.6107 2
      vertex 50.4 62.8 2
      vertex 53.3994 61.4247 2
    endloop
  endfacet
  facet normal 0 0 1
    outer loop
      vertex 53.7747 6.0253 2
      vertex 50.4 4 2
      vertex 53.6496 5.8827 2
    endloop
  endfacet
  facet normal 0 0 1
    outer loop
      vertex 53.35 61.8 2
      vertex 50.4 62.8 2
      vertex 53.3624 61.6107 2
    endloop
  endfacet
  facet normal 0 0 1
    outer loop
      vertex 53.6496 5.8827 2
      vertex 50.4 4 2
      vertex 53.5443 5.725 2
    endloop
  endfacet
  facet normal 0 0 1
    outer loop
      vertex 53.3624 61.9893 2
      vertex 50.4 62.8 2
      vertex 53.35 61.8 2
    endloop
  endfacet
  facet normal 0 0 1
    outer loop
      vertex 53.5443 5.725 2
      vertex 50.4 4 2
      vertex 53.4604 5.55489 2
    endloop
  endfacet
  facet normal 0 0 1
    outer loop
      vertex 58.9213 0.87868 2
      vertex 55.8253 3.9747 2
      vertex 58.6263 0.619941 2
    endloop
  endfacet
  facet normal 0 0 1
    outer loop
      vertex 58.6263 0.619941 2
      vertex 55.8253 3.9747 2
      vertex 58.3 0.401924 2
    endloop
  endfacet
  facet normal -0 0 1
    outer loop
      vertex 55.6827 3.84964 2
      vertex 58.3 0.401924 2
      vertex 55.8253 3.9747 2
    endloop
  endfacet
  facet normal 0 0 1
    outer loop
      vertex 58.3 0.401924 2
      vertex 55.6827 3.84964 2
      vertex 57.9481 0.228362 2
    endloop
  endfacet
  facet normal 0 0 1
    outer loop
      vertex 57.9481 0.228362 2
      vertex 55.6827 3.84964 2
      vertex 57.5765 0.102223 2
    endloop
  endfacet
  facet normal 0 0 1
    outer loop
      vertex 57.5765 0.102223 2
      vertex 55.6827 3.84964 2
      vertex 57.1916 0.025666 2
    endloop
  endfacet
  facet normal 0 0 1
    outer loop
      vertex 57.1916 0.025666 2
      vertex 55.6827 3.84964 2
      vertex 56.8 7.62939e-07 2
    endloop
  endfacet
  facet normal -0 0 1
    outer loop
      vertex 55.525 3.74426 2
      vertex 56.8 7.62939e-07 2
      vertex 55.6827 3.84964 2
    endloop
  endfacet
  facet normal -0 0 1
    outer loop
      vertex 55.3549 3.66038 2
      vertex 56.8 7.62939e-07 2
      vertex 55.525 3.74426 2
    endloop
  endfacet
  facet normal -0 0 1
    outer loop
      vertex 55.1753 3.59941 2
      vertex 56.8 7.62939e-07 2
      vertex 55.3549 3.66038 2
    endloop
  endfacet
  facet normal -0 0 1
    outer loop
      vertex 54.9893 3.56241 2
      vertex 56.8 7.62939e-07 2
      vertex 55.1753 3.59941 2
    endloop
  endfacet
  facet normal -0 0 1
    outer loop
      vertex 54.8 3.55 2
      vertex 56.8 7.62939e-07 2
      vertex 54.9893 3.56241 2
    endloop
  endfacet
  facet normal 0 0 1
    outer loop
      vertex 54.6107 3.56241 2
      vertex 56.8 7.62939e-07 2
      vertex 54.8 3.55 2
    endloop
  endfacet
  facet normal 0 0 1
    outer loop
      vertex 54.4247 3.59941 2
      vertex 56.8 7.62939e-07 2
      vertex 54.6107 3.56241 2
    endloop
  endfacet
  facet normal 0 0 1
    outer loop
      vertex 50.4 2.4 2
      vertex 54.4247 3.59941 2
      vertex 54.2451 3.66038 2
    endloop
  endfacet
  facet normal 0 0 1
    outer loop
      vertex 50.4 2.4 2
      vertex 54.2451 3.66038 2
      vertex 54.075 3.74426 2
    endloop
  endfacet
  facet normal 0 0 1
    outer loop
      vertex 50.4 2.4 2
      vertex 54.075 3.74426 2
      vertex 53.9173 3.84964 2
    endloop
  endfacet
  facet normal 0 0 1
    outer loop
      vertex 50.4 2.4 2
      vertex 53.9173 3.84964 2
      vertex 53.7747 3.9747 2
    endloop
  endfacet
  facet normal 0 0 1
    outer loop
      vertex 50.4 2.4 2
      vertex 53.7747 3.9747 2
      vertex 53.6496 4.1173 2
    endloop
  endfacet
  facet normal 0 0 1
    outer loop
      vertex 53.3994 5.37529 2
      vertex 50.4 4 2
      vertex 53.3624 5.18926 2
    endloop
  endfacet
  facet normal 0 0 1
    outer loop
      vertex 53.3624 5.18926 2
      vertex 50.4 4 2
      vertex 53.35 5 2
    endloop
  endfacet
  facet normal 0 0 1
    outer loop
      vertex 50.4 4 2
      vertex 53.3624 4.81074 2
      vertex 53.35 5 2
    endloop
  endfacet
  facet normal 0 0 1
    outer loop
      vertex 50.4 4 2
      vertex 53.3994 4.62471 2
      vertex 53.3624 4.81074 2
    endloop
  endfacet
  facet normal 0 0 1
    outer loop
      vertex 50.4 4 2
      vertex 53.4604 4.44511 2
      vertex 53.3994 4.62471 2
    endloop
  endfacet
  facet normal 0 0 1
    outer loop
      vertex 50.4 4 2
      vertex 53.5443 4.275 2
      vertex 53.4604 4.44511 2
    endloop
  endfacet
  facet normal 0 0 1
    outer loop
      vertex 50.4 2.4 2
      vertex 53.5443 4.275 2
      vertex 50.4 4 2
    endloop
  endfacet
  facet normal 0 0 1
    outer loop
      vertex 53.5443 4.275 2
      vertex 50.4 2.4 2
      vertex 53.6496 4.1173 2
    endloop
  endfacet
  facet normal 0 0 1
    outer loop
      vertex 54.4247 3.59941 2
      vertex 50.4 2.4 2
      vertex 56.8 7.62939e-07 2
    endloop
  endfacet
  facet normal -0 0 1
    outer loop
      vertex 9.4 2.4 2
      vertex 56.8 7.62939e-07 2
      vertex 50.4 2.4 2
    endloop
  endfacet
  facet normal -0 0 1
    outer loop
      vertex 6.43759 4.81074 2
      vertex 9.4 4 2
      vertex 6.45 5 2
    endloop
  endfacet
  facet normal -0 0 1
    outer loop
      vertex 6.40059 4.62471 2
      vertex 9.4 4 2
      vertex 6.43759 4.81074 2
    endloop
  endfacet
  facet normal -0 0 1
    outer loop
      vertex 6.33962 4.44511 2
      vertex 9.4 4 2
      vertex 6.40059 4.62471 2
    endloop
  endfacet
  facet normal -0 0 1
    outer loop
      vertex 6.25574 4.275 2
      vertex 9.4 4 2
      vertex 6.33962 4.44511 2
    endloop
  endfacet
  facet normal 0 0 1
    outer loop
      vertex 9.4 4 2
      vertex 6.25574 4.275 2
      vertex 9.4 2.4 2
    endloop
  endfacet
  facet normal -0 0 1
    outer loop
      vertex 6.15036 4.1173 2
      vertex 9.4 2.4 2
      vertex 6.25574 4.275 2
    endloop
  endfacet
  facet normal -0 0 1
    outer loop
      vertex 6.0253 3.9747 2
      vertex 9.4 2.4 2
      vertex 6.15036 4.1173 2
    endloop
  endfacet
  facet normal -0 0 1
    outer loop
      vertex 5.8827 3.84964 2
      vertex 9.4 2.4 2
      vertex 6.0253 3.9747 2
    endloop
  endfacet
  facet normal -0 0 1
    outer loop
      vertex 5.725 3.74426 2
      vertex 9.4 2.4 2
      vertex 5.8827 3.84964 2
    endloop
  endfacet
  facet normal -0 0 1
    outer loop
      vertex 5.55489 3.66038 2
      vertex 9.4 2.4 2
      vertex 5.725 3.74426 2
    endloop
  endfacet
  facet normal -0 0 1
    outer loop
      vertex 5.37529 3.59941 2
      vertex 9.4 2.4 2
      vertex 5.55489 3.66038 2
    endloop
  endfacet
  facet normal 0 0 1
    outer loop
      vertex 3 7.62939e-07 2
      vertex 5.37529 3.59941 2
      vertex 5.18926 3.56241 2
    endloop
  endfacet
  facet normal 0 0 1
    outer loop
      vertex 3 7.62939e-07 2
      vertex 5.18926 3.56241 2
      vertex 5 3.55 2
    endloop
  endfacet
  facet normal 0 0 1
    outer loop
      vertex 3 7.62939e-07 2
      vertex 5 3.55 2
      vertex 4.81074 3.56241 2
    endloop
  endfacet
  facet normal 0 0 1
    outer loop
      vertex 3 7.62939e-07 2
      vertex 4.81074 3.56241 2
      vertex 4.62471 3.59941 2
    endloop
  endfacet
  facet normal 0 0 1
    outer loop
      vertex 9.4 2.4 2
      vertex 3 7.62939e-07 2
      vertex 56.8 7.62939e-07 2
    endloop
  endfacet
  facet normal 0 0 1
    outer loop
      vertex 5.37529 3.59941 2
      vertex 3 7.62939e-07 2
      vertex 9.4 2.4 2
    endloop
  endfacet
  facet normal 0 0 1
    outer loop
      vertex 4.44511 3.66038 2
      vertex 3 7.62939e-07 2
      vertex 4.62471 3.59941 2
    endloop
  endfacet
  facet normal 0 0 1
    outer loop
      vertex 4.275 3.74426 2
      vertex 3 7.62939e-07 2
      vertex 4.44511 3.66038 2
    endloop
  endfacet
  facet normal 0 0 1
    outer loop
      vertex 4.1173 3.84964 2
      vertex 3 7.62939e-07 2
      vertex 4.275 3.74426 2
    endloop
  endfacet
  facet normal 0 0 1
    outer loop
      vertex 3.9747 3.9747 2
      vertex 3 7.62939e-07 2
      vertex 4.1173 3.84964 2
    endloop
  endfacet
  facet normal 0 0 1
    outer loop
      vertex 3.84964 4.1173 2
      vertex 3 7.62939e-07 2
      vertex 3.9747 3.9747 2
    endloop
  endfacet
  facet normal 0 0 1
    outer loop
      vertex 3.74426 4.275 2
      vertex 3 7.62939e-07 2
      vertex 3.84964 4.1173 2
    endloop
  endfacet
  facet normal 0 0 1
    outer loop
      vertex 3.66038 4.44511 2
      vertex 3 7.62939e-07 2
      vertex 3.74426 4.275 2
    endloop
  endfacet
  facet normal 0 0 1
    outer loop
      vertex 3.59941 4.62471 2
      vertex 3 7.62939e-07 2
      vertex 3.66038 4.44511 2
    endloop
  endfacet
  facet normal 0 0 1
    outer loop
      vertex 3.56241 4.81074 2
      vertex 3 7.62939e-07 2
      vertex 3.59941 4.62471 2
    endloop
  endfacet
  facet normal 0 0 1
    outer loop
      vertex 3 7.62939e-07 2
      vertex 3.56241 4.81074 2
      vertex 3.55 5 2
    endloop
  endfacet
  facet normal -0 0 1
    outer loop
      vertex 2.4 57.4 5
      vertex 4 9.4 5
      vertex 4 57.4 5
    endloop
  endfacet
  facet normal 0 0 1
    outer loop
      vertex 4 9.4 5
      vertex 2.4 57.4 5
      vertex 2.4 9.4 5
    endloop
  endfacet
  facet normal -0 0 1
    outer loop
      vertex 9.4 64.4 5
      vertex 50.4 62.8 5
      vertex 50.4 64.4 5
    endloop
  endfacet
  facet normal 0 0 1
    outer loop
      vertex 50.4 62.8 5
      vertex 9.4 64.4 5
      vertex 9.4 62.8 5
    endloop
  endfacet
  facet normal -0 0 1
    outer loop
      vertex 9.4 4 5
      vertex 50.4 2.4 5
      vertex 50.4 4 5
    endloop
  endfacet
  facet normal 0 0 1
    outer loop
      vertex 50.4 2.4 5
      vertex 9.4 4 5
      vertex 9.4 2.4 5
    endloop
  endfacet
  facet normal -0 0 1
    outer loop
      vertex 55.8 57.4 5
      vertex 57.4 9.4 5
      vertex 57.4 57.4 5
    endloop
  endfacet
  facet normal 0 0 1
    outer loop
      vertex 57.4 9.4 5
      vertex 55.8 57.4 5
      vertex 55.8 9.4 5
    endloop
  endfacet
  facet normal -1 0 0
    outer loop
      vertex 2.4 9.4 2
      vertex 2.4 57.4 5
      vertex 2.4 57.4 2
    endloop
  endfacet
  facet normal -1 -0 0
    outer loop
      vertex 2.4 57.4 5
      vertex 2.4 9.4 2
      vertex 2.4 9.4 5
    endloop
  endfacet
  facet normal 0 -1 0
    outer loop
      vertex 9.4 2.4 2
      vertex 50.4 2.4 5
      vertex 9.4 2.4 5
    endloop
  endfacet
  facet normal 0 -1 -0
    outer loop
      vertex 50.4 2.4 5
      vertex 9.4 2.4 2
      vertex 50.4 2.4 2
    endloop
  endfacet
  facet normal 0 1 -0
    outer loop
      vertex 50.4 64.4 2
      vertex 9.4 64.4 5
      vertex 50.4 64.4 5
    endloop
  endfacet
  facet normal 0 1 0
    outer loop
      vertex 9.4 64.4 5
      vertex 50.4 64.4 2
      vertex 9.4 64.4 2
    endloop
  endfacet
  facet normal -1 0 0
    outer loop
      vertex 55.8 9.4 2
      vertex 55.8 57.4 5
      vertex 55.8 57.4 2
    endloop
  endfacet
  facet normal -1 -0 0
    outer loop
      vertex 55.8 57.4 5
      vertex 55.8 9.4 2
      vertex 55.8 9.4 5
    endloop
  endfacet
  facet normal 1 -0 0
    outer loop
      vertex 4 9.4 5
      vertex 4 57.4 2
      vertex 4 57.4 5
    endloop
  endfacet
  facet normal 1 0 0
    outer loop
      vertex 4 57.4 2
      vertex 4 9.4 5
      vertex 4 9.4 2
    endloop
  endfacet
  facet normal 0 1 -0
    outer loop
      vertex 50.4 4 2
      vertex 9.4 4 5
      vertex 50.4 4 5
    endloop
  endfacet
  facet normal 0 1 0
    outer loop
      vertex 9.4 4 5
      vertex 50.4 4 2
      vertex 9.4 4 2
    endloop
  endfacet
  facet normal 0 -1 0
    outer loop
      vertex 9.4 62.8 2
      vertex 50.4 62.8 5
      vertex 9.4 62.8 5
    endloop
  endfacet
  facet normal 0 -1 -0
    outer loop
      vertex 50.4 62.8 5
      vertex 9.4 62.8 2
      vertex 50.4 62.8 2
    endloop
  endfacet
  facet normal 1 -0 0
    outer loop
      vertex 45.4 13.9 3.5
      vertex 45.4 44.9 2
      vertex 45.4 44.9 3.5
    endloop
  endfacet
  facet normal 1 0 0
    outer loop
      vertex 45.4 44.9 2
      vertex 45.4 13.9 3.5
      vertex 45.4 13.9 2
    endloop
  endfacet
  facet normal 0 0 1
    outer loop
      vertex 45.4 44.9 3.5
      vertex 44.2 43.7 3.5
      vertex 45.4 13.9 3.5
    endloop
  endfacet
  facet normal 0 0 1
    outer loop
      vertex 45.4 44.9 3.5
      vertex 15.6 43.7 3.5
      vertex 44.2 43.7 3.5
    endloop
  endfacet
  facet normal 0 0 1
    outer loop
      vertex 15.6 43.7 3.5
      vertex 14.4 44.9 3.5
      vertex 15.6 15.1 3.5
    endloop
  endfacet
  facet normal -0 0 1
    outer loop
      vertex 14.4 44.9 3.5
      vertex 15.6 43.7 3.5
      vertex 45.4 44.9 3.5
    endloop
  endfacet
  facet normal -0 0 1
    outer loop
      vertex 44.2 15.1 3.5
      vertex 45.4 13.9 3.5
      vertex 44.2 43.7 3.5
    endloop
  endfacet
  facet normal 0 0 1
    outer loop
      vertex 36.9 13.9 3.5
      vertex 44.2 15.1 3.5
      vertex 36.9 15.1 3.5
    endloop
  endfacet
  facet normal 0 0 1
    outer loop
      vertex 44.2 15.1 3.5
      vertex 36.9 13.9 3.5
      vertex 45.4 13.9 3.5
    endloop
  endfacet
  facet normal -0 0 1
    outer loop
      vertex 15.6 15.1 3.5
      vertex 22.9 13.9 3.5
      vertex 22.9 15.1 3.5
    endloop
  endfacet
  facet normal 0 0 1
    outer loop
      vertex 15.6 15.1 3.5
      vertex 14.4 13.9 3.5
      vertex 22.9 13.9 3.5
    endloop
  endfacet
  facet normal 0 0 1
    outer loop
      vertex 14.4 13.9 3.5
      vertex 15.6 15.1 3.5
      vertex 14.4 44.9 3.5
    endloop
  endfacet
  facet normal -1 0 0
    outer loop
      vertex 14.4 13.9 2
      vertex 14.4 44.9 3.5
      vertex 14.4 44.9 2
    endloop
  endfacet
  facet normal -1 -0 0
    outer loop
      vertex 14.4 44.9 3.5
      vertex 14.4 13.9 2
      vertex 14.4 13.9 3.5
    endloop
  endfacet
  facet normal 0 -1 0
    outer loop
      vertex 14.4 13.9 2
      vertex 22.9 13.9 3.5
      vertex 14.4 13.9 3.5
    endloop
  endfacet
  facet normal 0 -1 -0
    outer loop
      vertex 22.9 13.9 3.5
      vertex 14.4 13.9 2
      vertex 22.9 13.9 2
    endloop
  endfacet
  facet normal 0 -1 0
    outer loop
      vertex 36.9 13.9 2
      vertex 45.4 13.9 3.5
      vertex 36.9 13.9 3.5
    endloop
  endfacet
  facet normal 0 -1 -0
    outer loop
      vertex 45.4 13.9 3.5
      vertex 36.9 13.9 2
      vertex 45.4 13.9 2
    endloop
  endfacet
  facet normal 0 1 -0
    outer loop
      vertex 45.4 44.9 2
      vertex 14.4 44.9 3.5
      vertex 45.4 44.9 3.5
    endloop
  endfacet
  facet normal 0 1 0
    outer loop
      vertex 14.4 44.9 3.5
      vertex 45.4 44.9 2
      vertex 14.4 44.9 2
    endloop
  endfacet
  facet normal -1 0 0
    outer loop
      vertex 44.2 15.1 2
      vertex 44.2 43.7 3.5
      vertex 44.2 43.7 2
    endloop
  endfacet
  facet normal -1 -0 0
    outer loop
      vertex 44.2 43.7 3.5
      vertex 44.2 15.1 2
      vertex 44.2 15.1 3.5
    endloop
  endfacet
  facet normal 1 -0 0
    outer loop
      vertex 15.6 15.1 3.5
      vertex 15.6 43.7 2
      vertex 15.6 43.7 3.5
    endloop
  endfacet
  facet normal 1 0 0
    outer loop
      vertex 15.6 43.7 2
      vertex 15.6 15.1 3.5
      vertex 15.6 15.1 2
    endloop
  endfacet
  facet normal 0 1 -0
    outer loop
      vertex 22.9 15.1 2
      vertex 15.6 15.1 3.5
      vertex 22.9 15.1 3.5
    endloop
  endfacet
  facet normal 0 1 0
    outer loop
      vertex 15.6 15.1 3.5
      vertex 22.9 15.1 2
      vertex 15.6 15.1 2
    endloop
  endfacet
  facet normal 0 1 -0
    outer loop
      vertex 44.2 15.1 2
      vertex 36.9 15.1 3.5
      vertex 44.2 15.1 3.5
    endloop
  endfacet
  facet normal 0 1 0
    outer loop
      vertex 36.9 15.1 3.5
      vertex 44.2 15.1 2
      vertex 36.9 15.1 2
    endloop
  endfacet
  facet normal 0 -1 0
    outer loop
      vertex 15.6 43.7 2
      vertex 44.2 43.7 3.5
      vertex 15.6 43.7 3.5
    endloop
  endfacet
  facet normal 0 -1 -0
    outer loop
      vertex 44.2 43.7 3.5
      vertex 15.6 43.7 2
      vertex 44.2 43.7 2
    endloop
  endfacet
  facet normal -1 0 0
    outer loop
      vertex 36.9 13.9 2
      vertex 36.9 15.1 3.5
      vertex 36.9 15.1 2
    endloop
  endfacet
  facet normal -1 -0 0
    outer loop
      vertex 36.9 15.1 3.5
      vertex 36.9 13.9 2
      vertex 36.9 13.9 3.5
    endloop
  endfacet
  facet normal 1 -0 0
    outer loop
      vertex 22.9 13.9 3.5
      vertex 22.9 15.1 2
      vertex 22.9 15.1 3.5
    endloop
  endfacet
  facet normal 1 0 0
    outer loop
      vertex 22.9 15.1 2
      vertex 22.9 13.9 3.5
      vertex 22.9 13.9 2
    endloop
  endfacet
  facet normal -0.0654024 -0.997859 0
    outer loop
      vertex 2.60842 0.025666 0
      vertex 3 7.62939e-07 2
      vertex 2.60842 0.025666 2
    endloop
  endfacet
  facet normal -0.0654024 -0.997859 -0
    outer loop
      vertex 3 7.62939e-07 2
      vertex 2.60842 0.025666 0
      vertex 3 7.62939e-07 0
    endloop
  endfacet
  facet normal 0.946882 -0.321582 0
    outer loop
      vertex 59.5716 1.85195 2
      vertex 59.6978 2.22354 0
      vertex 59.6978 2.22354 2
    endloop
  endfacet
  facet normal 0.946882 -0.321582 0
    outer loop
      vertex 59.6978 2.22354 0
      vertex 59.5716 1.85195 2
      vertex 59.5716 1.85195 0
    endloop
  endfacet
  facet normal -0.751801 0.65939 0
    outer loop
      vertex 0.61994 65.6263 0
      vertex 0.878679 65.9213 2
      vertex 0.878679 65.9213 0
    endloop
  endfacet
  facet normal -0.751801 0.65939 0
    outer loop
      vertex 0.878679 65.9213 2
      vertex 0.61994 65.6263 0
      vertex 0.61994 65.6263 2
    endloop
  endfacet
  facet normal -0.195089 -0.980785 0
    outer loop
      vertex 2.22354 0.102223 0
      vertex 2.60842 0.025666 2
      vertex 2.22354 0.102223 2
    endloop
  endfacet
  facet normal -0.195089 -0.980785 -0
    outer loop
      vertex 2.60842 0.025666 2
      vertex 2.22354 0.102223 0
      vertex 2.60842 0.025666 0
    endloop
  endfacet
  facet normal 0.896936 -0.44216 0
    outer loop
      vertex 59.3981 1.5 2
      vertex 59.5716 1.85195 0
      vertex 59.5716 1.85195 2
    endloop
  endfacet
  facet normal 0.896936 -0.44216 0
    outer loop
      vertex 59.5716 1.85195 0
      vertex 59.3981 1.5 2
      vertex 59.3981 1.5 0
    endloop
  endfacet
  facet normal -0.659339 -0.751846 0
    outer loop
      vertex 0.878679 0.87868 0
      vertex 1.17372 0.619941 2
      vertex 0.878679 0.87868 2
    endloop
  endfacet
  facet normal -0.659339 -0.751846 -0
    outer loop
      vertex 1.17372 0.619941 2
      vertex 0.878679 0.87868 0
      vertex 1.17372 0.619941 0
    endloop
  endfacet
  facet normal 0.980813 -0.19495 0
    outer loop
      vertex 59.6978 2.22354 2
      vertex 59.7743 2.60842 0
      vertex 59.7743 2.60842 2
    endloop
  endfacet
  facet normal 0.980813 -0.19495 0
    outer loop
      vertex 59.7743 2.60842 0
      vertex 59.6978 2.22354 2
      vertex 59.6978 2.22354 0
    endloop
  endfacet
  facet normal -0.896848 0.442338 0
    outer loop
      vertex 0.228361 64.9481 0
      vertex 0.401923 65.3 2
      vertex 0.401923 65.3 0
    endloop
  endfacet
  facet normal -0.896848 0.442338 0
    outer loop
      vertex 0.401923 65.3 2
      vertex 0.228361 64.9481 0
      vertex 0.228361 64.9481 2
    endloop
  endfacet
  facet normal 0 -1 0
    outer loop
      vertex 3 7.62939e-07 0
      vertex 56.8 7.62939e-07 2
      vertex 3 7.62939e-07 2
    endloop
  endfacet
  facet normal 0 -1 -0
    outer loop
      vertex 56.8 7.62939e-07 2
      vertex 3 7.62939e-07 0
      vertex 56.8 7.62939e-07 0
    endloop
  endfacet
  facet normal -0.831481 0.555553 0
    outer loop
      vertex 0.401923 65.3 0
      vertex 0.61994 65.6263 2
      vertex 0.61994 65.6263 0
    endloop
  endfacet
  facet normal -0.831481 0.555553 0
    outer loop
      vertex 0.61994 65.6263 2
      vertex 0.401923 65.3 0
      vertex 0.401923 65.3 2
    endloop
  endfacet
  facet normal 0.831485 -0.555547 0
    outer loop
      vertex 59.1801 1.17372 2
      vertex 59.3981 1.5 0
      vertex 59.3981 1.5 2
    endloop
  endfacet
  facet normal 0.831485 -0.555547 0
    outer loop
      vertex 59.3981 1.5 0
      vertex 59.1801 1.17372 2
      vertex 59.1801 1.17372 0
    endloop
  endfacet
  facet normal 0 1 -0
    outer loop
      vertex 56.8 66.8 0
      vertex 3 66.8 2
      vertex 56.8 66.8 2
    endloop
  endfacet
  facet normal 0 1 0
    outer loop
      vertex 3 66.8 2
      vertex 56.8 66.8 0
      vertex 3 66.8 0
    endloop
  endfacet
  facet normal -0.896873 -0.442288 0
    outer loop
      vertex 0.401923 1.5 0
      vertex 0.228361 1.85195 2
      vertex 0.228361 1.85195 0
    endloop
  endfacet
  facet normal -0.896873 -0.442288 0
    outer loop
      vertex 0.228361 1.85195 2
      vertex 0.401923 1.5 0
      vertex 0.401923 1.5 2
    endloop
  endfacet
  facet normal -1 0 0
    outer loop
      vertex 0 3 0
      vertex 0 63.8 2
      vertex 0 63.8 0
    endloop
  endfacet
  facet normal -1 -0 0
    outer loop
      vertex 0 63.8 2
      vertex 0 3 0
      vertex 0 3 2
    endloop
  endfacet
  facet normal -0.321582 0.946882 0
    outer loop
      vertex 2.22354 66.6978 0
      vertex 1.85195 66.5716 2
      vertex 2.22354 66.6978 2
    endloop
  endfacet
  facet normal -0.321582 0.946882 0
    outer loop
      vertex 1.85195 66.5716 2
      vertex 2.22354 66.6978 0
      vertex 1.85195 66.5716 0
    endloop
  endfacet
  facet normal -0.0654906 0.997853 0
    outer loop
      vertex 3 66.8 0
      vertex 2.60842 66.7743 2
      vertex 3 66.8 2
    endloop
  endfacet
  facet normal -0.0654906 0.997853 0
    outer loop
      vertex 2.60842 66.7743 2
      vertex 3 66.8 0
      vertex 2.60842 66.7743 0
    endloop
  endfacet
  facet normal 0.0654873 0.997853 -0
    outer loop
      vertex 57.1916 66.7743 0
      vertex 56.8 66.8 2
      vertex 57.1916 66.7743 2
    endloop
  endfacet
  facet normal 0.0654873 0.997853 0
    outer loop
      vertex 56.8 66.8 2
      vertex 57.1916 66.7743 0
      vertex 56.8 66.8 0
    endloop
  endfacet
  facet normal -0.831465 -0.555577 0
    outer loop
      vertex 0.61994 1.17372 0
      vertex 0.401923 1.5 2
      vertex 0.401923 1.5 0
    endloop
  endfacet
  facet normal -0.831465 -0.555577 0
    outer loop
      vertex 0.401923 1.5 2
      vertex 0.61994 1.17372 0
      vertex 0.61994 1.17372 2
    endloop
  endfacet
  facet normal 0.19508 -0.980787 0
    outer loop
      vertex 57.1916 0.025666 0
      vertex 57.5765 0.102223 2
      vertex 57.1916 0.025666 2
    endloop
  endfacet
  facet normal 0.19508 -0.980787 0
    outer loop
      vertex 57.5765 0.102223 2
      vertex 57.1916 0.025666 0
      vertex 57.5765 0.102223 0
    endloop
  endfacet
  facet normal 0.751768 -0.659428 0
    outer loop
      vertex 58.9213 0.87868 2
      vertex 59.1801 1.17372 0
      vertex 59.1801 1.17372 2
    endloop
  endfacet
  facet normal 0.751768 -0.659428 0
    outer loop
      vertex 59.1801 1.17372 0
      vertex 58.9213 0.87868 2
      vertex 58.9213 0.87868 0
    endloop
  endfacet
  facet normal 0.980815 0.19494 0
    outer loop
      vertex 59.7743 64.1916 2
      vertex 59.6978 64.5765 0
      vertex 59.6978 64.5765 2
    endloop
  endfacet
  facet normal 0.980815 0.19494 0
    outer loop
      vertex 59.6978 64.5765 0
      vertex 59.7743 64.1916 2
      vertex 59.7743 64.1916 0
    endloop
  endfacet
  facet normal -0.44216 0.896936 0
    outer loop
      vertex 1.85195 66.5716 0
      vertex 1.5 66.3981 2
      vertex 1.85195 66.5716 2
    endloop
  endfacet
  facet normal -0.44216 0.896936 0
    outer loop
      vertex 1.5 66.3981 2
      vertex 1.85195 66.5716 0
      vertex 1.5 66.3981 0
    endloop
  endfacet
  facet normal -0.19495 0.980813 0
    outer loop
      vertex 2.60842 66.7743 0
      vertex 2.22354 66.6978 2
      vertex 2.60842 66.7743 2
    endloop
  endfacet
  facet normal -0.19495 0.980813 0
    outer loop
      vertex 2.22354 66.6978 2
      vertex 2.60842 66.7743 0
      vertex 2.22354 66.6978 0
    endloop
  endfacet
  facet normal -0.997859 -0.0654026 0
    outer loop
      vertex 0.0256653 2.60842 0
      vertex 0 3 2
      vertex 0 3 0
    endloop
  endfacet
  facet normal -0.997859 -0.0654026 0
    outer loop
      vertex 0 3 2
      vertex 0.0256653 2.60842 0
      vertex 0.0256653 2.60842 2
    endloop
  endfacet
  facet normal 0.896911 0.442211 0
    outer loop
      vertex 59.5716 64.9481 2
      vertex 59.3981 65.3 0
      vertex 59.3981 65.3 2
    endloop
  endfacet
  facet normal 0.896911 0.442211 0
    outer loop
      vertex 59.3981 65.3 0
      vertex 59.5716 64.9481 2
      vertex 59.5716 64.9481 0
    endloop
  endfacet
  facet normal 0 0 -1
    outer loop
      vertex 7.47097 5.32666 0
      vertex 18.15 20.1 0
      vertex 7.47123 5.32534 0
    endloop
  endfacet
  facet normal 0 0 -1
    outer loop
      vertex 18.15 32.6 0
      vertex 7.47132 61.476 0
      vertex 7.49255 61.8 0
    endloop
  endfacet
  facet normal 0 0 -1
    outer loop
      vertex 7.40762 5.64512 0
      vertex 18.15 20.1 0
      vertex 7.47097 5.32666 0
    endloop
  endfacet
  facet normal 0 0 -1
    outer loop
      vertex 18.15 32.6 0
      vertex 7.47123 61.4747 0
      vertex 7.47132 61.476 0
    endloop
  endfacet
  facet normal 0 0 -1
    outer loop
      vertex 7.30325 5.95258 0
      vertex 18.15 20.1 0
      vertex 7.40762 5.64512 0
    endloop
  endfacet
  facet normal 0 0 -1
    outer loop
      vertex 18.15 32.6 0
      vertex 7.47097 61.4733 0
      vertex 7.47123 61.4747 0
    endloop
  endfacet
  facet normal 0 0 -1
    outer loop
      vertex 7.30282 5.95386 0
      vertex 18.15 20.1 0
      vertex 7.30325 5.95258 0
    endloop
  endfacet
  facet normal 0 0 -1
    outer loop
      vertex 18.15 32.6 0
      vertex 7.40762 61.1549 0
      vertex 7.47097 61.4733 0
    endloop
  endfacet
  facet normal 0 0 -1
    outer loop
      vertex 7.30222 5.95506 0
      vertex 18.15 20.1 0
      vertex 7.30282 5.95386 0
    endloop
  endfacet
  facet normal 0 0 -1
    outer loop
      vertex 18.15 32.6 0
      vertex 7.30325 60.8474 0
      vertex 7.40762 61.1549 0
    endloop
  endfacet
  facet normal 0 0 -1
    outer loop
      vertex 7.15861 6.24628 0
      vertex 18.15 20.1 0
      vertex 7.30222 5.95506 0
    endloop
  endfacet
  facet normal 0 0 -1
    outer loop
      vertex 18.15 32.6 0
      vertex 7.30282 60.8461 0
      vertex 7.30325 60.8474 0
    endloop
  endfacet
  facet normal 0 0 -1
    outer loop
      vertex 7.15787 6.2474 0
      vertex 18.15 20.1 0
      vertex 7.15861 6.24628 0
    endloop
  endfacet
  facet normal 0 0 -1
    outer loop
      vertex 18.15 32.6 0
      vertex 7.30222 60.8449 0
      vertex 7.30282 60.8461 0
    endloop
  endfacet
  facet normal 0 0 -1
    outer loop
      vertex 6.97748 6.51737 0
      vertex 18.15 20.1 0
      vertex 7.15787 6.2474 0
    endloop
  endfacet
  facet normal 0 0 -1
    outer loop
      vertex 18.15 32.6 0
      vertex 7.15861 60.5537 0
      vertex 7.30222 60.8449 0
    endloop
  endfacet
  facet normal 0 0 -1
    outer loop
      vertex 6.97659 6.51838 0
      vertex 18.15 20.1 0
      vertex 6.97748 6.51737 0
    endloop
  endfacet
  facet normal 0 0 -1
    outer loop
      vertex 18.15 32.6 0
      vertex 7.15787 60.5526 0
      vertex 7.15861 60.5537 0
    endloop
  endfacet
  facet normal 0 0 -1
    outer loop
      vertex 6.7625 6.7625 0
      vertex 18.15 20.1 0
      vertex 6.97659 6.51838 0
    endloop
  endfacet
  facet normal 0 0 -1
    outer loop
      vertex 18.15 32.6 0
      vertex 6.97748 60.2826 0
      vertex 7.15787 60.5526 0
    endloop
  endfacet
  facet normal 0 0 -1
    outer loop
      vertex 6.51838 6.97659 0
      vertex 18.15 20.1 0
      vertex 6.7625 6.7625 0
    endloop
  endfacet
  facet normal 0 0 -1
    outer loop
      vertex 18.15 32.6 0
      vertex 6.97659 60.2816 0
      vertex 6.97748 60.2826 0
    endloop
  endfacet
  facet normal 0 0 -1
    outer loop
      vertex 6.51737 6.97748 0
      vertex 18.15 20.1 0
      vertex 6.51838 6.97659 0
    endloop
  endfacet
  facet normal 0 0 -1
    outer loop
      vertex 18.15 32.6 0
      vertex 6.7625 60.0375 0
      vertex 6.97659 60.2816 0
    endloop
  endfacet
  facet normal 0 0 -1
    outer loop
      vertex 6.2474 7.15787 0
      vertex 18.15 20.1 0
      vertex 6.51737 6.97748 0
    endloop
  endfacet
  facet normal 0 0 -1
    outer loop
      vertex 18.15 32.6 0
      vertex 6.51838 59.8234 0
      vertex 6.7625 60.0375 0
    endloop
  endfacet
  facet normal 0 0 -1
    outer loop
      vertex 6.24628 7.15861 0
      vertex 18.15 20.1 0
      vertex 6.2474 7.15787 0
    endloop
  endfacet
  facet normal 0 0 -1
    outer loop
      vertex 18.15 32.6 0
      vertex 6.51737 59.8225 0
      vertex 6.51838 59.8234 0
    endloop
  endfacet
  facet normal 0 0 -1
    outer loop
      vertex 5.95506 7.30222 0
      vertex 18.15 20.1 0
      vertex 6.24628 7.15861 0
    endloop
  endfacet
  facet normal 0 0 -1
    outer loop
      vertex 18.15 32.6 0
      vertex 6.2474 59.6421 0
      vertex 6.51737 59.8225 0
    endloop
  endfacet
  facet normal 0 0 -1
    outer loop
      vertex 5.95386 7.30282 0
      vertex 18.15 20.1 0
      vertex 5.95506 7.30222 0
    endloop
  endfacet
  facet normal 0 0 -1
    outer loop
      vertex 18.15 32.6 0
      vertex 6.24628 59.6414 0
      vertex 6.2474 59.6421 0
    endloop
  endfacet
  facet normal 0 0 -1
    outer loop
      vertex 5.95258 7.30325 0
      vertex 18.15 20.1 0
      vertex 5.95386 7.30282 0
    endloop
  endfacet
  facet normal 0 0 -1
    outer loop
      vertex 18.15 32.6 0
      vertex 5.95506 59.4978 0
      vertex 6.24628 59.6414 0
    endloop
  endfacet
  facet normal 0 0 -1
    outer loop
      vertex 5.64512 7.40762 0
      vertex 18.15 20.1 0
      vertex 5.95258 7.30325 0
    endloop
  endfacet
  facet normal 0 0 -1
    outer loop
      vertex 18.15 32.6 0
      vertex 5.95386 59.4972 0
      vertex 5.95506 59.4978 0
    endloop
  endfacet
  facet normal 0 0 -1
    outer loop
      vertex 5.32666 7.47097 0
      vertex 18.15 20.1 0
      vertex 5.64512 7.40762 0
    endloop
  endfacet
  facet normal 0 0 -1
    outer loop
      vertex 18.15 32.6 0
      vertex 5.95258 59.4967 0
      vertex 5.95386 59.4972 0
    endloop
  endfacet
  facet normal 0 0 -1
    outer loop
      vertex 5.32534 7.47123 0
      vertex 18.15 20.1 0
      vertex 5.32666 7.47097 0
    endloop
  endfacet
  facet normal 0 0 -1
    outer loop
      vertex 18.15 32.6 0
      vertex 5.64512 59.3924 0
      vertex 5.95258 59.4967 0
    endloop
  endfacet
  facet normal 0 0 -1
    outer loop
      vertex 5.324 7.47132 0
      vertex 18.15 20.1 0
      vertex 5.32534 7.47123 0
    endloop
  endfacet
  facet normal 0 0 -1
    outer loop
      vertex 18.15 32.6 0
      vertex 5.32666 59.329 0
      vertex 5.64512 59.3924 0
    endloop
  endfacet
  facet normal 0 0 -1
    outer loop
      vertex 5 7.49255 0
      vertex 18.15 20.1 0
      vertex 5.324 7.47132 0
    endloop
  endfacet
  facet normal 0 0 -1
    outer loop
      vertex 18.15 32.6 0
      vertex 5.32534 59.3288 0
      vertex 5.32666 59.329 0
    endloop
  endfacet
  facet normal 0 0 -1
    outer loop
      vertex 4.676 7.47132 0
      vertex 18.15 20.1 0
      vertex 5 7.49255 0
    endloop
  endfacet
  facet normal 0 0 -1
    outer loop
      vertex 18.15 32.6 0
      vertex 5.324 59.3287 0
      vertex 5.32534 59.3288 0
    endloop
  endfacet
  facet normal 0 0 -1
    outer loop
      vertex 4.67466 7.47123 0
      vertex 18.15 20.1 0
      vertex 4.676 7.47132 0
    endloop
  endfacet
  facet normal 0 0 -1
    outer loop
      vertex 18.15 32.6 0
      vertex 5 59.3074 0
      vertex 5.324 59.3287 0
    endloop
  endfacet
  facet normal 0 0 -1
    outer loop
      vertex 4.67334 7.47097 0
      vertex 18.15 20.1 0
      vertex 4.67466 7.47123 0
    endloop
  endfacet
  facet normal 0 0 -1
    outer loop
      vertex 18.15 32.6 0
      vertex 4.676 59.3287 0
      vertex 5 59.3074 0
    endloop
  endfacet
  facet normal 0 0 -1
    outer loop
      vertex 4.35488 7.40762 0
      vertex 18.15 20.1 0
      vertex 4.67334 7.47097 0
    endloop
  endfacet
  facet normal 0 0 -1
    outer loop
      vertex 18.15 32.6 0
      vertex 4.67466 59.3288 0
      vertex 4.676 59.3287 0
    endloop
  endfacet
  facet normal -0 0 -1
    outer loop
      vertex 18.15 20.1 0
      vertex 4.35488 7.40762 0
      vertex 18.15 32.6 0
    endloop
  endfacet
  facet normal 0 0 -1
    outer loop
      vertex 18.15 32.6 0
      vertex 4.67334 59.329 0
      vertex 4.67466 59.3288 0
    endloop
  endfacet
  facet normal 0 0 -1
    outer loop
      vertex 4.04742 7.30325 0
      vertex 18.15 32.6 0
      vertex 4.35488 7.40762 0
    endloop
  endfacet
  facet normal 0 0 -1
    outer loop
      vertex 18.15 32.6 0
      vertex 4.35488 59.3924 0
      vertex 4.67334 59.329 0
    endloop
  endfacet
  facet normal 0 0 -1
    outer loop
      vertex 4.04614 7.30282 0
      vertex 18.15 32.6 0
      vertex 4.04742 7.30325 0
    endloop
  endfacet
  facet normal 0 0 -1
    outer loop
      vertex 18.15 32.6 0
      vertex 4.04742 59.4967 0
      vertex 4.35488 59.3924 0
    endloop
  endfacet
  facet normal 0 0 -1
    outer loop
      vertex 4.04494 7.30222 0
      vertex 18.15 32.6 0
      vertex 4.04614 7.30282 0
    endloop
  endfacet
  facet normal 0 0 -1
    outer loop
      vertex 18.15 32.6 0
      vertex 4.04614 59.4972 0
      vertex 4.04742 59.4967 0
    endloop
  endfacet
  facet normal 0 0 -1
    outer loop
      vertex 3.75372 7.15861 0
      vertex 18.15 32.6 0
      vertex 4.04494 7.30222 0
    endloop
  endfacet
  facet normal 0 0 -1
    outer loop
      vertex 18.15 32.6 0
      vertex 4.04494 59.4978 0
      vertex 4.04614 59.4972 0
    endloop
  endfacet
  facet normal 0 0 -1
    outer loop
      vertex 3.75372 59.6414 0
      vertex 18.15 32.6 0
      vertex 3.75372 7.15861 0
    endloop
  endfacet
  facet normal 0 0 -1
    outer loop
      vertex 18.15 32.6 0
      vertex 3.75372 59.6414 0
      vertex 4.04494 59.4978 0
    endloop
  endfacet
  facet normal 0 0 -1
    outer loop
      vertex 3.7526 7.15787 0
      vertex 3.75372 59.6414 0
      vertex 3.75372 7.15861 0
    endloop
  endfacet
  facet normal 0 0 -1
    outer loop
      vertex 3.7526 7.15787 0
      vertex 3.7526 59.6421 0
      vertex 3.75372 59.6414 0
    endloop
  endfacet
  facet normal 0 0 -1
    outer loop
      vertex 3.48263 6.97748 0
      vertex 3.7526 59.6421 0
      vertex 3.7526 7.15787 0
    endloop
  endfacet
  facet normal 0 0 -1
    outer loop
      vertex 3.48263 6.97748 0
      vertex 3.48263 59.8225 0
      vertex 3.7526 59.6421 0
    endloop
  endfacet
  facet normal 0 0 -1
    outer loop
      vertex 3.48162 6.97659 0
      vertex 3.48263 59.8225 0
      vertex 3.48263 6.97748 0
    endloop
  endfacet
  facet normal 0 0 -1
    outer loop
      vertex 3.48162 6.97659 0
      vertex 3.48162 59.8234 0
      vertex 3.48263 59.8225 0
    endloop
  endfacet
  facet normal 0 0 -1
    outer loop
      vertex 3.2375 6.7625 0
      vertex 3.48162 59.8234 0
      vertex 3.48162 6.97659 0
    endloop
  endfacet
  facet normal 0 0 -1
    outer loop
      vertex 3.2375 6.7625 0
      vertex 3.2375 60.0375 0
      vertex 3.48162 59.8234 0
    endloop
  endfacet
  facet normal 0 0 -1
    outer loop
      vertex 3.02341 6.51838 0
      vertex 3.2375 60.0375 0
      vertex 3.2375 6.7625 0
    endloop
  endfacet
  facet normal 0 0 -1
    outer loop
      vertex 3.02341 6.51838 0
      vertex 3.02341 60.2816 0
      vertex 3.2375 60.0375 0
    endloop
  endfacet
  facet normal 0 0 -1
    outer loop
      vertex 3.02252 6.51737 0
      vertex 3.02341 60.2816 0
      vertex 3.02341 6.51838 0
    endloop
  endfacet
  facet normal 0 0 -1
    outer loop
      vertex 3.02252 6.51737 0
      vertex 3.02252 60.2826 0
      vertex 3.02341 60.2816 0
    endloop
  endfacet
  facet normal 0 0 -1
    outer loop
      vertex 0 3 0
      vertex 3.02252 6.51737 0
      vertex 2.84213 6.2474 0
    endloop
  endfacet
  facet normal -0 0 -1
    outer loop
      vertex 3.02252 6.51737 0
      vertex 0 3 0
      vertex 3.02252 60.2826 0
    endloop
  endfacet
  facet normal 0 0 -1
    outer loop
      vertex 0 3 0
      vertex 2.84213 6.2474 0
      vertex 2.84139 6.24628 0
    endloop
  endfacet
  facet normal 0 0 -1
    outer loop
      vertex 0 63.8 0
      vertex 3.02252 60.2826 0
      vertex 0 3 0
    endloop
  endfacet
  facet normal 0 0 -1
    outer loop
      vertex 0 3 0
      vertex 2.84139 6.24628 0
      vertex 2.69778 5.95506 0
    endloop
  endfacet
  facet normal 0 0 -1
    outer loop
      vertex 3.02252 60.2826 0
      vertex 0 63.8 0
      vertex 2.84213 60.5526 0
    endloop
  endfacet
  facet normal 0 0 -1
    outer loop
      vertex 0 3 0
      vertex 2.69778 5.95506 0
      vertex 2.69718 5.95386 0
    endloop
  endfacet
  facet normal 0 0 -1
    outer loop
      vertex 2.84213 60.5526 0
      vertex 0 63.8 0
      vertex 2.84139 60.5537 0
    endloop
  endfacet
  facet normal 0 0 -1
    outer loop
      vertex 0 3 0
      vertex 2.69718 5.95386 0
      vertex 2.69675 5.95258 0
    endloop
  endfacet
  facet normal 0 0 -1
    outer loop
      vertex 2.84139 60.5537 0
      vertex 0 63.8 0
      vertex 2.69778 60.8449 0
    endloop
  endfacet
  facet normal 0 0 -1
    outer loop
      vertex 0 3 0
      vertex 2.69675 5.95258 0
      vertex 2.59238 5.64512 0
    endloop
  endfacet
  facet normal 0 0 -1
    outer loop
      vertex 2.69778 60.8449 0
      vertex 0 63.8 0
      vertex 2.69718 60.8461 0
    endloop
  endfacet
  facet normal 0 0 -1
    outer loop
      vertex 0 3 0
      vertex 2.59238 5.64512 0
      vertex 2.52903 5.32666 0
    endloop
  endfacet
  facet normal 0 0 -1
    outer loop
      vertex 2.69718 60.8461 0
      vertex 0 63.8 0
      vertex 2.69675 60.8474 0
    endloop
  endfacet
  facet normal 0 0 -1
    outer loop
      vertex 0 3 0
      vertex 2.52903 5.32666 0
      vertex 2.52877 5.32534 0
    endloop
  endfacet
  facet normal 0 0 -1
    outer loop
      vertex 2.69675 60.8474 0
      vertex 0 63.8 0
      vertex 2.59238 61.1549 0
    endloop
  endfacet
  facet normal 0 0 -1
    outer loop
      vertex 0 3 0
      vertex 2.52877 5.32534 0
      vertex 2.52868 5.324 0
    endloop
  endfacet
  facet normal 0 0 -1
    outer loop
      vertex 2.59238 61.1549 0
      vertex 0 63.8 0
      vertex 2.52903 61.4733 0
    endloop
  endfacet
  facet normal 0 0 -1
    outer loop
      vertex 0 3 0
      vertex 2.52868 5.324 0
      vertex 2.50745 5 0
    endloop
  endfacet
  facet normal 0 0 -1
    outer loop
      vertex 2.52903 61.4733 0
      vertex 0 63.8 0
      vertex 2.52877 61.4747 0
    endloop
  endfacet
  facet normal 0 0 -1
    outer loop
      vertex 40.0028 56.7184 0
      vertex 52.6414 60.5537 0
      vertex 40.0055 56.6238 0
    endloop
  endfacet
  facet normal 0 0 -1
    outer loop
      vertex 54.1549 59.3924 0
      vertex 39.9971 56.4475 0
      vertex 40.0055 56.6238 0
    endloop
  endfacet
  facet normal 0 0 -1
    outer loop
      vertex 54.1549 59.3924 0
      vertex 39.9718 56.2828 0
      vertex 39.9971 56.4475 0
    endloop
  endfacet
  facet normal 0 0 -1
    outer loop
      vertex 54.1549 59.3924 0
      vertex 39.9296 56.1297 0
      vertex 39.9718 56.2828 0
    endloop
  endfacet
  facet normal 0 0 -1
    outer loop
      vertex 54.1549 59.3924 0
      vertex 39.8705 55.9883 0
      vertex 39.9296 56.1297 0
    endloop
  endfacet
  facet normal 0 0 -1
    outer loop
      vertex 54.1549 59.3924 0
      vertex 39.7945 55.8585 0
      vertex 39.8705 55.9883 0
    endloop
  endfacet
  facet normal 0 0 -1
    outer loop
      vertex 54.1549 59.3924 0
      vertex 39.7016 55.7403 0
      vertex 39.7945 55.8585 0
    endloop
  endfacet
  facet normal 0 0 -1
    outer loop
      vertex 41.65 32.6 0
      vertex 39.5919 55.6337 0
      vertex 39.7016 55.7403 0
    endloop
  endfacet
  facet normal 0 0 -1
    outer loop
      vertex 41.65 32.6 0
      vertex 39.4664 55.5402 0
      vertex 39.5919 55.6337 0
    endloop
  endfacet
  facet normal 0 0 -1
    outer loop
      vertex 41.65 32.6 0
      vertex 39.3262 55.461 0
      vertex 39.4664 55.5402 0
    endloop
  endfacet
  facet normal 0 0 -1
    outer loop
      vertex 41.65 32.6 0
      vertex 39.1713 55.3963 0
      vertex 39.3262 55.461 0
    endloop
  endfacet
  facet normal 0 0 -1
    outer loop
      vertex 41.65 32.6 0
      vertex 39.0018 55.3459 0
      vertex 39.1713 55.3963 0
    endloop
  endfacet
  facet normal 0 0 -1
    outer loop
      vertex 41.65 32.6 0
      vertex 38.8176 55.3099 0
      vertex 39.0018 55.3459 0
    endloop
  endfacet
  facet normal 0 0 -1
    outer loop
      vertex 41.65 32.6 0
      vertex 38.6187 55.2883 0
      vertex 38.8176 55.3099 0
    endloop
  endfacet
  facet normal 0 0 -1
    outer loop
      vertex 41.65 32.6 0
      vertex 38.4051 55.2811 0
      vertex 38.6187 55.2883 0
    endloop
  endfacet
  facet normal 0 0 -1
    outer loop
      vertex 41.65 32.6 0
      vertex 38.2069 55.2882 0
      vertex 38.4051 55.2811 0
    endloop
  endfacet
  facet normal 0 0 -1
    outer loop
      vertex 41.65 32.6 0
      vertex 38.0208 55.3096 0
      vertex 38.2069 55.2882 0
    endloop
  endfacet
  facet normal 0 0 -1
    outer loop
      vertex 35.0214 55.3086 0
      vertex 38.0208 55.3096 0
      vertex 41.65 32.6 0
    endloop
  endfacet
  facet normal 0 -0 -1
    outer loop
      vertex 35.2021 55.3431 0
      vertex 38.0208 55.3096 0
      vertex 35.0214 55.3086 0
    endloop
  endfacet
  facet normal 0 0 -1
    outer loop
      vertex 38.0208 55.3096 0
      vertex 35.2021 55.3431 0
      vertex 37.847 55.3452 0
    endloop
  endfacet
  facet normal 0 -0 -1
    outer loop
      vertex 35.3695 55.3913 0
      vertex 37.847 55.3452 0
      vertex 35.2021 55.3431 0
    endloop
  endfacet
  facet normal 0 -0 -1
    outer loop
      vertex 35.5235 55.4532 0
      vertex 37.6855 55.3951 0
      vertex 35.3695 55.3913 0
    endloop
  endfacet
  facet normal 0 0 -1
    outer loop
      vertex 37.6855 55.3951 0
      vertex 35.5235 55.4532 0
      vertex 37.5362 55.4593 0
    endloop
  endfacet
  facet normal 0 0 -1
    outer loop
      vertex 37.5362 55.4593 0
      vertex 35.6641 55.529 0
      vertex 37.3992 55.5377 0
    endloop
  endfacet
  facet normal 0 -0 -1
    outer loop
      vertex 35.7914 55.6185 0
      vertex 37.3992 55.5377 0
      vertex 35.6641 55.529 0
    endloop
  endfacet
  facet normal 0 -0 -1
    outer loop
      vertex 35.9034 55.7202 0
      vertex 37.2744 55.6303 0
      vertex 35.7914 55.6185 0
    endloop
  endfacet
  facet normal 0 -0 -1
    outer loop
      vertex 35.9982 55.8324 0
      vertex 37.1625 55.7366 0
      vertex 35.9034 55.7202 0
    endloop
  endfacet
  facet normal 0 -0 -1
    outer loop
      vertex 36.0757 55.9553 0
      vertex 37.0643 55.8556 0
      vertex 35.9982 55.8324 0
    endloop
  endfacet
  facet normal -0 0 -1
    outer loop
      vertex 36.8564 59.2357 0
      vertex 36.2996 59.1627 0
      vertex 36.7935 59.3517 0
    endloop
  endfacet
  facet normal 0 0 -1
    outer loop
      vertex 36.2996 59.1627 0
      vertex 36.8564 59.2357 0
      vertex 36.3266 58.9895 0
    endloop
  endfacet
  facet normal 0 0 -1
    outer loop
      vertex 36.2136 56.5526 0
      vertex 36.7776 56.6441 0
      vertex 36.8077 56.4607 0
    endloop
  endfacet
  facet normal 0 0 -1
    outer loop
      vertex 37.3695 58.5562 0
      vertex 36.3296 58.6755 0
      vertex 36.3356 58.8039 0
    endloop
  endfacet
  facet normal 0 -0 -1
    outer loop
      vertex 36.136 56.0887 0
      vertex 36.9797 55.9876 0
      vertex 36.0757 55.9553 0
    endloop
  endfacet
  facet normal -0 0 -1
    outer loop
      vertex 36.7776 56.6441 0
      vertex 36.2136 56.5526 0
      vertex 36.2082 56.6772 0
    endloop
  endfacet
  facet normal -0 0 -1
    outer loop
      vertex 37.3695 58.5562 0
      vertex 36.3114 58.5539 0
      vertex 36.3296 58.6755 0
    endloop
  endfacet
  facet normal 0 0 -1
    outer loop
      vertex 36.7776 56.6441 0
      vertex 36.2082 56.6772 0
      vertex 36.1921 56.7953 0
    endloop
  endfacet
  facet normal 0 0 -1
    outer loop
      vertex 36.7776 56.6441 0
      vertex 36.1921 56.7953 0
      vertex 36.1653 56.9069 0
    endloop
  endfacet
  facet normal -0 0 -1
    outer loop
      vertex 36.8077 56.4607 0
      vertex 36.2049 56.3874 0
      vertex 36.2136 56.5526 0
    endloop
  endfacet
  facet normal 0 0 -1
    outer loop
      vertex 36.8514 56.2901 0
      vertex 36.2049 56.3874 0
      vertex 36.8077 56.4607 0
    endloop
  endfacet
  facet normal 0 -0 -1
    outer loop
      vertex 36.2049 56.3874 0
      vertex 36.8514 56.2901 0
      vertex 36.1791 56.2328 0
    endloop
  endfacet
  facet normal 0 0 -1
    outer loop
      vertex 36.9087 56.1324 0
      vertex 36.1791 56.2328 0
      vertex 36.8514 56.2901 0
    endloop
  endfacet
  facet normal 0 -0 -1
    outer loop
      vertex 36.1791 56.2328 0
      vertex 36.9087 56.1324 0
      vertex 36.136 56.0887 0
    endloop
  endfacet
  facet normal 0 0 -1
    outer loop
      vertex 36.9797 55.9876 0
      vertex 36.136 56.0887 0
      vertex 36.9087 56.1324 0
    endloop
  endfacet
  facet normal 0 0 -1
    outer loop
      vertex 37.0643 55.8556 0
      vertex 36.0757 55.9553 0
      vertex 36.9797 55.9876 0
    endloop
  endfacet
  facet normal 0 0 -1
    outer loop
      vertex 37.1625 55.7366 0
      vertex 35.9982 55.8324 0
      vertex 37.0643 55.8556 0
    endloop
  endfacet
  facet normal 0 0 -1
    outer loop
      vertex 37.2744 55.6303 0
      vertex 35.9034 55.7202 0
      vertex 37.1625 55.7366 0
    endloop
  endfacet
  facet normal 0 0 -1
    outer loop
      vertex 37.3992 55.5377 0
      vertex 35.7914 55.6185 0
      vertex 37.2744 55.6303 0
    endloop
  endfacet
  facet normal 0 -0 -1
    outer loop
      vertex 35.6641 55.529 0
      vertex 37.5362 55.4593 0
      vertex 35.5235 55.4532 0
    endloop
  endfacet
  facet normal 0 0 -1
    outer loop
      vertex 37.847 55.3452 0
      vertex 35.3695 55.3913 0
      vertex 37.6855 55.3951 0
    endloop
  endfacet
  facet normal 0 0 -1
    outer loop
      vertex 41.65 32.6 0
      vertex 34.8274 55.288 0
      vertex 35.0214 55.3086 0
    endloop
  endfacet
  facet normal 0 0 -1
    outer loop
      vertex 41.65 32.6 0
      vertex 34.62 55.2811 0
      vertex 34.8274 55.288 0
    endloop
  endfacet
  facet normal 0 0 -1
    outer loop
      vertex 41.65 32.6 0
      vertex 34.4239 55.2882 0
      vertex 34.62 55.2811 0
    endloop
  endfacet
  facet normal 0 0 -1
    outer loop
      vertex 41.65 32.6 0
      vertex 34.2388 55.3096 0
      vertex 34.4239 55.2882 0
    endloop
  endfacet
  facet normal 0 0 -1
    outer loop
      vertex 31.2743 55.3099 0
      vertex 34.2388 55.3096 0
      vertex 41.65 32.6 0
    endloop
  endfacet
  facet normal 0 0 -1
    outer loop
      vertex 34.2388 55.3096 0
      vertex 31.2743 55.3099 0
      vertex 34.0646 55.3452 0
    endloop
  endfacet
  facet normal 0 -0 -1
    outer loop
      vertex 31.4585 55.3459 0
      vertex 34.0646 55.3452 0
      vertex 31.2743 55.3099 0
    endloop
  endfacet
  facet normal 0 0 -1
    outer loop
      vertex 34.0646 55.3452 0
      vertex 31.4585 55.3459 0
      vertex 33.9014 55.3951 0
    endloop
  endfacet
  facet normal 0 -0 -1
    outer loop
      vertex 31.628 55.3963 0
      vertex 33.9014 55.3951 0
      vertex 31.4585 55.3459 0
    endloop
  endfacet
  facet normal 0 -0 -1
    outer loop
      vertex 31.7829 55.461 0
      vertex 33.7491 55.4593 0
      vertex 31.628 55.3963 0
    endloop
  endfacet
  facet normal 0 0 -1
    outer loop
      vertex 33.7491 55.4593 0
      vertex 31.7829 55.461 0
      vertex 33.6077 55.5377 0
    endloop
  endfacet
  facet normal 0 0 -1
    outer loop
      vertex 33.6077 55.5377 0
      vertex 31.9231 55.5402 0
      vertex 33.4773 55.6303 0
    endloop
  endfacet
  facet normal 0 0 -1
    outer loop
      vertex 33.4773 55.6303 0
      vertex 32.0486 55.6337 0
      vertex 33.3597 55.7356 0
    endloop
  endfacet
  facet normal 0 0 -1
    outer loop
      vertex 33.3597 55.7356 0
      vertex 32.1584 55.7403 0
      vertex 33.257 55.8518 0
    endloop
  endfacet
  facet normal 0 0 -1
    outer loop
      vertex 32.2907 57.3073 0
      vertex 34.1114 58.0885 0
      vertex 32.33 57.2307 0
    endloop
  endfacet
  facet normal 0 0 -1
    outer loop
      vertex 32.4596 56.7184 0
      vertex 32.9654 56.5966 0
      vertex 32.4623 56.6238 0
    endloop
  endfacet
  facet normal 0 0 -1
    outer loop
      vertex 32.4538 56.4475 0
      vertex 32.9654 56.5966 0
      vertex 32.9941 56.4258 0
    endloop
  endfacet
  facet normal 0 0 -1
    outer loop
      vertex 32.4285 56.2828 0
      vertex 32.9941 56.4258 0
      vertex 33.0376 56.2659 0
    endloop
  endfacet
  facet normal 0 -0 -1
    outer loop
      vertex 32.2512 55.8585 0
      vertex 33.257 55.8518 0
      vertex 32.1584 55.7403 0
    endloop
  endfacet
  facet normal -0 0 -1
    outer loop
      vertex 32.9654 56.5966 0
      vertex 32.4538 56.4475 0
      vertex 32.4623 56.6238 0
    endloop
  endfacet
  facet normal -0 0 -1
    outer loop
      vertex 32.9941 56.4258 0
      vertex 32.4285 56.2828 0
      vertex 32.4538 56.4475 0
    endloop
  endfacet
  facet normal -0 0 -1
    outer loop
      vertex 33.0376 56.2659 0
      vertex 32.3863 56.1297 0
      vertex 32.4285 56.2828 0
    endloop
  endfacet
  facet normal 0 0 -1
    outer loop
      vertex 33.0959 56.1169 0
      vertex 32.3863 56.1297 0
      vertex 33.0376 56.2659 0
    endloop
  endfacet
  facet normal 0 -0 -1
    outer loop
      vertex 32.3863 56.1297 0
      vertex 33.0959 56.1169 0
      vertex 32.3272 55.9883 0
    endloop
  endfacet
  facet normal 0 0 -1
    outer loop
      vertex 33.1691 55.9789 0
      vertex 32.3272 55.9883 0
      vertex 33.0959 56.1169 0
    endloop
  endfacet
  facet normal 0 -0 -1
    outer loop
      vertex 32.3272 55.9883 0
      vertex 33.1691 55.9789 0
      vertex 32.2512 55.8585 0
    endloop
  endfacet
  facet normal 0 0 -1
    outer loop
      vertex 33.257 55.8518 0
      vertex 32.2512 55.8585 0
      vertex 33.1691 55.9789 0
    endloop
  endfacet
  facet normal 0 -0 -1
    outer loop
      vertex 32.1584 55.7403 0
      vertex 33.3597 55.7356 0
      vertex 32.0486 55.6337 0
    endloop
  endfacet
  facet normal 0 -0 -1
    outer loop
      vertex 32.0486 55.6337 0
      vertex 33.4773 55.6303 0
      vertex 31.9231 55.5402 0
    endloop
  endfacet
  facet normal 0 -0 -1
    outer loop
      vertex 31.9231 55.5402 0
      vertex 33.6077 55.5377 0
      vertex 31.7829 55.461 0
    endloop
  endfacet
  facet normal 0 0 -1
    outer loop
      vertex 33.9014 55.3951 0
      vertex 31.628 55.3963 0
      vertex 33.7491 55.4593 0
    endloop
  endfacet
  facet normal 0 0 -1
    outer loop
      vertex 41.65 32.6 0
      vertex 31.0754 55.2883 0
      vertex 31.2743 55.3099 0
    endloop
  endfacet
  facet normal 0 0 -1
    outer loop
      vertex 41.65 32.6 0
      vertex 30.8619 55.2811 0
      vertex 31.0754 55.2883 0
    endloop
  endfacet
  facet normal 0 0 -1
    outer loop
      vertex 41.65 32.6 0
      vertex 30.6636 55.2882 0
      vertex 30.8619 55.2811 0
    endloop
  endfacet
  facet normal 0 0 -1
    outer loop
      vertex 18.15 32.6 0
      vertex 30.6636 55.2882 0
      vertex 41.65 32.6 0
    endloop
  endfacet
  facet normal -0 0 -1
    outer loop
      vertex 30.6636 55.2882 0
      vertex 18.15 32.6 0
      vertex 30.4776 55.3096 0
    endloop
  endfacet
  facet normal 0 -0 -1
    outer loop
      vertex 27.2271 55.3038 0
      vertex 30.4776 55.3096 0
      vertex 18.15 32.6 0
    endloop
  endfacet
  facet normal 0 -0 -1
    outer loop
      vertex 27.4358 55.3322 0
      vertex 30.4776 55.3096 0
      vertex 27.2271 55.3038 0
    endloop
  endfacet
  facet normal 0 -0 -1
    outer loop
      vertex 27.6264 55.3719 0
      vertex 30.3038 55.3452 0
      vertex 27.4358 55.3322 0
    endloop
  endfacet
  facet normal 0 -0 -1
    outer loop
      vertex 27.7989 55.423 0
      vertex 30.1422 55.3951 0
      vertex 27.6264 55.3719 0
    endloop
  endfacet
  facet normal 0 -0 -1
    outer loop
      vertex 27.9534 55.4854 0
      vertex 29.993 55.4593 0
      vertex 27.7989 55.423 0
    endloop
  endfacet
  facet normal 0 0 -1
    outer loop
      vertex 29.993 55.4593 0
      vertex 27.9534 55.4854 0
      vertex 29.8559 55.5377 0
    endloop
  endfacet
  facet normal 0 0 -1
    outer loop
      vertex 29.8559 55.5377 0
      vertex 28.0898 55.5591 0
      vertex 29.7311 55.6303 0
    endloop
  endfacet
  facet normal -0 0 -1
    outer loop
      vertex 29.3131 59.2357 0
      vertex 28.7475 59.1271 0
      vertex 29.2502 59.3517 0
    endloop
  endfacet
  facet normal 0 0 -1
    outer loop
      vertex 28.7475 59.1271 0
      vertex 29.3131 59.2357 0
      vertex 28.7794 58.9469 0
    endloop
  endfacet
  facet normal 0 0 -1
    outer loop
      vertex 28.6645 56.478 0
      vertex 29.2344 56.6441 0
      vertex 29.2645 56.4607 0
    endloop
  endfacet
  facet normal 0 0 -1
    outer loop
      vertex 29.9355 58.4427 0
      vertex 28.7881 58.6693 0
      vertex 28.79 58.7531 0
    endloop
  endfacet
  facet normal 0 0 -1
    outer loop
      vertex 29.9355 58.4427 0
      vertex 28.7825 58.5883 0
      vertex 28.7881 58.6693 0
    endloop
  endfacet
  facet normal 0 0 -1
    outer loop
      vertex 29.9355 58.4427 0
      vertex 28.7732 58.5101 0
      vertex 28.7825 58.5883 0
    endloop
  endfacet
  facet normal -0 0 -1
    outer loop
      vertex 29.9355 58.4427 0
      vertex 28.7601 58.4348 0
      vertex 28.7732 58.5101 0
    endloop
  endfacet
  facet normal 0 0 -1
    outer loop
      vertex 29.9355 58.4427 0
      vertex 28.7433 58.3623 0
      vertex 28.7601 58.4348 0
    endloop
  endfacet
  facet normal 0 0 -1
    outer loop
      vertex 28.6213 56.3023 0
      vertex 29.2645 56.4607 0
      vertex 29.3082 56.2901 0
    endloop
  endfacet
  facet normal 0 0 -1
    outer loop
      vertex 29.9355 58.4427 0
      vertex 28.7227 58.2927 0
      vertex 28.7433 58.3623 0
    endloop
  endfacet
  facet normal 0 0 -1
    outer loop
      vertex 29.9355 58.4427 0
      vertex 28.6984 58.2259 0
      vertex 28.7227 58.2927 0
    endloop
  endfacet
  facet normal 0 0 -1
    outer loop
      vertex 29.9355 58.4427 0
      vertex 28.6706 58.1618 0
      vertex 28.6984 58.2259 0
    endloop
  endfacet
  facet normal 0 0 -1
    outer loop
      vertex 28.325 57.7419 0
      vertex 29.2344 56.6441 0
      vertex 28.6645 56.478 0
    endloop
  endfacet
  facet normal 0 0 -1
    outer loop
      vertex 28.565 56.1414 0
      vertex 29.3082 56.2901 0
      vertex 29.3655 56.1324 0
    endloop
  endfacet
  facet normal 0 0 -1
    outer loop
      vertex 28.4959 55.9953 0
      vertex 29.3655 56.1324 0
      vertex 29.4365 55.9876 0
    endloop
  endfacet
  facet normal 0 0 -1
    outer loop
      vertex 29.7311 55.6303 0
      vertex 28.2107 55.646 0
      vertex 29.6193 55.7366 0
    endloop
  endfacet
  facet normal -0 0 -1
    outer loop
      vertex 29.2645 56.4607 0
      vertex 28.6213 56.3023 0
      vertex 28.6645 56.478 0
    endloop
  endfacet
  facet normal -0 0 -1
    outer loop
      vertex 29.3082 56.2901 0
      vertex 28.565 56.1414 0
      vertex 28.6213 56.3023 0
    endloop
  endfacet
  facet normal -0 0 -1
    outer loop
      vertex 29.3655 56.1324 0
      vertex 28.4959 55.9953 0
      vertex 28.565 56.1414 0
    endloop
  endfacet
  facet normal -0 0 -1
    outer loop
      vertex 29.4365 55.9876 0
      vertex 28.4138 55.8641 0
      vertex 28.4959 55.9953 0
    endloop
  endfacet
  facet normal 0 0 -1
    outer loop
      vertex 29.521 55.8556 0
      vertex 28.4138 55.8641 0
      vertex 29.4365 55.9876 0
    endloop
  endfacet
  facet normal 0 -0 -1
    outer loop
      vertex 28.4138 55.8641 0
      vertex 29.521 55.8556 0
      vertex 28.3187 55.7476 0
    endloop
  endfacet
  facet normal 0 0 -1
    outer loop
      vertex 29.6193 55.7366 0
      vertex 28.3187 55.7476 0
      vertex 29.521 55.8556 0
    endloop
  endfacet
  facet normal 0 -0 -1
    outer loop
      vertex 28.3187 55.7476 0
      vertex 29.6193 55.7366 0
      vertex 28.2107 55.646 0
    endloop
  endfacet
  facet normal 0 -0 -1
    outer loop
      vertex 28.2107 55.646 0
      vertex 29.7311 55.6303 0
      vertex 28.0898 55.5591 0
    endloop
  endfacet
  facet normal 0 -0 -1
    outer loop
      vertex 28.0898 55.5591 0
      vertex 29.8559 55.5377 0
      vertex 27.9534 55.4854 0
    endloop
  endfacet
  facet normal 0 0 -1
    outer loop
      vertex 30.1422 55.3951 0
      vertex 27.7989 55.423 0
      vertex 29.993 55.4593 0
    endloop
  endfacet
  facet normal 0 0 -1
    outer loop
      vertex 30.3038 55.3452 0
      vertex 27.6264 55.3719 0
      vertex 30.1422 55.3951 0
    endloop
  endfacet
  facet normal 0 0 -1
    outer loop
      vertex 30.4776 55.3096 0
      vertex 27.4358 55.3322 0
      vertex 30.3038 55.3452 0
    endloop
  endfacet
  facet normal 0 0 -1
    outer loop
      vertex 27.2271 55.3038 0
      vertex 18.15 32.6 0
      vertex 27.0004 55.2868 0
    endloop
  endfacet
  facet normal 0 0 -1
    outer loop
      vertex 27.0004 55.2868 0
      vertex 18.15 32.6 0
      vertex 26.7556 55.2811 0
    endloop
  endfacet
  facet normal -0 0 -1
    outer loop
      vertex 26.7556 55.2811 0
      vertex 18.15 32.6 0
      vertex 26.4992 55.2881 0
    endloop
  endfacet
  facet normal -0 0 -1
    outer loop
      vertex 26.4992 55.2881 0
      vertex 18.15 32.6 0
      vertex 26.2609 55.3092 0
    endloop
  endfacet
  facet normal -0 0 -1
    outer loop
      vertex 26.2609 55.3092 0
      vertex 18.15 32.6 0
      vertex 26.0406 55.3443 0
    endloop
  endfacet
  facet normal 0 -0 -1
    outer loop
      vertex 22.8401 55.3823 0
      vertex 26.0406 55.3443 0
      vertex 18.15 32.6 0
    endloop
  endfacet
  facet normal 0 -0 -1
    outer loop
      vertex 23.0444 55.4199 0
      vertex 26.0406 55.3443 0
      vertex 22.8401 55.3823 0
    endloop
  endfacet
  facet normal 0 0 -1
    outer loop
      vertex 26.0406 55.3443 0
      vertex 23.0444 55.4199 0
      vertex 25.8384 55.3935 0
    endloop
  endfacet
  facet normal 0 -0 -1
    outer loop
      vertex 23.2328 55.4724 0
      vertex 25.8384 55.3935 0
      vertex 23.0444 55.4199 0
    endloop
  endfacet
  facet normal 0 -0 -1
    outer loop
      vertex 23.4053 55.54 0
      vertex 25.6542 55.4567 0
      vertex 23.2328 55.4724 0
    endloop
  endfacet
  facet normal 0 0 -1
    outer loop
      vertex 24.1577 56.5862 0
      vertex 24.8535 56.617 0
      vertex 24.8634 56.4382 0
    endloop
  endfacet
  facet normal 0 0 -1
    outer loop
      vertex 24.8535 56.617 0
      vertex 24.0741 57.305 0
      vertex 24.6297 58.8853 0
    endloop
  endfacet
  facet normal 0 0 -1
    outer loop
      vertex 24.8535 56.617 0
      vertex 24.1671 56.7763 0
      vertex 24.1613 56.9169 0
    endloop
  endfacet
  facet normal 0 0 -1
    outer loop
      vertex 24.1292 56.4092 0
      vertex 24.8634 56.4382 0
      vertex 24.8932 56.2717 0
    endloop
  endfacet
  facet normal 0 0 -1
    outer loop
      vertex 24.0818 56.2452 0
      vertex 24.8932 56.2717 0
      vertex 24.9429 56.1176 0
    endloop
  endfacet
  facet normal 0 0 -1
    outer loop
      vertex 24.0154 56.0944 0
      vertex 24.9429 56.1176 0
      vertex 25.0124 55.976 0
    endloop
  endfacet
  facet normal 0 0 -1
    outer loop
      vertex 23.9301 55.9566 0
      vertex 25.0124 55.976 0
      vertex 25.1017 55.8467 0
    endloop
  endfacet
  facet normal 0 0 -1
    outer loop
      vertex 25.6542 55.4567 0
      vertex 23.4053 55.54 0
      vertex 25.4881 55.5339 0
    endloop
  endfacet
  facet normal -0 0 -1
    outer loop
      vertex 24.8535 56.617 0
      vertex 24.1577 56.5862 0
      vertex 24.1671 56.7763 0
    endloop
  endfacet
  facet normal -0 0 -1
    outer loop
      vertex 24.8634 56.4382 0
      vertex 24.1292 56.4092 0
      vertex 24.1577 56.5862 0
    endloop
  endfacet
  facet normal -0 0 -1
    outer loop
      vertex 24.8932 56.2717 0
      vertex 24.0818 56.2452 0
      vertex 24.1292 56.4092 0
    endloop
  endfacet
  facet normal -0 0 -1
    outer loop
      vertex 24.9429 56.1176 0
      vertex 24.0154 56.0944 0
      vertex 24.0818 56.2452 0
    endloop
  endfacet
  facet normal -0 0 -1
    outer loop
      vertex 25.0124 55.976 0
      vertex 23.9301 55.9566 0
      vertex 24.0154 56.0944 0
    endloop
  endfacet
  facet normal -0 0 -1
    outer loop
      vertex 25.1017 55.8467 0
      vertex 23.8258 55.8318 0
      vertex 23.9301 55.9566 0
    endloop
  endfacet
  facet normal 0 0 -1
    outer loop
      vertex 25.211 55.7298 0
      vertex 23.8258 55.8318 0
      vertex 25.1017 55.8467 0
    endloop
  endfacet
  facet normal 0 -0 -1
    outer loop
      vertex 23.8258 55.8318 0
      vertex 25.211 55.7298 0
      vertex 23.7026 55.7202 0
    endloop
  endfacet
  facet normal 0 0 -1
    outer loop
      vertex 25.34 55.6252 0
      vertex 23.7026 55.7202 0
      vertex 25.211 55.7298 0
    endloop
  endfacet
  facet normal 0 0 -1
    outer loop
      vertex 25.4881 55.5339 0
      vertex 23.5619 55.6226 0
      vertex 25.34 55.6252 0
    endloop
  endfacet
  facet normal 0 -0 -1
    outer loop
      vertex 23.7026 55.7202 0
      vertex 25.34 55.6252 0
      vertex 23.5619 55.6226 0
    endloop
  endfacet
  facet normal 0 -0 -1
    outer loop
      vertex 23.5619 55.6226 0
      vertex 25.4881 55.5339 0
      vertex 23.4053 55.54 0
    endloop
  endfacet
  facet normal 0 0 -1
    outer loop
      vertex 25.8384 55.3935 0
      vertex 23.2328 55.4724 0
      vertex 25.6542 55.4567 0
    endloop
  endfacet
  facet normal 0 0 -1
    outer loop
      vertex 22.8401 55.3823 0
      vertex 18.15 32.6 0
      vertex 22.6198 55.3598 0
    endloop
  endfacet
  facet normal 0 0 -1
    outer loop
      vertex 22.6198 55.3598 0
      vertex 18.15 32.6 0
      vertex 22.3836 55.3523 0
    endloop
  endfacet
  facet normal 0 0 -1
    outer loop
      vertex 7.49255 61.8 0
      vertex 19.9966 55.3523 0
      vertex 18.15 32.6 0
    endloop
  endfacet
  facet normal -0 0 -1
    outer loop
      vertex 22.3836 55.3523 0
      vertex 18.15 32.6 0
      vertex 19.9966 55.3523 0
    endloop
  endfacet
  facet normal 0 0 -1
    outer loop
      vertex 57.271 5.32666 0
      vertex 59.8 3 0
      vertex 57.2712 5.32534 0
    endloop
  endfacet
  facet normal 0 0 -1
    outer loop
      vertex 59.8 63.8 0
      vertex 57.2713 61.476 0
      vertex 57.2926 61.8 0
    endloop
  endfacet
  facet normal 0 0 -1
    outer loop
      vertex 57.2076 5.64512 0
      vertex 59.8 3 0
      vertex 57.271 5.32666 0
    endloop
  endfacet
  facet normal 0 0 -1
    outer loop
      vertex 59.8 63.8 0
      vertex 57.2712 61.4747 0
      vertex 57.2713 61.476 0
    endloop
  endfacet
  facet normal 0 0 -1
    outer loop
      vertex 57.1033 5.95258 0
      vertex 59.8 3 0
      vertex 57.2076 5.64512 0
    endloop
  endfacet
  facet normal 0 0 -1
    outer loop
      vertex 59.8 63.8 0
      vertex 57.271 61.4733 0
      vertex 57.2712 61.4747 0
    endloop
  endfacet
  facet normal 0 0 -1
    outer loop
      vertex 57.1028 5.95386 0
      vertex 59.8 3 0
      vertex 57.1033 5.95258 0
    endloop
  endfacet
  facet normal 0 0 -1
    outer loop
      vertex 59.8 63.8 0
      vertex 57.2076 61.1549 0
      vertex 57.271 61.4733 0
    endloop
  endfacet
  facet normal 0 0 -1
    outer loop
      vertex 57.1022 5.95506 0
      vertex 59.8 3 0
      vertex 57.1028 5.95386 0
    endloop
  endfacet
  facet normal 0 0 -1
    outer loop
      vertex 59.8 63.8 0
      vertex 57.1033 60.8474 0
      vertex 57.2076 61.1549 0
    endloop
  endfacet
  facet normal 0 0 -1
    outer loop
      vertex 56.9586 6.24628 0
      vertex 59.8 3 0
      vertex 57.1022 5.95506 0
    endloop
  endfacet
  facet normal 0 0 -1
    outer loop
      vertex 59.8 63.8 0
      vertex 57.1028 60.8461 0
      vertex 57.1033 60.8474 0
    endloop
  endfacet
  facet normal 0 0 -1
    outer loop
      vertex 56.9579 6.2474 0
      vertex 59.8 3 0
      vertex 56.9586 6.24628 0
    endloop
  endfacet
  facet normal 0 0 -1
    outer loop
      vertex 59.8 63.8 0
      vertex 57.1022 60.8449 0
      vertex 57.1028 60.8461 0
    endloop
  endfacet
  facet normal 0 0 -1
    outer loop
      vertex 56.7775 6.51737 0
      vertex 59.8 3 0
      vertex 56.9579 6.2474 0
    endloop
  endfacet
  facet normal 0 0 -1
    outer loop
      vertex 59.8 63.8 0
      vertex 56.9586 60.5537 0
      vertex 57.1022 60.8449 0
    endloop
  endfacet
  facet normal 0 0 -1
    outer loop
      vertex 59.8 3 0
      vertex 56.7775 6.51737 0
      vertex 59.8 63.8 0
    endloop
  endfacet
  facet normal 0 0 -1
    outer loop
      vertex 59.8 63.8 0
      vertex 56.9579 60.5526 0
      vertex 56.9586 60.5537 0
    endloop
  endfacet
  facet normal 0 0 -1
    outer loop
      vertex 56.7775 60.2826 0
      vertex 59.8 63.8 0
      vertex 56.7775 6.51737 0
    endloop
  endfacet
  facet normal 0 0 -1
    outer loop
      vertex 59.8 63.8 0
      vertex 56.7775 60.2826 0
      vertex 56.9579 60.5526 0
    endloop
  endfacet
  facet normal 0 0 -1
    outer loop
      vertex 56.7766 6.51838 0
      vertex 56.7775 60.2826 0
      vertex 56.7775 6.51737 0
    endloop
  endfacet
  facet normal 0 0 -1
    outer loop
      vertex 56.7766 6.51838 0
      vertex 56.7766 60.2816 0
      vertex 56.7775 60.2826 0
    endloop
  endfacet
  facet normal 0 0 -1
    outer loop
      vertex 56.5625 6.7625 0
      vertex 56.7766 60.2816 0
      vertex 56.7766 6.51838 0
    endloop
  endfacet
  facet normal 0 0 -1
    outer loop
      vertex 56.5625 6.7625 0
      vertex 56.5625 60.0375 0
      vertex 56.7766 60.2816 0
    endloop
  endfacet
  facet normal 0 0 -1
    outer loop
      vertex 56.3184 6.97659 0
      vertex 56.5625 60.0375 0
      vertex 56.5625 6.7625 0
    endloop
  endfacet
  facet normal 0 0 -1
    outer loop
      vertex 56.3184 6.97659 0
      vertex 56.3184 59.8234 0
      vertex 56.5625 60.0375 0
    endloop
  endfacet
  facet normal 0 0 -1
    outer loop
      vertex 56.3174 6.97748 0
      vertex 56.3184 59.8234 0
      vertex 56.3184 6.97659 0
    endloop
  endfacet
  facet normal 0 0 -1
    outer loop
      vertex 56.3174 6.97748 0
      vertex 56.3174 59.8225 0
      vertex 56.3184 59.8234 0
    endloop
  endfacet
  facet normal 0 0 -1
    outer loop
      vertex 56.0474 7.15787 0
      vertex 56.3174 59.8225 0
      vertex 56.3174 6.97748 0
    endloop
  endfacet
  facet normal 0 0 -1
    outer loop
      vertex 56.0474 7.15787 0
      vertex 56.0474 59.6421 0
      vertex 56.3174 59.8225 0
    endloop
  endfacet
  facet normal 0 0 -1
    outer loop
      vertex 56.0463 7.15861 0
      vertex 56.0474 59.6421 0
      vertex 56.0474 7.15787 0
    endloop
  endfacet
  facet normal 0 0 -1
    outer loop
      vertex 56.0463 7.15861 0
      vertex 56.0463 59.6414 0
      vertex 56.0474 59.6421 0
    endloop
  endfacet
  facet normal 0 0 -1
    outer loop
      vertex 41.65 32.6 0
      vertex 56.0463 7.15861 0
      vertex 55.7551 7.30222 0
    endloop
  endfacet
  facet normal 0 0 -1
    outer loop
      vertex 56.0463 7.15861 0
      vertex 41.65 32.6 0
      vertex 56.0463 59.6414 0
    endloop
  endfacet
  facet normal 0 0 -1
    outer loop
      vertex 41.65 32.6 0
      vertex 55.7551 7.30222 0
      vertex 55.7539 7.30282 0
    endloop
  endfacet
  facet normal 0 0 -1
    outer loop
      vertex 56.0463 59.6414 0
      vertex 41.65 32.6 0
      vertex 55.7551 59.4978 0
    endloop
  endfacet
  facet normal 0 0 -1
    outer loop
      vertex 41.65 32.6 0
      vertex 55.7539 7.30282 0
      vertex 55.7526 7.30325 0
    endloop
  endfacet
  facet normal 0 0 -1
    outer loop
      vertex 55.7551 59.4978 0
      vertex 41.65 32.6 0
      vertex 55.7539 59.4972 0
    endloop
  endfacet
  facet normal 0 0 -1
    outer loop
      vertex 41.65 32.6 0
      vertex 55.7526 7.30325 0
      vertex 55.4451 7.40762 0
    endloop
  endfacet
  facet normal 0 0 -1
    outer loop
      vertex 55.7539 59.4972 0
      vertex 41.65 32.6 0
      vertex 55.7526 59.4967 0
    endloop
  endfacet
  facet normal 0 0 -1
    outer loop
      vertex 41.65 20.1 0
      vertex 55.4451 7.40762 0
      vertex 55.1267 7.47097 0
    endloop
  endfacet
  facet normal 0 0 -1
    outer loop
      vertex 55.7526 59.4967 0
      vertex 41.65 32.6 0
      vertex 55.4451 59.3924 0
    endloop
  endfacet
  facet normal 0 0 -1
    outer loop
      vertex 41.65 20.1 0
      vertex 55.1267 7.47097 0
      vertex 55.1253 7.47123 0
    endloop
  endfacet
  facet normal 0 0 -1
    outer loop
      vertex 55.4451 59.3924 0
      vertex 41.65 32.6 0
      vertex 55.1267 59.329 0
    endloop
  endfacet
  facet normal 0 0 -1
    outer loop
      vertex 41.65 20.1 0
      vertex 55.1253 7.47123 0
      vertex 55.124 7.47132 0
    endloop
  endfacet
  facet normal 0 0 -1
    outer loop
      vertex 55.1267 59.329 0
      vertex 41.65 32.6 0
      vertex 55.1253 59.3288 0
    endloop
  endfacet
  facet normal 0 0 -1
    outer loop
      vertex 41.65 20.1 0
      vertex 55.124 7.47132 0
      vertex 54.8 7.49255 0
    endloop
  endfacet
  facet normal 0 0 -1
    outer loop
      vertex 55.1253 59.3288 0
      vertex 41.65 32.6 0
      vertex 55.124 59.3287 0
    endloop
  endfacet
  facet normal 0 0 -1
    outer loop
      vertex 41.65 20.1 0
      vertex 54.8 7.49255 0
      vertex 54.476 7.47132 0
    endloop
  endfacet
  facet normal 0 0 -1
    outer loop
      vertex 55.124 59.3287 0
      vertex 41.65 32.6 0
      vertex 54.8 59.3074 0
    endloop
  endfacet
  facet normal 0 0 -1
    outer loop
      vertex 41.65 20.1 0
      vertex 54.476 7.47132 0
      vertex 54.4747 7.47123 0
    endloop
  endfacet
  facet normal -0 0 -1
    outer loop
      vertex 54.8 59.3074 0
      vertex 41.65 32.6 0
      vertex 54.476 59.3287 0
    endloop
  endfacet
  facet normal 0 0 -1
    outer loop
      vertex 41.65 20.1 0
      vertex 54.4747 7.47123 0
      vertex 54.4733 7.47097 0
    endloop
  endfacet
  facet normal -0 0 -1
    outer loop
      vertex 54.476 59.3287 0
      vertex 41.65 32.6 0
      vertex 54.4747 59.3288 0
    endloop
  endfacet
  facet normal 0 0 -1
    outer loop
      vertex 41.65 20.1 0
      vertex 54.4733 7.47097 0
      vertex 54.1549 7.40762 0
    endloop
  endfacet
  facet normal -0 0 -1
    outer loop
      vertex 54.4747 59.3288 0
      vertex 41.65 32.6 0
      vertex 54.4733 59.329 0
    endloop
  endfacet
  facet normal 0 0 -1
    outer loop
      vertex 41.65 20.1 0
      vertex 54.1549 7.40762 0
      vertex 53.8474 7.30325 0
    endloop
  endfacet
  facet normal -0 0 -1
    outer loop
      vertex 54.4733 59.329 0
      vertex 41.65 32.6 0
      vertex 54.1549 59.3924 0
    endloop
  endfacet
  facet normal 0 0 -1
    outer loop
      vertex 41.65 20.1 0
      vertex 53.8474 7.30325 0
      vertex 53.8461 7.30282 0
    endloop
  endfacet
  facet normal 0 0 -1
    outer loop
      vertex 39.7016 55.7403 0
      vertex 54.1549 59.3924 0
      vertex 41.65 32.6 0
    endloop
  endfacet
  facet normal 0 0 -1
    outer loop
      vertex 41.65 20.1 0
      vertex 53.8461 7.30282 0
      vertex 53.8449 7.30222 0
    endloop
  endfacet
  facet normal -0 0 -1
    outer loop
      vertex 54.1549 59.3924 0
      vertex 40.0055 56.6238 0
      vertex 53.8474 59.4967 0
    endloop
  endfacet
  facet normal 0 0 -1
    outer loop
      vertex 41.65 20.1 0
      vertex 53.8449 7.30222 0
      vertex 53.5537 7.15861 0
    endloop
  endfacet
  facet normal -0 0 -1
    outer loop
      vertex 53.8474 59.4967 0
      vertex 40.0055 56.6238 0
      vertex 53.8461 59.4972 0
    endloop
  endfacet
  facet normal 0 0 -1
    outer loop
      vertex 41.65 20.1 0
      vertex 53.5537 7.15861 0
      vertex 53.5526 7.15787 0
    endloop
  endfacet
  facet normal -0 0 -1
    outer loop
      vertex 53.8461 59.4972 0
      vertex 40.0055 56.6238 0
      vertex 53.8449 59.4978 0
    endloop
  endfacet
  facet normal 0 0 -1
    outer loop
      vertex 41.65 20.1 0
      vertex 53.5526 7.15787 0
      vertex 53.2826 6.97748 0
    endloop
  endfacet
  facet normal -0 0 -1
    outer loop
      vertex 53.8449 59.4978 0
      vertex 40.0055 56.6238 0
      vertex 53.5537 59.6414 0
    endloop
  endfacet
  facet normal 0 0 -1
    outer loop
      vertex 41.65 20.1 0
      vertex 53.2826 6.97748 0
      vertex 53.2816 6.97659 0
    endloop
  endfacet
  facet normal 0 0 -1
    outer loop
      vertex 40.0055 56.6238 0
      vertex 53.5526 59.6421 0
      vertex 53.5537 59.6414 0
    endloop
  endfacet
  facet normal 0 0 -1
    outer loop
      vertex 41.65 20.1 0
      vertex 53.2816 6.97659 0
      vertex 53.0375 6.7625 0
    endloop
  endfacet
  facet normal 0 0 -1
    outer loop
      vertex 40.0055 56.6238 0
      vertex 53.2826 59.8225 0
      vertex 53.5526 59.6421 0
    endloop
  endfacet
  facet normal 0 0 -1
    outer loop
      vertex 41.65 20.1 0
      vertex 53.0375 6.7625 0
      vertex 52.8234 6.51838 0
    endloop
  endfacet
  facet normal 0 0 -1
    outer loop
      vertex 40.0055 56.6238 0
      vertex 53.2816 59.8234 0
      vertex 53.2826 59.8225 0
    endloop
  endfacet
  facet normal 0 0 -1
    outer loop
      vertex 41.65 20.1 0
      vertex 52.8234 6.51838 0
      vertex 52.8225 6.51737 0
    endloop
  endfacet
  facet normal 0 0 -1
    outer loop
      vertex 40.0055 56.6238 0
      vertex 53.0375 60.0375 0
      vertex 53.2816 59.8234 0
    endloop
  endfacet
  facet normal 0 0 -1
    outer loop
      vertex 41.65 20.1 0
      vertex 52.8225 6.51737 0
      vertex 52.6421 6.2474 0
    endloop
  endfacet
  facet normal 0 0 -1
    outer loop
      vertex 40.0055 56.6238 0
      vertex 52.8234 60.2816 0
      vertex 53.0375 60.0375 0
    endloop
  endfacet
  facet normal 0 0 -1
    outer loop
      vertex 41.65 20.1 0
      vertex 52.6421 6.2474 0
      vertex 52.6414 6.24628 0
    endloop
  endfacet
  facet normal 0 0 -1
    outer loop
      vertex 40.0055 56.6238 0
      vertex 52.8225 60.2826 0
      vertex 52.8234 60.2816 0
    endloop
  endfacet
  facet normal 0 0 -1
    outer loop
      vertex 41.65 20.1 0
      vertex 52.6414 6.24628 0
      vertex 52.4978 5.95506 0
    endloop
  endfacet
  facet normal 0 0 -1
    outer loop
      vertex 40.0055 56.6238 0
      vertex 52.6421 60.5526 0
      vertex 52.8225 60.2826 0
    endloop
  endfacet
  facet normal 0 0 -1
    outer loop
      vertex 41.65 20.1 0
      vertex 52.4978 5.95506 0
      vertex 52.4972 5.95386 0
    endloop
  endfacet
  facet normal 0 0 -1
    outer loop
      vertex 40.0055 56.6238 0
      vertex 52.6414 60.5537 0
      vertex 52.6421 60.5526 0
    endloop
  endfacet
  facet normal 0 0 -1
    outer loop
      vertex 41.65 20.1 0
      vertex 52.4972 5.95386 0
      vertex 52.4967 5.95258 0
    endloop
  endfacet
  facet normal -0 0 -1
    outer loop
      vertex 52.6414 60.5537 0
      vertex 40.0801 59.3464 0
      vertex 52.4978 60.8449 0
    endloop
  endfacet
  facet normal 0 0 -1
    outer loop
      vertex 41.65 20.1 0
      vertex 52.4967 5.95258 0
      vertex 52.3924 5.64512 0
    endloop
  endfacet
  facet normal -0 0 -1
    outer loop
      vertex 52.4978 60.8449 0
      vertex 40.0801 59.3464 0
      vertex 52.4972 60.8461 0
    endloop
  endfacet
  facet normal 0 0 -1
    outer loop
      vertex 41.65 20.1 0
      vertex 52.3924 5.64512 0
      vertex 52.329 5.32666 0
    endloop
  endfacet
  facet normal -0 0 -1
    outer loop
      vertex 52.4972 60.8461 0
      vertex 40.0801 59.3464 0
      vertex 52.4967 60.8474 0
    endloop
  endfacet
  facet normal 0 0 -1
    outer loop
      vertex 41.65 20.1 0
      vertex 52.329 5.32666 0
      vertex 52.3288 5.32534 0
    endloop
  endfacet
  facet normal -0 0 -1
    outer loop
      vertex 52.4967 60.8474 0
      vertex 40.0801 59.3464 0
      vertex 52.3924 61.1549 0
    endloop
  endfacet
  facet normal 0 0 -1
    outer loop
      vertex 41.65 20.1 0
      vertex 52.3288 5.32534 0
      vertex 52.3287 5.324 0
    endloop
  endfacet
  facet normal 0 0 -1
    outer loop
      vertex 40.0801 60.1297 0
      vertex 52.3924 61.1549 0
      vertex 40.0801 59.3464 0
    endloop
  endfacet
  facet normal 0 0 -1
    outer loop
      vertex 41.65 20.1 0
      vertex 52.3287 5.324 0
      vertex 52.3074 5 0
    endloop
  endfacet
  facet normal -0 0 -1
    outer loop
      vertex 52.3924 61.1549 0
      vertex 40.0801 60.1297 0
      vertex 52.329 61.4733 0
    endloop
  endfacet
  facet normal 0 0 -1
    outer loop
      vertex 56.9586 3.75372 0
      vertex 59.8 3 0
      vertex 59.7743 2.60842 0
    endloop
  endfacet
  facet normal 0 0 -1
    outer loop
      vertex 57.2713 5.324 0
      vertex 59.8 3 0
      vertex 57.2926 5 0
    endloop
  endfacet
  facet normal 0 0 -1
    outer loop
      vertex 56.9579 3.7526 0
      vertex 59.7743 2.60842 0
      vertex 59.6978 2.22354 0
    endloop
  endfacet
  facet normal 0 0 -1
    outer loop
      vertex 57.2712 5.32534 0
      vertex 59.8 3 0
      vertex 57.2713 5.324 0
    endloop
  endfacet
  facet normal 0 0 -1
    outer loop
      vertex 56.7775 3.48263 0
      vertex 59.6978 2.22354 0
      vertex 59.5716 1.85195 0
    endloop
  endfacet
  facet normal 0 0 -1
    outer loop
      vertex 57.2713 62.124 0
      vertex 59.8 63.8 0
      vertex 57.2926 61.8 0
    endloop
  endfacet
  facet normal 0 0 -1
    outer loop
      vertex 56.7775 3.48263 0
      vertex 59.5716 1.85195 0
      vertex 59.3981 1.5 0
    endloop
  endfacet
  facet normal 0 0 -1
    outer loop
      vertex 57.2712 62.1253 0
      vertex 59.8 63.8 0
      vertex 57.2713 62.124 0
    endloop
  endfacet
  facet normal 0 0 -1
    outer loop
      vertex 56.7766 3.48162 0
      vertex 59.3981 1.5 0
      vertex 59.1801 1.17372 0
    endloop
  endfacet
  facet normal 0 0 -1
    outer loop
      vertex 57.271 62.1267 0
      vertex 59.8 63.8 0
      vertex 57.2712 62.1253 0
    endloop
  endfacet
  facet normal 0 0 -1
    outer loop
      vertex 56.5625 3.2375 0
      vertex 59.1801 1.17372 0
      vertex 58.9213 0.87868 0
    endloop
  endfacet
  facet normal 0 0 -1
    outer loop
      vertex 57.2076 62.4451 0
      vertex 59.8 63.8 0
      vertex 57.271 62.1267 0
    endloop
  endfacet
  facet normal 0 0 -1
    outer loop
      vertex 56.5625 3.2375 0
      vertex 58.9213 0.87868 0
      vertex 58.6263 0.619941 0
    endloop
  endfacet
  facet normal 0 0 -1
    outer loop
      vertex 57.1033 62.7526 0
      vertex 59.8 63.8 0
      vertex 57.2076 62.4451 0
    endloop
  endfacet
  facet normal 0 0 -1
    outer loop
      vertex 56.5625 3.2375 0
      vertex 58.6263 0.619941 0
      vertex 58.3 0.401924 0
    endloop
  endfacet
  facet normal 0 0 -1
    outer loop
      vertex 57.1028 62.7539 0
      vertex 59.8 63.8 0
      vertex 57.1033 62.7526 0
    endloop
  endfacet
  facet normal 0 0 -1
    outer loop
      vertex 56.3184 3.02341 0
      vertex 58.3 0.401924 0
      vertex 57.9481 0.228362 0
    endloop
  endfacet
  facet normal 0 0 -1
    outer loop
      vertex 57.1022 62.7551 0
      vertex 59.8 63.8 0
      vertex 57.1028 62.7539 0
    endloop
  endfacet
  facet normal 0 0 -1
    outer loop
      vertex 56.3174 3.02252 0
      vertex 57.9481 0.228362 0
      vertex 57.5765 0.102223 0
    endloop
  endfacet
  facet normal 0 0 -1
    outer loop
      vertex 56.9586 63.0463 0
      vertex 59.8 63.8 0
      vertex 57.1022 62.7551 0
    endloop
  endfacet
  facet normal -0 0 -1
    outer loop
      vertex 59.8 63.8 0
      vertex 56.9586 63.0463 0
      vertex 59.7743 64.1916 0
    endloop
  endfacet
  facet normal 0 0 -1
    outer loop
      vertex 59.8 3 0
      vertex 57.2713 4.676 0
      vertex 57.2926 5 0
    endloop
  endfacet
  facet normal 0 0 -1
    outer loop
      vertex 59.8 3 0
      vertex 57.2712 4.67466 0
      vertex 57.2713 4.676 0
    endloop
  endfacet
  facet normal 0 0 -1
    outer loop
      vertex 59.8 3 0
      vertex 57.271 4.67334 0
      vertex 57.2712 4.67466 0
    endloop
  endfacet
  facet normal 0 0 -1
    outer loop
      vertex 59.8 3 0
      vertex 57.2076 4.35488 0
      vertex 57.271 4.67334 0
    endloop
  endfacet
  facet normal 0 0 -1
    outer loop
      vertex 56.3174 3.02252 0
      vertex 57.5765 0.102223 0
      vertex 57.1916 0.025666 0
    endloop
  endfacet
  facet normal 0 0 -1
    outer loop
      vertex 59.8 3 0
      vertex 57.1033 4.04742 0
      vertex 57.2076 4.35488 0
    endloop
  endfacet
  facet normal 0 0 -1
    outer loop
      vertex 59.8 3 0
      vertex 57.1028 4.04614 0
      vertex 57.1033 4.04742 0
    endloop
  endfacet
  facet normal 0 0 -1
    outer loop
      vertex 59.8 3 0
      vertex 57.1022 4.04494 0
      vertex 57.1028 4.04614 0
    endloop
  endfacet
  facet normal 0 0 -1
    outer loop
      vertex 59.8 3 0
      vertex 56.9586 3.75372 0
      vertex 57.1022 4.04494 0
    endloop
  endfacet
  facet normal 0 0 -1
    outer loop
      vertex 59.7743 2.60842 0
      vertex 56.9579 3.7526 0
      vertex 56.9586 3.75372 0
    endloop
  endfacet
  facet normal 0 0 -1
    outer loop
      vertex 56.0474 2.84213 0
      vertex 57.1916 0.025666 0
      vertex 56.8 7.62939e-07 0
    endloop
  endfacet
  facet normal 0 0 -1
    outer loop
      vertex 59.6978 2.22354 0
      vertex 56.7775 3.48263 0
      vertex 56.9579 3.7526 0
    endloop
  endfacet
  facet normal 0 0 -1
    outer loop
      vertex 59.3981 1.5 0
      vertex 56.7766 3.48162 0
      vertex 56.7775 3.48263 0
    endloop
  endfacet
  facet normal 0 0 -1
    outer loop
      vertex 59.1801 1.17372 0
      vertex 56.5625 3.2375 0
      vertex 56.7766 3.48162 0
    endloop
  endfacet
  facet normal 0 0 -1
    outer loop
      vertex 58.3 0.401924 0
      vertex 56.3184 3.02341 0
      vertex 56.5625 3.2375 0
    endloop
  endfacet
  facet normal 0 0 -1
    outer loop
      vertex 57.9481 0.228362 0
      vertex 56.3174 3.02252 0
      vertex 56.3184 3.02341 0
    endloop
  endfacet
  facet normal 0 0 -1
    outer loop
      vertex 57.1916 0.025666 0
      vertex 56.0474 2.84213 0
      vertex 56.3174 3.02252 0
    endloop
  endfacet
  facet normal 0 0 -1
    outer loop
      vertex 56.8 7.62939e-07 0
      vertex 56.0463 2.84139 0
      vertex 56.0474 2.84213 0
    endloop
  endfacet
  facet normal 0 0 -1
    outer loop
      vertex 56.8 7.62939e-07 0
      vertex 55.7551 2.69778 0
      vertex 56.0463 2.84139 0
    endloop
  endfacet
  facet normal 0 0 -1
    outer loop
      vertex 56.8 7.62939e-07 0
      vertex 55.7539 2.69718 0
      vertex 55.7551 2.69778 0
    endloop
  endfacet
  facet normal 0 0 -1
    outer loop
      vertex 56.8 7.62939e-07 0
      vertex 55.7526 2.69675 0
      vertex 55.7539 2.69718 0
    endloop
  endfacet
  facet normal 0 0 -1
    outer loop
      vertex 56.8 7.62939e-07 0
      vertex 55.4451 2.59238 0
      vertex 55.7526 2.69675 0
    endloop
  endfacet
  facet normal 0 0 -1
    outer loop
      vertex 56.8 7.62939e-07 0
      vertex 55.1267 2.52903 0
      vertex 55.4451 2.59238 0
    endloop
  endfacet
  facet normal 0 0 -1
    outer loop
      vertex 56.8 7.62939e-07 0
      vertex 55.1253 2.52877 0
      vertex 55.1267 2.52903 0
    endloop
  endfacet
  facet normal 0 0 -1
    outer loop
      vertex 56.8 7.62939e-07 0
      vertex 55.124 2.52868 0
      vertex 55.1253 2.52877 0
    endloop
  endfacet
  facet normal 0 0 -1
    outer loop
      vertex 56.8 7.62939e-07 0
      vertex 54.8 2.50745 0
      vertex 55.124 2.52868 0
    endloop
  endfacet
  facet normal 0 0 -1
    outer loop
      vertex 56.8 7.62939e-07 0
      vertex 54.476 2.52868 0
      vertex 54.8 2.50745 0
    endloop
  endfacet
  facet normal 0 0 -1
    outer loop
      vertex 56.8 7.62939e-07 0
      vertex 54.4747 2.52877 0
      vertex 54.476 2.52868 0
    endloop
  endfacet
  facet normal 0 0 -1
    outer loop
      vertex 56.8 7.62939e-07 0
      vertex 54.4733 2.52903 0
      vertex 54.4747 2.52877 0
    endloop
  endfacet
  facet normal 0 0 -1
    outer loop
      vertex 56.8 7.62939e-07 0
      vertex 54.1549 2.59238 0
      vertex 54.4733 2.52903 0
    endloop
  endfacet
  facet normal 0 0 -1
    outer loop
      vertex 56.8 7.62939e-07 0
      vertex 53.8474 2.69675 0
      vertex 54.1549 2.59238 0
    endloop
  endfacet
  facet normal 0 0 -1
    outer loop
      vertex 56.8 7.62939e-07 0
      vertex 53.8461 2.69718 0
      vertex 53.8474 2.69675 0
    endloop
  endfacet
  facet normal 0 0 -1
    outer loop
      vertex 56.8 7.62939e-07 0
      vertex 53.8449 2.69778 0
      vertex 53.8461 2.69718 0
    endloop
  endfacet
  facet normal 0 0 -1
    outer loop
      vertex 56.8 7.62939e-07 0
      vertex 53.5537 2.84139 0
      vertex 53.8449 2.69778 0
    endloop
  endfacet
  facet normal 0 0 -1
    outer loop
      vertex 56.8 7.62939e-07 0
      vertex 53.5526 2.84213 0
      vertex 53.5537 2.84139 0
    endloop
  endfacet
  facet normal 0 0 -1
    outer loop
      vertex 56.8 7.62939e-07 0
      vertex 53.2826 3.02252 0
      vertex 53.5526 2.84213 0
    endloop
  endfacet
  facet normal 0 0 -1
    outer loop
      vertex 53.2826 3.02252 0
      vertex 53.0375 3.2375 0
      vertex 53.2816 3.02341 0
    endloop
  endfacet
  facet normal 0 0 1
    outer loop
      vertex 52.8225 3.48263 0
      vertex 52.6414 3.75372 0
      vertex 52.6421 3.7526 0
    endloop
  endfacet
  facet normal 0 0 -1
    outer loop
      vertex 52.6414 3.75372 0
      vertex 52.4972 4.04614 0
      vertex 52.4978 4.04494 0
    endloop
  endfacet
  facet normal 0 0 1
    outer loop
      vertex 52.4972 4.04614 0
      vertex 52.3924 4.35488 0
      vertex 52.4967 4.04742 0
    endloop
  endfacet
  facet normal 0 0 1
    outer loop
      vertex 52.3924 4.35488 0
      vertex 52.3288 4.67466 0
      vertex 52.329 4.67334 0
    endloop
  endfacet
  facet normal 0 0 1
    outer loop
      vertex 52.3288 4.67466 0
      vertex 52.3074 5 0
      vertex 52.3287 4.676 0
    endloop
  endfacet
  facet normal 0 0 -1
    outer loop
      vertex 55.4451 7.40762 0
      vertex 41.65 20.1 0
      vertex 41.65 32.6 0
    endloop
  endfacet
  facet normal 0 0 -1
    outer loop
      vertex 52.3288 4.67466 0
      vertex 41.65 20.1 0
      vertex 52.3074 5 0
    endloop
  endfacet
  facet normal 0 0 -1
    outer loop
      vertex 7.47123 4.67466 0
      vertex 52.3288 4.67466 0
      vertex 52.3924 4.35488 0
    endloop
  endfacet
  facet normal 0 0 -1
    outer loop
      vertex 7.40762 4.35488 0
      vertex 52.3924 4.35488 0
      vertex 52.4972 4.04614 0
    endloop
  endfacet
  facet normal 0 0 -1
    outer loop
      vertex 7.30282 4.04614 0
      vertex 52.4972 4.04614 0
      vertex 52.6414 3.75372 0
    endloop
  endfacet
  facet normal 0 0 -1
    outer loop
      vertex 7.15861 3.75372 0
      vertex 52.6414 3.75372 0
      vertex 52.8225 3.48263 0
    endloop
  endfacet
  facet normal 0 0 -1
    outer loop
      vertex 52.3288 4.67466 0
      vertex 7.47123 4.67466 0
      vertex 41.65 20.1 0
    endloop
  endfacet
  facet normal 0 0 -1
    outer loop
      vertex 6.97748 3.48263 0
      vertex 52.8225 3.48263 0
      vertex 52.8234 3.48162 0
    endloop
  endfacet
  facet normal 0 0 -1
    outer loop
      vertex 6.97748 3.48263 0
      vertex 52.8234 3.48162 0
      vertex 53.0375 3.2375 0
    endloop
  endfacet
  facet normal 0 0 -1
    outer loop
      vertex 6.7625 3.2375 0
      vertex 53.0375 3.2375 0
      vertex 53.2826 3.02252 0
    endloop
  endfacet
  facet normal 0 0 -1
    outer loop
      vertex 6.51737 3.02252 0
      vertex 53.2826 3.02252 0
      vertex 56.8 7.62939e-07 0
    endloop
  endfacet
  facet normal 0 0 -1
    outer loop
      vertex 7.47132 5.324 0
      vertex 18.15 20.1 0
      vertex 7.49255 5 0
    endloop
  endfacet
  facet normal 0 0 -1
    outer loop
      vertex 52.3924 4.35488 0
      vertex 7.40762 4.35488 0
      vertex 7.47097 4.67334 0
    endloop
  endfacet
  facet normal 0 0 -1
    outer loop
      vertex 18.15 20.1 0
      vertex 7.47132 4.676 0
      vertex 7.49255 5 0
    endloop
  endfacet
  facet normal 0 0 -1
    outer loop
      vertex 18.15 20.1 0
      vertex 7.47123 4.67466 0
      vertex 7.47132 4.676 0
    endloop
  endfacet
  facet normal -0 0 -1
    outer loop
      vertex 41.65 20.1 0
      vertex 7.47123 4.67466 0
      vertex 18.15 20.1 0
    endloop
  endfacet
  facet normal 0 0 -1
    outer loop
      vertex 52.3924 4.35488 0
      vertex 7.47097 4.67334 0
      vertex 7.47123 4.67466 0
    endloop
  endfacet
  facet normal 0 0 -1
    outer loop
      vertex 52.4972 4.04614 0
      vertex 7.30325 4.04742 0
      vertex 7.40762 4.35488 0
    endloop
  endfacet
  facet normal 0 0 -1
    outer loop
      vertex 52.4972 4.04614 0
      vertex 7.30282 4.04614 0
      vertex 7.30325 4.04742 0
    endloop
  endfacet
  facet normal 0 0 -1
    outer loop
      vertex 52.6414 3.75372 0
      vertex 7.30222 4.04494 0
      vertex 7.30282 4.04614 0
    endloop
  endfacet
  facet normal 0 0 -1
    outer loop
      vertex 52.6414 3.75372 0
      vertex 7.15861 3.75372 0
      vertex 7.30222 4.04494 0
    endloop
  endfacet
  facet normal 0 0 -1
    outer loop
      vertex 52.8225 3.48263 0
      vertex 7.15787 3.7526 0
      vertex 7.15861 3.75372 0
    endloop
  endfacet
  facet normal 0 0 -1
    outer loop
      vertex 52.8225 3.48263 0
      vertex 6.97748 3.48263 0
      vertex 7.15787 3.7526 0
    endloop
  endfacet
  facet normal 0 0 -1
    outer loop
      vertex 53.0375 3.2375 0
      vertex 6.97659 3.48162 0
      vertex 6.97748 3.48263 0
    endloop
  endfacet
  facet normal 0 0 -1
    outer loop
      vertex 53.0375 3.2375 0
      vertex 6.7625 3.2375 0
      vertex 6.97659 3.48162 0
    endloop
  endfacet
  facet normal 0 0 -1
    outer loop
      vertex 53.2826 3.02252 0
      vertex 6.51838 3.02341 0
      vertex 6.7625 3.2375 0
    endloop
  endfacet
  facet normal 0 0 -1
    outer loop
      vertex 53.2826 3.02252 0
      vertex 6.51737 3.02252 0
      vertex 6.51838 3.02341 0
    endloop
  endfacet
  facet normal 0 0 -1
    outer loop
      vertex 3 7.62939e-07 0
      vertex 6.51737 3.02252 0
      vertex 56.8 7.62939e-07 0
    endloop
  endfacet
  facet normal 0 0 -1
    outer loop
      vertex 6.51737 3.02252 0
      vertex 3 7.62939e-07 0
      vertex 6.2474 2.84213 0
    endloop
  endfacet
  facet normal 0 0 -1
    outer loop
      vertex 6.2474 2.84213 0
      vertex 3 7.62939e-07 0
      vertex 6.24628 2.84139 0
    endloop
  endfacet
  facet normal 0 0 -1
    outer loop
      vertex 6.24628 2.84139 0
      vertex 3 7.62939e-07 0
      vertex 5.95506 2.69778 0
    endloop
  endfacet
  facet normal 0 0 -1
    outer loop
      vertex 5.95506 2.69778 0
      vertex 3 7.62939e-07 0
      vertex 5.95386 2.69718 0
    endloop
  endfacet
  facet normal 0 0 -1
    outer loop
      vertex 5.95386 2.69718 0
      vertex 3 7.62939e-07 0
      vertex 5.95258 2.69675 0
    endloop
  endfacet
  facet normal 0 0 -1
    outer loop
      vertex 5.95258 2.69675 0
      vertex 3 7.62939e-07 0
      vertex 5.64512 2.59238 0
    endloop
  endfacet
  facet normal 0 0 -1
    outer loop
      vertex 5.64512 2.59238 0
      vertex 3 7.62939e-07 0
      vertex 5.32666 2.52903 0
    endloop
  endfacet
  facet normal 0 0 -1
    outer loop
      vertex 5.32666 2.52903 0
      vertex 3 7.62939e-07 0
      vertex 5.32534 2.52877 0
    endloop
  endfacet
  facet normal 0 0 -1
    outer loop
      vertex 5.32534 2.52877 0
      vertex 3 7.62939e-07 0
      vertex 5.324 2.52868 0
    endloop
  endfacet
  facet normal 0 0 -1
    outer loop
      vertex 3 7.62939e-07 0
      vertex 4.676 2.52868 0
      vertex 5 2.50745 0
    endloop
  endfacet
  facet normal 0 0 -1
    outer loop
      vertex 5.324 2.52868 0
      vertex 3 7.62939e-07 0
      vertex 5 2.50745 0
    endloop
  endfacet
  facet normal -0 0 -1
    outer loop
      vertex 4.676 2.52868 0
      vertex 3 7.62939e-07 0
      vertex 4.67466 2.52877 0
    endloop
  endfacet
  facet normal 0 0 -1
    outer loop
      vertex 3 7.62939e-07 0
      vertex 4.67334 2.52903 0
      vertex 4.67466 2.52877 0
    endloop
  endfacet
  facet normal 0 0 -1
    outer loop
      vertex 3 7.62939e-07 0
      vertex 4.35488 2.59238 0
      vertex 4.67334 2.52903 0
    endloop
  endfacet
  facet normal 0 0 -1
    outer loop
      vertex 3 7.62939e-07 0
      vertex 4.04742 2.69675 0
      vertex 4.35488 2.59238 0
    endloop
  endfacet
  facet normal 0 0 -1
    outer loop
      vertex 3 7.62939e-07 0
      vertex 4.04614 2.69718 0
      vertex 4.04742 2.69675 0
    endloop
  endfacet
  facet normal 0 0 -1
    outer loop
      vertex 3 7.62939e-07 0
      vertex 4.04494 2.69778 0
      vertex 4.04614 2.69718 0
    endloop
  endfacet
  facet normal 0 0 -1
    outer loop
      vertex 3 7.62939e-07 0
      vertex 3.75372 2.84139 0
      vertex 4.04494 2.69778 0
    endloop
  endfacet
  facet normal 0 0 -1
    outer loop
      vertex 3 7.62939e-07 0
      vertex 3.7526 2.84213 0
      vertex 3.75372 2.84139 0
    endloop
  endfacet
  facet normal 0 0 -1
    outer loop
      vertex 2.60842 0.025666 0
      vertex 3.7526 2.84213 0
      vertex 3 7.62939e-07 0
    endloop
  endfacet
  facet normal -0 0 -1
    outer loop
      vertex 3.7526 2.84213 0
      vertex 2.60842 0.025666 0
      vertex 3.48263 3.02252 0
    endloop
  endfacet
  facet normal 0 0 -1
    outer loop
      vertex 2.22354 0.102223 0
      vertex 3.48263 3.02252 0
      vertex 2.60842 0.025666 0
    endloop
  endfacet
  facet normal 0 0 -1
    outer loop
      vertex 1.85195 0.228362 0
      vertex 3.48263 3.02252 0
      vertex 2.22354 0.102223 0
    endloop
  endfacet
  facet normal -0 0 -1
    outer loop
      vertex 3.48263 3.02252 0
      vertex 1.85195 0.228362 0
      vertex 3.48162 3.02341 0
    endloop
  endfacet
  facet normal 0 0 -1
    outer loop
      vertex 1.5 0.401924 0
      vertex 3.48162 3.02341 0
      vertex 1.85195 0.228362 0
    endloop
  endfacet
  facet normal -0 0 -1
    outer loop
      vertex 3.48162 3.02341 0
      vertex 1.5 0.401924 0
      vertex 3.2375 3.2375 0
    endloop
  endfacet
  facet normal 0 0 -1
    outer loop
      vertex 1.17372 0.619941 0
      vertex 3.2375 3.2375 0
      vertex 1.5 0.401924 0
    endloop
  endfacet
  facet normal 0 0 -1
    outer loop
      vertex 0.878679 0.87868 0
      vertex 3.2375 3.2375 0
      vertex 1.17372 0.619941 0
    endloop
  endfacet
  facet normal 0 0 -1
    outer loop
      vertex 0.61994 1.17372 0
      vertex 3.2375 3.2375 0
      vertex 0.878679 0.87868 0
    endloop
  endfacet
  facet normal -0 0 -1
    outer loop
      vertex 3.2375 3.2375 0
      vertex 0.61994 1.17372 0
      vertex 3.02341 3.48162 0
    endloop
  endfacet
  facet normal 0 0 -1
    outer loop
      vertex 0.401923 1.5 0
      vertex 3.02341 3.48162 0
      vertex 0.61994 1.17372 0
    endloop
  endfacet
  facet normal -0 0 -1
    outer loop
      vertex 3.02341 3.48162 0
      vertex 0.401923 1.5 0
      vertex 3.02252 3.48263 0
    endloop
  endfacet
  facet normal 0 0 -1
    outer loop
      vertex 0.228361 1.85195 0
      vertex 3.02252 3.48263 0
      vertex 0.401923 1.5 0
    endloop
  endfacet
  facet normal 0 0 -1
    outer loop
      vertex 0.102222 2.22354 0
      vertex 3.02252 3.48263 0
      vertex 0.228361 1.85195 0
    endloop
  endfacet
  facet normal -0 0 -1
    outer loop
      vertex 3.02252 3.48263 0
      vertex 0.102222 2.22354 0
      vertex 2.84213 3.7526 0
    endloop
  endfacet
  facet normal -0 0 -1
    outer loop
      vertex 2.84213 3.7526 0
      vertex 0.0256653 2.60842 0
      vertex 2.84139 3.75372 0
    endloop
  endfacet
  facet normal 0 0 -1
    outer loop
      vertex 0.0256653 2.60842 0
      vertex 2.84213 3.7526 0
      vertex 0.102222 2.22354 0
    endloop
  endfacet
  facet normal 0 0 -1
    outer loop
      vertex 56.9579 63.0474 0
      vertex 59.7743 64.1916 0
      vertex 56.9586 63.0463 0
    endloop
  endfacet
  facet normal -0 0 -1
    outer loop
      vertex 59.7743 64.1916 0
      vertex 56.9579 63.0474 0
      vertex 59.6978 64.5765 0
    endloop
  endfacet
  facet normal 0 0 -1
    outer loop
      vertex 56.7775 63.3174 0
      vertex 59.6978 64.5765 0
      vertex 56.9579 63.0474 0
    endloop
  endfacet
  facet normal -0 0 -1
    outer loop
      vertex 59.6978 64.5765 0
      vertex 56.7775 63.3174 0
      vertex 59.5716 64.9481 0
    endloop
  endfacet
  facet normal -0 0 -1
    outer loop
      vertex 59.5716 64.9481 0
      vertex 56.7775 63.3174 0
      vertex 59.3981 65.3 0
    endloop
  endfacet
  facet normal 0 0 -1
    outer loop
      vertex 56.7766 63.3184 0
      vertex 59.3981 65.3 0
      vertex 56.7775 63.3174 0
    endloop
  endfacet
  facet normal -0 0 -1
    outer loop
      vertex 59.3981 65.3 0
      vertex 56.7766 63.3184 0
      vertex 59.1801 65.6263 0
    endloop
  endfacet
  facet normal 0 0 -1
    outer loop
      vertex 56.5625 63.5625 0
      vertex 59.1801 65.6263 0
      vertex 56.7766 63.3184 0
    endloop
  endfacet
  facet normal -0 0 -1
    outer loop
      vertex 59.1801 65.6263 0
      vertex 56.5625 63.5625 0
      vertex 58.9213 65.9213 0
    endloop
  endfacet
  facet normal -0 0 -1
    outer loop
      vertex 58.9213 65.9213 0
      vertex 56.5625 63.5625 0
      vertex 58.6263 66.1801 0
    endloop
  endfacet
  facet normal -0 0 -1
    outer loop
      vertex 58.6263 66.1801 0
      vertex 56.5625 63.5625 0
      vertex 58.3 66.3981 0
    endloop
  endfacet
  facet normal 0 0 -1
    outer loop
      vertex 56.3184 63.7766 0
      vertex 58.3 66.3981 0
      vertex 56.5625 63.5625 0
    endloop
  endfacet
  facet normal -0 0 -1
    outer loop
      vertex 58.3 66.3981 0
      vertex 56.3184 63.7766 0
      vertex 57.9481 66.5716 0
    endloop
  endfacet
  facet normal 0 0 -1
    outer loop
      vertex 56.3174 63.7775 0
      vertex 57.9481 66.5716 0
      vertex 56.3184 63.7766 0
    endloop
  endfacet
  facet normal -0 0 -1
    outer loop
      vertex 57.9481 66.5716 0
      vertex 56.3174 63.7775 0
      vertex 57.5765 66.6978 0
    endloop
  endfacet
  facet normal -0 0 -1
    outer loop
      vertex 57.5765 66.6978 0
      vertex 56.3174 63.7775 0
      vertex 57.1916 66.7743 0
    endloop
  endfacet
  facet normal 0 0 -1
    outer loop
      vertex 56.0474 63.9579 0
      vertex 57.1916 66.7743 0
      vertex 56.3174 63.7775 0
    endloop
  endfacet
  facet normal -0 0 -1
    outer loop
      vertex 57.1916 66.7743 0
      vertex 56.0474 63.9579 0
      vertex 56.8 66.8 0
    endloop
  endfacet
  facet normal 0 0 -1
    outer loop
      vertex 56.0463 63.9586 0
      vertex 56.8 66.8 0
      vertex 56.0474 63.9579 0
    endloop
  endfacet
  facet normal 0 0 -1
    outer loop
      vertex 55.7551 64.1022 0
      vertex 56.8 66.8 0
      vertex 56.0463 63.9586 0
    endloop
  endfacet
  facet normal 0 0 -1
    outer loop
      vertex 55.7539 64.1028 0
      vertex 56.8 66.8 0
      vertex 55.7551 64.1022 0
    endloop
  endfacet
  facet normal 0 0 -1
    outer loop
      vertex 55.7526 64.1032 0
      vertex 56.8 66.8 0
      vertex 55.7539 64.1028 0
    endloop
  endfacet
  facet normal 0 0 -1
    outer loop
      vertex 55.4451 64.2076 0
      vertex 56.8 66.8 0
      vertex 55.7526 64.1032 0
    endloop
  endfacet
  facet normal 0 0 -1
    outer loop
      vertex 55.1267 64.271 0
      vertex 56.8 66.8 0
      vertex 55.4451 64.2076 0
    endloop
  endfacet
  facet normal 0 0 -1
    outer loop
      vertex 55.1253 64.2712 0
      vertex 56.8 66.8 0
      vertex 55.1267 64.271 0
    endloop
  endfacet
  facet normal 0 0 -1
    outer loop
      vertex 55.124 64.2713 0
      vertex 56.8 66.8 0
      vertex 55.1253 64.2712 0
    endloop
  endfacet
  facet normal 0 0 -1
    outer loop
      vertex 54.8 64.2926 0
      vertex 56.8 66.8 0
      vertex 55.124 64.2713 0
    endloop
  endfacet
  facet normal 0 0 -1
    outer loop
      vertex 54.476 64.2713 0
      vertex 56.8 66.8 0
      vertex 54.8 64.2926 0
    endloop
  endfacet
  facet normal 0 0 -1
    outer loop
      vertex 54.4747 64.2712 0
      vertex 56.8 66.8 0
      vertex 54.476 64.2713 0
    endloop
  endfacet
  facet normal 0 0 -1
    outer loop
      vertex 54.4733 64.271 0
      vertex 56.8 66.8 0
      vertex 54.4747 64.2712 0
    endloop
  endfacet
  facet normal 0 0 -1
    outer loop
      vertex 54.1549 64.2076 0
      vertex 56.8 66.8 0
      vertex 54.4733 64.271 0
    endloop
  endfacet
  facet normal 0 0 -1
    outer loop
      vertex 53.8474 64.1032 0
      vertex 56.8 66.8 0
      vertex 54.1549 64.2076 0
    endloop
  endfacet
  facet normal 0 0 -1
    outer loop
      vertex 53.8461 64.1028 0
      vertex 56.8 66.8 0
      vertex 53.8474 64.1032 0
    endloop
  endfacet
  facet normal 0 0 -1
    outer loop
      vertex 53.8449 64.1022 0
      vertex 56.8 66.8 0
      vertex 53.8461 64.1028 0
    endloop
  endfacet
  facet normal 0 0 -1
    outer loop
      vertex 53.5537 63.9586 0
      vertex 56.8 66.8 0
      vertex 53.8449 64.1022 0
    endloop
  endfacet
  facet normal 0 0 -1
    outer loop
      vertex 53.5526 63.9579 0
      vertex 56.8 66.8 0
      vertex 53.5537 63.9586 0
    endloop
  endfacet
  facet normal 0 0 -1
    outer loop
      vertex 53.2826 63.7775 0
      vertex 56.8 66.8 0
      vertex 53.5526 63.9579 0
    endloop
  endfacet
  facet normal 0 0 -1
    outer loop
      vertex 53.0375 63.5625 0
      vertex 53.2826 63.7775 0
      vertex 53.2816 63.7766 0
    endloop
  endfacet
  facet normal 0 0 -1
    outer loop
      vertex 40.0801 60.1297 0
      vertex 52.6421 63.0474 0
      vertex 52.6414 63.0463 0
    endloop
  endfacet
  facet normal 0 0 -1
    outer loop
      vertex 40.0801 60.1297 0
      vertex 52.4967 62.7526 0
      vertex 52.3924 62.4451 0
    endloop
  endfacet
  facet normal 0 0 -1
    outer loop
      vertex 40.0801 60.1297 0
      vertex 52.329 62.1267 0
      vertex 52.3288 62.1253 0
    endloop
  endfacet
  facet normal 0 0 -1
    outer loop
      vertex 40.0801 60.1297 0
      vertex 52.3287 62.124 0
      vertex 52.3074 61.8 0
    endloop
  endfacet
  facet normal -0 0 -1
    outer loop
      vertex 52.329 61.4733 0
      vertex 40.0801 60.1297 0
      vertex 52.3288 61.4747 0
    endloop
  endfacet
  facet normal -0 0 -1
    outer loop
      vertex 52.3288 61.4747 0
      vertex 40.0801 60.1297 0
      vertex 52.3287 61.476 0
    endloop
  endfacet
  facet normal -0 0 -1
    outer loop
      vertex 52.3287 61.476 0
      vertex 40.0801 60.1297 0
      vertex 52.3074 61.8 0
    endloop
  endfacet
  facet normal -0 0 -1
    outer loop
      vertex 52.3287 62.124 0
      vertex 40.0801 60.1297 0
      vertex 52.3288 62.1253 0
    endloop
  endfacet
  facet normal -0 0 -1
    outer loop
      vertex 52.329 62.1267 0
      vertex 40.0801 60.1297 0
      vertex 52.3924 62.4451 0
    endloop
  endfacet
  facet normal -0 0 -1
    outer loop
      vertex 52.4967 62.7526 0
      vertex 40.0801 60.1297 0
      vertex 52.4972 62.7539 0
    endloop
  endfacet
  facet normal -0 0 -1
    outer loop
      vertex 52.4972 62.7539 0
      vertex 40.0801 60.1297 0
      vertex 52.4978 62.7551 0
    endloop
  endfacet
  facet normal -0 0 -1
    outer loop
      vertex 52.4978 62.7551 0
      vertex 40.0801 60.1297 0
      vertex 52.6414 63.0463 0
    endloop
  endfacet
  facet normal -0 0 -1
    outer loop
      vertex 52.6421 63.0474 0
      vertex 40.0801 60.1297 0
      vertex 52.8225 63.3174 0
    endloop
  endfacet
  facet normal -0 0 -1
    outer loop
      vertex 52.8225 63.3174 0
      vertex 40.0801 60.1297 0
      vertex 52.8234 63.3184 0
    endloop
  endfacet
  facet normal -0 0 -1
    outer loop
      vertex 52.8234 63.3184 0
      vertex 40.0801 60.1297 0
      vertex 53.0375 63.5625 0
    endloop
  endfacet
  facet normal -0 0 -1
    outer loop
      vertex 53.0375 63.5625 0
      vertex 40.0801 60.1297 0
      vertex 53.2826 63.7775 0
    endloop
  endfacet
  facet normal -0 0 -1
    outer loop
      vertex 53.2826 63.7775 0
      vertex 40.0801 60.1297 0
      vertex 56.8 66.8 0
    endloop
  endfacet
  facet normal 0 0 -1
    outer loop
      vertex 36.737 60.1297 0
      vertex 56.8 66.8 0
      vertex 40.0801 60.1297 0
    endloop
  endfacet
  facet normal -0 0 -1
    outer loop
      vertex 36.7935 59.3517 0
      vertex 36.2996 59.1627 0
      vertex 36.737 59.4685 0
    endloop
  endfacet
  facet normal 0 0 -1
    outer loop
      vertex 36.2546 59.3233 0
      vertex 36.737 59.4685 0
      vertex 36.2996 59.1627 0
    endloop
  endfacet
  facet normal 0 0 -1
    outer loop
      vertex 36.1917 59.4715 0
      vertex 36.737 59.4685 0
      vertex 36.2546 59.3233 0
    endloop
  endfacet
  facet normal 0 0 -1
    outer loop
      vertex 36.1107 59.6073 0
      vertex 36.737 59.4685 0
      vertex 36.1917 59.4715 0
    endloop
  endfacet
  facet normal 0 0 -1
    outer loop
      vertex 36.737 59.4685 0
      vertex 36.1107 59.6073 0
      vertex 36.737 60.1297 0
    endloop
  endfacet
  facet normal 0 0 -1
    outer loop
      vertex 36.0118 59.7306 0
      vertex 36.737 60.1297 0
      vertex 36.1107 59.6073 0
    endloop
  endfacet
  facet normal 0 0 -1
    outer loop
      vertex 35.8948 59.8415 0
      vertex 36.737 60.1297 0
      vertex 36.0118 59.7306 0
    endloop
  endfacet
  facet normal 0 0 -1
    outer loop
      vertex 35.7613 59.9386 0
      vertex 36.737 60.1297 0
      vertex 35.8948 59.8415 0
    endloop
  endfacet
  facet normal 0 0 -1
    outer loop
      vertex 35.6125 60.0208 0
      vertex 36.737 60.1297 0
      vertex 35.7613 59.9386 0
    endloop
  endfacet
  facet normal 0 0 -1
    outer loop
      vertex 35.4485 60.0881 0
      vertex 36.737 60.1297 0
      vertex 35.6125 60.0208 0
    endloop
  endfacet
  facet normal 0 0 -1
    outer loop
      vertex 35.2693 60.1404 0
      vertex 36.737 60.1297 0
      vertex 35.4485 60.0881 0
    endloop
  endfacet
  facet normal 0 0 -1
    outer loop
      vertex 35.0749 60.1778 0
      vertex 36.737 60.1297 0
      vertex 35.2693 60.1404 0
    endloop
  endfacet
  facet normal 0 0 -1
    outer loop
      vertex 34.8652 60.2002 0
      vertex 36.737 60.1297 0
      vertex 35.0749 60.1778 0
    endloop
  endfacet
  facet normal 0 0 -1
    outer loop
      vertex 36.737 60.1297 0
      vertex 34.8652 60.2002 0
      vertex 56.8 66.8 0
    endloop
  endfacet
  facet normal 0 0 -1
    outer loop
      vertex 34.6403 60.2077 0
      vertex 56.8 66.8 0
      vertex 34.8652 60.2002 0
    endloop
  endfacet
  facet normal 0 0 -1
    outer loop
      vertex 34.4268 60.2005 0
      vertex 56.8 66.8 0
      vertex 34.6403 60.2077 0
    endloop
  endfacet
  facet normal 0 0 -1
    outer loop
      vertex 32.5369 60.1297 0
      vertex 34.4268 60.2005 0
      vertex 34.2262 60.1788 0
    endloop
  endfacet
  facet normal 0 0 -1
    outer loop
      vertex 32.5369 60.1297 0
      vertex 34.2262 60.1788 0
      vertex 34.0385 60.1426 0
    endloop
  endfacet
  facet normal 0 0 -1
    outer loop
      vertex 32.5369 60.1297 0
      vertex 34.0385 60.1426 0
      vertex 33.8637 60.092 0
    endloop
  endfacet
  facet normal 0 0 -1
    outer loop
      vertex 32.5369 59.3464 0
      vertex 32.9139 59.0155 0
      vertex 32.8839 58.8311 0
    endloop
  endfacet
  facet normal 0 0 -1
    outer loop
      vertex 32.5369 59.3464 0
      vertex 32.9593 59.1872 0
      vertex 32.9139 59.0155 0
    endloop
  endfacet
  facet normal 0 0 -1
    outer loop
      vertex 32.5369 59.3464 0
      vertex 33.0199 59.346 0
      vertex 32.9593 59.1872 0
    endloop
  endfacet
  facet normal 0 0 -1
    outer loop
      vertex 32.5369 59.3464 0
      vertex 33.096 59.492 0
      vertex 33.0199 59.346 0
    endloop
  endfacet
  facet normal 0 0 -1
    outer loop
      vertex 32.5369 60.1297 0
      vertex 33.096 59.492 0
      vertex 32.5369 59.3464 0
    endloop
  endfacet
  facet normal 0 0 -1
    outer loop
      vertex 33.096 59.492 0
      vertex 32.5369 60.1297 0
      vertex 33.1874 59.6253 0
    endloop
  endfacet
  facet normal 0 0 -1
    outer loop
      vertex 33.1874 59.6253 0
      vertex 32.5369 60.1297 0
      vertex 33.2942 59.7457 0
    endloop
  endfacet
  facet normal 0 0 -1
    outer loop
      vertex 33.2942 59.7457 0
      vertex 32.5369 60.1297 0
      vertex 33.4163 59.8534 0
    endloop
  endfacet
  facet normal 0 0 -1
    outer loop
      vertex 33.4163 59.8534 0
      vertex 32.5369 60.1297 0
      vertex 33.5526 59.9474 0
    endloop
  endfacet
  facet normal 0 0 -1
    outer loop
      vertex 32.5369 60.1297 0
      vertex 33.7017 60.0269 0
      vertex 33.5526 59.9474 0
    endloop
  endfacet
  facet normal 0 0 -1
    outer loop
      vertex 32.5369 60.1297 0
      vertex 33.8637 60.092 0
      vertex 33.7017 60.0269 0
    endloop
  endfacet
  facet normal -0 0 -1
    outer loop
      vertex 34.4268 60.2005 0
      vertex 32.5369 60.1297 0
      vertex 56.8 66.8 0
    endloop
  endfacet
  facet normal 0 0 -1
    outer loop
      vertex 29.1937 60.1297 0
      vertex 56.8 66.8 0
      vertex 32.5369 60.1297 0
    endloop
  endfacet
  facet normal -0 0 -1
    outer loop
      vertex 29.2502 59.3517 0
      vertex 28.7475 59.1271 0
      vertex 29.1937 59.4685 0
    endloop
  endfacet
  facet normal 0 0 -1
    outer loop
      vertex 28.6944 59.294 0
      vertex 29.1937 59.4685 0
      vertex 28.7475 59.1271 0
    endloop
  endfacet
  facet normal 0 0 -1
    outer loop
      vertex 28.62 59.4473 0
      vertex 29.1937 59.4685 0
      vertex 28.6944 59.294 0
    endloop
  endfacet
  facet normal 0 0 -1
    outer loop
      vertex 28.5244 59.5871 0
      vertex 29.1937 59.4685 0
      vertex 28.62 59.4473 0
    endloop
  endfacet
  facet normal 0 0 -1
    outer loop
      vertex 29.1937 59.4685 0
      vertex 28.5244 59.5871 0
      vertex 29.1937 60.1297 0
    endloop
  endfacet
  facet normal 0 0 -1
    outer loop
      vertex 28.4076 59.7134 0
      vertex 29.1937 60.1297 0
      vertex 28.5244 59.5871 0
    endloop
  endfacet
  facet normal 0 0 -1
    outer loop
      vertex 28.2695 59.8262 0
      vertex 29.1937 60.1297 0
      vertex 28.4076 59.7134 0
    endloop
  endfacet
  facet normal 0 0 -1
    outer loop
      vertex 28.1109 59.9247 0
      vertex 29.1937 60.1297 0
      vertex 28.2695 59.8262 0
    endloop
  endfacet
  facet normal 0 0 -1
    outer loop
      vertex 27.9324 60.0081 0
      vertex 29.1937 60.1297 0
      vertex 28.1109 59.9247 0
    endloop
  endfacet
  facet normal 0 0 -1
    outer loop
      vertex 27.734 60.0763 0
      vertex 29.1937 60.1297 0
      vertex 27.9324 60.0081 0
    endloop
  endfacet
  facet normal 0 0 -1
    outer loop
      vertex 27.5158 60.1293 0
      vertex 29.1937 60.1297 0
      vertex 27.734 60.0763 0
    endloop
  endfacet
  facet normal 0 0 -1
    outer loop
      vertex 27.2778 60.1672 0
      vertex 29.1937 60.1297 0
      vertex 27.5158 60.1293 0
    endloop
  endfacet
  facet normal 0 0 -1
    outer loop
      vertex 27.0198 60.1899 0
      vertex 29.1937 60.1297 0
      vertex 27.2778 60.1672 0
    endloop
  endfacet
  facet normal 0 0 -1
    outer loop
      vertex 29.1937 60.1297 0
      vertex 27.0198 60.1899 0
      vertex 56.8 66.8 0
    endloop
  endfacet
  facet normal 0 0 -1
    outer loop
      vertex 3 66.8 0
      vertex 27.0198 60.1899 0
      vertex 26.742 60.1975 0
    endloop
  endfacet
  facet normal 0 0 -1
    outer loop
      vertex 3 66.8 0
      vertex 26.742 60.1975 0
      vertex 26.4876 60.1908 0
    endloop
  endfacet
  facet normal 0 0 -1
    outer loop
      vertex 24.4045 60.1297 0
      vertex 26.4876 60.1908 0
      vertex 26.2494 60.1709 0
    endloop
  endfacet
  facet normal 0 0 -1
    outer loop
      vertex 24.4045 60.1297 0
      vertex 26.2494 60.1709 0
      vertex 26.0273 60.1377 0
    endloop
  endfacet
  facet normal 0 0 -1
    outer loop
      vertex 24.4045 60.1297 0
      vertex 24.6799 59.0674 0
      vertex 24.6297 58.8853 0
    endloop
  endfacet
  facet normal 0 0 -1
    outer loop
      vertex 24.4045 60.1297 0
      vertex 24.7454 59.2357 0
      vertex 24.6799 59.0674 0
    endloop
  endfacet
  facet normal 0 0 -1
    outer loop
      vertex 24.4045 60.1297 0
      vertex 24.8261 59.3904 0
      vertex 24.7454 59.2357 0
    endloop
  endfacet
  facet normal 0 0 -1
    outer loop
      vertex 24.4045 60.1297 0
      vertex 24.922 59.5313 0
      vertex 24.8261 59.3904 0
    endloop
  endfacet
  facet normal 0 0 -1
    outer loop
      vertex 24.4045 60.1297 0
      vertex 25.0331 59.6586 0
      vertex 24.922 59.5313 0
    endloop
  endfacet
  facet normal 0 0 -1
    outer loop
      vertex 24.4045 60.1297 0
      vertex 25.1595 59.7721 0
      vertex 25.0331 59.6586 0
    endloop
  endfacet
  facet normal 0 0 -1
    outer loop
      vertex 24.4045 60.1297 0
      vertex 25.301 59.872 0
      vertex 25.1595 59.7721 0
    endloop
  endfacet
  facet normal 0 0 -1
    outer loop
      vertex 24.4045 60.1297 0
      vertex 25.4583 59.9583 0
      vertex 25.301 59.872 0
    endloop
  endfacet
  facet normal 0 0 -1
    outer loop
      vertex 24.4045 60.1297 0
      vertex 25.6318 60.0314 0
      vertex 25.4583 59.9583 0
    endloop
  endfacet
  facet normal 0 0 -1
    outer loop
      vertex 24.4045 60.1297 0
      vertex 25.8215 60.0912 0
      vertex 25.6318 60.0314 0
    endloop
  endfacet
  facet normal 0 0 -1
    outer loop
      vertex 24.4045 60.1297 0
      vertex 26.0273 60.1377 0
      vertex 25.8215 60.0912 0
    endloop
  endfacet
  facet normal -0 0 -1
    outer loop
      vertex 26.4876 60.1908 0
      vertex 24.4045 60.1297 0
      vertex 3 66.8 0
    endloop
  endfacet
  facet normal 0 0 -1
    outer loop
      vertex 3 66.8 0
      vertex 24.4045 60.1297 0
      vertex 23.2788 60.1297 0
    endloop
  endfacet
  facet normal 0 0 -1
    outer loop
      vertex 20.9969 60.1297 0
      vertex 22.17 58.3157 0
      vertex 20.9969 58.3157 0
    endloop
  endfacet
  facet normal 0 0 -1
    outer loop
      vertex 22.17 58.3157 0
      vertex 20.9969 60.1297 0
      vertex 23.2788 60.1297 0
    endloop
  endfacet
  facet normal 0 0 -1
    outer loop
      vertex 3 66.8 0
      vertex 23.2788 60.1297 0
      vertex 20.9969 60.1297 0
    endloop
  endfacet
  facet normal 0 0 -1
    outer loop
      vertex 3 66.8 0
      vertex 20.9969 60.1297 0
      vertex 19.9966 60.1297 0
    endloop
  endfacet
  facet normal 0 0 -1
    outer loop
      vertex 7.47123 5.32534 0
      vertex 18.15 20.1 0
      vertex 7.47132 5.324 0
    endloop
  endfacet
  facet normal 0 0 -1
    outer loop
      vertex 19.9966 55.3523 0
      vertex 7.49255 61.8 0
      vertex 19.9966 60.1297 0
    endloop
  endfacet
  facet normal 0 0 -1
    outer loop
      vertex 7.47132 62.124 0
      vertex 19.9966 60.1297 0
      vertex 7.49255 61.8 0
    endloop
  endfacet
  facet normal 0 0 -1
    outer loop
      vertex 7.47123 62.1253 0
      vertex 19.9966 60.1297 0
      vertex 7.47132 62.124 0
    endloop
  endfacet
  facet normal 0 0 -1
    outer loop
      vertex 7.47097 62.1267 0
      vertex 19.9966 60.1297 0
      vertex 7.47123 62.1253 0
    endloop
  endfacet
  facet normal 0 0 -1
    outer loop
      vertex 7.40762 62.4451 0
      vertex 19.9966 60.1297 0
      vertex 7.47097 62.1267 0
    endloop
  endfacet
  facet normal 0 0 -1
    outer loop
      vertex 7.30325 62.7526 0
      vertex 19.9966 60.1297 0
      vertex 7.40762 62.4451 0
    endloop
  endfacet
  facet normal 0 0 -1
    outer loop
      vertex 7.30282 62.7539 0
      vertex 19.9966 60.1297 0
      vertex 7.30325 62.7526 0
    endloop
  endfacet
  facet normal 0 0 -1
    outer loop
      vertex 7.30222 62.7551 0
      vertex 19.9966 60.1297 0
      vertex 7.30282 62.7539 0
    endloop
  endfacet
  facet normal 0 0 -1
    outer loop
      vertex 7.15861 63.0463 0
      vertex 19.9966 60.1297 0
      vertex 7.30222 62.7551 0
    endloop
  endfacet
  facet normal 0 0 -1
    outer loop
      vertex 7.15787 63.0474 0
      vertex 19.9966 60.1297 0
      vertex 7.15861 63.0463 0
    endloop
  endfacet
  facet normal 0 0 -1
    outer loop
      vertex 6.97748 63.3174 0
      vertex 19.9966 60.1297 0
      vertex 7.15787 63.0474 0
    endloop
  endfacet
  facet normal 0 0 -1
    outer loop
      vertex 6.97659 63.3184 0
      vertex 19.9966 60.1297 0
      vertex 6.97748 63.3174 0
    endloop
  endfacet
  facet normal 0 0 -1
    outer loop
      vertex 6.7625 63.5625 0
      vertex 19.9966 60.1297 0
      vertex 6.97659 63.3184 0
    endloop
  endfacet
  facet normal 0 0 -1
    outer loop
      vertex 6.51838 63.7766 0
      vertex 19.9966 60.1297 0
      vertex 6.7625 63.5625 0
    endloop
  endfacet
  facet normal 0 0 -1
    outer loop
      vertex 6.51737 63.7775 0
      vertex 19.9966 60.1297 0
      vertex 6.51838 63.7766 0
    endloop
  endfacet
  facet normal 0 0 -1
    outer loop
      vertex 3 66.8 0
      vertex 19.9966 60.1297 0
      vertex 6.51737 63.7775 0
    endloop
  endfacet
  facet normal 0 0 -1
    outer loop
      vertex 3 66.8 0
      vertex 6.51737 63.7775 0
      vertex 6.2474 63.9579 0
    endloop
  endfacet
  facet normal 0 0 -1
    outer loop
      vertex 3 66.8 0
      vertex 6.2474 63.9579 0
      vertex 6.24628 63.9586 0
    endloop
  endfacet
  facet normal 0 0 -1
    outer loop
      vertex 3 66.8 0
      vertex 6.24628 63.9586 0
      vertex 5.95506 64.1022 0
    endloop
  endfacet
  facet normal 0 0 -1
    outer loop
      vertex 3 66.8 0
      vertex 5.95506 64.1022 0
      vertex 5.95386 64.1028 0
    endloop
  endfacet
  facet normal 0 0 -1
    outer loop
      vertex 3 66.8 0
      vertex 5.95386 64.1028 0
      vertex 5.95258 64.1032 0
    endloop
  endfacet
  facet normal 0 0 -1
    outer loop
      vertex 3 66.8 0
      vertex 5.95258 64.1032 0
      vertex 5.64512 64.2076 0
    endloop
  endfacet
  facet normal 0 0 -1
    outer loop
      vertex 3 66.8 0
      vertex 5.64512 64.2076 0
      vertex 5.32666 64.271 0
    endloop
  endfacet
  facet normal 0 0 -1
    outer loop
      vertex 3 66.8 0
      vertex 5.32666 64.271 0
      vertex 5.32534 64.2712 0
    endloop
  endfacet
  facet normal 0 0 -1
    outer loop
      vertex 3 66.8 0
      vertex 5.32534 64.2712 0
      vertex 5.324 64.2713 0
    endloop
  endfacet
  facet normal 0 0 -1
    outer loop
      vertex 3 66.8 0
      vertex 5.324 64.2713 0
      vertex 5 64.2926 0
    endloop
  endfacet
  facet normal 0 0 -1
    outer loop
      vertex 3 66.8 0
      vertex 4.676 64.2713 0
      vertex 4.67466 64.2712 0
    endloop
  endfacet
  facet normal 0 0 -1
    outer loop
      vertex 3 66.8 0
      vertex 4.67334 64.271 0
      vertex 4.35488 64.2076 0
    endloop
  endfacet
  facet normal 0 0 -1
    outer loop
      vertex 3 66.8 0
      vertex 4.04742 64.1032 0
      vertex 4.04614 64.1028 0
    endloop
  endfacet
  facet normal 0 0 -1
    outer loop
      vertex 3 66.8 0
      vertex 4.04494 64.1022 0
      vertex 3.75372 63.9586 0
    endloop
  endfacet
  facet normal 0 0 -1
    outer loop
      vertex 2.60842 66.7743 0
      vertex 3.7526 63.9579 0
      vertex 3.48263 63.7775 0
    endloop
  endfacet
  facet normal 0 0 -1
    outer loop
      vertex 1.5 66.3981 0
      vertex 3.48162 63.7766 0
      vertex 3.2375 63.5625 0
    endloop
  endfacet
  facet normal 0 0 -1
    outer loop
      vertex 0.401923 65.3 0
      vertex 3.02341 63.3184 0
      vertex 3.02252 63.3174 0
    endloop
  endfacet
  facet normal 0 0 -1
    outer loop
      vertex 27.0198 60.1899 0
      vertex 3 66.8 0
      vertex 56.8 66.8 0
    endloop
  endfacet
  facet normal 0 0 -1
    outer loop
      vertex 4.676 64.2713 0
      vertex 3 66.8 0
      vertex 5 64.2926 0
    endloop
  endfacet
  facet normal 0 0 -1
    outer loop
      vertex 4.67334 64.271 0
      vertex 3 66.8 0
      vertex 4.67466 64.2712 0
    endloop
  endfacet
  facet normal 0 0 -1
    outer loop
      vertex 4.04742 64.1032 0
      vertex 3 66.8 0
      vertex 4.35488 64.2076 0
    endloop
  endfacet
  facet normal 0 0 -1
    outer loop
      vertex 4.04494 64.1022 0
      vertex 3 66.8 0
      vertex 4.04614 64.1028 0
    endloop
  endfacet
  facet normal 0 0 -1
    outer loop
      vertex 3.7526 63.9579 0
      vertex 2.60842 66.7743 0
      vertex 3.75372 63.9586 0
    endloop
  endfacet
  facet normal 0 0 -1
    outer loop
      vertex 3.48162 63.7766 0
      vertex 1.5 66.3981 0
      vertex 3.48263 63.7775 0
    endloop
  endfacet
  facet normal 0 0 -1
    outer loop
      vertex 3.02341 63.3184 0
      vertex 0.61994 65.6263 0
      vertex 3.2375 63.5625 0
    endloop
  endfacet
  facet normal 0 0 -1
    outer loop
      vertex 0.102222 64.5765 0
      vertex 3.02252 63.3174 0
      vertex 2.84213 63.0474 0
    endloop
  endfacet
  facet normal 0 0 -1
    outer loop
      vertex 0.0256653 64.1916 0
      vertex 2.84213 63.0474 0
      vertex 2.84139 63.0463 0
    endloop
  endfacet
  facet normal 0 0 -1
    outer loop
      vertex 0 63.8 0
      vertex 2.84139 63.0463 0
      vertex 2.69778 62.7551 0
    endloop
  endfacet
  facet normal 0 0 -1
    outer loop
      vertex 0 63.8 0
      vertex 2.69778 62.7551 0
      vertex 2.69718 62.7539 0
    endloop
  endfacet
  facet normal 0 0 -1
    outer loop
      vertex 0 63.8 0
      vertex 2.69718 62.7539 0
      vertex 2.69675 62.7526 0
    endloop
  endfacet
  facet normal 0 0 -1
    outer loop
      vertex 3.75372 63.9586 0
      vertex 2.60842 66.7743 0
      vertex 3 66.8 0
    endloop
  endfacet
  facet normal 0 0 -1
    outer loop
      vertex 0 63.8 0
      vertex 2.69675 62.7526 0
      vertex 2.59238 62.4451 0
    endloop
  endfacet
  facet normal 0 0 -1
    outer loop
      vertex 0 63.8 0
      vertex 2.59238 62.4451 0
      vertex 2.52903 62.1267 0
    endloop
  endfacet
  facet normal 0 0 -1
    outer loop
      vertex 0 63.8 0
      vertex 2.52903 62.1267 0
      vertex 2.52877 62.1253 0
    endloop
  endfacet
  facet normal 0 0 -1
    outer loop
      vertex 0 63.8 0
      vertex 2.52877 62.1253 0
      vertex 2.52868 62.124 0
    endloop
  endfacet
  facet normal 0 0 -1
    outer loop
      vertex 0 63.8 0
      vertex 2.52868 62.124 0
      vertex 2.50745 61.8 0
    endloop
  endfacet
  facet normal 0 0 -1
    outer loop
      vertex 3.48263 63.7775 0
      vertex 2.22354 66.6978 0
      vertex 2.60842 66.7743 0
    endloop
  endfacet
  facet normal 0 0 -1
    outer loop
      vertex 2.52877 61.4747 0
      vertex 0 63.8 0
      vertex 2.52868 61.476 0
    endloop
  endfacet
  facet normal 0 0 -1
    outer loop
      vertex 0 3 0
      vertex 2.84139 3.75372 0
      vertex 0.0256653 2.60842 0
    endloop
  endfacet
  facet normal 0 0 -1
    outer loop
      vertex 2.52868 61.476 0
      vertex 0 63.8 0
      vertex 2.50745 61.8 0
    endloop
  endfacet
  facet normal -0 0 -1
    outer loop
      vertex 2.84139 3.75372 0
      vertex 0 3 0
      vertex 2.69778 4.04494 0
    endloop
  endfacet
  facet normal 0 0 -1
    outer loop
      vertex 2.84139 63.0463 0
      vertex 0 63.8 0
      vertex 0.0256653 64.1916 0
    endloop
  endfacet
  facet normal -0 0 -1
    outer loop
      vertex 2.69778 4.04494 0
      vertex 0 3 0
      vertex 2.69718 4.04614 0
    endloop
  endfacet
  facet normal 0 0 -1
    outer loop
      vertex 3.48263 63.7775 0
      vertex 1.85195 66.5716 0
      vertex 2.22354 66.6978 0
    endloop
  endfacet
  facet normal -0 0 -1
    outer loop
      vertex 2.69718 4.04614 0
      vertex 0 3 0
      vertex 2.69675 4.04742 0
    endloop
  endfacet
  facet normal 0 0 -1
    outer loop
      vertex 3.48263 63.7775 0
      vertex 1.5 66.3981 0
      vertex 1.85195 66.5716 0
    endloop
  endfacet
  facet normal -0 0 -1
    outer loop
      vertex 2.69675 4.04742 0
      vertex 0 3 0
      vertex 2.59238 4.35488 0
    endloop
  endfacet
  facet normal 0 0 -1
    outer loop
      vertex 3.2375 63.5625 0
      vertex 1.17372 66.1801 0
      vertex 1.5 66.3981 0
    endloop
  endfacet
  facet normal -0 0 -1
    outer loop
      vertex 2.59238 4.35488 0
      vertex 0 3 0
      vertex 2.52903 4.67334 0
    endloop
  endfacet
  facet normal 0 0 -1
    outer loop
      vertex 3.2375 63.5625 0
      vertex 0.878679 65.9213 0
      vertex 1.17372 66.1801 0
    endloop
  endfacet
  facet normal -0 0 -1
    outer loop
      vertex 2.52903 4.67334 0
      vertex 0 3 0
      vertex 2.52877 4.67466 0
    endloop
  endfacet
  facet normal 0 0 -1
    outer loop
      vertex 3.2375 63.5625 0
      vertex 0.61994 65.6263 0
      vertex 0.878679 65.9213 0
    endloop
  endfacet
  facet normal -0 0 -1
    outer loop
      vertex 2.52877 4.67466 0
      vertex 0 3 0
      vertex 2.52868 4.676 0
    endloop
  endfacet
  facet normal 0 0 -1
    outer loop
      vertex 3.02341 63.3184 0
      vertex 0.401923 65.3 0
      vertex 0.61994 65.6263 0
    endloop
  endfacet
  facet normal -0 0 -1
    outer loop
      vertex 2.52868 4.676 0
      vertex 0 3 0
      vertex 2.50745 5 0
    endloop
  endfacet
  facet normal 0 0 -1
    outer loop
      vertex 3.02252 63.3174 0
      vertex 0.228361 64.9481 0
      vertex 0.401923 65.3 0
    endloop
  endfacet
  facet normal 0 0 -1
    outer loop
      vertex 3.02252 63.3174 0
      vertex 0.102222 64.5765 0
      vertex 0.228361 64.9481 0
    endloop
  endfacet
  facet normal 0 0 -1
    outer loop
      vertex 2.84213 63.0474 0
      vertex 0.0256653 64.1916 0
      vertex 0.102222 64.5765 0
    endloop
  endfacet
  facet normal 0 0 -1
    outer loop
      vertex 39.9947 56.8103 0
      vertex 52.6414 60.5537 0
      vertex 40.0028 56.7184 0
    endloop
  endfacet
  facet normal 0 0 -1
    outer loop
      vertex 52.6414 60.5537 0
      vertex 39.9947 56.8103 0
      vertex 40.0801 59.3464 0
    endloop
  endfacet
  facet normal 0 0 -1
    outer loop
      vertex 39.9812 56.8997 0
      vertex 40.0801 59.3464 0
      vertex 39.9947 56.8103 0
    endloop
  endfacet
  facet normal 0 0 -1
    outer loop
      vertex 39.9623 56.9864 0
      vertex 40.0801 59.3464 0
      vertex 39.9812 56.8997 0
    endloop
  endfacet
  facet normal 0 0 -1
    outer loop
      vertex 39.9381 57.0704 0
      vertex 40.0801 59.3464 0
      vertex 39.9623 56.9864 0
    endloop
  endfacet
  facet normal 0 0 -1
    outer loop
      vertex 39.9084 57.1519 0
      vertex 40.0801 59.3464 0
      vertex 39.9381 57.0704 0
    endloop
  endfacet
  facet normal 0 0 -1
    outer loop
      vertex 39.8733 57.2307 0
      vertex 40.0801 59.3464 0
      vertex 39.9084 57.1519 0
    endloop
  endfacet
  facet normal 0 0 -1
    outer loop
      vertex 39.834 57.3073 0
      vertex 40.0801 59.3464 0
      vertex 39.8733 57.2307 0
    endloop
  endfacet
  facet normal 0 0 -1
    outer loop
      vertex 39.7916 57.3822 0
      vertex 40.0801 59.3464 0
      vertex 39.834 57.3073 0
    endloop
  endfacet
  facet normal 0 0 -1
    outer loop
      vertex 39.7463 57.4554 0
      vertex 40.0801 59.3464 0
      vertex 39.7916 57.3822 0
    endloop
  endfacet
  facet normal 0 0 -1
    outer loop
      vertex 39.6978 57.5269 0
      vertex 40.0801 59.3464 0
      vertex 39.7463 57.4554 0
    endloop
  endfacet
  facet normal 0 0 -1
    outer loop
      vertex 39.6463 57.5966 0
      vertex 40.0801 59.3464 0
      vertex 39.6978 57.5269 0
    endloop
  endfacet
  facet normal 0 0 -1
    outer loop
      vertex 39.5918 57.6646 0
      vertex 40.0801 59.3464 0
      vertex 39.6463 57.5966 0
    endloop
  endfacet
  facet normal 0 0 -1
    outer loop
      vertex 39.5342 57.7308 0
      vertex 40.0801 59.3464 0
      vertex 39.5918 57.6646 0
    endloop
  endfacet
  facet normal 0 0 -1
    outer loop
      vertex 39.4742 57.7956 0
      vertex 40.0801 59.3464 0
      vertex 39.5342 57.7308 0
    endloop
  endfacet
  facet normal 0 0 -1
    outer loop
      vertex 39.4123 57.8592 0
      vertex 40.0801 59.3464 0
      vertex 39.4742 57.7956 0
    endloop
  endfacet
  facet normal 0 0 -1
    outer loop
      vertex 39.3485 57.9217 0
      vertex 40.0801 59.3464 0
      vertex 39.4123 57.8592 0
    endloop
  endfacet
  facet normal 0 0 -1
    outer loop
      vertex 39.2829 57.983 0
      vertex 40.0801 59.3464 0
      vertex 39.3485 57.9217 0
    endloop
  endfacet
  facet normal 0 0 -1
    outer loop
      vertex 39.2154 58.0431 0
      vertex 40.0801 59.3464 0
      vertex 39.2829 57.983 0
    endloop
  endfacet
  facet normal 0 0 -1
    outer loop
      vertex 39.146 58.102 0
      vertex 40.0801 59.3464 0
      vertex 39.2154 58.0431 0
    endloop
  endfacet
  facet normal 0 0 -1
    outer loop
      vertex 39.0748 58.1597 0
      vertex 40.0801 59.3464 0
      vertex 39.146 58.102 0
    endloop
  endfacet
  facet normal 0 0 -1
    outer loop
      vertex 39.0029 58.2167 0
      vertex 40.0801 59.3464 0
      vertex 39.0748 58.1597 0
    endloop
  endfacet
  facet normal 0 0 -1
    outer loop
      vertex 38.9317 58.2732 0
      vertex 40.0801 59.3464 0
      vertex 39.0029 58.2167 0
    endloop
  endfacet
  facet normal 0 0 -1
    outer loop
      vertex 38.8611 58.3293 0
      vertex 40.0801 59.3464 0
      vertex 38.9317 58.2732 0
    endloop
  endfacet
  facet normal 0 0 -1
    outer loop
      vertex 38.7911 58.385 0
      vertex 40.0801 59.3464 0
      vertex 38.8611 58.3293 0
    endloop
  endfacet
  facet normal 0 0 -1
    outer loop
      vertex 38.7217 58.4403 0
      vertex 40.0801 59.3464 0
      vertex 38.7911 58.385 0
    endloop
  endfacet
  facet normal 0 0 -1
    outer loop
      vertex 38.653 58.4952 0
      vertex 40.0801 59.3464 0
      vertex 38.7217 58.4403 0
    endloop
  endfacet
  facet normal 0 0 -1
    outer loop
      vertex 38.5848 58.5497 0
      vertex 40.0801 59.3464 0
      vertex 38.653 58.4952 0
    endloop
  endfacet
  facet normal 0 0 -1
    outer loop
      vertex 38.5179 58.604 0
      vertex 40.0801 59.3464 0
      vertex 38.5848 58.5497 0
    endloop
  endfacet
  facet normal 0 0 -1
    outer loop
      vertex 38.4527 58.6584 0
      vertex 40.0801 59.3464 0
      vertex 38.5179 58.604 0
    endloop
  endfacet
  facet normal 0 0 -1
    outer loop
      vertex 38.3892 58.713 0
      vertex 40.0801 59.3464 0
      vertex 38.4527 58.6584 0
    endloop
  endfacet
  facet normal 0 0 -1
    outer loop
      vertex 38.3274 58.7678 0
      vertex 40.0801 59.3464 0
      vertex 38.3892 58.713 0
    endloop
  endfacet
  facet normal 0 0 -1
    outer loop
      vertex 38.2674 58.8226 0
      vertex 40.0801 59.3464 0
      vertex 38.3274 58.7678 0
    endloop
  endfacet
  facet normal 0 0 -1
    outer loop
      vertex 38.2091 58.8776 0
      vertex 40.0801 59.3464 0
      vertex 38.2674 58.8226 0
    endloop
  endfacet
  facet normal 0 0 -1
    outer loop
      vertex 38.1525 58.9328 0
      vertex 40.0801 59.3464 0
      vertex 38.2091 58.8776 0
    endloop
  endfacet
  facet normal 0 0 -1
    outer loop
      vertex 38.0989 58.9886 0
      vertex 40.0801 59.3464 0
      vertex 38.1525 58.9328 0
    endloop
  endfacet
  facet normal 0 0 -1
    outer loop
      vertex 38.0493 59.0454 0
      vertex 40.0801 59.3464 0
      vertex 38.0989 58.9886 0
    endloop
  endfacet
  facet normal 0 0 -1
    outer loop
      vertex 38.0038 59.1034 0
      vertex 40.0801 59.3464 0
      vertex 38.0493 59.0454 0
    endloop
  endfacet
  facet normal 0 0 -1
    outer loop
      vertex 37.9624 59.1625 0
      vertex 40.0801 59.3464 0
      vertex 38.0038 59.1034 0
    endloop
  endfacet
  facet normal 0 0 -1
    outer loop
      vertex 37.9251 59.2227 0
      vertex 40.0801 59.3464 0
      vertex 37.9624 59.1625 0
    endloop
  endfacet
  facet normal 0 0 -1
    outer loop
      vertex 37.8918 59.284 0
      vertex 40.0801 59.3464 0
      vertex 37.9251 59.2227 0
    endloop
  endfacet
  facet normal -0 0 -1
    outer loop
      vertex 40.0801 59.3464 0
      vertex 37.8918 59.284 0
      vertex 37.8626 59.3464 0
    endloop
  endfacet
  facet normal 0 0 -1
    outer loop
      vertex 38.4119 56.0406 0
      vertex 39.0392 56.6645 0
      vertex 39.0264 56.499 0
    endloop
  endfacet
  facet normal -0 0 -1
    outer loop
      vertex 39.0392 56.6645 0
      vertex 38.4119 56.0406 0
      vertex 39.0351 56.7374 0
    endloop
  endfacet
  facet normal -0 0 -1
    outer loop
      vertex 39.0351 56.7374 0
      vertex 38.4119 56.0406 0
      vertex 39.0227 56.8106 0
    endloop
  endfacet
  facet normal 0 0 -1
    outer loop
      vertex 38.5783 56.0533 0
      vertex 39.0264 56.499 0
      vertex 38.988 56.3589 0
    endloop
  endfacet
  facet normal 0 0 -1
    outer loop
      vertex 38.4119 56.0406 0
      vertex 39.0264 56.499 0
      vertex 38.5783 56.0533 0
    endloop
  endfacet
  facet normal -0 0 -1
    outer loop
      vertex 39.0227 56.8106 0
      vertex 38.4119 56.0406 0
      vertex 39.0021 56.8843 0
    endloop
  endfacet
  facet normal 0 0 -1
    outer loop
      vertex 38.7192 56.0915 0
      vertex 38.988 56.3589 0
      vertex 38.924 56.2443 0
    endloop
  endfacet
  facet normal 0 0 -1
    outer loop
      vertex 37.7736 56.5239 0
      vertex 39.0021 56.8843 0
      vertex 38.4119 56.0406 0
    endloop
  endfacet
  facet normal -0 0 -1
    outer loop
      vertex 39.0021 56.8843 0
      vertex 37.7736 56.5239 0
      vertex 38.9733 56.9584 0
    endloop
  endfacet
  facet normal 0 0 -1
    outer loop
      vertex 38.7192 56.0915 0
      vertex 38.924 56.2443 0
      vertex 38.8344 56.1552 0
    endloop
  endfacet
  facet normal -0 0 -1
    outer loop
      vertex 38.9733 56.9584 0
      vertex 37.7736 56.5239 0
      vertex 38.9363 57.033 0
    endloop
  endfacet
  facet normal 0 0 -1
    outer loop
      vertex 38.988 56.3589 0
      vertex 38.7192 56.0915 0
      vertex 38.5783 56.0533 0
    endloop
  endfacet
  facet normal 0 0 -1
    outer loop
      vertex 37.7531 56.6078 0
      vertex 38.9363 57.033 0
      vertex 37.7736 56.5239 0
    endloop
  endfacet
  facet normal -0 0 -1
    outer loop
      vertex 38.9363 57.033 0
      vertex 37.7531 56.6078 0
      vertex 38.891 57.1079 0
    endloop
  endfacet
  facet normal 0 0 -1
    outer loop
      vertex 37.7372 56.6984 0
      vertex 38.891 57.1079 0
      vertex 37.7531 56.6078 0
    endloop
  endfacet
  facet normal -0 0 -1
    outer loop
      vertex 38.7737 57.2617 0
      vertex 37.7372 56.6984 0
      vertex 38.6977 57.346 0
    endloop
  endfacet
  facet normal -0 0 -1
    outer loop
      vertex 38.8374 57.1832 0
      vertex 37.7372 56.6984 0
      vertex 38.7737 57.2617 0
    endloop
  endfacet
  facet normal -0 0 -1
    outer loop
      vertex 38.6094 57.4361 0
      vertex 37.7372 56.6984 0
      vertex 38.5089 57.532 0
    endloop
  endfacet
  facet normal 0 0 -1
    outer loop
      vertex 37.7736 56.5239 0
      vertex 38.4119 56.0406 0
      vertex 38.3277 56.044 0
    endloop
  endfacet
  facet normal -0 0 -1
    outer loop
      vertex 38.5089 57.532 0
      vertex 37.7372 56.6984 0
      vertex 38.3962 57.6337 0
    endloop
  endfacet
  facet normal 0 0 -1
    outer loop
      vertex 37.7988 56.4467 0
      vertex 38.3277 56.044 0
      vertex 38.2493 56.054 0
    endloop
  endfacet
  facet normal 0 0 -1
    outer loop
      vertex 37.8285 56.3762 0
      vertex 38.2493 56.054 0
      vertex 38.1768 56.0708 0
    endloop
  endfacet
  facet normal -0 0 -1
    outer loop
      vertex 38.3962 57.6337 0
      vertex 37.7372 56.6984 0
      vertex 38.2711 57.7412 0
    endloop
  endfacet
  facet normal 0 0 -1
    outer loop
      vertex 37.863 56.3124 0
      vertex 38.1768 56.0708 0
      vertex 38.1102 56.0943 0
    endloop
  endfacet
  facet normal 0 0 -1
    outer loop
      vertex 37.902 56.2554 0
      vertex 38.1102 56.0943 0
      vertex 38.0495 56.1245 0
    endloop
  endfacet
  facet normal 0 0 -1
    outer loop
      vertex 37.902 56.2554 0
      vertex 38.0495 56.1245 0
      vertex 37.9947 56.1614 0
    endloop
  endfacet
  facet normal -0 0 -1
    outer loop
      vertex 38.2711 57.7412 0
      vertex 37.7372 56.6984 0
      vertex 38.1339 57.8546 0
    endloop
  endfacet
  facet normal 0 0 -1
    outer loop
      vertex 37.902 56.2554 0
      vertex 37.9947 56.1614 0
      vertex 37.9457 56.205 0
    endloop
  endfacet
  facet normal 0 0 -1
    outer loop
      vertex 38.1102 56.0943 0
      vertex 37.902 56.2554 0
      vertex 37.863 56.3124 0
    endloop
  endfacet
  facet normal 0 0 -1
    outer loop
      vertex 38.1768 56.0708 0
      vertex 37.863 56.3124 0
      vertex 37.8285 56.3762 0
    endloop
  endfacet
  facet normal -0 0 -1
    outer loop
      vertex 38.1339 57.8546 0
      vertex 37.7372 56.6984 0
      vertex 37.9883 57.975 0
    endloop
  endfacet
  facet normal 0 0 -1
    outer loop
      vertex 38.2493 56.054 0
      vertex 37.8285 56.3762 0
      vertex 37.7988 56.4467 0
    endloop
  endfacet
  facet normal 0 0 -1
    outer loop
      vertex 38.3277 56.044 0
      vertex 37.7988 56.4467 0
      vertex 37.7736 56.5239 0
    endloop
  endfacet
  facet normal -0 0 -1
    outer loop
      vertex 38.891 57.1079 0
      vertex 37.7372 56.6984 0
      vertex 38.8374 57.1832 0
    endloop
  endfacet
  facet normal -0 0 -1
    outer loop
      vertex 38.6977 57.346 0
      vertex 37.7372 56.6984 0
      vertex 38.6094 57.4361 0
    endloop
  endfacet
  facet normal -0 0 -1
    outer loop
      vertex 37.9883 57.975 0
      vertex 37.7372 56.6984 0
      vertex 37.85 58.094 0
    endloop
  endfacet
  facet normal 0 0 -1
    outer loop
      vertex 36.7776 56.6441 0
      vertex 37.85 58.094 0
      vertex 37.7372 56.6984 0
    endloop
  endfacet
  facet normal -0 0 -1
    outer loop
      vertex 37.85 58.094 0
      vertex 36.7776 56.6441 0
      vertex 37.719 58.2116 0
    endloop
  endfacet
  facet normal -0 0 -1
    outer loop
      vertex 37.719 58.2116 0
      vertex 36.7776 56.6441 0
      vertex 37.5953 58.3279 0
    endloop
  endfacet
  facet normal 0 0 -1
    outer loop
      vertex 36.1842 58.2291 0
      vertex 37.5953 58.3279 0
      vertex 36.7776 56.6441 0
    endloop
  endfacet
  facet normal -0 0 -1
    outer loop
      vertex 37.5953 58.3279 0
      vertex 36.1842 58.2291 0
      vertex 37.4788 58.4427 0
    endloop
  endfacet
  facet normal 0 -0 -1
    outer loop
      vertex 36.2387 58.3307 0
      vertex 37.4788 58.4427 0
      vertex 36.1842 58.2291 0
    endloop
  endfacet
  facet normal 0 0 -1
    outer loop
      vertex 37.3695 58.5562 0
      vertex 36.3356 58.8039 0
      vertex 37.2676 58.6683 0
    endloop
  endfacet
  facet normal 0 0 -1
    outer loop
      vertex 37.2676 58.6683 0
      vertex 36.3356 58.8039 0
      vertex 37.1725 58.7801 0
    endloop
  endfacet
  facet normal 0 0 -1
    outer loop
      vertex 37.1725 58.7801 0
      vertex 36.3356 58.8039 0
      vertex 37.0838 58.8928 0
    endloop
  endfacet
  facet normal -0 0 -1
    outer loop
      vertex 37.0838 58.8928 0
      vertex 36.3356 58.8039 0
      vertex 37.0016 59.0063 0
    endloop
  endfacet
  facet normal -0 0 -1
    outer loop
      vertex 37.0016 59.0063 0
      vertex 36.3356 58.8039 0
      vertex 36.9258 59.1206 0
    endloop
  endfacet
  facet normal 0 0 -1
    outer loop
      vertex 36.3266 58.9895 0
      vertex 36.9258 59.1206 0
      vertex 36.3356 58.8039 0
    endloop
  endfacet
  facet normal -0 0 -1
    outer loop
      vertex 36.9258 59.1206 0
      vertex 36.3266 58.9895 0
      vertex 36.8564 59.2357 0
    endloop
  endfacet
  facet normal 0 0 -1
    outer loop
      vertex 37.3695 58.5562 0
      vertex 36.2811 58.4389 0
      vertex 36.3114 58.5539 0
    endloop
  endfacet
  facet normal 0 0 -1
    outer loop
      vertex 36.7776 56.6441 0
      vertex 36.1653 56.9069 0
      vertex 36.1277 57.0121 0
    endloop
  endfacet
  facet normal 0 0 -1
    outer loop
      vertex 37.3695 58.5562 0
      vertex 36.2387 58.3307 0
      vertex 36.2811 58.4389 0
    endloop
  endfacet
  facet normal 0 0 -1
    outer loop
      vertex 36.0795 57.1107 0
      vertex 36.7776 56.6441 0
      vertex 36.1277 57.0121 0
    endloop
  endfacet
  facet normal -0 0 -1
    outer loop
      vertex 37.4788 58.4427 0
      vertex 36.2387 58.3307 0
      vertex 37.3695 58.5562 0
    endloop
  endfacet
  facet normal 0 -0 -1
    outer loop
      vertex 36.1176 58.1343 0
      vertex 36.7776 56.6441 0
      vertex 36.0795 57.1107 0
    endloop
  endfacet
  facet normal 0 0 -1
    outer loop
      vertex 36.7776 56.6441 0
      vertex 36.1176 58.1343 0
      vertex 36.1842 58.2291 0
    endloop
  endfacet
  facet normal 0 0 -1
    outer loop
      vertex 36.0205 57.2028 0
      vertex 36.1176 58.1343 0
      vertex 36.0795 57.1107 0
    endloop
  endfacet
  facet normal 0 0 -1
    outer loop
      vertex 36.1176 58.1343 0
      vertex 36.0205 57.2028 0
      vertex 36.0389 58.0462 0
    endloop
  endfacet
  facet normal 0 0 -1
    outer loop
      vertex 35.9508 57.2883 0
      vertex 36.0389 58.0462 0
      vertex 36.0205 57.2028 0
    endloop
  endfacet
  facet normal 0 0 -1
    outer loop
      vertex 35.9508 57.2883 0
      vertex 35.949 57.9662 0
      vertex 36.0389 58.0462 0
    endloop
  endfacet
  facet normal 0 0 -1
    outer loop
      vertex 35.8709 57.3667 0
      vertex 35.949 57.9662 0
      vertex 35.9508 57.2883 0
    endloop
  endfacet
  facet normal 0 0 -1
    outer loop
      vertex 35.8709 57.3667 0
      vertex 35.8488 57.8956 0
      vertex 35.949 57.9662 0
    endloop
  endfacet
  facet normal 0 0 -1
    outer loop
      vertex 35.7817 57.4373 0
      vertex 35.8488 57.8956 0
      vertex 35.8709 57.3667 0
    endloop
  endfacet
  facet normal 0 0 -1
    outer loop
      vertex 35.7817 57.4373 0
      vertex 35.7382 57.8345 0
      vertex 35.8488 57.8956 0
    endloop
  endfacet
  facet normal 0 0 -1
    outer loop
      vertex 35.6829 57.4999 0
      vertex 35.7382 57.8345 0
      vertex 35.7817 57.4373 0
    endloop
  endfacet
  facet normal 0 0 -1
    outer loop
      vertex 35.6829 57.4999 0
      vertex 35.6174 57.7829 0
      vertex 35.7382 57.8345 0
    endloop
  endfacet
  facet normal 0 0 -1
    outer loop
      vertex 35.5746 57.5546 0
      vertex 35.6174 57.7829 0
      vertex 35.6829 57.4999 0
    endloop
  endfacet
  facet normal 0 0 -1
    outer loop
      vertex 35.5746 57.5546 0
      vertex 35.4862 57.7408 0
      vertex 35.6174 57.7829 0
    endloop
  endfacet
  facet normal 0 0 -1
    outer loop
      vertex 35.4569 57.6015 0
      vertex 35.4862 57.7408 0
      vertex 35.5746 57.5546 0
    endloop
  endfacet
  facet normal 0 0 -1
    outer loop
      vertex 35.4569 57.6015 0
      vertex 35.3448 57.7082 0
      vertex 35.4862 57.7408 0
    endloop
  endfacet
  facet normal 0 0 -1
    outer loop
      vertex 35.3297 57.6404 0
      vertex 35.3448 57.7082 0
      vertex 35.4569 57.6015 0
    endloop
  endfacet
  facet normal 0 0 -1
    outer loop
      vertex 35.193 57.685 0
      vertex 35.3297 57.6404 0
      vertex 35.193 57.6715 0
    endloop
  endfacet
  facet normal 0 0 -1
    outer loop
      vertex 35.3297 57.6404 0
      vertex 35.193 57.685 0
      vertex 35.3448 57.7082 0
    endloop
  endfacet
  facet normal 0 0 -1
    outer loop
      vertex 34.69 56.044 0
      vertex 35.2472 56.6712 0
      vertex 35.2439 56.5896 0
    endloop
  endfacet
  facet normal 0 0 -1
    outer loop
      vertex 34.69 56.044 0
      vertex 35.2439 56.5896 0
      vertex 35.2338 56.5131 0
    endloop
  endfacet
  facet normal 0 -0 -1
    outer loop
      vertex 34.8257 57.264 0
      vertex 35.2472 56.6712 0
      vertex 34.69 56.044 0
    endloop
  endfacet
  facet normal 0 0 -1
    outer loop
      vertex 34.7709 56.0543 0
      vertex 35.2338 56.5131 0
      vertex 35.217 56.4418 0
    endloop
  endfacet
  facet normal 0 0 -1
    outer loop
      vertex 35.2472 56.6712 0
      vertex 34.8257 57.264 0
      vertex 35.243 56.7574 0
    endloop
  endfacet
  facet normal 0 0 -1
    outer loop
      vertex 34.8456 56.0714 0
      vertex 35.217 56.4418 0
      vertex 35.1936 56.3757 0
    endloop
  endfacet
  facet normal -0 -0 -1
    outer loop
      vertex 34.9056 57.2332 0
      vertex 35.243 56.7574 0
      vertex 34.8257 57.264 0
    endloop
  endfacet
  facet normal 0 0 -1
    outer loop
      vertex 34.8456 56.0714 0
      vertex 35.1936 56.3757 0
      vertex 35.1634 56.3147 0
    endloop
  endfacet
  facet normal 0 0 -1
    outer loop
      vertex 35.2338 56.5131 0
      vertex 34.7709 56.0543 0
      vertex 34.69 56.044 0
    endloop
  endfacet
  facet normal 0 0 -1
    outer loop
      vertex 34.9141 56.0954 0
      vertex 35.1634 56.3147 0
      vertex 35.1264 56.259 0
    endloop
  endfacet
  facet normal 0 0 -1
    outer loop
      vertex 35.243 56.7574 0
      vertex 34.9056 57.2332 0
      vertex 35.2304 56.8377 0
    endloop
  endfacet
  facet normal 0 0 -1
    outer loop
      vertex 34.9141 56.0954 0
      vertex 35.1264 56.259 0
      vertex 35.0828 56.2084 0
    endloop
  endfacet
  facet normal 0 0 -1
    outer loop
      vertex 35.2304 56.8377 0
      vertex 34.9771 57.1956 0
      vertex 35.2093 56.9122 0
    endloop
  endfacet
  facet normal 0 0 -1
    outer loop
      vertex 34.9141 56.0954 0
      vertex 35.0828 56.2084 0
      vertex 35.0327 56.1639 0
    endloop
  endfacet
  facet normal 0 0 -1
    outer loop
      vertex 35.217 56.4418 0
      vertex 34.8456 56.0714 0
      vertex 34.7709 56.0543 0
    endloop
  endfacet
  facet normal 0 0 -1
    outer loop
      vertex 34.9141 56.0954 0
      vertex 35.0327 56.1639 0
      vertex 34.9765 56.1262 0
    endloop
  endfacet
  facet normal 0 0 -1
    outer loop
      vertex 35.1634 56.3147 0
      vertex 34.9141 56.0954 0
      vertex 34.8456 56.0714 0
    endloop
  endfacet
  facet normal 0 0 -1
    outer loop
      vertex 35.1417 57.0434 0
      vertex 34.9771 57.1956 0
      vertex 35.0953 57.1001 0
    endloop
  endfacet
  facet normal 0 0 -1
    outer loop
      vertex 35.0953 57.1001 0
      vertex 34.9771 57.1956 0
      vertex 35.0404 57.151 0
    endloop
  endfacet
  facet normal 0 0 -1
    outer loop
      vertex 35.1797 56.9807 0
      vertex 34.9771 57.1956 0
      vertex 35.1417 57.0434 0
    endloop
  endfacet
  facet normal 0 0 -1
    outer loop
      vertex 35.2093 56.9122 0
      vertex 34.9771 57.1956 0
      vertex 35.1797 56.9807 0
    endloop
  endfacet
  facet normal -0 -0 -1
    outer loop
      vertex 34.9771 57.1956 0
      vertex 35.2304 56.8377 0
      vertex 34.9056 57.2332 0
    endloop
  endfacet
  facet normal -0 0 -1
    outer loop
      vertex 34.8257 57.264 0
      vertex 34.69 56.044 0
      vertex 34.7376 57.288 0
    endloop
  endfacet
  facet normal 0 0 -1
    outer loop
      vertex 34.603 56.0406 0
      vertex 34.7376 57.288 0
      vertex 34.69 56.044 0
    endloop
  endfacet
  facet normal 0 0 -1
    outer loop
      vertex 34.521 56.0439 0
      vertex 34.7376 57.288 0
      vertex 34.603 56.0406 0
    endloop
  endfacet
  facet normal -0 0 -1
    outer loop
      vertex 34.7376 57.288 0
      vertex 34.521 56.0439 0
      vertex 34.6411 57.3051 0
    endloop
  endfacet
  facet normal 0 0 -1
    outer loop
      vertex 34.4437 56.0539 0
      vertex 34.6411 57.3051 0
      vertex 34.521 56.0439 0
    endloop
  endfacet
  facet normal 0 0 -1
    outer loop
      vertex 33.9181 56.6645 0
      vertex 34.6411 57.3051 0
      vertex 34.4437 56.0539 0
    endloop
  endfacet
  facet normal -0 0 -1
    outer loop
      vertex 34.6411 57.3051 0
      vertex 33.9181 56.6645 0
      vertex 34.5364 57.3154 0
    endloop
  endfacet
  facet normal 0 0 -1
    outer loop
      vertex 33.9181 56.6645 0
      vertex 34.4437 56.0539 0
      vertex 34.371 56.0705 0
    endloop
  endfacet
  facet normal 0 0 -1
    outer loop
      vertex 33.9181 56.6645 0
      vertex 34.371 56.0705 0
      vertex 34.303 56.0937 0
    endloop
  endfacet
  facet normal 0 0 -1
    outer loop
      vertex 33.9181 56.6645 0
      vertex 34.303 56.0937 0
      vertex 34.2395 56.1236 0
    endloop
  endfacet
  facet normal 0 0 -1
    outer loop
      vertex 33.9181 56.6645 0
      vertex 34.2395 56.1236 0
      vertex 34.1807 56.1602 0
    endloop
  endfacet
  facet normal 0 0 -1
    outer loop
      vertex 33.9181 56.6645 0
      vertex 34.1807 56.1602 0
      vertex 34.1266 56.2034 0
    endloop
  endfacet
  facet normal -0 0 -1
    outer loop
      vertex 34.5364 57.3154 0
      vertex 33.9181 56.6645 0
      vertex 34.4233 57.3188 0
    endloop
  endfacet
  facet normal -0 0 -1
    outer loop
      vertex 34.4233 57.3188 0
      vertex 33.9181 56.6645 0
      vertex 34.1114 57.3188 0
    endloop
  endfacet
  facet normal 0 0 -1
    outer loop
      vertex 33.9181 56.6645 0
      vertex 34.1266 56.2034 0
      vertex 34.0779 56.2526 0
    endloop
  endfacet
  facet normal 0 0 -1
    outer loop
      vertex 34.9785 58.175 0
      vertex 35.3591 58.7463 0
      vertex 35.3544 58.6583 0
    endloop
  endfacet
  facet normal 0 0 -1
    outer loop
      vertex 34.8898 58.1439 0
      vertex 35.3591 58.7463 0
      vertex 34.9785 58.175 0
    endloop
  endfacet
  facet normal 0 0 -1
    outer loop
      vertex 35.0581 58.2131 0
      vertex 35.3544 58.6583 0
      vertex 35.3403 58.5764 0
    endloop
  endfacet
  facet normal -0 0 -1
    outer loop
      vertex 35.3591 58.7463 0
      vertex 34.8898 58.1439 0
      vertex 35.3552 58.8424 0
    endloop
  endfacet
  facet normal 0 0 -1
    outer loop
      vertex 35.1285 58.2581 0
      vertex 35.3403 58.5764 0
      vertex 35.3168 58.5005 0
    endloop
  endfacet
  facet normal 0 0 -1
    outer loop
      vertex 34.8201 59.4207 0
      vertex 35.3552 58.8424 0
      vertex 34.8898 58.1439 0
    endloop
  endfacet
  facet normal 0 0 -1
    outer loop
      vertex 35.1285 58.2581 0
      vertex 35.3168 58.5005 0
      vertex 35.2838 58.4308 0
    endloop
  endfacet
  facet normal 0 0 -1
    outer loop
      vertex 35.3544 58.6583 0
      vertex 35.0581 58.2131 0
      vertex 34.9785 58.175 0
    endloop
  endfacet
  facet normal 0 0 -1
    outer loop
      vertex 35.1285 58.2581 0
      vertex 35.2838 58.4308 0
      vertex 35.2415 58.3671 0
    endloop
  endfacet
  facet normal -0 -0 -1
    outer loop
      vertex 34.9024 59.4035 0
      vertex 35.3436 58.9312 0
      vertex 34.8201 59.4207 0
    endloop
  endfacet
  facet normal 0 0 -1
    outer loop
      vertex 35.1285 58.2581 0
      vertex 35.2415 58.3671 0
      vertex 35.1897 58.3096 0
    endloop
  endfacet
  facet normal 0 0 -1
    outer loop
      vertex 35.3403 58.5764 0
      vertex 35.1285 58.2581 0
      vertex 35.0581 58.2131 0
    endloop
  endfacet
  facet normal 0 0 -1
    outer loop
      vertex 35.3436 58.9312 0
      vertex 34.9784 59.3792 0
      vertex 35.3242 59.0126 0
    endloop
  endfacet
  facet normal 0 0 -1
    outer loop
      vertex 35.2196 59.213 0
      vertex 35.1118 59.3101 0
      vertex 35.1692 59.2651 0
    endloop
  endfacet
  facet normal -0 -0 -1
    outer loop
      vertex 35.1118 59.3101 0
      vertex 35.2971 59.0867 0
      vertex 35.0483 59.3481 0
    endloop
  endfacet
  facet normal 0 0 -1
    outer loop
      vertex 35.2622 59.1535 0
      vertex 35.1118 59.3101 0
      vertex 35.2196 59.213 0
    endloop
  endfacet
  facet normal -0 -0 -1
    outer loop
      vertex 35.0483 59.3481 0
      vertex 35.3242 59.0126 0
      vertex 34.9784 59.3792 0
    endloop
  endfacet
  facet normal 0 0 -1
    outer loop
      vertex 35.2971 59.0867 0
      vertex 35.1118 59.3101 0
      vertex 35.2622 59.1535 0
    endloop
  endfacet
  facet normal 0 0 -1
    outer loop
      vertex 35.3242 59.0126 0
      vertex 35.0483 59.3481 0
      vertex 35.2971 59.0867 0
    endloop
  endfacet
  facet normal 0 0 -1
    outer loop
      vertex 35.3552 58.8424 0
      vertex 34.8201 59.4207 0
      vertex 35.3436 58.9312 0
    endloop
  endfacet
  facet normal -0 -0 -1
    outer loop
      vertex 34.9784 59.3792 0
      vertex 35.3436 58.9312 0
      vertex 34.9024 59.4035 0
    endloop
  endfacet
  facet normal 0 0 -1
    outer loop
      vertex 34.7316 59.4311 0
      vertex 34.8898 58.1439 0
      vertex 34.792 58.1197 0
    endloop
  endfacet
  facet normal 0 0 -1
    outer loop
      vertex 34.8898 58.1439 0
      vertex 34.7316 59.4311 0
      vertex 34.8201 59.4207 0
    endloop
  endfacet
  facet normal 0 0 -1
    outer loop
      vertex 34.6369 59.4346 0
      vertex 34.792 58.1197 0
      vertex 34.685 58.1024 0
    endloop
  endfacet
  facet normal 0 0 -1
    outer loop
      vertex 34.792 58.1197 0
      vertex 34.6369 59.4346 0
      vertex 34.7316 59.4311 0
    endloop
  endfacet
  facet normal 0 0 -1
    outer loop
      vertex 34.4515 59.4205 0
      vertex 34.685 58.1024 0
      vertex 34.5689 58.092 0
    endloop
  endfacet
  facet normal 0 0 -1
    outer loop
      vertex 34.685 58.1024 0
      vertex 34.4515 59.4205 0
      vertex 34.6369 59.4346 0
    endloop
  endfacet
  facet normal 0 0 -1
    outer loop
      vertex 33.8921 58.9289 0
      vertex 34.5689 58.092 0
      vertex 34.4437 58.0885 0
    endloop
  endfacet
  facet normal 0 0 -1
    outer loop
      vertex 34.5689 58.092 0
      vertex 34.2907 59.3784 0
      vertex 34.4515 59.4205 0
    endloop
  endfacet
  facet normal 0 0 -1
    outer loop
      vertex 34.5689 58.092 0
      vertex 33.8921 58.9289 0
      vertex 34.2907 59.3784 0
    endloop
  endfacet
  facet normal 0 0 -1
    outer loop
      vertex 33.8537 58.7463 0
      vertex 34.4437 58.0885 0
      vertex 34.1114 58.0885 0
    endloop
  endfacet
  facet normal 0 -0 -1
    outer loop
      vertex 33.955 59.0834 0
      vertex 34.2907 59.3784 0
      vertex 33.8921 58.9289 0
    endloop
  endfacet
  facet normal 0 0 -1
    outer loop
      vertex 32.9654 56.5966 0
      vertex 34.1114 57.3188 0
      vertex 33.9181 56.6645 0
    endloop
  endfacet
  facet normal 0 0 -1
    outer loop
      vertex 33.9462 56.505 0
      vertex 34.0779 56.2526 0
      vertex 34.0356 56.3074 0
    endloop
  endfacet
  facet normal 0 0 -1
    outer loop
      vertex 33.9462 56.505 0
      vertex 34.0356 56.3074 0
      vertex 33.9995 56.3678 0
    endloop
  endfacet
  facet normal 0 0 -1
    outer loop
      vertex 33.9462 56.505 0
      vertex 33.9995 56.3678 0
      vertex 33.9697 56.4336 0
    endloop
  endfacet
  facet normal 0 0 -1
    outer loop
      vertex 32.33 57.2307 0
      vertex 34.1114 57.3188 0
      vertex 32.9654 56.5966 0
    endloop
  endfacet
  facet normal 0 0 -1
    outer loop
      vertex 34.0779 56.2526 0
      vertex 33.9462 56.505 0
      vertex 33.929 56.582 0
    endloop
  endfacet
  facet normal 0 0 -1
    outer loop
      vertex 34.0779 56.2526 0
      vertex 33.929 56.582 0
      vertex 33.9181 56.6645 0
    endloop
  endfacet
  facet normal 0 0 -1
    outer loop
      vertex 34.4437 58.0885 0
      vertex 33.8537 58.7463 0
      vertex 33.8921 58.9289 0
    endloop
  endfacet
  facet normal 0 0 -1
    outer loop
      vertex 34.2907 59.3784 0
      vertex 33.955 59.0834 0
      vertex 34.1543 59.3082 0
    endloop
  endfacet
  facet normal 0 0 -1
    outer loop
      vertex 34.1543 59.3082 0
      vertex 33.955 59.0834 0
      vertex 34.0424 59.2098 0
    endloop
  endfacet
  facet normal -0 0 -1
    outer loop
      vertex 34.1114 57.3188 0
      vertex 32.33 57.2307 0
      vertex 34.1114 58.0885 0
    endloop
  endfacet
  facet normal 0 0 -1
    outer loop
      vertex 34.1114 58.0885 0
      vertex 32.8839 58.8311 0
      vertex 33.8537 58.7463 0
    endloop
  endfacet
  facet normal 0 0 -1
    outer loop
      vertex 32.4515 56.8103 0
      vertex 32.9654 56.5966 0
      vertex 32.4596 56.7184 0
    endloop
  endfacet
  facet normal 0 0 -1
    outer loop
      vertex 32.438 56.8997 0
      vertex 32.9654 56.5966 0
      vertex 32.4515 56.8103 0
    endloop
  endfacet
  facet normal 0 0 -1
    outer loop
      vertex 32.4191 56.9864 0
      vertex 32.9654 56.5966 0
      vertex 32.438 56.8997 0
    endloop
  endfacet
  facet normal 0 0 -1
    outer loop
      vertex 32.3948 57.0704 0
      vertex 32.9654 56.5966 0
      vertex 32.4191 56.9864 0
    endloop
  endfacet
  facet normal 0 0 -1
    outer loop
      vertex 32.3651 57.1519 0
      vertex 32.9654 56.5966 0
      vertex 32.3948 57.0704 0
    endloop
  endfacet
  facet normal 0 0 -1
    outer loop
      vertex 32.33 57.2307 0
      vertex 32.9654 56.5966 0
      vertex 32.3651 57.1519 0
    endloop
  endfacet
  facet normal 0 0 -1
    outer loop
      vertex 32.2484 57.3822 0
      vertex 34.1114 58.0885 0
      vertex 32.2907 57.3073 0
    endloop
  endfacet
  facet normal -0 0 -1
    outer loop
      vertex 34.1114 58.0885 0
      vertex 32.2484 57.3822 0
      vertex 32.8839 58.8311 0
    endloop
  endfacet
  facet normal 0 0 -1
    outer loop
      vertex 32.203 57.4554 0
      vertex 32.8839 58.8311 0
      vertex 32.2484 57.3822 0
    endloop
  endfacet
  facet normal 0 0 -1
    outer loop
      vertex 32.1546 57.5269 0
      vertex 32.8839 58.8311 0
      vertex 32.203 57.4554 0
    endloop
  endfacet
  facet normal 0 0 -1
    outer loop
      vertex 32.1031 57.5966 0
      vertex 32.8839 58.8311 0
      vertex 32.1546 57.5269 0
    endloop
  endfacet
  facet normal 0 0 -1
    outer loop
      vertex 32.0485 57.6646 0
      vertex 32.8839 58.8311 0
      vertex 32.1031 57.5966 0
    endloop
  endfacet
  facet normal 0 0 -1
    outer loop
      vertex 31.991 57.7308 0
      vertex 32.8839 58.8311 0
      vertex 32.0485 57.6646 0
    endloop
  endfacet
  facet normal 0 0 -1
    outer loop
      vertex 31.9309 57.7956 0
      vertex 32.8839 58.8311 0
      vertex 31.991 57.7308 0
    endloop
  endfacet
  facet normal 0 0 -1
    outer loop
      vertex 31.869 57.8592 0
      vertex 32.8839 58.8311 0
      vertex 31.9309 57.7956 0
    endloop
  endfacet
  facet normal 0 0 -1
    outer loop
      vertex 31.8053 57.9217 0
      vertex 32.8839 58.8311 0
      vertex 31.869 57.8592 0
    endloop
  endfacet
  facet normal 0 0 -1
    outer loop
      vertex 31.7396 57.983 0
      vertex 32.8839 58.8311 0
      vertex 31.8053 57.9217 0
    endloop
  endfacet
  facet normal 0 0 -1
    outer loop
      vertex 31.6721 58.0431 0
      vertex 32.8839 58.8311 0
      vertex 31.7396 57.983 0
    endloop
  endfacet
  facet normal 0 0 -1
    outer loop
      vertex 31.6028 58.102 0
      vertex 32.8839 58.8311 0
      vertex 31.6721 58.0431 0
    endloop
  endfacet
  facet normal -0 0 -1
    outer loop
      vertex 32.8839 58.8311 0
      vertex 31.6028 58.102 0
      vertex 32.5369 59.3464 0
    endloop
  endfacet
  facet normal 0 0 -1
    outer loop
      vertex 31.5315 58.1597 0
      vertex 32.5369 59.3464 0
      vertex 31.6028 58.102 0
    endloop
  endfacet
  facet normal 0 0 -1
    outer loop
      vertex 31.4597 58.2167 0
      vertex 32.5369 59.3464 0
      vertex 31.5315 58.1597 0
    endloop
  endfacet
  facet normal 0 0 -1
    outer loop
      vertex 31.3884 58.2732 0
      vertex 32.5369 59.3464 0
      vertex 31.4597 58.2167 0
    endloop
  endfacet
  facet normal 0 0 -1
    outer loop
      vertex 31.3178 58.3293 0
      vertex 32.5369 59.3464 0
      vertex 31.3884 58.2732 0
    endloop
  endfacet
  facet normal 0 0 -1
    outer loop
      vertex 31.2478 58.385 0
      vertex 32.5369 59.3464 0
      vertex 31.3178 58.3293 0
    endloop
  endfacet
  facet normal 0 0 -1
    outer loop
      vertex 31.1784 58.4403 0
      vertex 32.5369 59.3464 0
      vertex 31.2478 58.385 0
    endloop
  endfacet
  facet normal 0 0 -1
    outer loop
      vertex 31.1097 58.4952 0
      vertex 32.5369 59.3464 0
      vertex 31.1784 58.4403 0
    endloop
  endfacet
  facet normal 0 0 -1
    outer loop
      vertex 31.0416 58.5497 0
      vertex 32.5369 59.3464 0
      vertex 31.1097 58.4952 0
    endloop
  endfacet
  facet normal 0 0 -1
    outer loop
      vertex 30.9746 58.604 0
      vertex 32.5369 59.3464 0
      vertex 31.0416 58.5497 0
    endloop
  endfacet
  facet normal 0 0 -1
    outer loop
      vertex 30.9094 58.6584 0
      vertex 32.5369 59.3464 0
      vertex 30.9746 58.604 0
    endloop
  endfacet
  facet normal 0 0 -1
    outer loop
      vertex 30.8459 58.713 0
      vertex 32.5369 59.3464 0
      vertex 30.9094 58.6584 0
    endloop
  endfacet
  facet normal 0 0 -1
    outer loop
      vertex 30.7842 58.7678 0
      vertex 32.5369 59.3464 0
      vertex 30.8459 58.713 0
    endloop
  endfacet
  facet normal 0 0 -1
    outer loop
      vertex 30.7242 58.8226 0
      vertex 32.5369 59.3464 0
      vertex 30.7842 58.7678 0
    endloop
  endfacet
  facet normal 0 0 -1
    outer loop
      vertex 30.6659 58.8776 0
      vertex 32.5369 59.3464 0
      vertex 30.7242 58.8226 0
    endloop
  endfacet
  facet normal 0 0 -1
    outer loop
      vertex 30.6093 58.9328 0
      vertex 32.5369 59.3464 0
      vertex 30.6659 58.8776 0
    endloop
  endfacet
  facet normal 0 0 -1
    outer loop
      vertex 30.5556 58.9886 0
      vertex 32.5369 59.3464 0
      vertex 30.6093 58.9328 0
    endloop
  endfacet
  facet normal 0 0 -1
    outer loop
      vertex 30.506 59.0454 0
      vertex 32.5369 59.3464 0
      vertex 30.5556 58.9886 0
    endloop
  endfacet
  facet normal 0 0 -1
    outer loop
      vertex 30.4605 59.1034 0
      vertex 32.5369 59.3464 0
      vertex 30.506 59.0454 0
    endloop
  endfacet
  facet normal 0 0 -1
    outer loop
      vertex 30.4191 59.1625 0
      vertex 32.5369 59.3464 0
      vertex 30.4605 59.1034 0
    endloop
  endfacet
  facet normal 0 0 -1
    outer loop
      vertex 30.3818 59.2227 0
      vertex 32.5369 59.3464 0
      vertex 30.4191 59.1625 0
    endloop
  endfacet
  facet normal 0 0 -1
    outer loop
      vertex 30.3485 59.284 0
      vertex 32.5369 59.3464 0
      vertex 30.3818 59.2227 0
    endloop
  endfacet
  facet normal -0 0 -1
    outer loop
      vertex 32.5369 59.3464 0
      vertex 30.3485 59.284 0
      vertex 30.3194 59.3464 0
    endloop
  endfacet
  facet normal 0 0 -1
    outer loop
      vertex 30.8687 56.0406 0
      vertex 31.4959 56.6645 0
      vertex 31.4831 56.499 0
    endloop
  endfacet
  facet normal -0 0 -1
    outer loop
      vertex 31.4959 56.6645 0
      vertex 30.8687 56.0406 0
      vertex 31.4918 56.7374 0
    endloop
  endfacet
  facet normal -0 0 -1
    outer loop
      vertex 31.4918 56.7374 0
      vertex 30.8687 56.0406 0
      vertex 31.4795 56.8106 0
    endloop
  endfacet
  facet normal 0 0 -1
    outer loop
      vertex 31.0351 56.0533 0
      vertex 31.4831 56.499 0
      vertex 31.4447 56.3589 0
    endloop
  endfacet
  facet normal 0 0 -1
    outer loop
      vertex 30.8687 56.0406 0
      vertex 31.4831 56.499 0
      vertex 31.0351 56.0533 0
    endloop
  endfacet
  facet normal -0 0 -1
    outer loop
      vertex 31.4795 56.8106 0
      vertex 30.8687 56.0406 0
      vertex 31.4589 56.8843 0
    endloop
  endfacet
  facet normal 0 0 -1
    outer loop
      vertex 31.1759 56.0915 0
      vertex 31.4447 56.3589 0
      vertex 31.3807 56.2443 0
    endloop
  endfacet
  facet normal 0 0 -1
    outer loop
      vertex 30.2303 56.5239 0
      vertex 31.4589 56.8843 0
      vertex 30.8687 56.0406 0
    endloop
  endfacet
  facet normal -0 0 -1
    outer loop
      vertex 31.4589 56.8843 0
      vertex 30.2303 56.5239 0
      vertex 31.43 56.9584 0
    endloop
  endfacet
  facet normal 0 0 -1
    outer loop
      vertex 31.1759 56.0915 0
      vertex 31.3807 56.2443 0
      vertex 31.2911 56.1552 0
    endloop
  endfacet
  facet normal -0 0 -1
    outer loop
      vertex 31.43 56.9584 0
      vertex 30.2303 56.5239 0
      vertex 31.393 57.033 0
    endloop
  endfacet
  facet normal 0 0 -1
    outer loop
      vertex 31.4447 56.3589 0
      vertex 31.1759 56.0915 0
      vertex 31.0351 56.0533 0
    endloop
  endfacet
  facet normal 0 0 -1
    outer loop
      vertex 30.2098 56.6078 0
      vertex 31.393 57.033 0
      vertex 30.2303 56.5239 0
    endloop
  endfacet
  facet normal -0 0 -1
    outer loop
      vertex 31.393 57.033 0
      vertex 30.2098 56.6078 0
      vertex 31.3477 57.1079 0
    endloop
  endfacet
  facet normal 0 0 -1
    outer loop
      vertex 30.1939 56.6984 0
      vertex 31.3477 57.1079 0
      vertex 30.2098 56.6078 0
    endloop
  endfacet
  facet normal -0 0 -1
    outer loop
      vertex 31.2304 57.2617 0
      vertex 30.1939 56.6984 0
      vertex 31.1544 57.346 0
    endloop
  endfacet
  facet normal -0 0 -1
    outer loop
      vertex 31.2942 57.1832 0
      vertex 30.1939 56.6984 0
      vertex 31.2304 57.2617 0
    endloop
  endfacet
  facet normal -0 0 -1
    outer loop
      vertex 31.0662 57.4361 0
      vertex 30.1939 56.6984 0
      vertex 30.9656 57.532 0
    endloop
  endfacet
  facet normal 0 0 -1
    outer loop
      vertex 30.2303 56.5239 0
      vertex 30.8687 56.0406 0
      vertex 30.7844 56.044 0
    endloop
  endfacet
  facet normal -0 0 -1
    outer loop
      vertex 30.9656 57.532 0
      vertex 30.1939 56.6984 0
      vertex 30.8529 57.6337 0
    endloop
  endfacet
  facet normal 0 0 -1
    outer loop
      vertex 30.2555 56.4467 0
      vertex 30.7844 56.044 0
      vertex 30.7061 56.054 0
    endloop
  endfacet
  facet normal 0 0 -1
    outer loop
      vertex 30.2853 56.3762 0
      vertex 30.7061 56.054 0
      vertex 30.6336 56.0708 0
    endloop
  endfacet
  facet normal -0 0 -1
    outer loop
      vertex 30.8529 57.6337 0
      vertex 30.1939 56.6984 0
      vertex 30.7279 57.7412 0
    endloop
  endfacet
  facet normal 0 0 -1
    outer loop
      vertex 30.3197 56.3124 0
      vertex 30.6336 56.0708 0
      vertex 30.567 56.0943 0
    endloop
  endfacet
  facet normal 0 0 -1
    outer loop
      vertex 30.3588 56.2554 0
      vertex 30.567 56.0943 0
      vertex 30.5063 56.1245 0
    endloop
  endfacet
  facet normal 0 0 -1
    outer loop
      vertex 30.3588 56.2554 0
      vertex 30.5063 56.1245 0
      vertex 30.4514 56.1614 0
    endloop
  endfacet
  facet normal -0 0 -1
    outer loop
      vertex 30.7279 57.7412 0
      vertex 30.1939 56.6984 0
      vertex 30.5906 57.8546 0
    endloop
  endfacet
  facet normal 0 0 -1
    outer loop
      vertex 30.3588 56.2554 0
      vertex 30.4514 56.1614 0
      vertex 30.4025 56.205 0
    endloop
  endfacet
  facet normal 0 0 -1
    outer loop
      vertex 30.567 56.0943 0
      vertex 30.3588 56.2554 0
      vertex 30.3197 56.3124 0
    endloop
  endfacet
  facet normal 0 0 -1
    outer loop
      vertex 30.6336 56.0708 0
      vertex 30.3197 56.3124 0
      vertex 30.2853 56.3762 0
    endloop
  endfacet
  facet normal -0 0 -1
    outer loop
      vertex 30.5906 57.8546 0
      vertex 30.1939 56.6984 0
      vertex 30.4451 57.975 0
    endloop
  endfacet
  facet normal 0 0 -1
    outer loop
      vertex 30.7061 56.054 0
      vertex 30.2853 56.3762 0
      vertex 30.2555 56.4467 0
    endloop
  endfacet
  facet normal 0 0 -1
    outer loop
      vertex 30.7844 56.044 0
      vertex 30.2555 56.4467 0
      vertex 30.2303 56.5239 0
    endloop
  endfacet
  facet normal -0 0 -1
    outer loop
      vertex 31.3477 57.1079 0
      vertex 30.1939 56.6984 0
      vertex 31.2942 57.1832 0
    endloop
  endfacet
  facet normal -0 0 -1
    outer loop
      vertex 31.1544 57.346 0
      vertex 30.1939 56.6984 0
      vertex 31.0662 57.4361 0
    endloop
  endfacet
  facet normal -0 0 -1
    outer loop
      vertex 30.4451 57.975 0
      vertex 30.1939 56.6984 0
      vertex 30.3068 58.094 0
    endloop
  endfacet
  facet normal 0 0 -1
    outer loop
      vertex 29.2344 56.6441 0
      vertex 30.3068 58.094 0
      vertex 30.1939 56.6984 0
    endloop
  endfacet
  facet normal -0 0 -1
    outer loop
      vertex 30.3068 58.094 0
      vertex 29.2344 56.6441 0
      vertex 30.1758 58.2116 0
    endloop
  endfacet
  facet normal -0 0 -1
    outer loop
      vertex 30.1758 58.2116 0
      vertex 29.2344 56.6441 0
      vertex 30.052 58.3279 0
    endloop
  endfacet
  facet normal 0 0 -1
    outer loop
      vertex 28.6395 58.1003 0
      vertex 30.052 58.3279 0
      vertex 29.2344 56.6441 0
    endloop
  endfacet
  facet normal 0 -0 -1
    outer loop
      vertex 28.6706 58.1618 0
      vertex 30.052 58.3279 0
      vertex 28.6395 58.1003 0
    endloop
  endfacet
  facet normal 0 0 -1
    outer loop
      vertex 29.9355 58.4427 0
      vertex 28.79 58.7531 0
      vertex 29.8263 58.5562 0
    endloop
  endfacet
  facet normal 0 0 -1
    outer loop
      vertex 29.8263 58.5562 0
      vertex 28.79 58.7531 0
      vertex 29.7243 58.6683 0
    endloop
  endfacet
  facet normal 0 0 -1
    outer loop
      vertex 29.7243 58.6683 0
      vertex 28.79 58.7531 0
      vertex 29.6292 58.7801 0
    endloop
  endfacet
  facet normal -0 0 -1
    outer loop
      vertex 29.6292 58.7801 0
      vertex 28.79 58.7531 0
      vertex 29.5405 58.8928 0
    endloop
  endfacet
  facet normal -0 0 -1
    outer loop
      vertex 29.5405 58.8928 0
      vertex 28.79 58.7531 0
      vertex 29.4583 59.0063 0
    endloop
  endfacet
  facet normal -0 0 -1
    outer loop
      vertex 29.4583 59.0063 0
      vertex 28.79 58.7531 0
      vertex 29.3825 59.1206 0
    endloop
  endfacet
  facet normal 0 0 -1
    outer loop
      vertex 28.7794 58.9469 0
      vertex 29.3825 59.1206 0
      vertex 28.79 58.7531 0
    endloop
  endfacet
  facet normal -0 0 -1
    outer loop
      vertex 29.3825 59.1206 0
      vertex 28.7794 58.9469 0
      vertex 29.3131 59.2357 0
    endloop
  endfacet
  facet normal -0 0 -1
    outer loop
      vertex 30.052 58.3279 0
      vertex 28.6706 58.1618 0
      vertex 29.9355 58.4427 0
    endloop
  endfacet
  facet normal 0 0 -1
    outer loop
      vertex 29.2344 56.6441 0
      vertex 28.605 58.0415 0
      vertex 28.6395 58.1003 0
    endloop
  endfacet
  facet normal 0 0 -1
    outer loop
      vertex 29.2344 56.6441 0
      vertex 28.5672 57.9853 0
      vertex 28.605 58.0415 0
    endloop
  endfacet
  facet normal 0 0 -1
    outer loop
      vertex 29.2344 56.6441 0
      vertex 28.5261 57.9318 0
      vertex 28.5672 57.9853 0
    endloop
  endfacet
  facet normal 0 0 -1
    outer loop
      vertex 29.2344 56.6441 0
      vertex 28.4817 57.8808 0
      vertex 28.5261 57.9318 0
    endloop
  endfacet
  facet normal 0 0 -1
    outer loop
      vertex 29.2344 56.6441 0
      vertex 28.434 57.8325 0
      vertex 28.4817 57.8808 0
    endloop
  endfacet
  facet normal 0 0 -1
    outer loop
      vertex 29.2344 56.6441 0
      vertex 28.382 57.7864 0
      vertex 28.434 57.8325 0
    endloop
  endfacet
  facet normal 0 0 -1
    outer loop
      vertex 29.2344 56.6441 0
      vertex 28.325 57.7419 0
      vertex 28.382 57.7864 0
    endloop
  endfacet
  facet normal 0 0 -1
    outer loop
      vertex 28.6645 56.478 0
      vertex 28.263 57.6991 0
      vertex 28.325 57.7419 0
    endloop
  endfacet
  facet normal 0 0 -1
    outer loop
      vertex 28.6645 56.478 0
      vertex 28.1959 57.6579 0
      vertex 28.263 57.6991 0
    endloop
  endfacet
  facet normal 0 0 -1
    outer loop
      vertex 28.6645 56.478 0
      vertex 28.1238 57.6184 0
      vertex 28.1959 57.6579 0
    endloop
  endfacet
  facet normal 0 0 -1
    outer loop
      vertex 28.6645 56.478 0
      vertex 28.0466 57.5805 0
      vertex 28.1238 57.6184 0
    endloop
  endfacet
  facet normal 0 0 -1
    outer loop
      vertex 28.6645 56.478 0
      vertex 27.9643 57.5443 0
      vertex 28.0466 57.5805 0
    endloop
  endfacet
  facet normal 0 0 -1
    outer loop
      vertex 27.6948 56.6102 0
      vertex 27.9643 57.5443 0
      vertex 28.6645 56.478 0
    endloop
  endfacet
  facet normal 0 0 -1
    outer loop
      vertex 27.9643 57.5443 0
      vertex 27.6948 56.6102 0
      vertex 27.8716 57.5085 0
    endloop
  endfacet
  facet normal 0 0 -1
    outer loop
      vertex 27.8716 57.5085 0
      vertex 27.6948 56.6102 0
      vertex 27.7629 57.4718 0
    endloop
  endfacet
  facet normal 0 0 -1
    outer loop
      vertex 26.9794 57.2748 0
      vertex 27.6948 56.6102 0
      vertex 27.6703 56.5252 0
    endloop
  endfacet
  facet normal 0 0 -1
    outer loop
      vertex 26.9794 57.2748 0
      vertex 27.6703 56.5252 0
      vertex 27.6396 56.4464 0
    endloop
  endfacet
  facet normal 0 0 -1
    outer loop
      vertex 27.6948 56.6102 0
      vertex 27.6381 57.4342 0
      vertex 27.7629 57.4718 0
    endloop
  endfacet
  facet normal 0 0 -1
    outer loop
      vertex 26.9794 57.2748 0
      vertex 27.6396 56.4464 0
      vertex 27.6025 56.3738 0
    endloop
  endfacet
  facet normal 0 0 -1
    outer loop
      vertex 26.9794 57.2748 0
      vertex 27.6025 56.3738 0
      vertex 27.5592 56.3074 0
    endloop
  endfacet
  facet normal 0 0 -1
    outer loop
      vertex 26.9794 57.2748 0
      vertex 27.5592 56.3074 0
      vertex 27.5095 56.2473 0
    endloop
  endfacet
  facet normal 0 0 -1
    outer loop
      vertex 27.6948 56.6102 0
      vertex 27.4974 57.3957 0
      vertex 27.6381 57.4342 0
    endloop
  endfacet
  facet normal 0 0 -1
    outer loop
      vertex 26.9794 57.2748 0
      vertex 27.5095 56.2473 0
      vertex 27.4536 56.1934 0
    endloop
  endfacet
  facet normal 0 0 -1
    outer loop
      vertex 26.9794 57.2748 0
      vertex 27.4536 56.1934 0
      vertex 27.3913 56.1457 0
    endloop
  endfacet
  facet normal 0 0 -1
    outer loop
      vertex 27.6948 56.6102 0
      vertex 27.3407 57.3563 0
      vertex 27.4974 57.3957 0
    endloop
  endfacet
  facet normal 0 0 -1
    outer loop
      vertex 26.9794 57.2748 0
      vertex 27.3913 56.1457 0
      vertex 27.3219 56.1044 0
    endloop
  endfacet
  facet normal 0 0 -1
    outer loop
      vertex 26.8217 57.2398 0
      vertex 27.3219 56.1044 0
      vertex 27.2444 56.0693 0
    endloop
  endfacet
  facet normal 0 0 -1
    outer loop
      vertex 27.6948 56.6102 0
      vertex 27.1681 57.316 0
      vertex 27.3407 57.3563 0
    endloop
  endfacet
  facet normal 0 0 -1
    outer loop
      vertex 26.8217 57.2398 0
      vertex 27.2444 56.0693 0
      vertex 27.1588 56.0407 0
    endloop
  endfacet
  facet normal 0 0 -1
    outer loop
      vertex 26.8217 57.2398 0
      vertex 27.1588 56.0407 0
      vertex 27.065 56.0184 0
    endloop
  endfacet
  facet normal 0 0 -1
    outer loop
      vertex 27.6948 56.6102 0
      vertex 26.9794 57.2748 0
      vertex 27.1681 57.316 0
    endloop
  endfacet
  facet normal 0 0 -1
    outer loop
      vertex 26.8217 57.2398 0
      vertex 27.065 56.0184 0
      vertex 26.9632 56.0025 0
    endloop
  endfacet
  facet normal 0 0 -1
    outer loop
      vertex 26.6799 57.2066 0
      vertex 26.9632 56.0025 0
      vertex 26.8533 55.9929 0
    endloop
  endfacet
  facet normal 0 0 -1
    outer loop
      vertex 27.3219 56.1044 0
      vertex 26.8217 57.2398 0
      vertex 26.9794 57.2748 0
    endloop
  endfacet
  facet normal 0 0 -1
    outer loop
      vertex 26.6799 57.2066 0
      vertex 26.8533 55.9929 0
      vertex 26.7353 55.9897 0
    endloop
  endfacet
  facet normal 0 0 -1
    outer loop
      vertex 26.9632 56.0025 0
      vertex 26.6799 57.2066 0
      vertex 26.8217 57.2398 0
    endloop
  endfacet
  facet normal 0 0 -1
    outer loop
      vertex 26.7353 55.9897 0
      vertex 26.554 57.1751 0
      vertex 26.6799 57.2066 0
    endloop
  endfacet
  facet normal 0 0 -1
    outer loop
      vertex 26.4441 57.1453 0
      vertex 26.7353 55.9897 0
      vertex 26.4942 56.0014 0
    endloop
  endfacet
  facet normal 0 0 -1
    outer loop
      vertex 26.7353 55.9897 0
      vertex 26.4441 57.1453 0
      vertex 26.554 57.1751 0
    endloop
  endfacet
  facet normal 0 0 -1
    outer loop
      vertex 26.4942 56.0014 0
      vertex 26.35 57.1172 0
      vertex 26.4441 57.1453 0
    endloop
  endfacet
  facet normal 0 0 -1
    outer loop
      vertex 26.2902 56.0362 0
      vertex 26.35 57.1172 0
      vertex 26.4942 56.0014 0
    endloop
  endfacet
  facet normal 0 0 -1
    outer loop
      vertex 26.2902 56.0362 0
      vertex 26.2719 57.0909 0
      vertex 26.35 57.1172 0
    endloop
  endfacet
  facet normal 0 0 -1
    outer loop
      vertex 26.2902 56.0362 0
      vertex 26.2097 57.0663 0
      vertex 26.2719 57.0909 0
    endloop
  endfacet
  facet normal 0 0 -1
    outer loop
      vertex 26.2902 56.0362 0
      vertex 26.1574 57.0418 0
      vertex 26.2097 57.0663 0
    endloop
  endfacet
  facet normal 0 0 -1
    outer loop
      vertex 26.1233 56.0944 0
      vertex 26.1574 57.0418 0
      vertex 26.2902 56.0362 0
    endloop
  endfacet
  facet normal 0 0 -1
    outer loop
      vertex 26.1233 56.0944 0
      vertex 26.1088 57.0159 0
      vertex 26.1574 57.0418 0
    endloop
  endfacet
  facet normal 0 0 -1
    outer loop
      vertex 26.1233 56.0944 0
      vertex 26.0641 56.9885 0
      vertex 26.1088 57.0159 0
    endloop
  endfacet
  facet normal 0 0 -1
    outer loop
      vertex 26.1233 56.0944 0
      vertex 26.0232 56.9597 0
      vertex 26.0641 56.9885 0
    endloop
  endfacet
  facet normal 0 0 -1
    outer loop
      vertex 25.8266 56.5593 0
      vertex 26.1233 56.0944 0
      vertex 25.9935 56.1757 0
    endloop
  endfacet
  facet normal 0 0 -1
    outer loop
      vertex 26.1233 56.0944 0
      vertex 25.8266 56.5593 0
      vertex 26.0232 56.9597 0
    endloop
  endfacet
  facet normal 0 0 -1
    outer loop
      vertex 26.0232 56.9597 0
      vertex 25.8266 56.5593 0
      vertex 25.986 56.9294 0
    endloop
  endfacet
  facet normal 0 -0 -1
    outer loop
      vertex 25.8286 56.6112 0
      vertex 25.986 56.9294 0
      vertex 25.8266 56.5593 0
    endloop
  endfacet
  facet normal 0 0 -1
    outer loop
      vertex 25.8451 56.4082 0
      vertex 25.9935 56.1757 0
      vertex 25.9008 56.2804 0
    endloop
  endfacet
  facet normal 0 0 -1
    outer loop
      vertex 25.986 56.9294 0
      vertex 25.8286 56.6112 0
      vertex 25.9527 56.8977 0
    endloop
  endfacet
  facet normal 0 -0 -1
    outer loop
      vertex 25.8345 56.6604 0
      vertex 25.9527 56.8977 0
      vertex 25.8286 56.6112 0
    endloop
  endfacet
  facet normal 0 -0 -1
    outer loop
      vertex 25.8443 56.7068 0
      vertex 25.9527 56.8977 0
      vertex 25.8345 56.6604 0
    endloop
  endfacet
  facet normal 0 0 -1
    outer loop
      vertex 25.9935 56.1757 0
      vertex 25.8451 56.4082 0
      vertex 25.8266 56.5593 0
    endloop
  endfacet
  facet normal 0 0 -1
    outer loop
      vertex 25.9527 56.8977 0
      vertex 25.8443 56.7068 0
      vertex 25.9232 56.8645 0
    endloop
  endfacet
  facet normal 0 0 -1
    outer loop
      vertex 25.8976 56.8293 0
      vertex 25.8443 56.7068 0
      vertex 25.8581 56.7503 0
    endloop
  endfacet
  facet normal 0 0 -1
    outer loop
      vertex 25.9232 56.8645 0
      vertex 25.8443 56.7068 0
      vertex 25.8976 56.8293 0
    endloop
  endfacet
  facet normal 0 0 -1
    outer loop
      vertex 25.8976 56.8293 0
      vertex 25.8581 56.7503 0
      vertex 25.8759 56.7912 0
    endloop
  endfacet
  facet normal 0 0 -1
    outer loop
      vertex 27.6601 58.4382 0
      vertex 27.8144 58.7541 0
      vertex 27.8071 58.7003 0
    endloop
  endfacet
  facet normal -0 0 -1
    outer loop
      vertex 27.8144 58.7541 0
      vertex 27.6601 58.4382 0
      vertex 27.8169 58.8107 0
    endloop
  endfacet
  facet normal 0 0 -1
    outer loop
      vertex 27.6601 58.4382 0
      vertex 27.8071 58.7003 0
      vertex 27.7948 58.6494 0
    endloop
  endfacet
  facet normal 0 0 -1
    outer loop
      vertex 27.6965 58.4751 0
      vertex 27.7948 58.6494 0
      vertex 27.7776 58.6015 0
    endloop
  endfacet
  facet normal 0 0 -1
    outer loop
      vertex 27.6965 58.4751 0
      vertex 27.7776 58.6015 0
      vertex 27.7555 58.5564 0
    endloop
  endfacet
  facet normal 0 0 -1
    outer loop
      vertex 27.7948 58.6494 0
      vertex 27.6965 58.4751 0
      vertex 27.6601 58.4382 0
    endloop
  endfacet
  facet normal 0 0 -1
    outer loop
      vertex 27.6965 58.4751 0
      vertex 27.7555 58.5564 0
      vertex 27.7284 58.5143 0
    endloop
  endfacet
  facet normal 0 0 -1
    outer loop
      vertex 27.6197 58.4031 0
      vertex 27.8169 58.8107 0
      vertex 27.6601 58.4382 0
    endloop
  endfacet
  facet normal 0 -0 -1
    outer loop
      vertex 27.6245 59.24 0
      vertex 27.8169 58.8107 0
      vertex 27.6197 58.4031 0
    endloop
  endfacet
  facet normal 0 0 -1
    outer loop
      vertex 27.7955 58.9799 0
      vertex 27.6245 59.24 0
      vertex 27.7314 59.123 0
    endloop
  endfacet
  facet normal 0 0 -1
    outer loop
      vertex 27.8169 58.8107 0
      vertex 27.6245 59.24 0
      vertex 27.7955 58.9799 0
    endloop
  endfacet
  facet normal 0 0 -1
    outer loop
      vertex 27.5753 58.3698 0
      vertex 27.6245 59.24 0
      vertex 27.6197 58.4031 0
    endloop
  endfacet
  facet normal 0 0 -1
    outer loop
      vertex 27.4748 59.3311 0
      vertex 27.5753 58.3698 0
      vertex 27.5268 58.3383 0
    endloop
  endfacet
  facet normal 0 0 -1
    outer loop
      vertex 27.5753 58.3698 0
      vertex 27.4748 59.3311 0
      vertex 27.6245 59.24 0
    endloop
  endfacet
  facet normal 0 0 -1
    outer loop
      vertex 27.4744 58.3087 0
      vertex 27.4748 59.3311 0
      vertex 27.5268 58.3383 0
    endloop
  endfacet
  facet normal 0 0 -1
    outer loop
      vertex 27.2824 59.3961 0
      vertex 27.4744 58.3087 0
      vertex 27.4179 58.2808 0
    endloop
  endfacet
  facet normal 0 0 -1
    outer loop
      vertex 27.2824 59.3961 0
      vertex 27.4179 58.2808 0
      vertex 27.3574 58.2547 0
    endloop
  endfacet
  facet normal 0 0 -1
    outer loop
      vertex 27.2824 59.3961 0
      vertex 27.3574 58.2547 0
      vertex 27.2868 58.2287 0
    endloop
  endfacet
  facet normal 0 0 -1
    outer loop
      vertex 27.4744 58.3087 0
      vertex 27.2824 59.3961 0
      vertex 27.4748 59.3311 0
    endloop
  endfacet
  facet normal 0 0 -1
    outer loop
      vertex 27.0472 59.4352 0
      vertex 27.2868 58.2287 0
      vertex 27.1997 58.2013 0
    endloop
  endfacet
  facet normal 0 0 -1
    outer loop
      vertex 27.0472 59.4352 0
      vertex 27.1997 58.2013 0
      vertex 27.0962 58.1723 0
    endloop
  endfacet
  facet normal 0 0 -1
    outer loop
      vertex 27.2868 58.2287 0
      vertex 27.0472 59.4352 0
      vertex 27.2824 59.3961 0
    endloop
  endfacet
  facet normal 0 0 -1
    outer loop
      vertex 26.9763 58.1417 0
      vertex 27.0472 59.4352 0
      vertex 27.0962 58.1723 0
    endloop
  endfacet
  facet normal 0 0 -1
    outer loop
      vertex 26.7692 59.4482 0
      vertex 26.9763 58.1417 0
      vertex 26.84 58.1097 0
    endloop
  endfacet
  facet normal 0 0 -1
    outer loop
      vertex 26.9763 58.1417 0
      vertex 26.7692 59.4482 0
      vertex 27.0472 59.4352 0
    endloop
  endfacet
  facet normal 0 0 -1
    outer loop
      vertex 26.6294 59.4447 0
      vertex 26.84 58.1097 0
      vertex 26.6874 58.0761 0
    endloop
  endfacet
  facet normal 0 0 -1
    outer loop
      vertex 26.84 58.1097 0
      vertex 26.6294 59.4447 0
      vertex 26.7692 59.4482 0
    endloop
  endfacet
  facet normal 0 0 -1
    outer loop
      vertex 26.3766 59.4167 0
      vertex 26.6874 58.0761 0
      vertex 26.5183 58.041 0
    endloop
  endfacet
  facet normal 0 0 -1
    outer loop
      vertex 26.6874 58.0761 0
      vertex 26.4985 59.4342 0
      vertex 26.6294 59.4447 0
    endloop
  endfacet
  facet normal 0 0 -1
    outer loop
      vertex 26.6874 58.0761 0
      vertex 26.3766 59.4167 0
      vertex 26.4985 59.4342 0
    endloop
  endfacet
  facet normal 0 0 -1
    outer loop
      vertex 25.7693 59.0919 0
      vertex 26.5183 58.041 0
      vertex 26.3719 58.0062 0
    endloop
  endfacet
  facet normal 0 0 -1
    outer loop
      vertex 26.5183 58.041 0
      vertex 26.2638 59.3923 0
      vertex 26.3766 59.4167 0
    endloop
  endfacet
  facet normal 0 0 -1
    outer loop
      vertex 25.596 58.726 0
      vertex 26.3719 58.0062 0
      vertex 26.2387 57.9734 0
    endloop
  endfacet
  facet normal 0 0 -1
    outer loop
      vertex 26.5183 58.041 0
      vertex 26.1599 59.3608 0
      vertex 26.2638 59.3923 0
    endloop
  endfacet
  facet normal 0 0 -1
    outer loop
      vertex 25.596 58.726 0
      vertex 26.2387 57.9734 0
      vertex 26.1189 57.9425 0
    endloop
  endfacet
  facet normal 0 0 -1
    outer loop
      vertex 26.5183 58.041 0
      vertex 26.065 59.3224 0
      vertex 26.1599 59.3608 0
    endloop
  endfacet
  facet normal 0 0 -1
    outer loop
      vertex 25.596 58.726 0
      vertex 26.1189 57.9425 0
      vertex 26.0123 57.9137 0
    endloop
  endfacet
  facet normal 0 0 -1
    outer loop
      vertex 26.5183 58.041 0
      vertex 25.9791 59.277 0
      vertex 26.065 59.3224 0
    endloop
  endfacet
  facet normal 0 0 -1
    outer loop
      vertex 25.596 58.726 0
      vertex 26.0123 57.9137 0
      vertex 25.919 57.8869 0
    endloop
  endfacet
  facet normal 0 0 -1
    outer loop
      vertex 26.3719 58.0062 0
      vertex 25.6674 58.926 0
      vertex 25.7146 59.0132 0
    endloop
  endfacet
  facet normal 0 0 -1
    outer loop
      vertex 25.596 58.726 0
      vertex 25.919 57.8869 0
      vertex 25.839 57.8621 0
    endloop
  endfacet
  facet normal 0 0 -1
    outer loop
      vertex 26.3719 58.0062 0
      vertex 25.6279 58.8302 0
      vertex 25.6674 58.926 0
    endloop
  endfacet
  facet normal 0 0 -1
    outer loop
      vertex 25.596 58.726 0
      vertex 25.839 57.8621 0
      vertex 25.7723 57.8393 0
    endloop
  endfacet
  facet normal 0 0 -1
    outer loop
      vertex 26.3719 58.0062 0
      vertex 25.596 58.726 0
      vertex 25.6279 58.8302 0
    endloop
  endfacet
  facet normal 0 0 -1
    outer loop
      vertex 26.5183 58.041 0
      vertex 25.9016 59.2238 0
      vertex 25.9791 59.277 0
    endloop
  endfacet
  facet normal 0 0 -1
    outer loop
      vertex 25.596 58.726 0
      vertex 25.7723 57.8393 0
      vertex 25.7131 57.817 0
    endloop
  endfacet
  facet normal 0 0 -1
    outer loop
      vertex 26.5183 58.041 0
      vertex 25.8316 59.1621 0
      vertex 25.9016 59.2238 0
    endloop
  endfacet
  facet normal 0 0 -1
    outer loop
      vertex 25.596 58.726 0
      vertex 25.7131 57.817 0
      vertex 25.6555 57.7935 0
    endloop
  endfacet
  facet normal 0 0 -1
    outer loop
      vertex 26.3719 58.0062 0
      vertex 25.7146 59.0132 0
      vertex 25.7693 59.0919 0
    endloop
  endfacet
  facet normal 0 0 -1
    outer loop
      vertex 25.596 58.726 0
      vertex 25.6555 57.7935 0
      vertex 25.5996 57.769 0
    endloop
  endfacet
  facet normal 0 0 -1
    outer loop
      vertex 26.5183 58.041 0
      vertex 25.7693 59.0919 0
      vertex 25.8316 59.1621 0
    endloop
  endfacet
  facet normal 0 0 -1
    outer loop
      vertex 25.5453 57.7433 0
      vertex 25.596 58.726 0
      vertex 25.5996 57.769 0
    endloop
  endfacet
  facet normal 0 0 -1
    outer loop
      vertex 25.4927 57.7165 0
      vertex 25.596 58.726 0
      vertex 25.5453 57.7433 0
    endloop
  endfacet
  facet normal 0 0 -1
    outer loop
      vertex 25.4418 57.6886 0
      vertex 25.596 58.726 0
      vertex 25.4927 57.7165 0
    endloop
  endfacet
  facet normal 0 0 -1
    outer loop
      vertex 25.3926 57.6596 0
      vertex 25.596 58.726 0
      vertex 25.4418 57.6886 0
    endloop
  endfacet
  facet normal 0 0 -1
    outer loop
      vertex 24.6297 58.8853 0
      vertex 25.3926 57.6596 0
      vertex 25.3452 57.6292 0
    endloop
  endfacet
  facet normal 0 0 -1
    outer loop
      vertex 24.6297 58.8853 0
      vertex 25.3452 57.6292 0
      vertex 25.2998 57.5971 0
    endloop
  endfacet
  facet normal 0 0 -1
    outer loop
      vertex 24.6297 58.8853 0
      vertex 25.2998 57.5971 0
      vertex 25.2566 57.5632 0
    endloop
  endfacet
  facet normal 0 0 -1
    outer loop
      vertex 24.6297 58.8853 0
      vertex 25.2566 57.5632 0
      vertex 25.2154 57.5276 0
    endloop
  endfacet
  facet normal 0 0 -1
    outer loop
      vertex 24.6297 58.8853 0
      vertex 25.2154 57.5276 0
      vertex 25.1763 57.4902 0
    endloop
  endfacet
  facet normal 0 0 -1
    outer loop
      vertex 24.6297 58.8853 0
      vertex 25.1763 57.4902 0
      vertex 25.1393 57.4512 0
    endloop
  endfacet
  facet normal 0 0 -1
    outer loop
      vertex 24.6297 58.8853 0
      vertex 25.1393 57.4512 0
      vertex 25.1043 57.4104 0
    endloop
  endfacet
  facet normal 0 0 -1
    outer loop
      vertex 24.6297 58.8853 0
      vertex 25.1043 57.4104 0
      vertex 25.0715 57.3677 0
    endloop
  endfacet
  facet normal 0 0 -1
    outer loop
      vertex 24.6297 58.8853 0
      vertex 25.0715 57.3677 0
      vertex 25.0408 57.3229 0
    endloop
  endfacet
  facet normal 0 0 -1
    outer loop
      vertex 24.6297 58.8853 0
      vertex 25.0408 57.3229 0
      vertex 25.0123 57.2761 0
    endloop
  endfacet
  facet normal 0 0 -1
    outer loop
      vertex 24.6297 58.8853 0
      vertex 25.0123 57.2761 0
      vertex 24.9859 57.2272 0
    endloop
  endfacet
  facet normal 0 0 -1
    outer loop
      vertex 24.6297 58.8853 0
      vertex 24.9859 57.2272 0
      vertex 24.9617 57.1762 0
    endloop
  endfacet
  facet normal 0 0 -1
    outer loop
      vertex 24.6297 58.8853 0
      vertex 24.9617 57.1762 0
      vertex 24.9396 57.1231 0
    endloop
  endfacet
  facet normal 0 0 -1
    outer loop
      vertex 25.3926 57.6596 0
      vertex 24.6297 58.8853 0
      vertex 25.596 58.726 0
    endloop
  endfacet
  facet normal 0 0 -1
    outer loop
      vertex 24.9196 57.0679 0
      vertex 24.6297 58.8853 0
      vertex 24.9396 57.1231 0
    endloop
  endfacet
  facet normal 0 0 -1
    outer loop
      vertex 24.9021 57.0106 0
      vertex 24.6297 58.8853 0
      vertex 24.9196 57.0679 0
    endloop
  endfacet
  facet normal 0 0 -1
    outer loop
      vertex 24.8872 56.9509 0
      vertex 24.6297 58.8853 0
      vertex 24.9021 57.0106 0
    endloop
  endfacet
  facet normal 0 0 -1
    outer loop
      vertex 24.8751 56.8888 0
      vertex 24.6297 58.8853 0
      vertex 24.8872 56.9509 0
    endloop
  endfacet
  facet normal 0 0 -1
    outer loop
      vertex 24.8656 56.8244 0
      vertex 24.6297 58.8853 0
      vertex 24.8751 56.8888 0
    endloop
  endfacet
  facet normal 0 0 -1
    outer loop
      vertex 24.8589 56.7576 0
      vertex 24.6297 58.8853 0
      vertex 24.8656 56.8244 0
    endloop
  endfacet
  facet normal 0 0 -1
    outer loop
      vertex 24.8548 56.6885 0
      vertex 24.6297 58.8853 0
      vertex 24.8589 56.7576 0
    endloop
  endfacet
  facet normal 0 0 -1
    outer loop
      vertex 24.6297 58.8853 0
      vertex 24.8548 56.6885 0
      vertex 24.8535 56.617 0
    endloop
  endfacet
  facet normal 0 0 -1
    outer loop
      vertex 24.8535 56.617 0
      vertex 24.1613 56.9169 0
      vertex 24.1439 57.0519 0
    endloop
  endfacet
  facet normal 0 0 -1
    outer loop
      vertex 24.8535 56.617 0
      vertex 24.1439 57.0519 0
      vertex 24.1148 57.1813 0
    endloop
  endfacet
  facet normal 0 0 -1
    outer loop
      vertex 24.8535 56.617 0
      vertex 24.1148 57.1813 0
      vertex 24.0741 57.305 0
    endloop
  endfacet
  facet normal 0 0 -1
    outer loop
      vertex 24.6297 58.8853 0
      vertex 24.0741 57.305 0
      vertex 24.0218 57.4232 0
    endloop
  endfacet
  facet normal 0 0 -1
    outer loop
      vertex 23.9579 57.5357 0
      vertex 24.6297 58.8853 0
      vertex 24.0218 57.4232 0
    endloop
  endfacet
  facet normal 0 0 -1
    outer loop
      vertex 23.8823 57.6427 0
      vertex 24.6297 58.8853 0
      vertex 23.9579 57.5357 0
    endloop
  endfacet
  facet normal 0 0 -1
    outer loop
      vertex 23.7968 57.7417 0
      vertex 24.6297 58.8853 0
      vertex 23.8823 57.6427 0
    endloop
  endfacet
  facet normal 0 0 -1
    outer loop
      vertex 23.7032 57.8306 0
      vertex 24.6297 58.8853 0
      vertex 23.7968 57.7417 0
    endloop
  endfacet
  facet normal 0 0 -1
    outer loop
      vertex 23.6014 57.9093 0
      vertex 24.6297 58.8853 0
      vertex 23.7032 57.8306 0
    endloop
  endfacet
  facet normal 0 0 -1
    outer loop
      vertex 23.4915 57.9778 0
      vertex 24.6297 58.8853 0
      vertex 23.6014 57.9093 0
    endloop
  endfacet
  facet normal 0 0 -1
    outer loop
      vertex 23.3734 58.0362 0
      vertex 24.6297 58.8853 0
      vertex 23.4915 57.9778 0
    endloop
  endfacet
  facet normal 0 0 -1
    outer loop
      vertex 23.2471 58.0844 0
      vertex 24.6297 58.8853 0
      vertex 23.3734 58.0362 0
    endloop
  endfacet
  facet normal 0 0 -1
    outer loop
      vertex 23.1126 58.1224 0
      vertex 24.6297 58.8853 0
      vertex 23.2471 58.0844 0
    endloop
  endfacet
  facet normal -0 0 -1
    outer loop
      vertex 24.6297 58.8853 0
      vertex 23.1126 58.1224 0
      vertex 24.4045 60.1297 0
    endloop
  endfacet
  facet normal 0 0 -1
    outer loop
      vertex 22.6287 57.5044 0
      vertex 23.1557 56.9118 0
      vertex 23.1601 56.817 0
    endloop
  endfacet
  facet normal 0 0 -1
    outer loop
      vertex 22.7103 56.1849 0
      vertex 23.1601 56.817 0
      vertex 23.1421 56.6344 0
    endloop
  endfacet
  facet normal 0 0 -1
    outer loop
      vertex 22.6287 57.5044 0
      vertex 23.1601 56.817 0
      vertex 22.7103 56.1849 0
    endloop
  endfacet
  facet normal 0 0 -1
    outer loop
      vertex 23.1557 56.9118 0
      vertex 22.7197 57.4772 0
      vertex 23.1424 57.0003 0
    endloop
  endfacet
  facet normal 0 0 -1
    outer loop
      vertex 22.8722 56.2552 0
      vertex 23.1421 56.6344 0
      vertex 23.0881 56.4799 0
    endloop
  endfacet
  facet normal -0 -0 -1
    outer loop
      vertex 22.8025 57.4424 0
      vertex 23.1424 57.0003 0
      vertex 22.7197 57.4772 0
    endloop
  endfacet
  facet normal 0 0 -1
    outer loop
      vertex 23.1424 57.0003 0
      vertex 22.8025 57.4424 0
      vertex 23.1202 57.0825 0
    endloop
  endfacet
  facet normal 0 0 -1
    outer loop
      vertex 22.8722 56.2552 0
      vertex 23.0881 56.4799 0
      vertex 22.9982 56.3535 0
    endloop
  endfacet
  facet normal 0 0 -1
    outer loop
      vertex 23.1421 56.6344 0
      vertex 22.8722 56.2552 0
      vertex 22.7103 56.1849 0
    endloop
  endfacet
  facet normal 0 0 -1
    outer loop
      vertex 23.0892 57.1586 0
      vertex 22.8025 57.4424 0
      vertex 23.0494 57.2284 0
    endloop
  endfacet
  facet normal 0 0 -1
    outer loop
      vertex 23.0494 57.2284 0
      vertex 22.8025 57.4424 0
      vertex 23.0007 57.292 0
    endloop
  endfacet
  facet normal 0 0 -1
    outer loop
      vertex 23.0007 57.292 0
      vertex 22.8769 57.3998 0
      vertex 22.9431 57.3494 0
    endloop
  endfacet
  facet normal 0 0 -1
    outer loop
      vertex 23.0007 57.292 0
      vertex 22.8025 57.4424 0
      vertex 22.8769 57.3998 0
    endloop
  endfacet
  facet normal 0 0 -1
    outer loop
      vertex 23.1202 57.0825 0
      vertex 22.8025 57.4424 0
      vertex 23.0892 57.1586 0
    endloop
  endfacet
  facet normal 0 0 -1
    outer loop
      vertex 23.1557 56.9118 0
      vertex 22.6287 57.5044 0
      vertex 22.7197 57.4772 0
    endloop
  endfacet
  facet normal 0 0 -1
    outer loop
      vertex 22.5124 56.1428 0
      vertex 22.6287 57.5044 0
      vertex 22.7103 56.1849 0
    endloop
  endfacet
  facet normal -0 0 -1
    outer loop
      vertex 22.6287 57.5044 0
      vertex 22.5124 56.1428 0
      vertex 22.5293 57.5237 0
    endloop
  endfacet
  facet normal 0 0 -1
    outer loop
      vertex 22.5124 56.1428 0
      vertex 22.4217 57.5354 0
      vertex 22.5293 57.5237 0
    endloop
  endfacet
  facet normal 0 0 -1
    outer loop
      vertex 22.2785 56.1287 0
      vertex 22.4217 57.5354 0
      vertex 22.5124 56.1428 0
    endloop
  endfacet
  facet normal -0 0 -1
    outer loop
      vertex 22.4217 57.5354 0
      vertex 22.2785 56.1287 0
      vertex 22.3057 57.5392 0
    endloop
  endfacet
  facet normal 0 0 -1
    outer loop
      vertex 20.9969 57.5392 0
      vertex 22.2785 56.1287 0
      vertex 20.9969 56.1287 0
    endloop
  endfacet
  facet normal 0 0 -1
    outer loop
      vertex 22.2785 56.1287 0
      vertex 20.9969 57.5392 0
      vertex 22.3057 57.5392 0
    endloop
  endfacet
  facet normal -0.997859 0.0653993 0
    outer loop
      vertex 0 63.8 0
      vertex 0.0256653 64.1916 2
      vertex 0.0256653 64.1916 0
    endloop
  endfacet
  facet normal -0.997859 0.0653993 0
    outer loop
      vertex 0.0256653 64.1916 2
      vertex 0 63.8 0
      vertex 0 63.8 2
    endloop
  endfacet
  facet normal 0.751724 0.659478 0
    outer loop
      vertex 59.1801 65.6263 2
      vertex 58.9213 65.9213 0
      vertex 58.9213 65.9213 2
    endloop
  endfacet
  facet normal 0.751724 0.659478 0
    outer loop
      vertex 58.9213 65.9213 0
      vertex 59.1801 65.6263 2
      vertex 59.1801 65.6263 0
    endloop
  endfacet
  facet normal 0.659478 0.751724 -0
    outer loop
      vertex 58.9213 65.9213 0
      vertex 58.6263 66.1801 2
      vertex 58.9213 65.9213 2
    endloop
  endfacet
  facet normal 0.659478 0.751724 0
    outer loop
      vertex 58.6263 66.1801 2
      vertex 58.9213 65.9213 0
      vertex 58.6263 66.1801 0
    endloop
  endfacet
  facet normal -0.980786 -0.195089 0
    outer loop
      vertex 0.102222 2.22354 0
      vertex 0.0256653 2.60842 2
      vertex 0.0256653 2.60842 0
    endloop
  endfacet
  facet normal -0.980786 -0.195089 0
    outer loop
      vertex 0.0256653 2.60842 2
      vertex 0.102222 2.22354 0
      vertex 0.102222 2.22354 2
    endloop
  endfacet
  facet normal -0.555547 0.831485 0
    outer loop
      vertex 1.5 66.3981 0
      vertex 1.17372 66.1801 2
      vertex 1.5 66.3981 2
    endloop
  endfacet
  facet normal -0.555547 0.831485 0
    outer loop
      vertex 1.17372 66.1801 2
      vertex 1.5 66.3981 0
      vertex 1.17372 66.1801 0
    endloop
  endfacet
  facet normal 0.442338 -0.896848 0
    outer loop
      vertex 57.9481 0.228362 0
      vertex 58.3 0.401924 2
      vertex 57.9481 0.228362 2
    endloop
  endfacet
  facet normal 0.442338 -0.896848 0
    outer loop
      vertex 58.3 0.401924 2
      vertex 57.9481 0.228362 0
      vertex 58.3 0.401924 0
    endloop
  endfacet
  facet normal 0.555553 -0.831481 0
    outer loop
      vertex 58.3 0.401924 0
      vertex 58.6263 0.619941 2
      vertex 58.3 0.401924 2
    endloop
  endfacet
  facet normal 0.555553 -0.831481 0
    outer loop
      vertex 58.6263 0.619941 2
      vertex 58.3 0.401924 0
      vertex 58.6263 0.619941 0
    endloop
  endfacet
  facet normal -0.321442 -0.946929 0
    outer loop
      vertex 1.85195 0.228362 0
      vertex 2.22354 0.102223 2
      vertex 1.85195 0.228362 2
    endloop
  endfacet
  facet normal -0.321442 -0.946929 -0
    outer loop
      vertex 2.22354 0.102223 2
      vertex 1.85195 0.228362 0
      vertex 2.22354 0.102223 0
    endloop
  endfacet
  facet normal 1 -0 0
    outer loop
      vertex 59.8 3 2
      vertex 59.8 63.8 0
      vertex 59.8 63.8 2
    endloop
  endfacet
  facet normal 1 0 0
    outer loop
      vertex 59.8 63.8 0
      vertex 59.8 3 2
      vertex 59.8 3 0
    endloop
  endfacet
  facet normal 0.997853 0.0654873 0
    outer loop
      vertex 59.8 63.8 2
      vertex 59.7743 64.1916 0
      vertex 59.7743 64.1916 2
    endloop
  endfacet
  facet normal 0.997853 0.0654873 0
    outer loop
      vertex 59.7743 64.1916 0
      vertex 59.8 63.8 2
      vertex 59.8 63.8 0
    endloop
  endfacet
  facet normal -0.555577 -0.831465 0
    outer loop
      vertex 1.17372 0.619941 0
      vertex 1.5 0.401924 2
      vertex 1.17372 0.619941 2
    endloop
  endfacet
  facet normal -0.555577 -0.831465 -0
    outer loop
      vertex 1.5 0.401924 2
      vertex 1.17372 0.619941 0
      vertex 1.5 0.401924 0
    endloop
  endfacet
  facet normal 0.0653991 -0.997859 0
    outer loop
      vertex 56.8 7.62939e-07 0
      vertex 57.1916 0.025666 2
      vertex 56.8 7.62939e-07 2
    endloop
  endfacet
  facet normal 0.0653991 -0.997859 0
    outer loop
      vertex 57.1916 0.025666 2
      vertex 56.8 7.62939e-07 0
      vertex 57.1916 0.025666 0
    endloop
  endfacet
  facet normal -0.946929 -0.321442 0
    outer loop
      vertex 0.228361 1.85195 0
      vertex 0.102222 2.22354 2
      vertex 0.102222 2.22354 0
    endloop
  endfacet
  facet normal -0.946929 -0.321442 0
    outer loop
      vertex 0.102222 2.22354 2
      vertex 0.228361 1.85195 0
      vertex 0.228361 1.85195 2
    endloop
  endfacet
  facet normal 0.997853 -0.0654906 0
    outer loop
      vertex 59.7743 2.60842 2
      vertex 59.8 3 0
      vertex 59.8 3 2
    endloop
  endfacet
  facet normal 0.997853 -0.0654906 0
    outer loop
      vertex 59.8 3 0
      vertex 59.7743 2.60842 2
      vertex 59.7743 2.60842 0
    endloop
  endfacet
  facet normal 0.555523 0.831501 -0
    outer loop
      vertex 58.6263 66.1801 0
      vertex 58.3 66.3981 2
      vertex 58.6263 66.1801 2
    endloop
  endfacet
  facet normal 0.555523 0.831501 0
    outer loop
      vertex 58.3 66.3981 2
      vertex 58.6263 66.1801 0
      vertex 58.3 66.3981 0
    endloop
  endfacet
  facet normal -0.751845 -0.65934 0
    outer loop
      vertex 0.878679 0.87868 0
      vertex 0.61994 1.17372 2
      vertex 0.61994 1.17372 0
    endloop
  endfacet
  facet normal -0.751845 -0.65934 0
    outer loop
      vertex 0.61994 1.17372 2
      vertex 0.878679 0.87868 0
      vertex 0.878679 0.87868 2
    endloop
  endfacet
  facet normal 0.19494 0.980815 -0
    outer loop
      vertex 57.5765 66.6978 0
      vertex 57.1916 66.7743 2
      vertex 57.5765 66.6978 2
    endloop
  endfacet
  facet normal 0.19494 0.980815 0
    outer loop
      vertex 57.1916 66.7743 2
      vertex 57.5765 66.6978 0
      vertex 57.1916 66.7743 0
    endloop
  endfacet
  facet normal 0.831501 0.555523 0
    outer loop
      vertex 59.3981 65.3 2
      vertex 59.1801 65.6263 0
      vertex 59.1801 65.6263 2
    endloop
  endfacet
  facet normal 0.831501 0.555523 0
    outer loop
      vertex 59.1801 65.6263 0
      vertex 59.3981 65.3 2
      vertex 59.3981 65.3 0
    endloop
  endfacet
  facet normal 0.946885 0.321574 0
    outer loop
      vertex 59.6978 64.5765 2
      vertex 59.5716 64.9481 0
      vertex 59.5716 64.9481 2
    endloop
  endfacet
  facet normal 0.946885 0.321574 0
    outer loop
      vertex 59.5716 64.9481 0
      vertex 59.6978 64.5765 2
      vertex 59.6978 64.5765 0
    endloop
  endfacet
  facet normal -0.946932 0.321434 0
    outer loop
      vertex 0.102222 64.5765 0
      vertex 0.228361 64.9481 2
      vertex 0.228361 64.9481 0
    endloop
  endfacet
  facet normal -0.946932 0.321434 0
    outer loop
      vertex 0.228361 64.9481 2
      vertex 0.102222 64.5765 0
      vertex 0.102222 64.5765 2
    endloop
  endfacet
  facet normal -0.980788 0.195079 0
    outer loop
      vertex 0.0256653 64.1916 0
      vertex 0.102222 64.5765 2
      vertex 0.102222 64.5765 0
    endloop
  endfacet
  facet normal -0.980788 0.195079 0
    outer loop
      vertex 0.102222 64.5765 2
      vertex 0.0256653 64.1916 0
      vertex 0.0256653 64.1916 2
    endloop
  endfacet
  facet normal -0.659426 0.751769 0
    outer loop
      vertex 1.17372 66.1801 0
      vertex 0.878679 65.9213 2
      vertex 1.17372 66.1801 2
    endloop
  endfacet
  facet normal -0.659426 0.751769 0
    outer loop
      vertex 0.878679 65.9213 2
      vertex 1.17372 66.1801 0
      vertex 0.878679 65.9213 0
    endloop
  endfacet
  facet normal 0.442211 0.896911 -0
    outer loop
      vertex 58.3 66.3981 0
      vertex 57.9481 66.5716 2
      vertex 58.3 66.3981 2
    endloop
  endfacet
  facet normal 0.442211 0.896911 0
    outer loop
      vertex 57.9481 66.5716 2
      vertex 58.3 66.3981 0
      vertex 57.9481 66.5716 0
    endloop
  endfacet
  facet normal 0.321574 0.946885 -0
    outer loop
      vertex 57.9481 66.5716 0
      vertex 57.5765 66.6978 2
      vertex 57.9481 66.5716 2
    endloop
  endfacet
  facet normal 0.321574 0.946885 0
    outer loop
      vertex 57.5765 66.6978 2
      vertex 57.9481 66.5716 0
      vertex 57.5765 66.6978 0
    endloop
  endfacet
  facet normal 0.321434 -0.946932 0
    outer loop
      vertex 57.5765 0.102223 0
      vertex 57.9481 0.228362 2
      vertex 57.5765 0.102223 2
    endloop
  endfacet
  facet normal 0.321434 -0.946932 0
    outer loop
      vertex 57.9481 0.228362 2
      vertex 57.5765 0.102223 0
      vertex 57.9481 0.228362 0
    endloop
  endfacet
  facet normal 0.65939 -0.751801 0
    outer loop
      vertex 58.6263 0.619941 0
      vertex 58.9213 0.87868 2
      vertex 58.6263 0.619941 2
    endloop
  endfacet
  facet normal 0.65939 -0.751801 0
    outer loop
      vertex 58.9213 0.87868 2
      vertex 58.6263 0.619941 0
      vertex 58.9213 0.87868 0
    endloop
  endfacet
  facet normal -0.442288 -0.896873 0
    outer loop
      vertex 1.5 0.401924 0
      vertex 1.85195 0.228362 2
      vertex 1.5 0.401924 2
    endloop
  endfacet
  facet normal -0.442288 -0.896873 -0
    outer loop
      vertex 1.85195 0.228362 2
      vertex 1.5 0.401924 0
      vertex 1.85195 0.228362 0
    endloop
  endfacet
  facet normal -0.980783 0.195102 0
    outer loop
      vertex 6.40059 61.4247 1.4
      vertex 6.43759 61.6107 2
      vertex 6.43759 61.6107 1.4
    endloop
  endfacet
  facet normal -0.980783 0.195102 0
    outer loop
      vertex 6.43759 61.6107 2
      vertex 6.40059 61.4247 1.4
      vertex 6.40059 61.4247 2
    endloop
  endfacet
  facet normal -0.997858 0.0654169 0
    outer loop
      vertex 6.43759 61.6107 1.4
      vertex 6.45 61.8 2
      vertex 6.45 61.8 1.4
    endloop
  endfacet
  facet normal -0.997858 0.0654169 0
    outer loop
      vertex 6.45 61.8 2
      vertex 6.43759 61.6107 1.4
      vertex 6.43759 61.6107 2
    endloop
  endfacet
  facet normal -0.3216 -0.946876 0
    outer loop
      vertex 5.37529 63.2006 1.4
      vertex 5.55489 63.1396 2
      vertex 5.37529 63.2006 2
    endloop
  endfacet
  facet normal -0.3216 -0.946876 -0
    outer loop
      vertex 5.55489 63.1396 2
      vertex 5.37529 63.2006 1.4
      vertex 5.55489 63.1396 1.4
    endloop
  endfacet
  facet normal -0.83145 0.5556 0
    outer loop
      vertex 6.15036 60.9173 1.4
      vertex 6.25574 61.075 2
      vertex 6.25574 61.075 1.4
    endloop
  endfacet
  facet normal -0.83145 0.5556 0
    outer loop
      vertex 6.25574 61.075 2
      vertex 6.15036 60.9173 1.4
      vertex 6.15036 60.9173 2
    endloop
  endfacet
  facet normal 0.896881 0.442272 0
    outer loop
      vertex 3.74426 61.075 2
      vertex 3.66038 61.2451 1.4
      vertex 3.66038 61.2451 2
    endloop
  endfacet
  facet normal 0.896881 0.442272 0
    outer loop
      vertex 3.66038 61.2451 1.4
      vertex 3.74426 61.075 2
      vertex 3.74426 61.075 1.4
    endloop
  endfacet
  facet normal 0.555309 0.831644 -0
    outer loop
      vertex 4.275 60.5443 1.4
      vertex 4.1173 60.6496 2
      vertex 4.275 60.5443 2
    endloop
  endfacet
  facet normal 0.555309 0.831644 0
    outer loop
      vertex 4.1173 60.6496 2
      vertex 4.275 60.5443 1.4
      vertex 4.1173 60.6496 1.4
    endloop
  endfacet
  facet normal 0.659474 0.751727 -0
    outer loop
      vertex 4.1173 60.6496 1.4
      vertex 3.9747 60.7747 2
      vertex 4.1173 60.6496 2
    endloop
  endfacet
  facet normal 0.659474 0.751727 0
    outer loop
      vertex 3.9747 60.7747 2
      vertex 4.1173 60.6496 1.4
      vertex 3.9747 60.7747 1.4
    endloop
  endfacet
  facet normal 0.751832 0.659355 0
    outer loop
      vertex 3.9747 60.7747 2
      vertex 3.84964 60.9173 1.4
      vertex 3.84964 60.9173 2
    endloop
  endfacet
  facet normal 0.751832 0.659355 0
    outer loop
      vertex 3.84964 60.9173 1.4
      vertex 3.9747 60.7747 2
      vertex 3.9747 60.7747 1.4
    endloop
  endfacet
  facet normal -0.946924 -0.321458 0
    outer loop
      vertex 6.40059 62.1753 1.4
      vertex 6.33962 62.3549 2
      vertex 6.33962 62.3549 1.4
    endloop
  endfacet
  facet normal -0.946924 -0.321458 0
    outer loop
      vertex 6.33962 62.3549 2
      vertex 6.40059 62.1753 1.4
      vertex 6.40059 62.1753 2
    endloop
  endfacet
  facet normal 0.997858 0.0654169 0
    outer loop
      vertex 3.56241 61.6107 2
      vertex 3.55 61.8 1.4
      vertex 3.55 61.8 2
    endloop
  endfacet
  facet normal 0.997858 0.0654169 0
    outer loop
      vertex 3.55 61.8 1.4
      vertex 3.56241 61.6107 2
      vertex 3.56241 61.6107 1.4
    endloop
  endfacet
  facet normal -0.555309 0.831644 0
    outer loop
      vertex 5.8827 60.6496 1.4
      vertex 5.725 60.5443 2
      vertex 5.8827 60.6496 2
    endloop
  endfacet
  facet normal -0.555309 0.831644 0
    outer loop
      vertex 5.725 60.5443 2
      vertex 5.8827 60.6496 1.4
      vertex 5.725 60.5443 1.4
    endloop
  endfacet
  facet normal 0.3216 -0.946876 0
    outer loop
      vertex 4.44511 63.1396 1.4
      vertex 4.62471 63.2006 2
      vertex 4.44511 63.1396 2
    endloop
  endfacet
  facet normal 0.3216 -0.946876 0
    outer loop
      vertex 4.62471 63.2006 2
      vertex 4.44511 63.1396 1.4
      vertex 4.62471 63.2006 1.4
    endloop
  endfacet
  facet normal 0.751832 -0.659355 0
    outer loop
      vertex 3.84964 62.6827 2
      vertex 3.9747 62.8253 1.4
      vertex 3.9747 62.8253 2
    endloop
  endfacet
  facet normal 0.751832 -0.659355 0
    outer loop
      vertex 3.9747 62.8253 1.4
      vertex 3.84964 62.6827 2
      vertex 3.84964 62.6827 1.4
    endloop
  endfacet
  facet normal -0.195072 -0.980789 0
    outer loop
      vertex 5.18926 63.2376 1.4
      vertex 5.37529 63.2006 2
      vertex 5.18926 63.2376 2
    endloop
  endfacet
  facet normal -0.195072 -0.980789 -0
    outer loop
      vertex 5.37529 63.2006 2
      vertex 5.18926 63.2376 1.4
      vertex 5.37529 63.2006 1.4
    endloop
  endfacet
  facet normal 0.3216 0.946876 -0
    outer loop
      vertex 4.62471 60.3994 1.4
      vertex 4.44511 60.4604 2
      vertex 4.62471 60.3994 2
    endloop
  endfacet
  facet normal 0.3216 0.946876 0
    outer loop
      vertex 4.44511 60.4604 2
      vertex 4.62471 60.3994 1.4
      vertex 4.44511 60.4604 1.4
    endloop
  endfacet
  facet normal 0.83145 -0.5556 0
    outer loop
      vertex 3.74426 62.525 2
      vertex 3.84964 62.6827 1.4
      vertex 3.84964 62.6827 2
    endloop
  endfacet
  facet normal 0.83145 -0.5556 0
    outer loop
      vertex 3.84964 62.6827 1.4
      vertex 3.74426 62.525 2
      vertex 3.74426 62.525 1.4
    endloop
  endfacet
  facet normal -0.555309 -0.831644 0
    outer loop
      vertex 5.725 63.0557 1.4
      vertex 5.8827 62.9504 2
      vertex 5.725 63.0557 2
    endloop
  endfacet
  facet normal -0.555309 -0.831644 -0
    outer loop
      vertex 5.8827 62.9504 2
      vertex 5.725 63.0557 1.4
      vertex 5.8827 62.9504 1.4
    endloop
  endfacet
  facet normal 0.946924 0.321458 0
    outer loop
      vertex 3.66038 61.2451 2
      vertex 3.59941 61.4247 1.4
      vertex 3.59941 61.4247 2
    endloop
  endfacet
  facet normal 0.946924 0.321458 0
    outer loop
      vertex 3.59941 61.4247 1.4
      vertex 3.66038 61.2451 2
      vertex 3.66038 61.2451 1.4
    endloop
  endfacet
  facet normal -0.3216 0.946876 0
    outer loop
      vertex 5.55489 60.4604 1.4
      vertex 5.37529 60.3994 2
      vertex 5.55489 60.4604 2
    endloop
  endfacet
  facet normal -0.3216 0.946876 0
    outer loop
      vertex 5.37529 60.3994 2
      vertex 5.55489 60.4604 1.4
      vertex 5.37529 60.3994 1.4
    endloop
  endfacet
  facet normal -0.0653782 0.997861 0
    outer loop
      vertex 5.18926 60.3624 1.4
      vertex 5 60.35 2
      vertex 5.18926 60.3624 2
    endloop
  endfacet
  facet normal -0.0653782 0.997861 0
    outer loop
      vertex 5 60.35 2
      vertex 5.18926 60.3624 1.4
      vertex 5 60.35 1.4
    endloop
  endfacet
  facet normal 0.442335 0.89685 -0
    outer loop
      vertex 4.44511 60.4604 1.4
      vertex 4.275 60.5443 2
      vertex 4.44511 60.4604 2
    endloop
  endfacet
  facet normal 0.442335 0.89685 0
    outer loop
      vertex 4.275 60.5443 2
      vertex 4.44511 60.4604 1.4
      vertex 4.275 60.5443 1.4
    endloop
  endfacet
  facet normal -0.83145 -0.5556 0
    outer loop
      vertex 6.25574 62.525 1.4
      vertex 6.15036 62.6827 2
      vertex 6.15036 62.6827 1.4
    endloop
  endfacet
  facet normal -0.83145 -0.5556 0
    outer loop
      vertex 6.15036 62.6827 2
      vertex 6.25574 62.525 1.4
      vertex 6.25574 62.525 2
    endloop
  endfacet
  facet normal 0.997858 -0.0654169 0
    outer loop
      vertex 3.55 61.8 2
      vertex 3.56241 61.9893 1.4
      vertex 3.56241 61.9893 2
    endloop
  endfacet
  facet normal 0.997858 -0.0654169 0
    outer loop
      vertex 3.56241 61.9893 1.4
      vertex 3.55 61.8 2
      vertex 3.55 61.8 1.4
    endloop
  endfacet
  facet normal 0.946924 -0.321458 0
    outer loop
      vertex 3.59941 62.1753 2
      vertex 3.66038 62.3549 1.4
      vertex 3.66038 62.3549 2
    endloop
  endfacet
  facet normal 0.946924 -0.321458 0
    outer loop
      vertex 3.66038 62.3549 1.4
      vertex 3.59941 62.1753 2
      vertex 3.59941 62.1753 1.4
    endloop
  endfacet
  facet normal 0.659474 -0.751727 0
    outer loop
      vertex 3.9747 62.8253 1.4
      vertex 4.1173 62.9504 2
      vertex 3.9747 62.8253 2
    endloop
  endfacet
  facet normal 0.659474 -0.751727 0
    outer loop
      vertex 4.1173 62.9504 2
      vertex 3.9747 62.8253 1.4
      vertex 4.1173 62.9504 1.4
    endloop
  endfacet
  facet normal -0.442335 0.89685 0
    outer loop
      vertex 5.725 60.5443 1.4
      vertex 5.55489 60.4604 2
      vertex 5.725 60.5443 2
    endloop
  endfacet
  facet normal -0.442335 0.89685 0
    outer loop
      vertex 5.55489 60.4604 2
      vertex 5.725 60.5443 1.4
      vertex 5.55489 60.4604 1.4
    endloop
  endfacet
  facet normal 0.195072 0.980789 -0
    outer loop
      vertex 4.81074 60.3624 1.4
      vertex 4.62471 60.3994 2
      vertex 4.81074 60.3624 2
    endloop
  endfacet
  facet normal 0.195072 0.980789 0
    outer loop
      vertex 4.62471 60.3994 2
      vertex 4.81074 60.3624 1.4
      vertex 4.62471 60.3994 1.4
    endloop
  endfacet
  facet normal -0.751832 0.659355 0
    outer loop
      vertex 6.0253 60.7747 1.4
      vertex 6.15036 60.9173 2
      vertex 6.15036 60.9173 1.4
    endloop
  endfacet
  facet normal -0.751832 0.659355 0
    outer loop
      vertex 6.15036 60.9173 2
      vertex 6.0253 60.7747 1.4
      vertex 6.0253 60.7747 2
    endloop
  endfacet
  facet normal -0.195072 0.980789 0
    outer loop
      vertex 5.37529 60.3994 1.4
      vertex 5.18926 60.3624 2
      vertex 5.37529 60.3994 2
    endloop
  endfacet
  facet normal -0.195072 0.980789 0
    outer loop
      vertex 5.18926 60.3624 2
      vertex 5.37529 60.3994 1.4
      vertex 5.18926 60.3624 1.4
    endloop
  endfacet
  facet normal -0.751832 -0.659355 0
    outer loop
      vertex 6.15036 62.6827 1.4
      vertex 6.0253 62.8253 2
      vertex 6.0253 62.8253 1.4
    endloop
  endfacet
  facet normal -0.751832 -0.659355 0
    outer loop
      vertex 6.0253 62.8253 2
      vertex 6.15036 62.6827 1.4
      vertex 6.15036 62.6827 2
    endloop
  endfacet
  facet normal 0.442335 -0.89685 0
    outer loop
      vertex 4.275 63.0557 1.4
      vertex 4.44511 63.1396 2
      vertex 4.275 63.0557 2
    endloop
  endfacet
  facet normal 0.442335 -0.89685 0
    outer loop
      vertex 4.44511 63.1396 2
      vertex 4.275 63.0557 1.4
      vertex 4.44511 63.1396 1.4
    endloop
  endfacet
  facet normal 0.980783 0.195102 0
    outer loop
      vertex 3.59941 61.4247 2
      vertex 3.56241 61.6107 1.4
      vertex 3.56241 61.6107 2
    endloop
  endfacet
  facet normal 0.980783 0.195102 0
    outer loop
      vertex 3.56241 61.6107 1.4
      vertex 3.59941 61.4247 2
      vertex 3.59941 61.4247 1.4
    endloop
  endfacet
  facet normal -0.0653782 -0.997861 0
    outer loop
      vertex 5 63.25 1.4
      vertex 5.18926 63.2376 2
      vertex 5 63.25 2
    endloop
  endfacet
  facet normal -0.0653782 -0.997861 -0
    outer loop
      vertex 5.18926 63.2376 2
      vertex 5 63.25 1.4
      vertex 5.18926 63.2376 1.4
    endloop
  endfacet
  facet normal -0.442335 -0.89685 0
    outer loop
      vertex 5.55489 63.1396 1.4
      vertex 5.725 63.0557 2
      vertex 5.55489 63.1396 2
    endloop
  endfacet
  facet normal -0.442335 -0.89685 -0
    outer loop
      vertex 5.725 63.0557 2
      vertex 5.55489 63.1396 1.4
      vertex 5.725 63.0557 1.4
    endloop
  endfacet
  facet normal -0.659474 -0.751727 0
    outer loop
      vertex 5.8827 62.9504 1.4
      vertex 6.0253 62.8253 2
      vertex 5.8827 62.9504 2
    endloop
  endfacet
  facet normal -0.659474 -0.751727 -0
    outer loop
      vertex 6.0253 62.8253 2
      vertex 5.8827 62.9504 1.4
      vertex 6.0253 62.8253 1.4
    endloop
  endfacet
  facet normal 0.896881 -0.442272 0
    outer loop
      vertex 3.66038 62.3549 2
      vertex 3.74426 62.525 1.4
      vertex 3.74426 62.525 2
    endloop
  endfacet
  facet normal 0.896881 -0.442272 0
    outer loop
      vertex 3.74426 62.525 1.4
      vertex 3.66038 62.3549 2
      vertex 3.66038 62.3549 1.4
    endloop
  endfacet
  facet normal -0.896881 -0.442272 0
    outer loop
      vertex 6.33962 62.3549 1.4
      vertex 6.25574 62.525 2
      vertex 6.25574 62.525 1.4
    endloop
  endfacet
  facet normal -0.896881 -0.442272 0
    outer loop
      vertex 6.25574 62.525 2
      vertex 6.33962 62.3549 1.4
      vertex 6.33962 62.3549 2
    endloop
  endfacet
  facet normal -0.659474 0.751727 0
    outer loop
      vertex 6.0253 60.7747 1.4
      vertex 5.8827 60.6496 2
      vertex 6.0253 60.7747 2
    endloop
  endfacet
  facet normal -0.659474 0.751727 0
    outer loop
      vertex 5.8827 60.6496 2
      vertex 6.0253 60.7747 1.4
      vertex 5.8827 60.6496 1.4
    endloop
  endfacet
  facet normal -0.997858 -0.0654169 0
    outer loop
      vertex 6.45 61.8 1.4
      vertex 6.43759 61.9893 2
      vertex 6.43759 61.9893 1.4
    endloop
  endfacet
  facet normal -0.997858 -0.0654169 0
    outer loop
      vertex 6.43759 61.9893 2
      vertex 6.45 61.8 1.4
      vertex 6.45 61.8 2
    endloop
  endfacet
  facet normal 0.555309 -0.831644 0
    outer loop
      vertex 4.1173 62.9504 1.4
      vertex 4.275 63.0557 2
      vertex 4.1173 62.9504 2
    endloop
  endfacet
  facet normal 0.555309 -0.831644 0
    outer loop
      vertex 4.275 63.0557 2
      vertex 4.1173 62.9504 1.4
      vertex 4.275 63.0557 1.4
    endloop
  endfacet
  facet normal -0.896881 0.442272 0
    outer loop
      vertex 6.25574 61.075 1.4
      vertex 6.33962 61.2451 2
      vertex 6.33962 61.2451 1.4
    endloop
  endfacet
  facet normal -0.896881 0.442272 0
    outer loop
      vertex 6.33962 61.2451 2
      vertex 6.25574 61.075 1.4
      vertex 6.25574 61.075 2
    endloop
  endfacet
  facet normal -0.980783 -0.195102 0
    outer loop
      vertex 6.43759 61.9893 1.4
      vertex 6.40059 62.1753 2
      vertex 6.40059 62.1753 1.4
    endloop
  endfacet
  facet normal -0.980783 -0.195102 0
    outer loop
      vertex 6.40059 62.1753 2
      vertex 6.43759 61.9893 1.4
      vertex 6.43759 61.9893 2
    endloop
  endfacet
  facet normal -0.946924 0.321458 0
    outer loop
      vertex 6.33962 61.2451 1.4
      vertex 6.40059 61.4247 2
      vertex 6.40059 61.4247 1.4
    endloop
  endfacet
  facet normal -0.946924 0.321458 0
    outer loop
      vertex 6.40059 61.4247 2
      vertex 6.33962 61.2451 1.4
      vertex 6.33962 61.2451 2
    endloop
  endfacet
  facet normal 0.0653782 0.997861 -0
    outer loop
      vertex 5 60.35 1.4
      vertex 4.81074 60.3624 2
      vertex 5 60.35 2
    endloop
  endfacet
  facet normal 0.0653782 0.997861 0
    outer loop
      vertex 4.81074 60.3624 2
      vertex 5 60.35 1.4
      vertex 4.81074 60.3624 1.4
    endloop
  endfacet
  facet normal 0.980783 -0.195102 0
    outer loop
      vertex 3.56241 61.9893 2
      vertex 3.59941 62.1753 1.4
      vertex 3.59941 62.1753 2
    endloop
  endfacet
  facet normal 0.980783 -0.195102 0
    outer loop
      vertex 3.59941 62.1753 1.4
      vertex 3.56241 61.9893 2
      vertex 3.56241 61.9893 1.4
    endloop
  endfacet
  facet normal 0.195072 -0.980789 0
    outer loop
      vertex 4.62471 63.2006 1.4
      vertex 4.81074 63.2376 2
      vertex 4.62471 63.2006 2
    endloop
  endfacet
  facet normal 0.195072 -0.980789 0
    outer loop
      vertex 4.81074 63.2376 2
      vertex 4.62471 63.2006 1.4
      vertex 4.81074 63.2376 1.4
    endloop
  endfacet
  facet normal 0.83145 0.5556 0
    outer loop
      vertex 3.84964 60.9173 2
      vertex 3.74426 61.075 1.4
      vertex 3.74426 61.075 2
    endloop
  endfacet
  facet normal 0.83145 0.5556 0
    outer loop
      vertex 3.74426 61.075 1.4
      vertex 3.84964 60.9173 2
      vertex 3.84964 60.9173 1.4
    endloop
  endfacet
  facet normal 0.0653782 -0.997861 0
    outer loop
      vertex 4.81074 63.2376 1.4
      vertex 5 63.25 2
      vertex 4.81074 63.2376 2
    endloop
  endfacet
  facet normal 0.0653782 -0.997861 0
    outer loop
      vertex 5 63.25 2
      vertex 4.81074 63.2376 1.4
      vertex 5 63.25 1.4
    endloop
  endfacet
  facet normal -0.6674 -0.445897 -0.59645
    outer loop
      vertex 6.97748 63.3174 0
      vertex 7.15787 63.0474 0
      vertex 6.15036 62.6827 1.4
    endloop
  endfacet
  facet normal -0.762193 -0.25211 -0.59624
    outer loop
      vertex 7.30325 62.7526 0
      vertex 6.33962 62.3549 1.4
      vertex 7.30282 62.7539 0
    endloop
  endfacet
  facet normal -0.760052 -0.25802 -0.596445
    outer loop
      vertex 6.33962 62.3549 1.4
      vertex 7.30325 62.7526 0
      vertex 6.40059 62.1753 1.4
    endloop
  endfacet
  facet normal 0.788301 -0.146399 -0.597619
    outer loop
      vertex 3.59941 62.1753 1.4
      vertex 2.52877 62.1253 0
      vertex 2.52903 62.1267 0
    endloop
  endfacet
  facet normal 0.787234 -0.1566 -0.596439
    outer loop
      vertex 2.52877 62.1253 0
      vertex 3.59941 62.1753 1.4
      vertex 3.56241 61.9893 1.4
    endloop
  endfacet
  facet normal -0.800939 0.0524813 -0.596442
    outer loop
      vertex 7.49255 61.8 0
      vertex 7.47132 61.476 0
      vertex 6.45 61.8 1.4
    endloop
  endfacet
  facet normal -0.800935 0.0525071 -0.596445
    outer loop
      vertex 7.47132 61.476 0
      vertex 6.43759 61.6107 1.4
      vertex 6.45 61.8 1.4
    endloop
  endfacet
  facet normal -0.800672 0.0554312 -0.596533
    outer loop
      vertex 6.43759 61.6107 1.4
      vertex 7.47132 61.476 0
      vertex 7.47123 61.4747 0
    endloop
  endfacet
  facet normal -0.445953 0.667372 -0.59644
    outer loop
      vertex 6.51737 59.8225 0
      vertex 6.2474 59.6421 0
      vertex 5.8827 60.6496 1.4
    endloop
  endfacet
  facet normal -0.445953 -0.667372 -0.59644
    outer loop
      vertex 6.2474 63.9579 0
      vertex 6.51737 63.7775 0
      vertex 5.8827 62.9504 1.4
    endloop
  endfacet
  facet normal 0.6674 0.445897 -0.59645
    outer loop
      vertex 3.84964 60.9173 1.4
      vertex 3.02252 60.2826 0
      vertex 2.84213 60.5526 0
    endloop
  endfacet
  facet normal -0.718265 -0.359132 -0.595919
    outer loop
      vertex 7.30282 62.7539 0
      vertex 6.25574 62.525 1.4
      vertex 7.30222 62.7551 0
    endloop
  endfacet
  facet normal -0.719882 -0.354989 -0.59645
    outer loop
      vertex 6.25574 62.525 1.4
      vertex 7.30282 62.7539 0
      vertex 6.33962 62.3549 1.4
    endloop
  endfacet
  facet normal -0.445715 -0.667515 -0.596458
    outer loop
      vertex 6.24628 63.9586 0
      vertex 5.8827 62.9504 1.4
      vertex 5.725 63.0557 1.4
    endloop
  endfacet
  facet normal -0.424341 -0.678946 -0.599139
    outer loop
      vertex 5.8827 62.9504 1.4
      vertex 6.24628 63.9586 0
      vertex 6.2474 63.9579 0
    endloop
  endfacet
  facet normal 0.603442 -0.529254 -0.596446
    outer loop
      vertex 3.2375 63.5625 0
      vertex 3.9747 62.8253 1.4
      vertex 3.02341 63.3184 0
    endloop
  endfacet
  facet normal 0.424341 -0.678946 -0.599139
    outer loop
      vertex 3.75372 63.9586 0
      vertex 4.1173 62.9504 1.4
      vertex 3.7526 63.9579 0
    endloop
  endfacet
  facet normal 0.445715 -0.667515 -0.596458
    outer loop
      vertex 4.1173 62.9504 1.4
      vertex 3.75372 63.9586 0
      vertex 4.275 63.0557 1.4
    endloop
  endfacet
  facet normal 0.258127 0.759994 -0.596472
    outer loop
      vertex 4.04742 59.4967 0
      vertex 4.44511 60.4604 1.4
      vertex 4.62471 60.3994 1.4
    endloop
  endfacet
  facet normal 0.291845 0.747122 -0.597189
    outer loop
      vertex 4.44511 60.4604 1.4
      vertex 4.04742 59.4967 0
      vertex 4.04614 59.4972 0
    endloop
  endfacet
  facet normal -0.599968 -0.533971 -0.595746
    outer loop
      vertex 6.97748 63.3174 0
      vertex 6.0253 62.8253 1.4
      vertex 6.97659 63.3184 0
    endloop
  endfacet
  facet normal -0.603456 -0.52923 -0.596452
    outer loop
      vertex 6.0253 62.8253 1.4
      vertex 6.97748 63.3174 0
      vertex 6.15036 62.6827 1.4
    endloop
  endfacet
  facet normal -0.359132 0.718265 -0.595919
    outer loop
      vertex 5.95386 59.4972 0
      vertex 5.725 60.5443 1.4
      vertex 5.95506 59.4978 0
    endloop
  endfacet
  facet normal -0.355043 0.719861 -0.596444
    outer loop
      vertex 5.725 60.5443 1.4
      vertex 5.95386 59.4972 0
      vertex 5.55489 60.4604 1.4
    endloop
  endfacet
  facet normal -0.603442 0.529254 -0.596446
    outer loop
      vertex 6.97659 60.2816 0
      vertex 6.7625 60.0375 0
      vertex 6.0253 60.7747 1.4
    endloop
  endfacet
  facet normal -0.788301 -0.146399 -0.597619
    outer loop
      vertex 7.47123 62.1253 0
      vertex 6.40059 62.1753 1.4
      vertex 7.47097 62.1267 0
    endloop
  endfacet
  facet normal -0.787234 -0.1566 -0.596439
    outer loop
      vertex 6.40059 62.1753 1.4
      vertex 7.47123 62.1253 0
      vertex 6.43759 61.9893 1.4
    endloop
  endfacet
  facet normal -0.355043 -0.719861 -0.596444
    outer loop
      vertex 5.95386 64.1028 0
      vertex 5.725 63.0557 1.4
      vertex 5.55489 63.1396 1.4
    endloop
  endfacet
  facet normal -0.359132 -0.718265 -0.595919
    outer loop
      vertex 5.725 63.0557 1.4
      vertex 5.95386 64.1028 0
      vertex 5.95506 64.1022 0
    endloop
  endfacet
  facet normal -0.800939 -0.0524813 -0.596442
    outer loop
      vertex 7.47132 62.124 0
      vertex 7.49255 61.8 0
      vertex 6.45 61.8 1.4
    endloop
  endfacet
  facet normal -0.534366 0.599677 -0.595684
    outer loop
      vertex 6.51737 59.8225 0
      vertex 6.0253 60.7747 1.4
      vertex 6.51838 59.8234 0
    endloop
  endfacet
  facet normal -0.529334 0.603382 -0.596436
    outer loop
      vertex 6.0253 60.7747 1.4
      vertex 6.51737 59.8225 0
      vertex 5.8827 60.6496 1.4
    endloop
  endfacet
  facet normal 0.445953 -0.667372 -0.59644
    outer loop
      vertex 3.7526 63.9579 0
      vertex 4.1173 62.9504 1.4
      vertex 3.48263 63.7775 0
    endloop
  endfacet
  facet normal -0.258136 -0.760019 -0.596437
    outer loop
      vertex 5.95258 64.1032 0
      vertex 5.55489 63.1396 1.4
      vertex 5.37529 63.2006 1.4
    endloop
  endfacet
  facet normal -0.239573 -0.766633 -0.595717
    outer loop
      vertex 5.55489 63.1396 1.4
      vertex 5.95258 64.1032 0
      vertex 5.95386 64.1028 0
    endloop
  endfacet
  facet normal -0.603442 -0.529254 -0.596446
    outer loop
      vertex 6.7625 63.5625 0
      vertex 6.97659 63.3184 0
      vertex 6.0253 62.8253 1.4
    endloop
  endfacet
  facet normal -0.529244 -0.603452 -0.596445
    outer loop
      vertex 6.51838 63.7766 0
      vertex 6.7625 63.5625 0
      vertex 6.0253 62.8253 1.4
    endloop
  endfacet
  facet normal -0.719873 -0.355017 -0.596444
    outer loop
      vertex 7.15861 63.0463 0
      vertex 7.30222 62.7551 0
      vertex 6.25574 62.525 1.4
    endloop
  endfacet
  facet normal -0.0526529 -0.800918 -0.596455
    outer loop
      vertex 5.324 64.2713 0
      vertex 5 63.25 1.4
      vertex 5 64.2926 0
    endloop
  endfacet
  facet normal 0.800672 -0.0554312 -0.596533
    outer loop
      vertex 3.56241 61.9893 1.4
      vertex 2.52868 62.124 0
      vertex 2.52877 62.1253 0
    endloop
  endfacet
  facet normal 0.800935 -0.0525071 -0.596445
    outer loop
      vertex 2.52868 62.124 0
      vertex 3.56241 61.9893 1.4
      vertex 3.55 61.8 1.4
    endloop
  endfacet
  facet normal 0.0526529 -0.800918 -0.596455
    outer loop
      vertex 5 64.2926 0
      vertex 5 63.25 1.4
      vertex 4.676 64.2713 0
    endloop
  endfacet
  facet normal -0.800672 -0.0554312 -0.596533
    outer loop
      vertex 7.47132 62.124 0
      vertex 6.43759 61.9893 1.4
      vertex 7.47123 62.1253 0
    endloop
  endfacet
  facet normal -0.800935 -0.0525071 -0.596445
    outer loop
      vertex 6.43759 61.9893 1.4
      vertex 7.47132 62.124 0
      vertex 6.45 61.8 1.4
    endloop
  endfacet
  facet normal 0.119802 -0.790691 -0.600379
    outer loop
      vertex 4.67466 64.2712 0
      vertex 4.62471 63.2006 1.4
      vertex 4.67334 64.271 0
    endloop
  endfacet
  facet normal 0.156577 -0.787245 -0.596431
    outer loop
      vertex 4.62471 63.2006 1.4
      vertex 4.67466 64.2712 0
      vertex 4.81074 63.2376 1.4
    endloop
  endfacet
  facet normal 0.787226 -0.156629 -0.596442
    outer loop
      vertex 2.59238 62.4451 0
      vertex 3.59941 62.1753 1.4
      vertex 2.52903 62.1267 0
    endloop
  endfacet
  facet normal -0.76007 -0.257979 -0.59644
    outer loop
      vertex 7.30325 62.7526 0
      vertex 7.40762 62.4451 0
      vertex 6.40059 62.1753 1.4
    endloop
  endfacet
  facet normal -0.424341 0.678946 -0.599139
    outer loop
      vertex 6.24628 59.6414 0
      vertex 5.8827 60.6496 1.4
      vertex 6.2474 59.6421 0
    endloop
  endfacet
  facet normal -0.445715 0.667515 -0.596458
    outer loop
      vertex 5.8827 60.6496 1.4
      vertex 6.24628 59.6414 0
      vertex 5.725 60.5443 1.4
    endloop
  endfacet
  facet normal 0.760052 0.25802 -0.596445
    outer loop
      vertex 3.66038 61.2451 1.4
      vertex 2.69675 60.8474 0
      vertex 3.59941 61.4247 1.4
    endloop
  endfacet
  facet normal 0.762193 0.25211 -0.59624
    outer loop
      vertex 2.69675 60.8474 0
      vertex 3.66038 61.2451 1.4
      vertex 2.69718 60.8461 0
    endloop
  endfacet
  facet normal -0.76007 0.257979 -0.59644
    outer loop
      vertex 7.40762 61.1549 0
      vertex 7.30325 60.8474 0
      vertex 6.40059 61.4247 1.4
    endloop
  endfacet
  facet normal 0.667367 0.445955 -0.596444
    outer loop
      vertex 3.84964 60.9173 1.4
      vertex 2.84139 60.5537 0
      vertex 3.74426 61.075 1.4
    endloop
  endfacet
  facet normal 0.666164 0.448146 -0.596147
    outer loop
      vertex 2.84139 60.5537 0
      vertex 3.84964 60.9173 1.4
      vertex 2.84213 60.5526 0
    endloop
  endfacet
  facet normal 0.719873 0.355017 -0.596444
    outer loop
      vertex 3.74426 61.075 1.4
      vertex 2.84139 60.5537 0
      vertex 2.69778 60.8449 0
    endloop
  endfacet
  facet normal -0.529244 0.603452 -0.596445
    outer loop
      vertex 6.7625 60.0375 0
      vertex 6.51838 59.8234 0
      vertex 6.0253 60.7747 1.4
    endloop
  endfacet
  facet normal -0.603456 0.52923 -0.596452
    outer loop
      vertex 6.97748 60.2826 0
      vertex 6.0253 60.7747 1.4
      vertex 6.15036 60.9173 1.4
    endloop
  endfacet
  facet normal -0.599968 0.533971 -0.595746
    outer loop
      vertex 6.0253 60.7747 1.4
      vertex 6.97748 60.2826 0
      vertex 6.97659 60.2816 0
    endloop
  endfacet
  facet normal 0.719882 0.354989 -0.59645
    outer loop
      vertex 3.74426 61.075 1.4
      vertex 2.69718 60.8461 0
      vertex 3.66038 61.2451 1.4
    endloop
  endfacet
  facet normal 0.718265 0.359132 -0.595919
    outer loop
      vertex 2.69718 60.8461 0
      vertex 3.74426 61.075 1.4
      vertex 2.69778 60.8449 0
    endloop
  endfacet
  facet normal -0.119802 0.790691 -0.600379
    outer loop
      vertex 5.32534 59.3288 0
      vertex 5.37529 60.3994 1.4
      vertex 5.32666 59.329 0
    endloop
  endfacet
  facet normal -0.156577 0.787245 -0.596431
    outer loop
      vertex 5.37529 60.3994 1.4
      vertex 5.32534 59.3288 0
      vertex 5.18926 60.3624 1.4
    endloop
  endfacet
  facet normal 0.156721 0.787212 -0.596436
    outer loop
      vertex 4.62471 60.3994 1.4
      vertex 4.67334 59.329 0
      vertex 4.35488 59.3924 0
    endloop
  endfacet
  facet normal 0.599968 -0.533971 -0.595746
    outer loop
      vertex 3.9747 62.8253 1.4
      vertex 3.02252 63.3174 0
      vertex 3.02341 63.3184 0
    endloop
  endfacet
  facet normal 0.603456 -0.52923 -0.596452
    outer loop
      vertex 3.02252 63.3174 0
      vertex 3.9747 62.8253 1.4
      vertex 3.84964 62.6827 1.4
    endloop
  endfacet
  facet normal -0.666164 -0.448146 -0.596147
    outer loop
      vertex 7.15861 63.0463 0
      vertex 6.15036 62.6827 1.4
      vertex 7.15787 63.0474 0
    endloop
  endfacet
  facet normal -0.667367 -0.445955 -0.596444
    outer loop
      vertex 6.15036 62.6827 1.4
      vertex 7.15861 63.0463 0
      vertex 6.25574 62.525 1.4
    endloop
  endfacet
  facet normal 0.603442 0.529254 -0.596446
    outer loop
      vertex 3.9747 60.7747 1.4
      vertex 3.2375 60.0375 0
      vertex 3.02341 60.2816 0
    endloop
  endfacet
  facet normal 0.6674 -0.445897 -0.59645
    outer loop
      vertex 3.02252 63.3174 0
      vertex 3.84964 62.6827 1.4
      vertex 2.84213 63.0474 0
    endloop
  endfacet
  facet normal -0.354976 -0.719889 -0.59645
    outer loop
      vertex 5.95506 64.1022 0
      vertex 6.24628 63.9586 0
      vertex 5.725 63.0557 1.4
    endloop
  endfacet
  facet normal -0.787226 -0.156629 -0.596442
    outer loop
      vertex 7.40762 62.4451 0
      vertex 7.47097 62.1267 0
      vertex 6.40059 62.1753 1.4
    endloop
  endfacet
  facet normal 0.156577 0.787245 -0.596431
    outer loop
      vertex 4.67466 59.3288 0
      vertex 4.62471 60.3994 1.4
      vertex 4.81074 60.3624 1.4
    endloop
  endfacet
  facet normal 0.119802 0.790691 -0.600379
    outer loop
      vertex 4.62471 60.3994 1.4
      vertex 4.67466 59.3288 0
      vertex 4.67334 59.329 0
    endloop
  endfacet
  facet normal 0.258078 -0.760044 -0.59643
    outer loop
      vertex 4.35488 64.2076 0
      vertex 4.62471 63.2006 1.4
      vertex 4.04742 64.1032 0
    endloop
  endfacet
  facet normal -0.156577 -0.787245 -0.596431
    outer loop
      vertex 5.32534 64.2712 0
      vertex 5.37529 63.2006 1.4
      vertex 5.18926 63.2376 1.4
    endloop
  endfacet
  facet normal -0.119802 -0.790691 -0.600379
    outer loop
      vertex 5.37529 63.2006 1.4
      vertex 5.32534 64.2712 0
      vertex 5.32666 64.271 0
    endloop
  endfacet
  facet normal -0.258078 -0.760044 -0.59643
    outer loop
      vertex 5.64512 64.2076 0
      vertex 5.95258 64.1032 0
      vertex 5.37529 63.2006 1.4
    endloop
  endfacet
  facet normal 0.156721 -0.787212 -0.596436
    outer loop
      vertex 4.67334 64.271 0
      vertex 4.62471 63.2006 1.4
      vertex 4.35488 64.2076 0
    endloop
  endfacet
  facet normal 0.787234 0.1566 -0.596439
    outer loop
      vertex 3.59941 61.4247 1.4
      vertex 2.52877 61.4747 0
      vertex 3.56241 61.6107 1.4
    endloop
  endfacet
  facet normal 0.788301 0.146399 -0.597619
    outer loop
      vertex 2.52877 61.4747 0
      vertex 3.59941 61.4247 1.4
      vertex 2.52903 61.4733 0
    endloop
  endfacet
  facet normal -0.529334 -0.603382 -0.596436
    outer loop
      vertex 6.51737 63.7775 0
      vertex 6.0253 62.8253 1.4
      vertex 5.8827 62.9504 1.4
    endloop
  endfacet
  facet normal -0.534366 -0.599677 -0.595684
    outer loop
      vertex 6.0253 62.8253 1.4
      vertex 6.51737 63.7775 0
      vertex 6.51838 63.7766 0
    endloop
  endfacet
  facet normal 0.239573 -0.766633 -0.595717
    outer loop
      vertex 4.04742 64.1032 0
      vertex 4.44511 63.1396 1.4
      vertex 4.04614 64.1028 0
    endloop
  endfacet
  facet normal 0.258136 -0.760019 -0.596437
    outer loop
      vertex 4.44511 63.1396 1.4
      vertex 4.04742 64.1032 0
      vertex 4.62471 63.2006 1.4
    endloop
  endfacet
  facet normal 0.529244 0.603452 -0.596445
    outer loop
      vertex 3.9747 60.7747 1.4
      vertex 3.48162 59.8234 0
      vertex 3.2375 60.0375 0
    endloop
  endfacet
  facet normal 0.0524766 0.800945 -0.596434
    outer loop
      vertex 4.676 59.3287 0
      vertex 4.81074 60.3624 1.4
      vertex 5 60.35 1.4
    endloop
  endfacet
  facet normal 0.0597226 0.800282 -0.596642
    outer loop
      vertex 4.81074 60.3624 1.4
      vertex 4.676 59.3287 0
      vertex 4.67466 59.3288 0
    endloop
  endfacet
  facet normal 0.603456 0.52923 -0.596452
    outer loop
      vertex 3.9747 60.7747 1.4
      vertex 3.02252 60.2826 0
      vertex 3.84964 60.9173 1.4
    endloop
  endfacet
  facet normal 0.599968 0.533971 -0.595746
    outer loop
      vertex 3.02252 60.2826 0
      vertex 3.9747 60.7747 1.4
      vertex 3.02341 60.2816 0
    endloop
  endfacet
  facet normal 0.76007 0.257979 -0.59644
    outer loop
      vertex 3.59941 61.4247 1.4
      vertex 2.69675 60.8474 0
      vertex 2.59238 61.1549 0
    endloop
  endfacet
  facet normal 0.719873 -0.355017 -0.596444
    outer loop
      vertex 2.84139 63.0463 0
      vertex 3.74426 62.525 1.4
      vertex 2.69778 62.7551 0
    endloop
  endfacet
  facet normal 0.445953 0.667372 -0.59644
    outer loop
      vertex 4.1173 60.6496 1.4
      vertex 3.7526 59.6421 0
      vertex 3.48263 59.8225 0
    endloop
  endfacet
  facet normal 0.76007 -0.257979 -0.59644
    outer loop
      vertex 2.69675 62.7526 0
      vertex 3.59941 62.1753 1.4
      vertex 2.59238 62.4451 0
    endloop
  endfacet
  facet normal -0.156721 -0.787212 -0.596436
    outer loop
      vertex 5.64512 64.2076 0
      vertex 5.37529 63.2006 1.4
      vertex 5.32666 64.271 0
    endloop
  endfacet
  facet normal -0.0524766 -0.800945 -0.596434
    outer loop
      vertex 5.324 64.2713 0
      vertex 5.18926 63.2376 1.4
      vertex 5 63.25 1.4
    endloop
  endfacet
  facet normal -0.0597226 -0.800282 -0.596642
    outer loop
      vertex 5.18926 63.2376 1.4
      vertex 5.324 64.2713 0
      vertex 5.32534 64.2712 0
    endloop
  endfacet
  facet normal 0.354976 -0.719889 -0.59645
    outer loop
      vertex 4.04494 64.1022 0
      vertex 4.275 63.0557 1.4
      vertex 3.75372 63.9586 0
    endloop
  endfacet
  facet normal 0.0597226 -0.800282 -0.596642
    outer loop
      vertex 4.676 64.2713 0
      vertex 4.81074 63.2376 1.4
      vertex 4.67466 64.2712 0
    endloop
  endfacet
  facet normal 0.0524766 -0.800945 -0.596434
    outer loop
      vertex 4.81074 63.2376 1.4
      vertex 4.676 64.2713 0
      vertex 5 63.25 1.4
    endloop
  endfacet
  facet normal 0.666164 -0.448146 -0.596147
    outer loop
      vertex 3.84964 62.6827 1.4
      vertex 2.84139 63.0463 0
      vertex 2.84213 63.0474 0
    endloop
  endfacet
  facet normal 0.667367 -0.445955 -0.596444
    outer loop
      vertex 2.84139 63.0463 0
      vertex 3.84964 62.6827 1.4
      vertex 3.74426 62.525 1.4
    endloop
  endfacet
  facet normal -0.719873 0.355017 -0.596444
    outer loop
      vertex 7.30222 60.8449 0
      vertex 7.15861 60.5537 0
      vertex 6.25574 61.075 1.4
    endloop
  endfacet
  facet normal -0.291845 0.747122 -0.597189
    outer loop
      vertex 5.95258 59.4967 0
      vertex 5.55489 60.4604 1.4
      vertex 5.95386 59.4972 0
    endloop
  endfacet
  facet normal -0.258127 0.759994 -0.596472
    outer loop
      vertex 5.55489 60.4604 1.4
      vertex 5.95258 59.4967 0
      vertex 5.37529 60.3994 1.4
    endloop
  endfacet
  facet normal 0.529244 -0.603452 -0.596445
    outer loop
      vertex 3.48162 63.7766 0
      vertex 3.9747 62.8253 1.4
      vertex 3.2375 63.5625 0
    endloop
  endfacet
  facet normal 0.534366 -0.599677 -0.595684
    outer loop
      vertex 3.48263 63.7775 0
      vertex 3.9747 62.8253 1.4
      vertex 3.48162 63.7766 0
    endloop
  endfacet
  facet normal 0.529334 -0.603382 -0.596436
    outer loop
      vertex 3.9747 62.8253 1.4
      vertex 3.48263 63.7775 0
      vertex 4.1173 62.9504 1.4
    endloop
  endfacet
  facet normal -0.257854 0.760114 -0.596437
    outer loop
      vertex 5.95258 59.4967 0
      vertex 5.64512 59.3924 0
      vertex 5.37529 60.3994 1.4
    endloop
  endfacet
  facet normal -0.719882 0.354989 -0.59645
    outer loop
      vertex 7.30282 60.8461 0
      vertex 6.25574 61.075 1.4
      vertex 6.33962 61.2451 1.4
    endloop
  endfacet
  facet normal -0.718265 0.359132 -0.595919
    outer loop
      vertex 6.25574 61.075 1.4
      vertex 7.30282 60.8461 0
      vertex 7.30222 60.8449 0
    endloop
  endfacet
  facet normal 0.800939 -0.0524813 -0.596442
    outer loop
      vertex 2.52868 62.124 0
      vertex 3.55 61.8 1.4
      vertex 2.50745 61.8 0
    endloop
  endfacet
  facet normal 0.800939 0.0524813 -0.596442
    outer loop
      vertex 3.55 61.8 1.4
      vertex 2.52868 61.476 0
      vertex 2.50745 61.8 0
    endloop
  endfacet
  facet normal 0.257854 0.760114 -0.596437
    outer loop
      vertex 4.62471 60.3994 1.4
      vertex 4.35488 59.3924 0
      vertex 4.04742 59.4967 0
    endloop
  endfacet
  facet normal 0.354976 0.719889 -0.59645
    outer loop
      vertex 4.275 60.5443 1.4
      vertex 4.04494 59.4978 0
      vertex 3.75372 59.6414 0
    endloop
  endfacet
  facet normal 0.529334 0.603382 -0.596436
    outer loop
      vertex 3.48263 59.8225 0
      vertex 3.9747 60.7747 1.4
      vertex 4.1173 60.6496 1.4
    endloop
  endfacet
  facet normal 0.534366 0.599677 -0.595684
    outer loop
      vertex 3.9747 60.7747 1.4
      vertex 3.48263 59.8225 0
      vertex 3.48162 59.8234 0
    endloop
  endfacet
  facet normal -0.667367 0.445955 -0.596444
    outer loop
      vertex 7.15861 60.5537 0
      vertex 6.15036 60.9173 1.4
      vertex 6.25574 61.075 1.4
    endloop
  endfacet
  facet normal -0.666164 0.448146 -0.596147
    outer loop
      vertex 6.15036 60.9173 1.4
      vertex 7.15861 60.5537 0
      vertex 7.15787 60.5526 0
    endloop
  endfacet
  facet normal -0.6674 0.445897 -0.59645
    outer loop
      vertex 7.15787 60.5526 0
      vertex 6.97748 60.2826 0
      vertex 6.15036 60.9173 1.4
    endloop
  endfacet
  facet normal -0.0526529 0.800918 -0.596455
    outer loop
      vertex 5.324 59.3287 0
      vertex 5 59.3074 0
      vertex 5 60.35 1.4
    endloop
  endfacet
  facet normal 0.445715 0.667515 -0.596458
    outer loop
      vertex 3.75372 59.6414 0
      vertex 4.1173 60.6496 1.4
      vertex 4.275 60.5443 1.4
    endloop
  endfacet
  facet normal 0.424341 0.678946 -0.599139
    outer loop
      vertex 4.1173 60.6496 1.4
      vertex 3.75372 59.6414 0
      vertex 3.7526 59.6421 0
    endloop
  endfacet
  facet normal 0.787226 0.156629 -0.596442
    outer loop
      vertex 3.59941 61.4247 1.4
      vertex 2.59238 61.1549 0
      vertex 2.52903 61.4733 0
    endloop
  endfacet
  facet normal 0.718265 -0.359132 -0.595919
    outer loop
      vertex 3.74426 62.525 1.4
      vertex 2.69718 62.7539 0
      vertex 2.69778 62.7551 0
    endloop
  endfacet
  facet normal 0.719882 -0.354989 -0.59645
    outer loop
      vertex 2.69718 62.7539 0
      vertex 3.74426 62.525 1.4
      vertex 3.66038 62.3549 1.4
    endloop
  endfacet
  facet normal -0.354976 0.719889 -0.59645
    outer loop
      vertex 6.24628 59.6414 0
      vertex 5.95506 59.4978 0
      vertex 5.725 60.5443 1.4
    endloop
  endfacet
  facet normal 0.359132 -0.718265 -0.595919
    outer loop
      vertex 4.04614 64.1028 0
      vertex 4.275 63.0557 1.4
      vertex 4.04494 64.1022 0
    endloop
  endfacet
  facet normal 0.355043 -0.719861 -0.596444
    outer loop
      vertex 4.275 63.0557 1.4
      vertex 4.04614 64.1028 0
      vertex 4.44511 63.1396 1.4
    endloop
  endfacet
  facet normal 0.762193 -0.25211 -0.59624
    outer loop
      vertex 3.66038 62.3549 1.4
      vertex 2.69675 62.7526 0
      vertex 2.69718 62.7539 0
    endloop
  endfacet
  facet normal 0.760052 -0.25802 -0.596445
    outer loop
      vertex 2.69675 62.7526 0
      vertex 3.66038 62.3549 1.4
      vertex 3.59941 62.1753 1.4
    endloop
  endfacet
  facet normal 0.800935 0.0525071 -0.596445
    outer loop
      vertex 3.56241 61.6107 1.4
      vertex 2.52868 61.476 0
      vertex 3.55 61.8 1.4
    endloop
  endfacet
  facet normal 0.800672 0.0554312 -0.596533
    outer loop
      vertex 2.52868 61.476 0
      vertex 3.56241 61.6107 1.4
      vertex 2.52877 61.4747 0
    endloop
  endfacet
  facet normal 0.355043 0.719861 -0.596444
    outer loop
      vertex 4.04614 59.4972 0
      vertex 4.275 60.5443 1.4
      vertex 4.44511 60.4604 1.4
    endloop
  endfacet
  facet normal 0.359132 0.718265 -0.595919
    outer loop
      vertex 4.275 60.5443 1.4
      vertex 4.04614 59.4972 0
      vertex 4.04494 59.4978 0
    endloop
  endfacet
  facet normal 0.0526529 0.800918 -0.596455
    outer loop
      vertex 5 60.35 1.4
      vertex 5 59.3074 0
      vertex 4.676 59.3287 0
    endloop
  endfacet
  facet normal -0.156721 0.787212 -0.596436
    outer loop
      vertex 5.37529 60.3994 1.4
      vertex 5.64512 59.3924 0
      vertex 5.32666 59.329 0
    endloop
  endfacet
  facet normal -0.787226 0.156629 -0.596442
    outer loop
      vertex 7.47097 61.4733 0
      vertex 7.40762 61.1549 0
      vertex 6.40059 61.4247 1.4
    endloop
  endfacet
  facet normal -0.788301 0.146399 -0.597619
    outer loop
      vertex 6.40059 61.4247 1.4
      vertex 7.47123 61.4747 0
      vertex 7.47097 61.4733 0
    endloop
  endfacet
  facet normal -0.787234 0.1566 -0.596439
    outer loop
      vertex 7.47123 61.4747 0
      vertex 6.40059 61.4247 1.4
      vertex 6.43759 61.6107 1.4
    endloop
  endfacet
  facet normal -0.0597226 0.800282 -0.596642
    outer loop
      vertex 5.324 59.3287 0
      vertex 5.18926 60.3624 1.4
      vertex 5.32534 59.3288 0
    endloop
  endfacet
  facet normal -0.0524766 0.800945 -0.596434
    outer loop
      vertex 5.18926 60.3624 1.4
      vertex 5.324 59.3287 0
      vertex 5 60.35 1.4
    endloop
  endfacet
  facet normal -0.760052 0.25802 -0.596445
    outer loop
      vertex 7.30325 60.8474 0
      vertex 6.33962 61.2451 1.4
      vertex 6.40059 61.4247 1.4
    endloop
  endfacet
  facet normal -0.762193 0.25211 -0.59624
    outer loop
      vertex 6.33962 61.2451 1.4
      vertex 7.30325 60.8474 0
      vertex 7.30282 60.8461 0
    endloop
  endfacet
  facet normal -0.980789 0.195072 0
    outer loop
      vertex 6.40059 4.62471 1.4
      vertex 6.43759 4.81074 2
      vertex 6.43759 4.81074 1.4
    endloop
  endfacet
  facet normal -0.980789 0.195072 0
    outer loop
      vertex 6.43759 4.81074 2
      vertex 6.40059 4.62471 1.4
      vertex 6.40059 4.62471 2
    endloop
  endfacet
  facet normal -0.997857 0.0654307 0
    outer loop
      vertex 6.43759 4.81074 1.4
      vertex 6.45 5 2
      vertex 6.45 5 1.4
    endloop
  endfacet
  facet normal -0.997857 0.0654307 0
    outer loop
      vertex 6.45 5 2
      vertex 6.43759 4.81074 1.4
      vertex 6.43759 4.81074 2
    endloop
  endfacet
  facet normal -0.321458 -0.946924 0
    outer loop
      vertex 5.37529 6.40059 1.4
      vertex 5.55489 6.33962 2
      vertex 5.37529 6.40059 2
    endloop
  endfacet
  facet normal -0.321458 -0.946924 -0
    outer loop
      vertex 5.55489 6.33962 2
      vertex 5.37529 6.40059 1.4
      vertex 5.55489 6.33962 1.4
    endloop
  endfacet
  facet normal -0.83145 0.5556 0
    outer loop
      vertex 6.15036 4.1173 1.4
      vertex 6.25574 4.275 2
      vertex 6.25574 4.275 1.4
    endloop
  endfacet
  facet normal -0.83145 0.5556 0
    outer loop
      vertex 6.25574 4.275 2
      vertex 6.15036 4.1173 1.4
      vertex 6.15036 4.1173 2
    endloop
  endfacet
  facet normal 0.896891 0.442251 0
    outer loop
      vertex 3.74426 4.275 2
      vertex 3.66038 4.44511 1.4
      vertex 3.66038 4.44511 2
    endloop
  endfacet
  facet normal 0.896891 0.442251 0
    outer loop
      vertex 3.66038 4.44511 1.4
      vertex 3.74426 4.275 2
      vertex 3.74426 4.275 1.4
    endloop
  endfacet
  facet normal 0.5556 0.83145 -0
    outer loop
      vertex 4.275 3.74426 1.4
      vertex 4.1173 3.84964 2
      vertex 4.275 3.74426 2
    endloop
  endfacet
  facet normal 0.5556 0.83145 0
    outer loop
      vertex 4.1173 3.84964 2
      vertex 4.275 3.74426 1.4
      vertex 4.1173 3.84964 1.4
    endloop
  endfacet
  facet normal 0.659355 0.751832 -0
    outer loop
      vertex 4.1173 3.84964 1.4
      vertex 3.9747 3.9747 2
      vertex 4.1173 3.84964 2
    endloop
  endfacet
  facet normal 0.659355 0.751832 0
    outer loop
      vertex 3.9747 3.9747 2
      vertex 4.1173 3.84964 1.4
      vertex 3.9747 3.9747 1.4
    endloop
  endfacet
  facet normal 0.751832 0.659355 0
    outer loop
      vertex 3.9747 3.9747 2
      vertex 3.84964 4.1173 1.4
      vertex 3.84964 4.1173 2
    endloop
  endfacet
  facet normal 0.751832 0.659355 0
    outer loop
      vertex 3.84964 4.1173 1.4
      vertex 3.9747 3.9747 2
      vertex 3.9747 3.9747 1.4
    endloop
  endfacet
  facet normal -0.946924 -0.321458 0
    outer loop
      vertex 6.40059 5.37529 1.4
      vertex 6.33962 5.55489 2
      vertex 6.33962 5.55489 1.4
    endloop
  endfacet
  facet normal -0.946924 -0.321458 0
    outer loop
      vertex 6.33962 5.55489 2
      vertex 6.40059 5.37529 1.4
      vertex 6.40059 5.37529 2
    endloop
  endfacet
  facet normal 0.997857 0.0654307 0
    outer loop
      vertex 3.56241 4.81074 2
      vertex 3.55 5 1.4
      vertex 3.55 5 2
    endloop
  endfacet
  facet normal 0.997857 0.0654307 0
    outer loop
      vertex 3.55 5 1.4
      vertex 3.56241 4.81074 2
      vertex 3.56241 4.81074 1.4
    endloop
  endfacet
  facet normal -0.5556 0.83145 0
    outer loop
      vertex 5.8827 3.84964 1.4
      vertex 5.725 3.74426 2
      vertex 5.8827 3.84964 2
    endloop
  endfacet
  facet normal -0.5556 0.83145 0
    outer loop
      vertex 5.725 3.74426 2
      vertex 5.8827 3.84964 1.4
      vertex 5.725 3.74426 1.4
    endloop
  endfacet
  facet normal 0.321458 -0.946924 0
    outer loop
      vertex 4.44511 6.33962 1.4
      vertex 4.62471 6.40059 2
      vertex 4.44511 6.33962 2
    endloop
  endfacet
  facet normal 0.321458 -0.946924 0
    outer loop
      vertex 4.62471 6.40059 2
      vertex 4.44511 6.33962 1.4
      vertex 4.62471 6.40059 1.4
    endloop
  endfacet
  facet normal -0.195072 -0.980789 0
    outer loop
      vertex 5.18926 6.43759 1.4
      vertex 5.37529 6.40059 2
      vertex 5.18926 6.43759 2
    endloop
  endfacet
  facet normal -0.195072 -0.980789 -0
    outer loop
      vertex 5.37529 6.40059 2
      vertex 5.18926 6.43759 1.4
      vertex 5.37529 6.40059 1.4
    endloop
  endfacet
  facet normal 0.321458 0.946924 -0
    outer loop
      vertex 4.62471 3.59941 1.4
      vertex 4.44511 3.66038 2
      vertex 4.62471 3.59941 2
    endloop
  endfacet
  facet normal 0.321458 0.946924 0
    outer loop
      vertex 4.44511 3.66038 2
      vertex 4.62471 3.59941 1.4
      vertex 4.44511 3.66038 1.4
    endloop
  endfacet
  facet normal 0.83145 -0.5556 0
    outer loop
      vertex 3.74426 5.725 2
      vertex 3.84964 5.8827 1.4
      vertex 3.84964 5.8827 2
    endloop
  endfacet
  facet normal 0.83145 -0.5556 0
    outer loop
      vertex 3.84964 5.8827 1.4
      vertex 3.74426 5.725 2
      vertex 3.74426 5.725 1.4
    endloop
  endfacet
  facet normal -0.5556 -0.83145 0
    outer loop
      vertex 5.725 6.25574 1.4
      vertex 5.8827 6.15036 2
      vertex 5.725 6.25574 2
    endloop
  endfacet
  facet normal -0.5556 -0.83145 -0
    outer loop
      vertex 5.8827 6.15036 2
      vertex 5.725 6.25574 1.4
      vertex 5.8827 6.15036 1.4
    endloop
  endfacet
  facet normal 0.946924 0.321458 0
    outer loop
      vertex 3.66038 4.44511 2
      vertex 3.59941 4.62471 1.4
      vertex 3.59941 4.62471 2
    endloop
  endfacet
  facet normal 0.946924 0.321458 0
    outer loop
      vertex 3.59941 4.62471 1.4
      vertex 3.66038 4.44511 2
      vertex 3.66038 4.44511 1.4
    endloop
  endfacet
  facet normal -0.321458 0.946924 0
    outer loop
      vertex 5.55489 3.66038 1.4
      vertex 5.37529 3.59941 2
      vertex 5.55489 3.66038 2
    endloop
  endfacet
  facet normal -0.321458 0.946924 0
    outer loop
      vertex 5.37529 3.59941 2
      vertex 5.55489 3.66038 1.4
      vertex 5.37529 3.59941 1.4
    endloop
  endfacet
  facet normal -0.0654307 0.997857 0
    outer loop
      vertex 5.18926 3.56241 1.4
      vertex 5 3.55 2
      vertex 5.18926 3.56241 2
    endloop
  endfacet
  facet normal -0.0654307 0.997857 0
    outer loop
      vertex 5 3.55 2
      vertex 5.18926 3.56241 1.4
      vertex 5 3.55 1.4
    endloop
  endfacet
  facet normal 0.442251 0.896891 -0
    outer loop
      vertex 4.44511 3.66038 1.4
      vertex 4.275 3.74426 2
      vertex 4.44511 3.66038 2
    endloop
  endfacet
  facet normal 0.442251 0.896891 0
    outer loop
      vertex 4.275 3.74426 2
      vertex 4.44511 3.66038 1.4
      vertex 4.275 3.74426 1.4
    endloop
  endfacet
  facet normal -0.83145 -0.5556 0
    outer loop
      vertex 6.25574 5.725 1.4
      vertex 6.15036 5.8827 2
      vertex 6.15036 5.8827 1.4
    endloop
  endfacet
  facet normal -0.83145 -0.5556 0
    outer loop
      vertex 6.15036 5.8827 2
      vertex 6.25574 5.725 1.4
      vertex 6.25574 5.725 2
    endloop
  endfacet
  facet normal 0.997857 -0.0654307 0
    outer loop
      vertex 3.55 5 2
      vertex 3.56241 5.18926 1.4
      vertex 3.56241 5.18926 2
    endloop
  endfacet
  facet normal 0.997857 -0.0654307 0
    outer loop
      vertex 3.56241 5.18926 1.4
      vertex 3.55 5 2
      vertex 3.55 5 1.4
    endloop
  endfacet
  facet normal 0.946924 -0.321458 0
    outer loop
      vertex 3.59941 5.37529 2
      vertex 3.66038 5.55489 1.4
      vertex 3.66038 5.55489 2
    endloop
  endfacet
  facet normal 0.946924 -0.321458 0
    outer loop
      vertex 3.66038 5.55489 1.4
      vertex 3.59941 5.37529 2
      vertex 3.59941 5.37529 1.4
    endloop
  endfacet
  facet normal 0.659355 -0.751832 0
    outer loop
      vertex 3.9747 6.0253 1.4
      vertex 4.1173 6.15036 2
      vertex 3.9747 6.0253 2
    endloop
  endfacet
  facet normal 0.659355 -0.751832 0
    outer loop
      vertex 4.1173 6.15036 2
      vertex 3.9747 6.0253 1.4
      vertex 4.1173 6.15036 1.4
    endloop
  endfacet
  facet normal -0.442251 0.896891 0
    outer loop
      vertex 5.725 3.74426 1.4
      vertex 5.55489 3.66038 2
      vertex 5.725 3.74426 2
    endloop
  endfacet
  facet normal -0.442251 0.896891 0
    outer loop
      vertex 5.55489 3.66038 2
      vertex 5.725 3.74426 1.4
      vertex 5.55489 3.66038 1.4
    endloop
  endfacet
  facet normal 0.195072 0.980789 -0
    outer loop
      vertex 4.81074 3.56241 1.4
      vertex 4.62471 3.59941 2
      vertex 4.81074 3.56241 2
    endloop
  endfacet
  facet normal 0.195072 0.980789 0
    outer loop
      vertex 4.62471 3.59941 2
      vertex 4.81074 3.56241 1.4
      vertex 4.62471 3.59941 1.4
    endloop
  endfacet
  facet normal -0.751832 0.659355 0
    outer loop
      vertex 6.0253 3.9747 1.4
      vertex 6.15036 4.1173 2
      vertex 6.15036 4.1173 1.4
    endloop
  endfacet
  facet normal -0.751832 0.659355 0
    outer loop
      vertex 6.15036 4.1173 2
      vertex 6.0253 3.9747 1.4
      vertex 6.0253 3.9747 2
    endloop
  endfacet
  facet normal -0.195072 0.980789 0
    outer loop
      vertex 5.37529 3.59941 1.4
      vertex 5.18926 3.56241 2
      vertex 5.37529 3.59941 2
    endloop
  endfacet
  facet normal -0.195072 0.980789 0
    outer loop
      vertex 5.18926 3.56241 2
      vertex 5.37529 3.59941 1.4
      vertex 5.18926 3.56241 1.4
    endloop
  endfacet
  facet normal -0.751832 -0.659355 0
    outer loop
      vertex 6.15036 5.8827 1.4
      vertex 6.0253 6.0253 2
      vertex 6.0253 6.0253 1.4
    endloop
  endfacet
  facet normal -0.751832 -0.659355 0
    outer loop
      vertex 6.0253 6.0253 2
      vertex 6.15036 5.8827 1.4
      vertex 6.15036 5.8827 2
    endloop
  endfacet
  facet normal 0.442251 -0.896891 0
    outer loop
      vertex 4.275 6.25574 1.4
      vertex 4.44511 6.33962 2
      vertex 4.275 6.25574 2
    endloop
  endfacet
  facet normal 0.442251 -0.896891 0
    outer loop
      vertex 4.44511 6.33962 2
      vertex 4.275 6.25574 1.4
      vertex 4.44511 6.33962 1.4
    endloop
  endfacet
  facet normal 0.980789 0.195072 0
    outer loop
      vertex 3.59941 4.62471 2
      vertex 3.56241 4.81074 1.4
      vertex 3.56241 4.81074 2
    endloop
  endfacet
  facet normal 0.980789 0.195072 0
    outer loop
      vertex 3.56241 4.81074 1.4
      vertex 3.59941 4.62471 2
      vertex 3.59941 4.62471 1.4
    endloop
  endfacet
  facet normal -0.0654307 -0.997857 0
    outer loop
      vertex 5 6.45 1.4
      vertex 5.18926 6.43759 2
      vertex 5 6.45 2
    endloop
  endfacet
  facet normal -0.0654307 -0.997857 -0
    outer loop
      vertex 5.18926 6.43759 2
      vertex 5 6.45 1.4
      vertex 5.18926 6.43759 1.4
    endloop
  endfacet
  facet normal -0.442251 -0.896891 0
    outer loop
      vertex 5.55489 6.33962 1.4
      vertex 5.725 6.25574 2
      vertex 5.55489 6.33962 2
    endloop
  endfacet
  facet normal -0.442251 -0.896891 -0
    outer loop
      vertex 5.725 6.25574 2
      vertex 5.55489 6.33962 1.4
      vertex 5.725 6.25574 1.4
    endloop
  endfacet
  facet normal -0.659355 -0.751832 0
    outer loop
      vertex 5.8827 6.15036 1.4
      vertex 6.0253 6.0253 2
      vertex 5.8827 6.15036 2
    endloop
  endfacet
  facet normal -0.659355 -0.751832 -0
    outer loop
      vertex 6.0253 6.0253 2
      vertex 5.8827 6.15036 1.4
      vertex 6.0253 6.0253 1.4
    endloop
  endfacet
  facet normal 0.896891 -0.442251 0
    outer loop
      vertex 3.66038 5.55489 2
      vertex 3.74426 5.725 1.4
      vertex 3.74426 5.725 2
    endloop
  endfacet
  facet normal 0.896891 -0.442251 0
    outer loop
      vertex 3.74426 5.725 1.4
      vertex 3.66038 5.55489 2
      vertex 3.66038 5.55489 1.4
    endloop
  endfacet
  facet normal -0.896891 -0.442251 0
    outer loop
      vertex 6.33962 5.55489 1.4
      vertex 6.25574 5.725 2
      vertex 6.25574 5.725 1.4
    endloop
  endfacet
  facet normal -0.896891 -0.442251 0
    outer loop
      vertex 6.25574 5.725 2
      vertex 6.33962 5.55489 1.4
      vertex 6.33962 5.55489 2
    endloop
  endfacet
  facet normal -0.659355 0.751832 0
    outer loop
      vertex 6.0253 3.9747 1.4
      vertex 5.8827 3.84964 2
      vertex 6.0253 3.9747 2
    endloop
  endfacet
  facet normal -0.659355 0.751832 0
    outer loop
      vertex 5.8827 3.84964 2
      vertex 6.0253 3.9747 1.4
      vertex 5.8827 3.84964 1.4
    endloop
  endfacet
  facet normal -0.997857 -0.0654307 0
    outer loop
      vertex 6.45 5 1.4
      vertex 6.43759 5.18926 2
      vertex 6.43759 5.18926 1.4
    endloop
  endfacet
  facet normal -0.997857 -0.0654307 0
    outer loop
      vertex 6.43759 5.18926 2
      vertex 6.45 5 1.4
      vertex 6.45 5 2
    endloop
  endfacet
  facet normal 0.5556 -0.83145 0
    outer loop
      vertex 4.1173 6.15036 1.4
      vertex 4.275 6.25574 2
      vertex 4.1173 6.15036 2
    endloop
  endfacet
  facet normal 0.5556 -0.83145 0
    outer loop
      vertex 4.275 6.25574 2
      vertex 4.1173 6.15036 1.4
      vertex 4.275 6.25574 1.4
    endloop
  endfacet
  facet normal -0.896891 0.442251 0
    outer loop
      vertex 6.25574 4.275 1.4
      vertex 6.33962 4.44511 2
      vertex 6.33962 4.44511 1.4
    endloop
  endfacet
  facet normal -0.896891 0.442251 0
    outer loop
      vertex 6.33962 4.44511 2
      vertex 6.25574 4.275 1.4
      vertex 6.25574 4.275 2
    endloop
  endfacet
  facet normal -0.980789 -0.195072 0
    outer loop
      vertex 6.43759 5.18926 1.4
      vertex 6.40059 5.37529 2
      vertex 6.40059 5.37529 1.4
    endloop
  endfacet
  facet normal -0.980789 -0.195072 0
    outer loop
      vertex 6.40059 5.37529 2
      vertex 6.43759 5.18926 1.4
      vertex 6.43759 5.18926 2
    endloop
  endfacet
  facet normal -0.946924 0.321458 0
    outer loop
      vertex 6.33962 4.44511 1.4
      vertex 6.40059 4.62471 2
      vertex 6.40059 4.62471 1.4
    endloop
  endfacet
  facet normal -0.946924 0.321458 0
    outer loop
      vertex 6.40059 4.62471 2
      vertex 6.33962 4.44511 1.4
      vertex 6.33962 4.44511 2
    endloop
  endfacet
  facet normal 0.0654307 0.997857 -0
    outer loop
      vertex 5 3.55 1.4
      vertex 4.81074 3.56241 2
      vertex 5 3.55 2
    endloop
  endfacet
  facet normal 0.0654307 0.997857 0
    outer loop
      vertex 4.81074 3.56241 2
      vertex 5 3.55 1.4
      vertex 4.81074 3.56241 1.4
    endloop
  endfacet
  facet normal 0.980789 -0.195072 0
    outer loop
      vertex 3.56241 5.18926 2
      vertex 3.59941 5.37529 1.4
      vertex 3.59941 5.37529 2
    endloop
  endfacet
  facet normal 0.980789 -0.195072 0
    outer loop
      vertex 3.59941 5.37529 1.4
      vertex 3.56241 5.18926 2
      vertex 3.56241 5.18926 1.4
    endloop
  endfacet
  facet normal 0.751832 -0.659355 0
    outer loop
      vertex 3.84964 5.8827 2
      vertex 3.9747 6.0253 1.4
      vertex 3.9747 6.0253 2
    endloop
  endfacet
  facet normal 0.751832 -0.659355 0
    outer loop
      vertex 3.9747 6.0253 1.4
      vertex 3.84964 5.8827 2
      vertex 3.84964 5.8827 1.4
    endloop
  endfacet
  facet normal 0.195072 -0.980789 0
    outer loop
      vertex 4.62471 6.40059 1.4
      vertex 4.81074 6.43759 2
      vertex 4.62471 6.40059 2
    endloop
  endfacet
  facet normal 0.195072 -0.980789 0
    outer loop
      vertex 4.81074 6.43759 2
      vertex 4.62471 6.40059 1.4
      vertex 4.81074 6.43759 1.4
    endloop
  endfacet
  facet normal 0.83145 0.5556 0
    outer loop
      vertex 3.84964 4.1173 2
      vertex 3.74426 4.275 1.4
      vertex 3.74426 4.275 2
    endloop
  endfacet
  facet normal 0.83145 0.5556 0
    outer loop
      vertex 3.74426 4.275 1.4
      vertex 3.84964 4.1173 2
      vertex 3.84964 4.1173 1.4
    endloop
  endfacet
  facet normal 0.0654307 -0.997857 0
    outer loop
      vertex 4.81074 6.43759 1.4
      vertex 5 6.45 2
      vertex 4.81074 6.43759 2
    endloop
  endfacet
  facet normal 0.0654307 -0.997857 0
    outer loop
      vertex 5 6.45 2
      vertex 4.81074 6.43759 1.4
      vertex 5 6.45 1.4
    endloop
  endfacet
  facet normal -0.66738 -0.445933 -0.596446
    outer loop
      vertex 6.97748 6.51737 0
      vertex 7.15787 6.2474 0
      vertex 6.15036 5.8827 1.4
    endloop
  endfacet
  facet normal -0.760925 -0.255623 -0.596364
    outer loop
      vertex 7.30325 5.95258 0
      vertex 6.33962 5.55489 1.4
      vertex 7.30282 5.95386 0
    endloop
  endfacet
  facet normal -0.760053 -0.25802 -0.596444
    outer loop
      vertex 6.33962 5.55489 1.4
      vertex 7.30325 5.95258 0
      vertex 6.40059 5.37529 1.4
    endloop
  endfacet
  facet normal 0.787394 -0.155093 -0.596621
    outer loop
      vertex 3.59941 5.37529 1.4
      vertex 2.52877 5.32534 0
      vertex 2.52903 5.32666 0
    endloop
  endfacet
  facet normal 0.787234 -0.156575 -0.596445
    outer loop
      vertex 2.52877 5.32534 0
      vertex 3.59941 5.37529 1.4
      vertex 3.56241 5.18926 1.4
    endloop
  endfacet
  facet normal -0.800939 0.0524813 -0.596442
    outer loop
      vertex 7.49255 5 0
      vertex 7.47132 4.676 0
      vertex 6.45 5 1.4
    endloop
  endfacet
  facet normal -0.800933 0.0525181 -0.596446
    outer loop
      vertex 7.47132 4.676 0
      vertex 6.43759 4.81074 1.4
      vertex 6.45 5 1.4
    endloop
  endfacet
  facet normal -0.80082 0.0537864 -0.596485
    outer loop
      vertex 6.43759 4.81074 1.4
      vertex 7.47132 4.676 0
      vertex 7.47123 4.67466 0
    endloop
  endfacet
  facet normal -0.445933 0.66738 -0.596446
    outer loop
      vertex 6.51737 3.02252 0
      vertex 6.2474 2.84213 0
      vertex 5.8827 3.84964 1.4
    endloop
  endfacet
  facet normal -0.445933 -0.66738 -0.596446
    outer loop
      vertex 6.2474 7.15787 0
      vertex 6.51737 6.97748 0
      vertex 5.8827 6.15036 1.4
    endloop
  endfacet
  facet normal 0.66738 0.445933 -0.596446
    outer loop
      vertex 3.84964 4.1173 1.4
      vertex 3.02252 3.48263 0
      vertex 2.84213 3.7526 0
    endloop
  endfacet
  facet normal -0.718269 -0.359135 -0.595912
    outer loop
      vertex 7.30282 5.95386 0
      vertex 6.25574 5.725 1.4
      vertex 7.30222 5.95506 0
    endloop
  endfacet
  facet normal -0.719893 -0.354974 -0.596446
    outer loop
      vertex 6.25574 5.725 1.4
      vertex 7.30282 5.95386 0
      vertex 6.33962 5.55489 1.4
    endloop
  endfacet
  facet normal -0.445957 -0.667369 -0.59644
    outer loop
      vertex 6.24628 7.15861 0
      vertex 5.8827 6.15036 1.4
      vertex 5.725 6.25574 1.4
    endloop
  endfacet
  facet normal -0.44227 -0.669381 -0.596931
    outer loop
      vertex 5.8827 6.15036 1.4
      vertex 6.24628 7.15861 0
      vertex 6.2474 7.15787 0
    endloop
  endfacet
  facet normal 0.603464 -0.52923 -0.596445
    outer loop
      vertex 3.2375 6.7625 0
      vertex 3.9747 6.0253 1.4
      vertex 3.02341 6.51838 0
    endloop
  endfacet
  facet normal 0.44227 -0.669381 -0.596931
    outer loop
      vertex 3.75372 7.15861 0
      vertex 4.1173 6.15036 1.4
      vertex 3.7526 7.15787 0
    endloop
  endfacet
  facet normal 0.445957 -0.667369 -0.59644
    outer loop
      vertex 4.1173 6.15036 1.4
      vertex 3.75372 7.15861 0
      vertex 4.275 6.25574 1.4
    endloop
  endfacet
  facet normal 0.25802 0.760053 -0.596444
    outer loop
      vertex 4.04742 2.69675 0
      vertex 4.44511 3.66038 1.4
      vertex 4.62471 3.59941 1.4
    endloop
  endfacet
  facet normal 0.255623 0.760925 -0.596364
    outer loop
      vertex 4.44511 3.66038 1.4
      vertex 4.04742 2.69675 0
      vertex 4.04614 2.69718 0
    endloop
  endfacet
  facet normal -0.602334 -0.53077 -0.596219
    outer loop
      vertex 6.97748 6.51737 0
      vertex 6.0253 6.0253 1.4
      vertex 6.97659 6.51838 0
    endloop
  endfacet
  facet normal -0.60346 -0.529234 -0.596445
    outer loop
      vertex 6.0253 6.0253 1.4
      vertex 6.97748 6.51737 0
      vertex 6.15036 5.8827 1.4
    endloop
  endfacet
  facet normal -0.359135 0.718269 -0.595912
    outer loop
      vertex 5.95386 2.69718 0
      vertex 5.725 3.74426 1.4
      vertex 5.95506 2.69778 0
    endloop
  endfacet
  facet normal -0.354974 0.719893 -0.596446
    outer loop
      vertex 5.725 3.74426 1.4
      vertex 5.95386 2.69718 0
      vertex 5.55489 3.66038 1.4
    endloop
  endfacet
  facet normal -0.603464 0.52923 -0.596445
    outer loop
      vertex 6.97659 3.48162 0
      vertex 6.7625 3.2375 0
      vertex 6.0253 3.9747 1.4
    endloop
  endfacet
  facet normal -0.787394 -0.155093 -0.596621
    outer loop
      vertex 7.47123 5.32534 0
      vertex 6.40059 5.37529 1.4
      vertex 7.47097 5.32666 0
    endloop
  endfacet
  facet normal -0.787234 -0.156575 -0.596445
    outer loop
      vertex 6.40059 5.37529 1.4
      vertex 7.47123 5.32534 0
      vertex 6.43759 5.18926 1.4
    endloop
  endfacet
  facet normal -0.354974 -0.719893 -0.596446
    outer loop
      vertex 5.95386 7.30282 0
      vertex 5.725 6.25574 1.4
      vertex 5.55489 6.33962 1.4
    endloop
  endfacet
  facet normal -0.359135 -0.718269 -0.595912
    outer loop
      vertex 5.725 6.25574 1.4
      vertex 5.95386 7.30282 0
      vertex 5.95506 7.30222 0
    endloop
  endfacet
  facet normal -0.800939 -0.0524813 -0.596442
    outer loop
      vertex 7.47132 5.324 0
      vertex 7.49255 5 0
      vertex 6.45 5 1.4
    endloop
  endfacet
  facet normal -0.53077 0.602334 -0.596219
    outer loop
      vertex 6.51737 3.02252 0
      vertex 6.0253 3.9747 1.4
      vertex 6.51838 3.02341 0
    endloop
  endfacet
  facet normal -0.529234 0.60346 -0.596445
    outer loop
      vertex 6.0253 3.9747 1.4
      vertex 6.51737 3.02252 0
      vertex 5.8827 3.84964 1.4
    endloop
  endfacet
  facet normal 0.445933 -0.66738 -0.596446
    outer loop
      vertex 3.7526 7.15787 0
      vertex 4.1173 6.15036 1.4
      vertex 3.48263 6.97748 0
    endloop
  endfacet
  facet normal -0.25802 -0.760053 -0.596444
    outer loop
      vertex 5.95258 7.30325 0
      vertex 5.55489 6.33962 1.4
      vertex 5.37529 6.40059 1.4
    endloop
  endfacet
  facet normal -0.255623 -0.760925 -0.596364
    outer loop
      vertex 5.55489 6.33962 1.4
      vertex 5.95258 7.30325 0
      vertex 5.95386 7.30282 0
    endloop
  endfacet
  facet normal -0.603464 -0.52923 -0.596445
    outer loop
      vertex 6.7625 6.7625 0
      vertex 6.97659 6.51838 0
      vertex 6.0253 6.0253 1.4
    endloop
  endfacet
  facet normal -0.52923 -0.603464 -0.596445
    outer loop
      vertex 6.51838 6.97659 0
      vertex 6.7625 6.7625 0
      vertex 6.0253 6.0253 1.4
    endloop
  endfacet
  facet normal -0.719885 -0.354999 -0.59644
    outer loop
      vertex 7.15861 6.24628 0
      vertex 7.30222 5.95506 0
      vertex 6.25574 5.725 1.4
    endloop
  endfacet
  facet normal -0.0524813 -0.800939 -0.596442
    outer loop
      vertex 5.324 7.47132 0
      vertex 5 6.45 1.4
      vertex 5 7.49255 0
    endloop
  endfacet
  facet normal 0.80082 -0.0537864 -0.596485
    outer loop
      vertex 3.56241 5.18926 1.4
      vertex 2.52868 5.324 0
      vertex 2.52877 5.32534 0
    endloop
  endfacet
  facet normal 0.800933 -0.0525181 -0.596446
    outer loop
      vertex 2.52868 5.324 0
      vertex 3.56241 5.18926 1.4
      vertex 3.55 5 1.4
    endloop
  endfacet
  facet normal 0.0524813 -0.800939 -0.596442
    outer loop
      vertex 5 7.49255 0
      vertex 5 6.45 1.4
      vertex 4.676 7.47132 0
    endloop
  endfacet
  facet normal -0.80082 -0.0537864 -0.596485
    outer loop
      vertex 7.47132 5.324 0
      vertex 6.43759 5.18926 1.4
      vertex 7.47123 5.32534 0
    endloop
  endfacet
  facet normal -0.800933 -0.0525181 -0.596446
    outer loop
      vertex 6.43759 5.18926 1.4
      vertex 7.47132 5.324 0
      vertex 6.45 5 1.4
    endloop
  endfacet
  facet normal 0.155093 -0.787394 -0.596621
    outer loop
      vertex 4.67466 7.47123 0
      vertex 4.62471 6.40059 1.4
      vertex 4.67334 7.47097 0
    endloop
  endfacet
  facet normal 0.156575 -0.787234 -0.596445
    outer loop
      vertex 4.62471 6.40059 1.4
      vertex 4.67466 7.47123 0
      vertex 4.81074 6.43759 1.4
    endloop
  endfacet
  facet normal 0.787231 -0.156601 -0.596443
    outer loop
      vertex 2.59238 5.64512 0
      vertex 3.59941 5.37529 1.4
      vertex 2.52903 5.32666 0
    endloop
  endfacet
  facet normal -0.760058 -0.258008 -0.596443
    outer loop
      vertex 7.30325 5.95258 0
      vertex 7.40762 5.64512 0
      vertex 6.40059 5.37529 1.4
    endloop
  endfacet
  facet normal -0.44227 0.669381 -0.596931
    outer loop
      vertex 6.24628 2.84139 0
      vertex 5.8827 3.84964 1.4
      vertex 6.2474 2.84213 0
    endloop
  endfacet
  facet normal -0.445957 0.667369 -0.59644
    outer loop
      vertex 5.8827 3.84964 1.4
      vertex 6.24628 2.84139 0
      vertex 5.725 3.74426 1.4
    endloop
  endfacet
  facet normal 0.760053 0.25802 -0.596444
    outer loop
      vertex 3.66038 4.44511 1.4
      vertex 2.69675 4.04742 0
      vertex 3.59941 4.62471 1.4
    endloop
  endfacet
  facet normal 0.760925 0.255623 -0.596364
    outer loop
      vertex 2.69675 4.04742 0
      vertex 3.66038 4.44511 1.4
      vertex 2.69718 4.04614 0
    endloop
  endfacet
  facet normal -0.760058 0.258008 -0.596443
    outer loop
      vertex 7.40762 4.35488 0
      vertex 7.30325 4.04742 0
      vertex 6.40059 4.62471 1.4
    endloop
  endfacet
  facet normal 0.667369 0.445957 -0.59644
    outer loop
      vertex 3.84964 4.1173 1.4
      vertex 2.84139 3.75372 0
      vertex 3.74426 4.275 1.4
    endloop
  endfacet
  facet normal 0.669381 0.44227 -0.596931
    outer loop
      vertex 2.84139 3.75372 0
      vertex 3.84964 4.1173 1.4
      vertex 2.84213 3.7526 0
    endloop
  endfacet
  facet normal 0.719885 0.354999 -0.59644
    outer loop
      vertex 3.74426 4.275 1.4
      vertex 2.84139 3.75372 0
      vertex 2.69778 4.04494 0
    endloop
  endfacet
  facet normal -0.52923 0.603464 -0.596445
    outer loop
      vertex 6.7625 3.2375 0
      vertex 6.51838 3.02341 0
      vertex 6.0253 3.9747 1.4
    endloop
  endfacet
  facet normal -0.60346 0.529234 -0.596445
    outer loop
      vertex 6.97748 3.48263 0
      vertex 6.0253 3.9747 1.4
      vertex 6.15036 4.1173 1.4
    endloop
  endfacet
  facet normal -0.602334 0.53077 -0.596219
    outer loop
      vertex 6.0253 3.9747 1.4
      vertex 6.97748 3.48263 0
      vertex 6.97659 3.48162 0
    endloop
  endfacet
  facet normal 0.719893 0.354974 -0.596446
    outer loop
      vertex 3.74426 4.275 1.4
      vertex 2.69718 4.04614 0
      vertex 3.66038 4.44511 1.4
    endloop
  endfacet
  facet normal 0.718269 0.359135 -0.595912
    outer loop
      vertex 2.69718 4.04614 0
      vertex 3.74426 4.275 1.4
      vertex 2.69778 4.04494 0
    endloop
  endfacet
  facet normal -0.155093 0.787394 -0.596621
    outer loop
      vertex 5.32534 2.52877 0
      vertex 5.37529 3.59941 1.4
      vertex 5.32666 2.52903 0
    endloop
  endfacet
  facet normal -0.156575 0.787234 -0.596445
    outer loop
      vertex 5.37529 3.59941 1.4
      vertex 5.32534 2.52877 0
      vertex 5.18926 3.56241 1.4
    endloop
  endfacet
  facet normal 0.156601 0.787231 -0.596443
    outer loop
      vertex 4.62471 3.59941 1.4
      vertex 4.67334 2.52903 0
      vertex 4.35488 2.59238 0
    endloop
  endfacet
  facet normal 0.602334 -0.53077 -0.596219
    outer loop
      vertex 3.9747 6.0253 1.4
      vertex 3.02252 6.51737 0
      vertex 3.02341 6.51838 0
    endloop
  endfacet
  facet normal 0.60346 -0.529234 -0.596445
    outer loop
      vertex 3.02252 6.51737 0
      vertex 3.9747 6.0253 1.4
      vertex 3.84964 5.8827 1.4
    endloop
  endfacet
  facet normal -0.669381 -0.44227 -0.596931
    outer loop
      vertex 7.15861 6.24628 0
      vertex 6.15036 5.8827 1.4
      vertex 7.15787 6.2474 0
    endloop
  endfacet
  facet normal -0.667369 -0.445957 -0.59644
    outer loop
      vertex 6.15036 5.8827 1.4
      vertex 7.15861 6.24628 0
      vertex 6.25574 5.725 1.4
    endloop
  endfacet
  facet normal 0.603464 0.52923 -0.596445
    outer loop
      vertex 3.9747 3.9747 1.4
      vertex 3.2375 3.2375 0
      vertex 3.02341 3.48162 0
    endloop
  endfacet
  facet normal 0.66738 -0.445933 -0.596446
    outer loop
      vertex 3.02252 6.51737 0
      vertex 3.84964 5.8827 1.4
      vertex 2.84213 6.2474 0
    endloop
  endfacet
  facet normal -0.354999 -0.719885 -0.59644
    outer loop
      vertex 5.95506 7.30222 0
      vertex 6.24628 7.15861 0
      vertex 5.725 6.25574 1.4
    endloop
  endfacet
  facet normal -0.787231 -0.156601 -0.596443
    outer loop
      vertex 7.40762 5.64512 0
      vertex 7.47097 5.32666 0
      vertex 6.40059 5.37529 1.4
    endloop
  endfacet
  facet normal 0.156575 0.787234 -0.596445
    outer loop
      vertex 4.67466 2.52877 0
      vertex 4.62471 3.59941 1.4
      vertex 4.81074 3.56241 1.4
    endloop
  endfacet
  facet normal 0.155093 0.787394 -0.596621
    outer loop
      vertex 4.62471 3.59941 1.4
      vertex 4.67466 2.52877 0
      vertex 4.67334 2.52903 0
    endloop
  endfacet
  facet normal 0.258008 -0.760058 -0.596443
    outer loop
      vertex 4.35488 7.40762 0
      vertex 4.62471 6.40059 1.4
      vertex 4.04742 7.30325 0
    endloop
  endfacet
  facet normal -0.156575 -0.787234 -0.596445
    outer loop
      vertex 5.32534 7.47123 0
      vertex 5.37529 6.40059 1.4
      vertex 5.18926 6.43759 1.4
    endloop
  endfacet
  facet normal -0.155093 -0.787394 -0.596621
    outer loop
      vertex 5.37529 6.40059 1.4
      vertex 5.32534 7.47123 0
      vertex 5.32666 7.47097 0
    endloop
  endfacet
  facet normal -0.258008 -0.760058 -0.596443
    outer loop
      vertex 5.64512 7.40762 0
      vertex 5.95258 7.30325 0
      vertex 5.37529 6.40059 1.4
    endloop
  endfacet
  facet normal 0.156601 -0.787231 -0.596443
    outer loop
      vertex 4.67334 7.47097 0
      vertex 4.62471 6.40059 1.4
      vertex 4.35488 7.40762 0
    endloop
  endfacet
  facet normal 0.787234 0.156575 -0.596445
    outer loop
      vertex 3.59941 4.62471 1.4
      vertex 2.52877 4.67466 0
      vertex 3.56241 4.81074 1.4
    endloop
  endfacet
  facet normal 0.787394 0.155093 -0.596621
    outer loop
      vertex 2.52877 4.67466 0
      vertex 3.59941 4.62471 1.4
      vertex 2.52903 4.67334 0
    endloop
  endfacet
  facet normal -0.529234 -0.60346 -0.596445
    outer loop
      vertex 6.51737 6.97748 0
      vertex 6.0253 6.0253 1.4
      vertex 5.8827 6.15036 1.4
    endloop
  endfacet
  facet normal -0.53077 -0.602334 -0.596219
    outer loop
      vertex 6.0253 6.0253 1.4
      vertex 6.51737 6.97748 0
      vertex 6.51838 6.97659 0
    endloop
  endfacet
  facet normal 0.255623 -0.760925 -0.596364
    outer loop
      vertex 4.04742 7.30325 0
      vertex 4.44511 6.33962 1.4
      vertex 4.04614 7.30282 0
    endloop
  endfacet
  facet normal 0.25802 -0.760053 -0.596444
    outer loop
      vertex 4.44511 6.33962 1.4
      vertex 4.04742 7.30325 0
      vertex 4.62471 6.40059 1.4
    endloop
  endfacet
  facet normal 0.52923 0.603464 -0.596445
    outer loop
      vertex 3.9747 3.9747 1.4
      vertex 3.48162 3.02341 0
      vertex 3.2375 3.2375 0
    endloop
  endfacet
  facet normal 0.0525181 0.800933 -0.596446
    outer loop
      vertex 4.676 2.52868 0
      vertex 4.81074 3.56241 1.4
      vertex 5 3.55 1.4
    endloop
  endfacet
  facet normal 0.0537864 0.80082 -0.596485
    outer loop
      vertex 4.81074 3.56241 1.4
      vertex 4.676 2.52868 0
      vertex 4.67466 2.52877 0
    endloop
  endfacet
  facet normal 0.60346 0.529234 -0.596445
    outer loop
      vertex 3.9747 3.9747 1.4
      vertex 3.02252 3.48263 0
      vertex 3.84964 4.1173 1.4
    endloop
  endfacet
  facet normal 0.602334 0.53077 -0.596219
    outer loop
      vertex 3.02252 3.48263 0
      vertex 3.9747 3.9747 1.4
      vertex 3.02341 3.48162 0
    endloop
  endfacet
  facet normal 0.760058 0.258008 -0.596443
    outer loop
      vertex 3.59941 4.62471 1.4
      vertex 2.69675 4.04742 0
      vertex 2.59238 4.35488 0
    endloop
  endfacet
  facet normal 0.719885 -0.354999 -0.59644
    outer loop
      vertex 2.84139 6.24628 0
      vertex 3.74426 5.725 1.4
      vertex 2.69778 5.95506 0
    endloop
  endfacet
  facet normal 0.445933 0.66738 -0.596446
    outer loop
      vertex 4.1173 3.84964 1.4
      vertex 3.7526 2.84213 0
      vertex 3.48263 3.02252 0
    endloop
  endfacet
  facet normal 0.760058 -0.258008 -0.596443
    outer loop
      vertex 2.69675 5.95258 0
      vertex 3.59941 5.37529 1.4
      vertex 2.59238 5.64512 0
    endloop
  endfacet
  facet normal -0.156601 -0.787231 -0.596443
    outer loop
      vertex 5.64512 7.40762 0
      vertex 5.37529 6.40059 1.4
      vertex 5.32666 7.47097 0
    endloop
  endfacet
  facet normal -0.0525181 -0.800933 -0.596446
    outer loop
      vertex 5.324 7.47132 0
      vertex 5.18926 6.43759 1.4
      vertex 5 6.45 1.4
    endloop
  endfacet
  facet normal -0.0537864 -0.80082 -0.596485
    outer loop
      vertex 5.18926 6.43759 1.4
      vertex 5.324 7.47132 0
      vertex 5.32534 7.47123 0
    endloop
  endfacet
  facet normal 0.354999 -0.719885 -0.59644
    outer loop
      vertex 4.04494 7.30222 0
      vertex 4.275 6.25574 1.4
      vertex 3.75372 7.15861 0
    endloop
  endfacet
  facet normal 0.0537864 -0.80082 -0.596485
    outer loop
      vertex 4.676 7.47132 0
      vertex 4.81074 6.43759 1.4
      vertex 4.67466 7.47123 0
    endloop
  endfacet
  facet normal 0.0525181 -0.800933 -0.596446
    outer loop
      vertex 4.81074 6.43759 1.4
      vertex 4.676 7.47132 0
      vertex 5 6.45 1.4
    endloop
  endfacet
  facet normal 0.669381 -0.44227 -0.596931
    outer loop
      vertex 3.84964 5.8827 1.4
      vertex 2.84139 6.24628 0
      vertex 2.84213 6.2474 0
    endloop
  endfacet
  facet normal 0.667369 -0.445957 -0.59644
    outer loop
      vertex 2.84139 6.24628 0
      vertex 3.84964 5.8827 1.4
      vertex 3.74426 5.725 1.4
    endloop
  endfacet
  facet normal -0.719885 0.354999 -0.59644
    outer loop
      vertex 7.30222 4.04494 0
      vertex 7.15861 3.75372 0
      vertex 6.25574 4.275 1.4
    endloop
  endfacet
  facet normal -0.255623 0.760925 -0.596364
    outer loop
      vertex 5.95258 2.69675 0
      vertex 5.55489 3.66038 1.4
      vertex 5.95386 2.69718 0
    endloop
  endfacet
  facet normal -0.25802 0.760053 -0.596444
    outer loop
      vertex 5.55489 3.66038 1.4
      vertex 5.95258 2.69675 0
      vertex 5.37529 3.59941 1.4
    endloop
  endfacet
  facet normal 0.52923 -0.603464 -0.596445
    outer loop
      vertex 3.48162 6.97659 0
      vertex 3.9747 6.0253 1.4
      vertex 3.2375 6.7625 0
    endloop
  endfacet
  facet normal 0.53077 -0.602334 -0.596219
    outer loop
      vertex 3.48263 6.97748 0
      vertex 3.9747 6.0253 1.4
      vertex 3.48162 6.97659 0
    endloop
  endfacet
  facet normal 0.529234 -0.60346 -0.596445
    outer loop
      vertex 3.9747 6.0253 1.4
      vertex 3.48263 6.97748 0
      vertex 4.1173 6.15036 1.4
    endloop
  endfacet
  facet normal -0.258008 0.760058 -0.596443
    outer loop
      vertex 5.95258 2.69675 0
      vertex 5.64512 2.59238 0
      vertex 5.37529 3.59941 1.4
    endloop
  endfacet
  facet normal -0.719893 0.354974 -0.596446
    outer loop
      vertex 7.30282 4.04614 0
      vertex 6.25574 4.275 1.4
      vertex 6.33962 4.44511 1.4
    endloop
  endfacet
  facet normal -0.718269 0.359135 -0.595912
    outer loop
      vertex 6.25574 4.275 1.4
      vertex 7.30282 4.04614 0
      vertex 7.30222 4.04494 0
    endloop
  endfacet
  facet normal 0.800939 -0.0524813 -0.596442
    outer loop
      vertex 2.52868 5.324 0
      vertex 3.55 5 1.4
      vertex 2.50745 5 0
    endloop
  endfacet
  facet normal 0.800939 0.0524813 -0.596442
    outer loop
      vertex 3.55 5 1.4
      vertex 2.52868 4.676 0
      vertex 2.50745 5 0
    endloop
  endfacet
  facet normal 0.258008 0.760058 -0.596443
    outer loop
      vertex 4.62471 3.59941 1.4
      vertex 4.35488 2.59238 0
      vertex 4.04742 2.69675 0
    endloop
  endfacet
  facet normal 0.354999 0.719885 -0.59644
    outer loop
      vertex 4.275 3.74426 1.4
      vertex 4.04494 2.69778 0
      vertex 3.75372 2.84139 0
    endloop
  endfacet
  facet normal 0.529234 0.60346 -0.596445
    outer loop
      vertex 3.48263 3.02252 0
      vertex 3.9747 3.9747 1.4
      vertex 4.1173 3.84964 1.4
    endloop
  endfacet
  facet normal 0.53077 0.602334 -0.596219
    outer loop
      vertex 3.9747 3.9747 1.4
      vertex 3.48263 3.02252 0
      vertex 3.48162 3.02341 0
    endloop
  endfacet
  facet normal -0.667369 0.445957 -0.59644
    outer loop
      vertex 7.15861 3.75372 0
      vertex 6.15036 4.1173 1.4
      vertex 6.25574 4.275 1.4
    endloop
  endfacet
  facet normal -0.669381 0.44227 -0.596931
    outer loop
      vertex 6.15036 4.1173 1.4
      vertex 7.15861 3.75372 0
      vertex 7.15787 3.7526 0
    endloop
  endfacet
  facet normal -0.66738 0.445933 -0.596446
    outer loop
      vertex 7.15787 3.7526 0
      vertex 6.97748 3.48263 0
      vertex 6.15036 4.1173 1.4
    endloop
  endfacet
  facet normal -0.0524813 0.800939 -0.596442
    outer loop
      vertex 5.324 2.52868 0
      vertex 5 2.50745 0
      vertex 5 3.55 1.4
    endloop
  endfacet
  facet normal 0.445957 0.667369 -0.59644
    outer loop
      vertex 3.75372 2.84139 0
      vertex 4.1173 3.84964 1.4
      vertex 4.275 3.74426 1.4
    endloop
  endfacet
  facet normal 0.44227 0.669381 -0.596931
    outer loop
      vertex 4.1173 3.84964 1.4
      vertex 3.75372 2.84139 0
      vertex 3.7526 2.84213 0
    endloop
  endfacet
  facet normal 0.787231 0.156601 -0.596443
    outer loop
      vertex 3.59941 4.62471 1.4
      vertex 2.59238 4.35488 0
      vertex 2.52903 4.67334 0
    endloop
  endfacet
  facet normal 0.718269 -0.359135 -0.595912
    outer loop
      vertex 3.74426 5.725 1.4
      vertex 2.69718 5.95386 0
      vertex 2.69778 5.95506 0
    endloop
  endfacet
  facet normal 0.719893 -0.354974 -0.596446
    outer loop
      vertex 2.69718 5.95386 0
      vertex 3.74426 5.725 1.4
      vertex 3.66038 5.55489 1.4
    endloop
  endfacet
  facet normal -0.354999 0.719885 -0.59644
    outer loop
      vertex 6.24628 2.84139 0
      vertex 5.95506 2.69778 0
      vertex 5.725 3.74426 1.4
    endloop
  endfacet
  facet normal 0.359135 -0.718269 -0.595912
    outer loop
      vertex 4.04614 7.30282 0
      vertex 4.275 6.25574 1.4
      vertex 4.04494 7.30222 0
    endloop
  endfacet
  facet normal 0.354974 -0.719893 -0.596446
    outer loop
      vertex 4.275 6.25574 1.4
      vertex 4.04614 7.30282 0
      vertex 4.44511 6.33962 1.4
    endloop
  endfacet
  facet normal 0.760925 -0.255623 -0.596364
    outer loop
      vertex 3.66038 5.55489 1.4
      vertex 2.69675 5.95258 0
      vertex 2.69718 5.95386 0
    endloop
  endfacet
  facet normal 0.760053 -0.25802 -0.596444
    outer loop
      vertex 2.69675 5.95258 0
      vertex 3.66038 5.55489 1.4
      vertex 3.59941 5.37529 1.4
    endloop
  endfacet
  facet normal 0.800933 0.0525181 -0.596446
    outer loop
      vertex 3.56241 4.81074 1.4
      vertex 2.52868 4.676 0
      vertex 3.55 5 1.4
    endloop
  endfacet
  facet normal 0.80082 0.0537864 -0.596485
    outer loop
      vertex 2.52868 4.676 0
      vertex 3.56241 4.81074 1.4
      vertex 2.52877 4.67466 0
    endloop
  endfacet
  facet normal 0.354974 0.719893 -0.596446
    outer loop
      vertex 4.04614 2.69718 0
      vertex 4.275 3.74426 1.4
      vertex 4.44511 3.66038 1.4
    endloop
  endfacet
  facet normal 0.359135 0.718269 -0.595912
    outer loop
      vertex 4.275 3.74426 1.4
      vertex 4.04614 2.69718 0
      vertex 4.04494 2.69778 0
    endloop
  endfacet
  facet normal 0.0524813 0.800939 -0.596442
    outer loop
      vertex 5 3.55 1.4
      vertex 5 2.50745 0
      vertex 4.676 2.52868 0
    endloop
  endfacet
  facet normal -0.156601 0.787231 -0.596443
    outer loop
      vertex 5.37529 3.59941 1.4
      vertex 5.64512 2.59238 0
      vertex 5.32666 2.52903 0
    endloop
  endfacet
  facet normal -0.787231 0.156601 -0.596443
    outer loop
      vertex 7.47097 4.67334 0
      vertex 7.40762 4.35488 0
      vertex 6.40059 4.62471 1.4
    endloop
  endfacet
  facet normal -0.787394 0.155093 -0.596621
    outer loop
      vertex 6.40059 4.62471 1.4
      vertex 7.47123 4.67466 0
      vertex 7.47097 4.67334 0
    endloop
  endfacet
  facet normal -0.787234 0.156575 -0.596445
    outer loop
      vertex 7.47123 4.67466 0
      vertex 6.40059 4.62471 1.4
      vertex 6.43759 4.81074 1.4
    endloop
  endfacet
  facet normal -0.0537864 0.80082 -0.596485
    outer loop
      vertex 5.324 2.52868 0
      vertex 5.18926 3.56241 1.4
      vertex 5.32534 2.52877 0
    endloop
  endfacet
  facet normal -0.0525181 0.800933 -0.596446
    outer loop
      vertex 5.18926 3.56241 1.4
      vertex 5.324 2.52868 0
      vertex 5 3.55 1.4
    endloop
  endfacet
  facet normal -0.760053 0.25802 -0.596444
    outer loop
      vertex 7.30325 4.04742 0
      vertex 6.33962 4.44511 1.4
      vertex 6.40059 4.62471 1.4
    endloop
  endfacet
  facet normal -0.760925 0.255623 -0.596364
    outer loop
      vertex 6.33962 4.44511 1.4
      vertex 7.30325 4.04742 0
      vertex 7.30282 4.04614 0
    endloop
  endfacet
  facet normal -0.980783 0.195102 0
    outer loop
      vertex 56.2006 61.4247 1.4
      vertex 56.2376 61.6107 2
      vertex 56.2376 61.6107 1.4
    endloop
  endfacet
  facet normal -0.980783 0.195102 0
    outer loop
      vertex 56.2376 61.6107 2
      vertex 56.2006 61.4247 1.4
      vertex 56.2006 61.4247 2
    endloop
  endfacet
  facet normal -0.997861 0.0653644 0
    outer loop
      vertex 56.2376 61.6107 1.4
      vertex 56.25 61.8 2
      vertex 56.25 61.8 1.4
    endloop
  endfacet
  facet normal -0.997861 0.0653644 0
    outer loop
      vertex 56.25 61.8 2
      vertex 56.2376 61.6107 1.4
      vertex 56.2376 61.6107 2
    endloop
  endfacet
  facet normal -0.3216 -0.946876 0
    outer loop
      vertex 55.1753 63.2006 1.4
      vertex 55.3549 63.1396 2
      vertex 55.1753 63.2006 2
    endloop
  endfacet
  facet normal -0.3216 -0.946876 -0
    outer loop
      vertex 55.3549 63.1396 2
      vertex 55.1753 63.2006 1.4
      vertex 55.3549 63.1396 1.4
    endloop
  endfacet
  facet normal -0.831644 0.555309 0
    outer loop
      vertex 55.9504 60.9173 1.4
      vertex 56.0557 61.075 2
      vertex 56.0557 61.075 1.4
    endloop
  endfacet
  facet normal -0.831644 0.555309 0
    outer loop
      vertex 56.0557 61.075 2
      vertex 55.9504 60.9173 1.4
      vertex 55.9504 60.9173 2
    endloop
  endfacet
  facet normal 0.896839 0.442356 0
    outer loop
      vertex 53.5443 61.075 2
      vertex 53.4604 61.2451 1.4
      vertex 53.4604 61.2451 2
    endloop
  endfacet
  facet normal 0.896839 0.442356 0
    outer loop
      vertex 53.4604 61.2451 1.4
      vertex 53.5443 61.075 2
      vertex 53.5443 61.075 1.4
    endloop
  endfacet
  facet normal 0.555309 0.831644 -0
    outer loop
      vertex 54.075 60.5443 1.4
      vertex 53.9173 60.6496 2
      vertex 54.075 60.5443 2
    endloop
  endfacet
  facet normal 0.555309 0.831644 0
    outer loop
      vertex 53.9173 60.6496 2
      vertex 54.075 60.5443 1.4
      vertex 53.9173 60.6496 1.4
    endloop
  endfacet
  facet normal 0.659474 0.751727 -0
    outer loop
      vertex 53.9173 60.6496 1.4
      vertex 53.7747 60.7747 2
      vertex 53.9173 60.6496 2
    endloop
  endfacet
  facet normal 0.659474 0.751727 0
    outer loop
      vertex 53.7747 60.7747 2
      vertex 53.9173 60.6496 1.4
      vertex 53.7747 60.7747 1.4
    endloop
  endfacet
  facet normal 0.751727 0.659474 0
    outer loop
      vertex 53.7747 60.7747 2
      vertex 53.6496 60.9173 1.4
      vertex 53.6496 60.9173 2
    endloop
  endfacet
  facet normal 0.751727 0.659474 0
    outer loop
      vertex 53.6496 60.9173 1.4
      vertex 53.7747 60.7747 2
      vertex 53.7747 60.7747 1.4
    endloop
  endfacet
  facet normal -0.946876 -0.3216 0
    outer loop
      vertex 56.2006 62.1753 1.4
      vertex 56.1396 62.3549 2
      vertex 56.1396 62.3549 1.4
    endloop
  endfacet
  facet normal -0.946876 -0.3216 0
    outer loop
      vertex 56.1396 62.3549 2
      vertex 56.2006 62.1753 1.4
      vertex 56.2006 62.1753 2
    endloop
  endfacet
  facet normal 0.997861 0.0653644 0
    outer loop
      vertex 53.3624 61.6107 2
      vertex 53.35 61.8 1.4
      vertex 53.35 61.8 2
    endloop
  endfacet
  facet normal 0.997861 0.0653644 0
    outer loop
      vertex 53.35 61.8 1.4
      vertex 53.3624 61.6107 2
      vertex 53.3624 61.6107 1.4
    endloop
  endfacet
  facet normal -0.555309 0.831644 0
    outer loop
      vertex 55.6827 60.6496 1.4
      vertex 55.525 60.5443 2
      vertex 55.6827 60.6496 2
    endloop
  endfacet
  facet normal -0.555309 0.831644 0
    outer loop
      vertex 55.525 60.5443 2
      vertex 55.6827 60.6496 1.4
      vertex 55.525 60.5443 1.4
    endloop
  endfacet
  facet normal 0.3216 -0.946876 0
    outer loop
      vertex 54.2451 63.1396 1.4
      vertex 54.4247 63.2006 2
      vertex 54.2451 63.1396 2
    endloop
  endfacet
  facet normal 0.3216 -0.946876 0
    outer loop
      vertex 54.4247 63.2006 2
      vertex 54.2451 63.1396 1.4
      vertex 54.4247 63.2006 1.4
    endloop
  endfacet
  facet normal -0.195102 -0.980783 0
    outer loop
      vertex 54.9893 63.2376 1.4
      vertex 55.1753 63.2006 2
      vertex 54.9893 63.2376 2
    endloop
  endfacet
  facet normal -0.195102 -0.980783 -0
    outer loop
      vertex 55.1753 63.2006 2
      vertex 54.9893 63.2376 1.4
      vertex 55.1753 63.2006 1.4
    endloop
  endfacet
  facet normal 0.3216 0.946876 -0
    outer loop
      vertex 54.4247 60.3994 1.4
      vertex 54.2451 60.4604 2
      vertex 54.4247 60.3994 2
    endloop
  endfacet
  facet normal 0.3216 0.946876 0
    outer loop
      vertex 54.2451 60.4604 2
      vertex 54.4247 60.3994 1.4
      vertex 54.2451 60.4604 1.4
    endloop
  endfacet
  facet normal 0.831644 -0.555309 0
    outer loop
      vertex 53.5443 62.525 2
      vertex 53.6496 62.6827 1.4
      vertex 53.6496 62.6827 2
    endloop
  endfacet
  facet normal 0.831644 -0.555309 0
    outer loop
      vertex 53.6496 62.6827 1.4
      vertex 53.5443 62.525 2
      vertex 53.5443 62.525 1.4
    endloop
  endfacet
  facet normal -0.555309 -0.831644 0
    outer loop
      vertex 55.525 63.0557 1.4
      vertex 55.6827 62.9504 2
      vertex 55.525 63.0557 2
    endloop
  endfacet
  facet normal -0.555309 -0.831644 -0
    outer loop
      vertex 55.6827 62.9504 2
      vertex 55.525 63.0557 1.4
      vertex 55.6827 62.9504 1.4
    endloop
  endfacet
  facet normal 0.946876 0.3216 0
    outer loop
      vertex 53.4604 61.2451 2
      vertex 53.3994 61.4247 1.4
      vertex 53.3994 61.4247 2
    endloop
  endfacet
  facet normal 0.946876 0.3216 0
    outer loop
      vertex 53.3994 61.4247 1.4
      vertex 53.4604 61.2451 2
      vertex 53.4604 61.2451 1.4
    endloop
  endfacet
  facet normal -0.3216 0.946876 0
    outer loop
      vertex 55.3549 60.4604 1.4
      vertex 55.1753 60.3994 2
      vertex 55.3549 60.4604 2
    endloop
  endfacet
  facet normal -0.3216 0.946876 0
    outer loop
      vertex 55.1753 60.3994 2
      vertex 55.3549 60.4604 1.4
      vertex 55.1753 60.3994 1.4
    endloop
  endfacet
  facet normal -0.0653644 0.997861 0
    outer loop
      vertex 54.9893 60.3624 1.4
      vertex 54.8 60.35 2
      vertex 54.9893 60.3624 2
    endloop
  endfacet
  facet normal -0.0653644 0.997861 0
    outer loop
      vertex 54.8 60.35 2
      vertex 54.9893 60.3624 1.4
      vertex 54.8 60.35 1.4
    endloop
  endfacet
  facet normal 0.442356 0.896839 -0
    outer loop
      vertex 54.2451 60.4604 1.4
      vertex 54.075 60.5443 2
      vertex 54.2451 60.4604 2
    endloop
  endfacet
  facet normal 0.442356 0.896839 0
    outer loop
      vertex 54.075 60.5443 2
      vertex 54.2451 60.4604 1.4
      vertex 54.075 60.5443 1.4
    endloop
  endfacet
  facet normal -0.831644 -0.555309 0
    outer loop
      vertex 56.0557 62.525 1.4
      vertex 55.9504 62.6827 2
      vertex 55.9504 62.6827 1.4
    endloop
  endfacet
  facet normal -0.831644 -0.555309 0
    outer loop
      vertex 55.9504 62.6827 2
      vertex 56.0557 62.525 1.4
      vertex 56.0557 62.525 2
    endloop
  endfacet
  facet normal 0.997861 -0.0653644 0
    outer loop
      vertex 53.35 61.8 2
      vertex 53.3624 61.9893 1.4
      vertex 53.3624 61.9893 2
    endloop
  endfacet
  facet normal 0.997861 -0.0653644 0
    outer loop
      vertex 53.3624 61.9893 1.4
      vertex 53.35 61.8 2
      vertex 53.35 61.8 1.4
    endloop
  endfacet
  facet normal 0.946876 -0.3216 0
    outer loop
      vertex 53.3994 62.1753 2
      vertex 53.4604 62.3549 1.4
      vertex 53.4604 62.3549 2
    endloop
  endfacet
  facet normal 0.946876 -0.3216 0
    outer loop
      vertex 53.4604 62.3549 1.4
      vertex 53.3994 62.1753 2
      vertex 53.3994 62.1753 1.4
    endloop
  endfacet
  facet normal 0.659474 -0.751727 0
    outer loop
      vertex 53.7747 62.8253 1.4
      vertex 53.9173 62.9504 2
      vertex 53.7747 62.8253 2
    endloop
  endfacet
  facet normal 0.659474 -0.751727 0
    outer loop
      vertex 53.9173 62.9504 2
      vertex 53.7747 62.8253 1.4
      vertex 53.9173 62.9504 1.4
    endloop
  endfacet
  facet normal -0.442356 0.896839 0
    outer loop
      vertex 55.525 60.5443 1.4
      vertex 55.3549 60.4604 2
      vertex 55.525 60.5443 2
    endloop
  endfacet
  facet normal -0.442356 0.896839 0
    outer loop
      vertex 55.3549 60.4604 2
      vertex 55.525 60.5443 1.4
      vertex 55.3549 60.4604 1.4
    endloop
  endfacet
  facet normal 0.195102 0.980783 -0
    outer loop
      vertex 54.6107 60.3624 1.4
      vertex 54.4247 60.3994 2
      vertex 54.6107 60.3624 2
    endloop
  endfacet
  facet normal 0.195102 0.980783 0
    outer loop
      vertex 54.4247 60.3994 2
      vertex 54.6107 60.3624 1.4
      vertex 54.4247 60.3994 1.4
    endloop
  endfacet
  facet normal -0.751727 0.659474 0
    outer loop
      vertex 55.8253 60.7747 1.4
      vertex 55.9504 60.9173 2
      vertex 55.9504 60.9173 1.4
    endloop
  endfacet
  facet normal -0.751727 0.659474 0
    outer loop
      vertex 55.9504 60.9173 2
      vertex 55.8253 60.7747 1.4
      vertex 55.8253 60.7747 2
    endloop
  endfacet
  facet normal -0.195102 0.980783 0
    outer loop
      vertex 55.1753 60.3994 1.4
      vertex 54.9893 60.3624 2
      vertex 55.1753 60.3994 2
    endloop
  endfacet
  facet normal -0.195102 0.980783 0
    outer loop
      vertex 54.9893 60.3624 2
      vertex 55.1753 60.3994 1.4
      vertex 54.9893 60.3624 1.4
    endloop
  endfacet
  facet normal -0.751727 -0.659474 0
    outer loop
      vertex 55.9504 62.6827 1.4
      vertex 55.8253 62.8253 2
      vertex 55.8253 62.8253 1.4
    endloop
  endfacet
  facet normal -0.751727 -0.659474 0
    outer loop
      vertex 55.8253 62.8253 2
      vertex 55.9504 62.6827 1.4
      vertex 55.9504 62.6827 2
    endloop
  endfacet
  facet normal 0.442356 -0.896839 0
    outer loop
      vertex 54.075 63.0557 1.4
      vertex 54.2451 63.1396 2
      vertex 54.075 63.0557 2
    endloop
  endfacet
  facet normal 0.442356 -0.896839 0
    outer loop
      vertex 54.2451 63.1396 2
      vertex 54.075 63.0557 1.4
      vertex 54.2451 63.1396 1.4
    endloop
  endfacet
  facet normal 0.0653644 0.997861 -0
    outer loop
      vertex 54.8 60.35 1.4
      vertex 54.6107 60.3624 2
      vertex 54.8 60.35 2
    endloop
  endfacet
  facet normal 0.0653644 0.997861 0
    outer loop
      vertex 54.6107 60.3624 2
      vertex 54.8 60.35 1.4
      vertex 54.6107 60.3624 1.4
    endloop
  endfacet
  facet normal 0.980783 0.195102 0
    outer loop
      vertex 53.3994 61.4247 2
      vertex 53.3624 61.6107 1.4
      vertex 53.3624 61.6107 2
    endloop
  endfacet
  facet normal 0.980783 0.195102 0
    outer loop
      vertex 53.3624 61.6107 1.4
      vertex 53.3994 61.4247 2
      vertex 53.3994 61.4247 1.4
    endloop
  endfacet
  facet normal -0.0653644 -0.997861 0
    outer loop
      vertex 54.8 63.25 1.4
      vertex 54.9893 63.2376 2
      vertex 54.8 63.25 2
    endloop
  endfacet
  facet normal -0.0653644 -0.997861 -0
    outer loop
      vertex 54.9893 63.2376 2
      vertex 54.8 63.25 1.4
      vertex 54.9893 63.2376 1.4
    endloop
  endfacet
  facet normal -0.442356 -0.896839 0
    outer loop
      vertex 55.3549 63.1396 1.4
      vertex 55.525 63.0557 2
      vertex 55.3549 63.1396 2
    endloop
  endfacet
  facet normal -0.442356 -0.896839 -0
    outer loop
      vertex 55.525 63.0557 2
      vertex 55.3549 63.1396 1.4
      vertex 55.525 63.0557 1.4
    endloop
  endfacet
  facet normal -0.659474 -0.751727 0
    outer loop
      vertex 55.6827 62.9504 1.4
      vertex 55.8253 62.8253 2
      vertex 55.6827 62.9504 2
    endloop
  endfacet
  facet normal -0.659474 -0.751727 -0
    outer loop
      vertex 55.8253 62.8253 2
      vertex 55.6827 62.9504 1.4
      vertex 55.8253 62.8253 1.4
    endloop
  endfacet
  facet normal 0.896839 -0.442356 0
    outer loop
      vertex 53.4604 62.3549 2
      vertex 53.5443 62.525 1.4
      vertex 53.5443 62.525 2
    endloop
  endfacet
  facet normal 0.896839 -0.442356 0
    outer loop
      vertex 53.5443 62.525 1.4
      vertex 53.4604 62.3549 2
      vertex 53.4604 62.3549 1.4
    endloop
  endfacet
  facet normal -0.896839 -0.442356 0
    outer loop
      vertex 56.1396 62.3549 1.4
      vertex 56.0557 62.525 2
      vertex 56.0557 62.525 1.4
    endloop
  endfacet
  facet normal -0.896839 -0.442356 0
    outer loop
      vertex 56.0557 62.525 2
      vertex 56.1396 62.3549 1.4
      vertex 56.1396 62.3549 2
    endloop
  endfacet
  facet normal -0.659474 0.751727 0
    outer loop
      vertex 55.8253 60.7747 1.4
      vertex 55.6827 60.6496 2
      vertex 55.8253 60.7747 2
    endloop
  endfacet
  facet normal -0.659474 0.751727 0
    outer loop
      vertex 55.6827 60.6496 2
      vertex 55.8253 60.7747 1.4
      vertex 55.6827 60.6496 1.4
    endloop
  endfacet
  facet normal -0.997861 -0.0653644 0
    outer loop
      vertex 56.25 61.8 1.4
      vertex 56.2376 61.9893 2
      vertex 56.2376 61.9893 1.4
    endloop
  endfacet
  facet normal -0.997861 -0.0653644 0
    outer loop
      vertex 56.2376 61.9893 2
      vertex 56.25 61.8 1.4
      vertex 56.25 61.8 2
    endloop
  endfacet
  facet normal 0.555309 -0.831644 0
    outer loop
      vertex 53.9173 62.9504 1.4
      vertex 54.075 63.0557 2
      vertex 53.9173 62.9504 2
    endloop
  endfacet
  facet normal 0.555309 -0.831644 0
    outer loop
      vertex 54.075 63.0557 2
      vertex 53.9173 62.9504 1.4
      vertex 54.075 63.0557 1.4
    endloop
  endfacet
  facet normal -0.896839 0.442356 0
    outer loop
      vertex 56.0557 61.075 1.4
      vertex 56.1396 61.2451 2
      vertex 56.1396 61.2451 1.4
    endloop
  endfacet
  facet normal -0.896839 0.442356 0
    outer loop
      vertex 56.1396 61.2451 2
      vertex 56.0557 61.075 1.4
      vertex 56.0557 61.075 2
    endloop
  endfacet
  facet normal -0.980783 -0.195102 0
    outer loop
      vertex 56.2376 61.9893 1.4
      vertex 56.2006 62.1753 2
      vertex 56.2006 62.1753 1.4
    endloop
  endfacet
  facet normal -0.980783 -0.195102 0
    outer loop
      vertex 56.2006 62.1753 2
      vertex 56.2376 61.9893 1.4
      vertex 56.2376 61.9893 2
    endloop
  endfacet
  facet normal -0.946876 0.3216 0
    outer loop
      vertex 56.1396 61.2451 1.4
      vertex 56.2006 61.4247 2
      vertex 56.2006 61.4247 1.4
    endloop
  endfacet
  facet normal -0.946876 0.3216 0
    outer loop
      vertex 56.2006 61.4247 2
      vertex 56.1396 61.2451 1.4
      vertex 56.1396 61.2451 2
    endloop
  endfacet
  facet normal 0.980783 -0.195102 0
    outer loop
      vertex 53.3624 61.9893 2
      vertex 53.3994 62.1753 1.4
      vertex 53.3994 62.1753 2
    endloop
  endfacet
  facet normal 0.980783 -0.195102 0
    outer loop
      vertex 53.3994 62.1753 1.4
      vertex 53.3624 61.9893 2
      vertex 53.3624 61.9893 1.4
    endloop
  endfacet
  facet normal 0.751727 -0.659474 0
    outer loop
      vertex 53.6496 62.6827 2
      vertex 53.7747 62.8253 1.4
      vertex 53.7747 62.8253 2
    endloop
  endfacet
  facet normal 0.751727 -0.659474 0
    outer loop
      vertex 53.7747 62.8253 1.4
      vertex 53.6496 62.6827 2
      vertex 53.6496 62.6827 1.4
    endloop
  endfacet
  facet normal 0.195102 -0.980783 0
    outer loop
      vertex 54.4247 63.2006 1.4
      vertex 54.6107 63.2376 2
      vertex 54.4247 63.2006 2
    endloop
  endfacet
  facet normal 0.195102 -0.980783 0
    outer loop
      vertex 54.6107 63.2376 2
      vertex 54.4247 63.2006 1.4
      vertex 54.6107 63.2376 1.4
    endloop
  endfacet
  facet normal 0.831644 0.555309 0
    outer loop
      vertex 53.6496 60.9173 2
      vertex 53.5443 61.075 1.4
      vertex 53.5443 61.075 2
    endloop
  endfacet
  facet normal 0.831644 0.555309 0
    outer loop
      vertex 53.5443 61.075 1.4
      vertex 53.6496 60.9173 2
      vertex 53.6496 60.9173 1.4
    endloop
  endfacet
  facet normal 0.0653644 -0.997861 0
    outer loop
      vertex 54.6107 63.2376 1.4
      vertex 54.8 63.25 2
      vertex 54.6107 63.2376 2
    endloop
  endfacet
  facet normal 0.0653644 -0.997861 0
    outer loop
      vertex 54.8 63.25 2
      vertex 54.6107 63.2376 1.4
      vertex 54.8 63.25 1.4
    endloop
  endfacet
  facet normal -0.667392 -0.445917 -0.596445
    outer loop
      vertex 56.7775 63.3174 0
      vertex 56.9579 63.0474 0
      vertex 55.9504 62.6827 1.4
    endloop
  endfacet
  facet normal -0.748666 -0.287948 -0.597147
    outer loop
      vertex 57.1033 62.7526 0
      vertex 56.1396 62.3549 1.4
      vertex 57.1028 62.7539 0
    endloop
  endfacet
  facet normal -0.759993 -0.258127 -0.596473
    outer loop
      vertex 56.1396 62.3549 1.4
      vertex 57.1033 62.7526 0
      vertex 56.2006 62.1753 1.4
    endloop
  endfacet
  facet normal 0.791208 -0.11303 -0.601011
    outer loop
      vertex 53.3994 62.1753 1.4
      vertex 52.3288 62.1253 0
      vertex 52.329 62.1267 0
    endloop
  endfacet
  facet normal 0.787244 -0.156602 -0.596424
    outer loop
      vertex 52.3288 62.1253 0
      vertex 53.3994 62.1753 1.4
      vertex 53.3624 61.9893 1.4
    endloop
  endfacet
  facet normal -0.800918 0.0526529 -0.596455
    outer loop
      vertex 57.2926 61.8 0
      vertex 57.2713 61.476 0
      vertex 56.25 61.8 1.4
    endloop
  endfacet
  facet normal -0.800947 0.0524656 -0.596433
    outer loop
      vertex 57.2713 61.476 0
      vertex 56.2376 61.6107 1.4
      vertex 56.25 61.8 1.4
    endloop
  endfacet
  facet normal -0.800109 0.0615469 -0.596688
    outer loop
      vertex 56.2376 61.6107 1.4
      vertex 57.2713 61.476 0
      vertex 57.2712 61.4747 0
    endloop
  endfacet
  facet normal -0.445917 0.667392 -0.596445
    outer loop
      vertex 56.3174 59.8225 0
      vertex 56.0474 59.6421 0
      vertex 55.6827 60.6496 1.4
    endloop
  endfacet
  facet normal -0.445917 -0.667392 -0.596445
    outer loop
      vertex 56.0474 63.9579 0
      vertex 56.3174 63.7775 0
      vertex 55.6827 62.9504 1.4
    endloop
  endfacet
  facet normal 0.667392 0.445917 -0.596445
    outer loop
      vertex 53.6496 60.9173 1.4
      vertex 52.8225 60.2826 0
      vertex 52.6421 60.5526 0
    endloop
  endfacet
  facet normal -0.718261 -0.35913 -0.595925
    outer loop
      vertex 57.1028 62.7539 0
      vertex 56.0557 62.525 1.4
      vertex 57.1022 62.7551 0
    endloop
  endfacet
  facet normal -0.71985 -0.355058 -0.596448
    outer loop
      vertex 56.0557 62.525 1.4
      vertex 57.1028 62.7539 0
      vertex 56.1396 62.3549 1.4
    endloop
  endfacet
  facet normal -0.445713 -0.667512 -0.596462
    outer loop
      vertex 56.0463 63.9586 0
      vertex 55.6827 62.9504 1.4
      vertex 55.525 63.0557 1.4
    endloop
  endfacet
  facet normal -0.430121 -0.675904 -0.598456
    outer loop
      vertex 55.6827 62.9504 1.4
      vertex 56.0463 63.9586 0
      vertex 56.0474 63.9579 0
    endloop
  endfacet
  facet normal 0.60343 -0.529268 -0.596446
    outer loop
      vertex 53.0375 63.5625 0
      vertex 53.7747 62.8253 1.4
      vertex 52.8234 63.3184 0
    endloop
  endfacet
  facet normal 0.430121 -0.675904 -0.598456
    outer loop
      vertex 53.5537 63.9586 0
      vertex 53.9173 62.9504 1.4
      vertex 53.5526 63.9579 0
    endloop
  endfacet
  facet normal 0.445713 -0.667512 -0.596462
    outer loop
      vertex 53.9173 62.9504 1.4
      vertex 53.5537 63.9586 0
      vertex 54.075 63.0557 1.4
    endloop
  endfacet
  facet normal 0.258127 0.759993 -0.596473
    outer loop
      vertex 53.8474 59.4967 0
      vertex 54.2451 60.4604 1.4
      vertex 54.4247 60.3994 1.4
    endloop
  endfacet
  facet normal 0.287948 0.748666 -0.597147
    outer loop
      vertex 54.2451 60.4604 1.4
      vertex 53.8474 59.4967 0
      vertex 53.8461 59.4972 0
    endloop
  endfacet
  facet normal -0.597295 -0.537565 -0.5952
    outer loop
      vertex 56.7775 63.3174 0
      vertex 55.8253 62.8253 1.4
      vertex 56.7766 63.3184 0
    endloop
  endfacet
  facet normal -0.603378 -0.529331 -0.596443
    outer loop
      vertex 55.8253 62.8253 1.4
      vertex 56.7775 63.3174 0
      vertex 55.9504 62.6827 1.4
    endloop
  endfacet
  facet normal -0.35913 0.718261 -0.595925
    outer loop
      vertex 55.7539 59.4972 0
      vertex 55.525 60.5443 1.4
      vertex 55.7551 59.4978 0
    endloop
  endfacet
  facet normal -0.355058 0.71985 -0.596448
    outer loop
      vertex 55.525 60.5443 1.4
      vertex 55.7539 59.4972 0
      vertex 55.3549 60.4604 1.4
    endloop
  endfacet
  facet normal -0.60343 0.529268 -0.596446
    outer loop
      vertex 56.7766 60.2816 0
      vertex 56.5625 60.0375 0
      vertex 55.8253 60.7747 1.4
    endloop
  endfacet
  facet normal -0.791208 -0.11303 -0.601011
    outer loop
      vertex 57.2712 62.1253 0
      vertex 56.2006 62.1753 1.4
      vertex 57.271 62.1267 0
    endloop
  endfacet
  facet normal -0.787244 -0.156602 -0.596424
    outer loop
      vertex 56.2006 62.1753 1.4
      vertex 57.2712 62.1253 0
      vertex 56.2376 61.9893 1.4
    endloop
  endfacet
  facet normal -0.355058 -0.71985 -0.596448
    outer loop
      vertex 55.7539 64.1028 0
      vertex 55.525 63.0557 1.4
      vertex 55.3549 63.1396 1.4
    endloop
  endfacet
  facet normal -0.35913 -0.718261 -0.595925
    outer loop
      vertex 55.525 63.0557 1.4
      vertex 55.7539 64.1028 0
      vertex 55.7551 64.1022 0
    endloop
  endfacet
  facet normal -0.800918 -0.0526529 -0.596455
    outer loop
      vertex 57.2713 62.124 0
      vertex 57.2926 61.8 0
      vertex 56.25 61.8 1.4
    endloop
  endfacet
  facet normal -0.537565 0.597295 -0.5952
    outer loop
      vertex 56.3174 59.8225 0
      vertex 55.8253 60.7747 1.4
      vertex 56.3184 59.8234 0
    endloop
  endfacet
  facet normal -0.529331 0.603378 -0.596443
    outer loop
      vertex 55.8253 60.7747 1.4
      vertex 56.3174 59.8225 0
      vertex 55.6827 60.6496 1.4
    endloop
  endfacet
  facet normal 0.445917 -0.667392 -0.596445
    outer loop
      vertex 53.5526 63.9579 0
      vertex 53.9173 62.9504 1.4
      vertex 53.2826 63.7775 0
    endloop
  endfacet
  facet normal -0.258135 -0.760018 -0.596438
    outer loop
      vertex 55.7526 64.1032 0
      vertex 55.3549 63.1396 1.4
      vertex 55.1753 63.2006 1.4
    endloop
  endfacet
  facet normal -0.236241 -0.767784 -0.595564
    outer loop
      vertex 55.3549 63.1396 1.4
      vertex 55.7526 64.1032 0
      vertex 55.7539 64.1028 0
    endloop
  endfacet
  facet normal -0.60343 -0.529268 -0.596446
    outer loop
      vertex 56.5625 63.5625 0
      vertex 56.7766 63.3184 0
      vertex 55.8253 62.8253 1.4
    endloop
  endfacet
  facet normal -0.529268 -0.60343 -0.596446
    outer loop
      vertex 56.3184 63.7766 0
      vertex 56.5625 63.5625 0
      vertex 55.8253 62.8253 1.4
    endloop
  endfacet
  facet normal -0.719877 -0.354994 -0.596454
    outer loop
      vertex 56.9586 63.0463 0
      vertex 57.1022 62.7551 0
      vertex 56.0557 62.525 1.4
    endloop
  endfacet
  facet normal -0.0526529 -0.800918 -0.596455
    outer loop
      vertex 55.124 64.2713 0
      vertex 54.8 63.25 1.4
      vertex 54.8 64.2926 0
    endloop
  endfacet
  facet normal 0.800109 -0.0615469 -0.596688
    outer loop
      vertex 53.3624 61.9893 1.4
      vertex 52.3287 62.124 0
      vertex 52.3288 62.1253 0
    endloop
  endfacet
  facet normal 0.800947 -0.0524656 -0.596433
    outer loop
      vertex 52.3287 62.124 0
      vertex 53.3624 61.9893 1.4
      vertex 53.35 61.8 1.4
    endloop
  endfacet
  facet normal 0.0526529 -0.800918 -0.596455
    outer loop
      vertex 54.8 64.2926 0
      vertex 54.8 63.25 1.4
      vertex 54.476 64.2713 0
    endloop
  endfacet
  facet normal -0.800109 -0.0615469 -0.596688
    outer loop
      vertex 57.2713 62.124 0
      vertex 56.2376 61.9893 1.4
      vertex 57.2712 62.1253 0
    endloop
  endfacet
  facet normal -0.800947 -0.0524656 -0.596433
    outer loop
      vertex 56.2376 61.9893 1.4
      vertex 57.2713 62.124 0
      vertex 56.25 61.8 1.4
    endloop
  endfacet
  facet normal 0.11303 -0.791208 -0.601011
    outer loop
      vertex 54.4747 64.2712 0
      vertex 54.4247 63.2006 1.4
      vertex 54.4733 64.271 0
    endloop
  endfacet
  facet normal 0.156602 -0.787244 -0.596424
    outer loop
      vertex 54.4247 63.2006 1.4
      vertex 54.4747 64.2712 0
      vertex 54.6107 63.2376 1.4
    endloop
  endfacet
  facet normal 0.787207 -0.156749 -0.596435
    outer loop
      vertex 52.3924 62.4451 0
      vertex 53.3994 62.1753 1.4
      vertex 52.329 62.1267 0
    endloop
  endfacet
  facet normal -0.760126 -0.257825 -0.596435
    outer loop
      vertex 57.1033 62.7526 0
      vertex 57.2076 62.4451 0
      vertex 56.2006 62.1753 1.4
    endloop
  endfacet
  facet normal -0.430121 0.675904 -0.598456
    outer loop
      vertex 56.0463 59.6414 0
      vertex 55.6827 60.6496 1.4
      vertex 56.0474 59.6421 0
    endloop
  endfacet
  facet normal -0.445713 0.667512 -0.596462
    outer loop
      vertex 55.6827 60.6496 1.4
      vertex 56.0463 59.6414 0
      vertex 55.525 60.5443 1.4
    endloop
  endfacet
  facet normal 0.759993 0.258127 -0.596473
    outer loop
      vertex 53.4604 61.2451 1.4
      vertex 52.4967 60.8474 0
      vertex 53.3994 61.4247 1.4
    endloop
  endfacet
  facet normal 0.748666 0.287948 -0.597147
    outer loop
      vertex 52.4967 60.8474 0
      vertex 53.4604 61.2451 1.4
      vertex 52.4972 60.8461 0
    endloop
  endfacet
  facet normal -0.760126 0.257825 -0.596435
    outer loop
      vertex 57.2076 61.1549 0
      vertex 57.1033 60.8474 0
      vertex 56.2006 61.4247 1.4
    endloop
  endfacet
  facet normal 0.667512 0.445713 -0.596462
    outer loop
      vertex 53.6496 60.9173 1.4
      vertex 52.6414 60.5537 0
      vertex 53.5443 61.075 1.4
    endloop
  endfacet
  facet normal 0.675904 0.430121 -0.598456
    outer loop
      vertex 52.6414 60.5537 0
      vertex 53.6496 60.9173 1.4
      vertex 52.6421 60.5526 0
    endloop
  endfacet
  facet normal 0.719877 0.354994 -0.596454
    outer loop
      vertex 53.5443 61.075 1.4
      vertex 52.6414 60.5537 0
      vertex 52.4978 60.8449 0
    endloop
  endfacet
  facet normal -0.529268 0.60343 -0.596446
    outer loop
      vertex 56.5625 60.0375 0
      vertex 56.3184 59.8234 0
      vertex 55.8253 60.7747 1.4
    endloop
  endfacet
  facet normal -0.603378 0.529331 -0.596443
    outer loop
      vertex 56.7775 60.2826 0
      vertex 55.8253 60.7747 1.4
      vertex 55.9504 60.9173 1.4
    endloop
  endfacet
  facet normal -0.597295 0.537565 -0.5952
    outer loop
      vertex 55.8253 60.7747 1.4
      vertex 56.7775 60.2826 0
      vertex 56.7766 60.2816 0
    endloop
  endfacet
  facet normal 0.71985 0.355058 -0.596448
    outer loop
      vertex 53.5443 61.075 1.4
      vertex 52.4972 60.8461 0
      vertex 53.4604 61.2451 1.4
    endloop
  endfacet
  facet normal 0.718261 0.35913 -0.595925
    outer loop
      vertex 52.4972 60.8461 0
      vertex 53.5443 61.075 1.4
      vertex 52.4978 60.8449 0
    endloop
  endfacet
  facet normal -0.11303 0.791208 -0.601011
    outer loop
      vertex 55.1253 59.3288 0
      vertex 55.1753 60.3994 1.4
      vertex 55.1267 59.329 0
    endloop
  endfacet
  facet normal -0.156602 0.787244 -0.596424
    outer loop
      vertex 55.1753 60.3994 1.4
      vertex 55.1253 59.3288 0
      vertex 54.9893 60.3624 1.4
    endloop
  endfacet
  facet normal 0.156749 0.787207 -0.596435
    outer loop
      vertex 54.4247 60.3994 1.4
      vertex 54.4733 59.329 0
      vertex 54.1549 59.3924 0
    endloop
  endfacet
  facet normal 0.597295 -0.537565 -0.5952
    outer loop
      vertex 53.7747 62.8253 1.4
      vertex 52.8225 63.3174 0
      vertex 52.8234 63.3184 0
    endloop
  endfacet
  facet normal 0.603378 -0.529331 -0.596443
    outer loop
      vertex 52.8225 63.3174 0
      vertex 53.7747 62.8253 1.4
      vertex 53.6496 62.6827 1.4
    endloop
  endfacet
  facet normal -0.675904 -0.430121 -0.598456
    outer loop
      vertex 56.9586 63.0463 0
      vertex 55.9504 62.6827 1.4
      vertex 56.9579 63.0474 0
    endloop
  endfacet
  facet normal -0.667512 -0.445713 -0.596462
    outer loop
      vertex 55.9504 62.6827 1.4
      vertex 56.9586 63.0463 0
      vertex 56.0557 62.525 1.4
    endloop
  endfacet
  facet normal 0.60343 0.529268 -0.596446
    outer loop
      vertex 53.7747 60.7747 1.4
      vertex 53.0375 60.0375 0
      vertex 52.8234 60.2816 0
    endloop
  endfacet
  facet normal 0.667392 -0.445917 -0.596445
    outer loop
      vertex 52.8225 63.3174 0
      vertex 53.6496 62.6827 1.4
      vertex 52.6421 63.0474 0
    endloop
  endfacet
  facet normal -0.354994 -0.719877 -0.596454
    outer loop
      vertex 55.7551 64.1022 0
      vertex 56.0463 63.9586 0
      vertex 55.525 63.0557 1.4
    endloop
  endfacet
  facet normal -0.787207 -0.156749 -0.596435
    outer loop
      vertex 57.2076 62.4451 0
      vertex 57.271 62.1267 0
      vertex 56.2006 62.1753 1.4
    endloop
  endfacet
  facet normal 0.156602 0.787244 -0.596424
    outer loop
      vertex 54.4747 59.3288 0
      vertex 54.4247 60.3994 1.4
      vertex 54.6107 60.3624 1.4
    endloop
  endfacet
  facet normal 0.11303 0.791208 -0.601011
    outer loop
      vertex 54.4247 60.3994 1.4
      vertex 54.4747 59.3288 0
      vertex 54.4733 59.329 0
    endloop
  endfacet
  facet normal 0.258048 -0.760056 -0.596427
    outer loop
      vertex 54.1549 64.2076 0
      vertex 54.4247 63.2006 1.4
      vertex 53.8474 64.1032 0
    endloop
  endfacet
  facet normal -0.156602 -0.787244 -0.596424
    outer loop
      vertex 55.1253 64.2712 0
      vertex 55.1753 63.2006 1.4
      vertex 54.9893 63.2376 1.4
    endloop
  endfacet
  facet normal -0.11303 -0.791208 -0.601011
    outer loop
      vertex 55.1753 63.2006 1.4
      vertex 55.1253 64.2712 0
      vertex 55.1267 64.271 0
    endloop
  endfacet
  facet normal -0.258048 -0.760056 -0.596427
    outer loop
      vertex 55.4451 64.2076 0
      vertex 55.7526 64.1032 0
      vertex 55.1753 63.2006 1.4
    endloop
  endfacet
  facet normal 0.156749 -0.787207 -0.596435
    outer loop
      vertex 54.4733 64.271 0
      vertex 54.4247 63.2006 1.4
      vertex 54.1549 64.2076 0
    endloop
  endfacet
  facet normal 0.787244 0.156602 -0.596424
    outer loop
      vertex 53.3994 61.4247 1.4
      vertex 52.3288 61.4747 0
      vertex 53.3624 61.6107 1.4
    endloop
  endfacet
  facet normal 0.791208 0.11303 -0.601011
    outer loop
      vertex 52.3288 61.4747 0
      vertex 53.3994 61.4247 1.4
      vertex 52.329 61.4733 0
    endloop
  endfacet
  facet normal -0.529331 -0.603378 -0.596443
    outer loop
      vertex 56.3174 63.7775 0
      vertex 55.8253 62.8253 1.4
      vertex 55.6827 62.9504 1.4
    endloop
  endfacet
  facet normal -0.537565 -0.597295 -0.5952
    outer loop
      vertex 55.8253 62.8253 1.4
      vertex 56.3174 63.7775 0
      vertex 56.3184 63.7766 0
    endloop
  endfacet
  facet normal 0.236241 -0.767784 -0.595564
    outer loop
      vertex 53.8474 64.1032 0
      vertex 54.2451 63.1396 1.4
      vertex 53.8461 64.1028 0
    endloop
  endfacet
  facet normal 0.258135 -0.760018 -0.596438
    outer loop
      vertex 54.2451 63.1396 1.4
      vertex 53.8474 64.1032 0
      vertex 54.4247 63.2006 1.4
    endloop
  endfacet
  facet normal 0.529268 0.60343 -0.596446
    outer loop
      vertex 53.7747 60.7747 1.4
      vertex 53.2816 59.8234 0
      vertex 53.0375 60.0375 0
    endloop
  endfacet
  facet normal 0.0524656 0.800947 -0.596433
    outer loop
      vertex 54.476 59.3287 0
      vertex 54.6107 60.3624 1.4
      vertex 54.8 60.35 1.4
    endloop
  endfacet
  facet normal 0.0615469 0.800109 -0.596688
    outer loop
      vertex 54.6107 60.3624 1.4
      vertex 54.476 59.3287 0
      vertex 54.4747 59.3288 0
    endloop
  endfacet
  facet normal 0.603378 0.529331 -0.596443
    outer loop
      vertex 53.7747 60.7747 1.4
      vertex 52.8225 60.2826 0
      vertex 53.6496 60.9173 1.4
    endloop
  endfacet
  facet normal 0.597295 0.537565 -0.5952
    outer loop
      vertex 52.8225 60.2826 0
      vertex 53.7747 60.7747 1.4
      vertex 52.8234 60.2816 0
    endloop
  endfacet
  facet normal 0.760126 0.257825 -0.596435
    outer loop
      vertex 53.3994 61.4247 1.4
      vertex 52.4967 60.8474 0
      vertex 52.3924 61.1549 0
    endloop
  endfacet
  facet normal 0.719877 -0.354994 -0.596454
    outer loop
      vertex 52.6414 63.0463 0
      vertex 53.5443 62.525 1.4
      vertex 52.4978 62.7551 0
    endloop
  endfacet
  facet normal 0.445917 0.667392 -0.596445
    outer loop
      vertex 53.9173 60.6496 1.4
      vertex 53.5526 59.6421 0
      vertex 53.2826 59.8225 0
    endloop
  endfacet
  facet normal 0.760126 -0.257825 -0.596435
    outer loop
      vertex 52.4967 62.7526 0
      vertex 53.3994 62.1753 1.4
      vertex 52.3924 62.4451 0
    endloop
  endfacet
  facet normal -0.156749 -0.787207 -0.596435
    outer loop
      vertex 55.4451 64.2076 0
      vertex 55.1753 63.2006 1.4
      vertex 55.1267 64.271 0
    endloop
  endfacet
  facet normal -0.0524656 -0.800947 -0.596433
    outer loop
      vertex 55.124 64.2713 0
      vertex 54.9893 63.2376 1.4
      vertex 54.8 63.25 1.4
    endloop
  endfacet
  facet normal -0.0615469 -0.800109 -0.596688
    outer loop
      vertex 54.9893 63.2376 1.4
      vertex 55.124 64.2713 0
      vertex 55.1253 64.2712 0
    endloop
  endfacet
  facet normal 0.354994 -0.719877 -0.596454
    outer loop
      vertex 53.8449 64.1022 0
      vertex 54.075 63.0557 1.4
      vertex 53.5537 63.9586 0
    endloop
  endfacet
  facet normal 0.0615469 -0.800109 -0.596688
    outer loop
      vertex 54.476 64.2713 0
      vertex 54.6107 63.2376 1.4
      vertex 54.4747 64.2712 0
    endloop
  endfacet
  facet normal 0.0524656 -0.800947 -0.596433
    outer loop
      vertex 54.6107 63.2376 1.4
      vertex 54.476 64.2713 0
      vertex 54.8 63.25 1.4
    endloop
  endfacet
  facet normal 0.675904 -0.430121 -0.598456
    outer loop
      vertex 53.6496 62.6827 1.4
      vertex 52.6414 63.0463 0
      vertex 52.6421 63.0474 0
    endloop
  endfacet
  facet normal 0.667512 -0.445713 -0.596462
    outer loop
      vertex 52.6414 63.0463 0
      vertex 53.6496 62.6827 1.4
      vertex 53.5443 62.525 1.4
    endloop
  endfacet
  facet normal -0.719877 0.354994 -0.596454
    outer loop
      vertex 57.1022 60.8449 0
      vertex 56.9586 60.5537 0
      vertex 56.0557 61.075 1.4
    endloop
  endfacet
  facet normal -0.287948 0.748666 -0.597147
    outer loop
      vertex 55.7526 59.4967 0
      vertex 55.3549 60.4604 1.4
      vertex 55.7539 59.4972 0
    endloop
  endfacet
  facet normal -0.258127 0.759993 -0.596473
    outer loop
      vertex 55.3549 60.4604 1.4
      vertex 55.7526 59.4967 0
      vertex 55.1753 60.3994 1.4
    endloop
  endfacet
  facet normal 0.529268 -0.60343 -0.596446
    outer loop
      vertex 53.2816 63.7766 0
      vertex 53.7747 62.8253 1.4
      vertex 53.0375 63.5625 0
    endloop
  endfacet
  facet normal 0.537565 -0.597295 -0.5952
    outer loop
      vertex 53.2826 63.7775 0
      vertex 53.7747 62.8253 1.4
      vertex 53.2816 63.7766 0
    endloop
  endfacet
  facet normal 0.529331 -0.603378 -0.596443
    outer loop
      vertex 53.7747 62.8253 1.4
      vertex 53.2826 63.7775 0
      vertex 53.9173 62.9504 1.4
    endloop
  endfacet
  facet normal -0.257825 0.760126 -0.596435
    outer loop
      vertex 55.7526 59.4967 0
      vertex 55.4451 59.3924 0
      vertex 55.1753 60.3994 1.4
    endloop
  endfacet
  facet normal -0.71985 0.355058 -0.596448
    outer loop
      vertex 57.1028 60.8461 0
      vertex 56.0557 61.075 1.4
      vertex 56.1396 61.2451 1.4
    endloop
  endfacet
  facet normal -0.718261 0.35913 -0.595925
    outer loop
      vertex 56.0557 61.075 1.4
      vertex 57.1028 60.8461 0
      vertex 57.1022 60.8449 0
    endloop
  endfacet
  facet normal 0.800918 -0.0526529 -0.596455
    outer loop
      vertex 52.3287 62.124 0
      vertex 53.35 61.8 1.4
      vertex 52.3074 61.8 0
    endloop
  endfacet
  facet normal 0.800918 0.0526529 -0.596455
    outer loop
      vertex 53.35 61.8 1.4
      vertex 52.3287 61.476 0
      vertex 52.3074 61.8 0
    endloop
  endfacet
  facet normal 0.257825 0.760126 -0.596435
    outer loop
      vertex 54.4247 60.3994 1.4
      vertex 54.1549 59.3924 0
      vertex 53.8474 59.4967 0
    endloop
  endfacet
  facet normal 0.354994 0.719877 -0.596454
    outer loop
      vertex 54.075 60.5443 1.4
      vertex 53.8449 59.4978 0
      vertex 53.5537 59.6414 0
    endloop
  endfacet
  facet normal 0.529331 0.603378 -0.596443
    outer loop
      vertex 53.2826 59.8225 0
      vertex 53.7747 60.7747 1.4
      vertex 53.9173 60.6496 1.4
    endloop
  endfacet
  facet normal 0.537565 0.597295 -0.5952
    outer loop
      vertex 53.7747 60.7747 1.4
      vertex 53.2826 59.8225 0
      vertex 53.2816 59.8234 0
    endloop
  endfacet
  facet normal -0.667512 0.445713 -0.596462
    outer loop
      vertex 56.9586 60.5537 0
      vertex 55.9504 60.9173 1.4
      vertex 56.0557 61.075 1.4
    endloop
  endfacet
  facet normal -0.675904 0.430121 -0.598456
    outer loop
      vertex 55.9504 60.9173 1.4
      vertex 56.9586 60.5537 0
      vertex 56.9579 60.5526 0
    endloop
  endfacet
  facet normal -0.667392 0.445917 -0.596445
    outer loop
      vertex 56.9579 60.5526 0
      vertex 56.7775 60.2826 0
      vertex 55.9504 60.9173 1.4
    endloop
  endfacet
  facet normal -0.0526529 0.800918 -0.596455
    outer loop
      vertex 55.124 59.3287 0
      vertex 54.8 59.3074 0
      vertex 54.8 60.35 1.4
    endloop
  endfacet
  facet normal 0.445713 0.667512 -0.596462
    outer loop
      vertex 53.5537 59.6414 0
      vertex 53.9173 60.6496 1.4
      vertex 54.075 60.5443 1.4
    endloop
  endfacet
  facet normal 0.430121 0.675904 -0.598456
    outer loop
      vertex 53.9173 60.6496 1.4
      vertex 53.5537 59.6414 0
      vertex 53.5526 59.6421 0
    endloop
  endfacet
  facet normal 0.787207 0.156749 -0.596435
    outer loop
      vertex 53.3994 61.4247 1.4
      vertex 52.3924 61.1549 0
      vertex 52.329 61.4733 0
    endloop
  endfacet
  facet normal 0.718261 -0.35913 -0.595925
    outer loop
      vertex 53.5443 62.525 1.4
      vertex 52.4972 62.7539 0
      vertex 52.4978 62.7551 0
    endloop
  endfacet
  facet normal 0.71985 -0.355058 -0.596448
    outer loop
      vertex 52.4972 62.7539 0
      vertex 53.5443 62.525 1.4
      vertex 53.4604 62.3549 1.4
    endloop
  endfacet
  facet normal -0.354994 0.719877 -0.596454
    outer loop
      vertex 56.0463 59.6414 0
      vertex 55.7551 59.4978 0
      vertex 55.525 60.5443 1.4
    endloop
  endfacet
  facet normal 0.35913 -0.718261 -0.595925
    outer loop
      vertex 53.8461 64.1028 0
      vertex 54.075 63.0557 1.4
      vertex 53.8449 64.1022 0
    endloop
  endfacet
  facet normal 0.355058 -0.71985 -0.596448
    outer loop
      vertex 54.075 63.0557 1.4
      vertex 53.8461 64.1028 0
      vertex 54.2451 63.1396 1.4
    endloop
  endfacet
  facet normal 0.748666 -0.287948 -0.597147
    outer loop
      vertex 53.4604 62.3549 1.4
      vertex 52.4967 62.7526 0
      vertex 52.4972 62.7539 0
    endloop
  endfacet
  facet normal 0.759993 -0.258127 -0.596473
    outer loop
      vertex 52.4967 62.7526 0
      vertex 53.4604 62.3549 1.4
      vertex 53.3994 62.1753 1.4
    endloop
  endfacet
  facet normal 0.800947 0.0524656 -0.596433
    outer loop
      vertex 53.3624 61.6107 1.4
      vertex 52.3287 61.476 0
      vertex 53.35 61.8 1.4
    endloop
  endfacet
  facet normal 0.800109 0.0615469 -0.596688
    outer loop
      vertex 52.3287 61.476 0
      vertex 53.3624 61.6107 1.4
      vertex 52.3288 61.4747 0
    endloop
  endfacet
  facet normal 0.355058 0.71985 -0.596448
    outer loop
      vertex 53.8461 59.4972 0
      vertex 54.075 60.5443 1.4
      vertex 54.2451 60.4604 1.4
    endloop
  endfacet
  facet normal 0.35913 0.718261 -0.595925
    outer loop
      vertex 54.075 60.5443 1.4
      vertex 53.8461 59.4972 0
      vertex 53.8449 59.4978 0
    endloop
  endfacet
  facet normal 0.0526529 0.800918 -0.596455
    outer loop
      vertex 54.8 60.35 1.4
      vertex 54.8 59.3074 0
      vertex 54.476 59.3287 0
    endloop
  endfacet
  facet normal -0.156749 0.787207 -0.596435
    outer loop
      vertex 55.1753 60.3994 1.4
      vertex 55.4451 59.3924 0
      vertex 55.1267 59.329 0
    endloop
  endfacet
  facet normal -0.787207 0.156749 -0.596435
    outer loop
      vertex 57.271 61.4733 0
      vertex 57.2076 61.1549 0
      vertex 56.2006 61.4247 1.4
    endloop
  endfacet
  facet normal -0.791208 0.11303 -0.601011
    outer loop
      vertex 56.2006 61.4247 1.4
      vertex 57.2712 61.4747 0
      vertex 57.271 61.4733 0
    endloop
  endfacet
  facet normal -0.787244 0.156602 -0.596424
    outer loop
      vertex 57.2712 61.4747 0
      vertex 56.2006 61.4247 1.4
      vertex 56.2376 61.6107 1.4
    endloop
  endfacet
  facet normal -0.0615469 0.800109 -0.596688
    outer loop
      vertex 55.124 59.3287 0
      vertex 54.9893 60.3624 1.4
      vertex 55.1253 59.3288 0
    endloop
  endfacet
  facet normal -0.0524656 0.800947 -0.596433
    outer loop
      vertex 54.9893 60.3624 1.4
      vertex 55.124 59.3287 0
      vertex 54.8 60.35 1.4
    endloop
  endfacet
  facet normal -0.759993 0.258127 -0.596473
    outer loop
      vertex 57.1033 60.8474 0
      vertex 56.1396 61.2451 1.4
      vertex 56.2006 61.4247 1.4
    endloop
  endfacet
  facet normal -0.748666 0.287948 -0.597147
    outer loop
      vertex 56.1396 61.2451 1.4
      vertex 57.1033 60.8474 0
      vertex 57.1028 60.8461 0
    endloop
  endfacet
  facet normal -0.980789 0.195072 0
    outer loop
      vertex 56.2006 4.62471 1.4
      vertex 56.2376 4.81074 2
      vertex 56.2376 4.81074 1.4
    endloop
  endfacet
  facet normal -0.980789 0.195072 0
    outer loop
      vertex 56.2376 4.81074 2
      vertex 56.2006 4.62471 1.4
      vertex 56.2006 4.62471 2
    endloop
  endfacet
  facet normal -0.997861 0.0653782 0
    outer loop
      vertex 56.2376 4.81074 1.4
      vertex 56.25 5 2
      vertex 56.25 5 1.4
    endloop
  endfacet
  facet normal -0.997861 0.0653782 0
    outer loop
      vertex 56.25 5 2
      vertex 56.2376 4.81074 1.4
      vertex 56.2376 4.81074 2
    endloop
  endfacet
  facet normal -0.321458 -0.946924 0
    outer loop
      vertex 55.1753 6.40059 1.4
      vertex 55.3549 6.33962 2
      vertex 55.1753 6.40059 2
    endloop
  endfacet
  facet normal -0.321458 -0.946924 -0
    outer loop
      vertex 55.3549 6.33962 2
      vertex 55.1753 6.40059 1.4
      vertex 55.3549 6.33962 1.4
    endloop
  endfacet
  facet normal -0.831644 0.555309 0
    outer loop
      vertex 55.9504 4.1173 1.4
      vertex 56.0557 4.275 2
      vertex 56.0557 4.275 1.4
    endloop
  endfacet
  facet normal -0.831644 0.555309 0
    outer loop
      vertex 56.0557 4.275 2
      vertex 55.9504 4.1173 1.4
      vertex 55.9504 4.1173 2
    endloop
  endfacet
  facet normal 0.89685 0.442335 0
    outer loop
      vertex 53.5443 4.275 2
      vertex 53.4604 4.44511 1.4
      vertex 53.4604 4.44511 2
    endloop
  endfacet
  facet normal 0.89685 0.442335 0
    outer loop
      vertex 53.4604 4.44511 1.4
      vertex 53.5443 4.275 2
      vertex 53.5443 4.275 1.4
    endloop
  endfacet
  facet normal 0.5556 0.83145 -0
    outer loop
      vertex 54.075 3.74426 1.4
      vertex 53.9173 3.84964 2
      vertex 54.075 3.74426 2
    endloop
  endfacet
  facet normal 0.5556 0.83145 0
    outer loop
      vertex 53.9173 3.84964 2
      vertex 54.075 3.74426 1.4
      vertex 53.9173 3.84964 1.4
    endloop
  endfacet
  facet normal 0.659355 0.751832 -0
    outer loop
      vertex 53.9173 3.84964 1.4
      vertex 53.7747 3.9747 2
      vertex 53.9173 3.84964 2
    endloop
  endfacet
  facet normal 0.659355 0.751832 0
    outer loop
      vertex 53.7747 3.9747 2
      vertex 53.9173 3.84964 1.4
      vertex 53.7747 3.9747 1.4
    endloop
  endfacet
  facet normal 0.751727 0.659474 0
    outer loop
      vertex 53.7747 3.9747 2
      vertex 53.6496 4.1173 1.4
      vertex 53.6496 4.1173 2
    endloop
  endfacet
  facet normal 0.751727 0.659474 0
    outer loop
      vertex 53.6496 4.1173 1.4
      vertex 53.7747 3.9747 2
      vertex 53.7747 3.9747 1.4
    endloop
  endfacet
  facet normal -0.946876 -0.3216 0
    outer loop
      vertex 56.2006 5.37529 1.4
      vertex 56.1396 5.55489 2
      vertex 56.1396 5.55489 1.4
    endloop
  endfacet
  facet normal -0.946876 -0.3216 0
    outer loop
      vertex 56.1396 5.55489 2
      vertex 56.2006 5.37529 1.4
      vertex 56.2006 5.37529 2
    endloop
  endfacet
  facet normal 0.997861 0.0653782 0
    outer loop
      vertex 53.3624 4.81074 2
      vertex 53.35 5 1.4
      vertex 53.35 5 2
    endloop
  endfacet
  facet normal 0.997861 0.0653782 0
    outer loop
      vertex 53.35 5 1.4
      vertex 53.3624 4.81074 2
      vertex 53.3624 4.81074 1.4
    endloop
  endfacet
  facet normal -0.5556 0.83145 0
    outer loop
      vertex 55.6827 3.84964 1.4
      vertex 55.525 3.74426 2
      vertex 55.6827 3.84964 2
    endloop
  endfacet
  facet normal -0.5556 0.83145 0
    outer loop
      vertex 55.525 3.74426 2
      vertex 55.6827 3.84964 1.4
      vertex 55.525 3.74426 1.4
    endloop
  endfacet
  facet normal 0.321458 -0.946924 0
    outer loop
      vertex 54.2451 6.33962 1.4
      vertex 54.4247 6.40059 2
      vertex 54.2451 6.33962 2
    endloop
  endfacet
  facet normal 0.321458 -0.946924 0
    outer loop
      vertex 54.4247 6.40059 2
      vertex 54.2451 6.33962 1.4
      vertex 54.4247 6.40059 1.4
    endloop
  endfacet
  facet normal -0.195102 -0.980783 0
    outer loop
      vertex 54.9893 6.43759 1.4
      vertex 55.1753 6.40059 2
      vertex 54.9893 6.43759 2
    endloop
  endfacet
  facet normal -0.195102 -0.980783 -0
    outer loop
      vertex 55.1753 6.40059 2
      vertex 54.9893 6.43759 1.4
      vertex 55.1753 6.40059 1.4
    endloop
  endfacet
  facet normal 0.321458 0.946924 -0
    outer loop
      vertex 54.4247 3.59941 1.4
      vertex 54.2451 3.66038 2
      vertex 54.4247 3.59941 2
    endloop
  endfacet
  facet normal 0.321458 0.946924 0
    outer loop
      vertex 54.2451 3.66038 2
      vertex 54.4247 3.59941 1.4
      vertex 54.2451 3.66038 1.4
    endloop
  endfacet
  facet normal 0.831644 -0.555309 0
    outer loop
      vertex 53.5443 5.725 2
      vertex 53.6496 5.8827 1.4
      vertex 53.6496 5.8827 2
    endloop
  endfacet
  facet normal 0.831644 -0.555309 0
    outer loop
      vertex 53.6496 5.8827 1.4
      vertex 53.5443 5.725 2
      vertex 53.5443 5.725 1.4
    endloop
  endfacet
  facet normal -0.5556 -0.83145 0
    outer loop
      vertex 55.525 6.25574 1.4
      vertex 55.6827 6.15036 2
      vertex 55.525 6.25574 2
    endloop
  endfacet
  facet normal -0.5556 -0.83145 -0
    outer loop
      vertex 55.6827 6.15036 2
      vertex 55.525 6.25574 1.4
      vertex 55.6827 6.15036 1.4
    endloop
  endfacet
  facet normal 0.946876 0.3216 0
    outer loop
      vertex 53.4604 4.44511 2
      vertex 53.3994 4.62471 1.4
      vertex 53.3994 4.62471 2
    endloop
  endfacet
  facet normal 0.946876 0.3216 0
    outer loop
      vertex 53.3994 4.62471 1.4
      vertex 53.4604 4.44511 2
      vertex 53.4604 4.44511 1.4
    endloop
  endfacet
  facet normal -0.321458 0.946924 0
    outer loop
      vertex 55.3549 3.66038 1.4
      vertex 55.1753 3.59941 2
      vertex 55.3549 3.66038 2
    endloop
  endfacet
  facet normal -0.321458 0.946924 0
    outer loop
      vertex 55.1753 3.59941 2
      vertex 55.3549 3.66038 1.4
      vertex 55.1753 3.59941 1.4
    endloop
  endfacet
  facet normal -0.0654169 0.997858 0
    outer loop
      vertex 54.9893 3.56241 1.4
      vertex 54.8 3.55 2
      vertex 54.9893 3.56241 2
    endloop
  endfacet
  facet normal -0.0654169 0.997858 0
    outer loop
      vertex 54.8 3.55 2
      vertex 54.9893 3.56241 1.4
      vertex 54.8 3.55 1.4
    endloop
  endfacet
  facet normal 0.442272 0.896881 -0
    outer loop
      vertex 54.2451 3.66038 1.4
      vertex 54.075 3.74426 2
      vertex 54.2451 3.66038 2
    endloop
  endfacet
  facet normal 0.442272 0.896881 0
    outer loop
      vertex 54.075 3.74426 2
      vertex 54.2451 3.66038 1.4
      vertex 54.075 3.74426 1.4
    endloop
  endfacet
  facet normal -0.831644 -0.555309 0
    outer loop
      vertex 56.0557 5.725 1.4
      vertex 55.9504 5.8827 2
      vertex 55.9504 5.8827 1.4
    endloop
  endfacet
  facet normal -0.831644 -0.555309 0
    outer loop
      vertex 55.9504 5.8827 2
      vertex 56.0557 5.725 1.4
      vertex 56.0557 5.725 2
    endloop
  endfacet
  facet normal 0.997861 -0.0653782 0
    outer loop
      vertex 53.35 5 2
      vertex 53.3624 5.18926 1.4
      vertex 53.3624 5.18926 2
    endloop
  endfacet
  facet normal 0.997861 -0.0653782 0
    outer loop
      vertex 53.3624 5.18926 1.4
      vertex 53.35 5 2
      vertex 53.35 5 1.4
    endloop
  endfacet
  facet normal 0.946876 -0.3216 0
    outer loop
      vertex 53.3994 5.37529 2
      vertex 53.4604 5.55489 1.4
      vertex 53.4604 5.55489 2
    endloop
  endfacet
  facet normal 0.946876 -0.3216 0
    outer loop
      vertex 53.4604 5.55489 1.4
      vertex 53.3994 5.37529 2
      vertex 53.3994 5.37529 1.4
    endloop
  endfacet
  facet normal 0.659355 -0.751832 0
    outer loop
      vertex 53.7747 6.0253 1.4
      vertex 53.9173 6.15036 2
      vertex 53.7747 6.0253 2
    endloop
  endfacet
  facet normal 0.659355 -0.751832 0
    outer loop
      vertex 53.9173 6.15036 2
      vertex 53.7747 6.0253 1.4
      vertex 53.9173 6.15036 1.4
    endloop
  endfacet
  facet normal -0.442272 0.896881 0
    outer loop
      vertex 55.525 3.74426 1.4
      vertex 55.3549 3.66038 2
      vertex 55.525 3.74426 2
    endloop
  endfacet
  facet normal -0.442272 0.896881 0
    outer loop
      vertex 55.3549 3.66038 2
      vertex 55.525 3.74426 1.4
      vertex 55.3549 3.66038 1.4
    endloop
  endfacet
  facet normal 0.195102 0.980783 -0
    outer loop
      vertex 54.6107 3.56241 1.4
      vertex 54.4247 3.59941 2
      vertex 54.6107 3.56241 2
    endloop
  endfacet
  facet normal 0.195102 0.980783 0
    outer loop
      vertex 54.4247 3.59941 2
      vertex 54.6107 3.56241 1.4
      vertex 54.4247 3.59941 1.4
    endloop
  endfacet
  facet normal -0.751727 0.659474 0
    outer loop
      vertex 55.8253 3.9747 1.4
      vertex 55.9504 4.1173 2
      vertex 55.9504 4.1173 1.4
    endloop
  endfacet
  facet normal -0.751727 0.659474 0
    outer loop
      vertex 55.9504 4.1173 2
      vertex 55.8253 3.9747 1.4
      vertex 55.8253 3.9747 2
    endloop
  endfacet
  facet normal -0.195102 0.980783 0
    outer loop
      vertex 55.1753 3.59941 1.4
      vertex 54.9893 3.56241 2
      vertex 55.1753 3.59941 2
    endloop
  endfacet
  facet normal -0.195102 0.980783 0
    outer loop
      vertex 54.9893 3.56241 2
      vertex 55.1753 3.59941 1.4
      vertex 54.9893 3.56241 1.4
    endloop
  endfacet
  facet normal -0.751727 -0.659474 0
    outer loop
      vertex 55.9504 5.8827 1.4
      vertex 55.8253 6.0253 2
      vertex 55.8253 6.0253 1.4
    endloop
  endfacet
  facet normal -0.751727 -0.659474 0
    outer loop
      vertex 55.8253 6.0253 2
      vertex 55.9504 5.8827 1.4
      vertex 55.9504 5.8827 2
    endloop
  endfacet
  facet normal 0.442272 -0.896881 0
    outer loop
      vertex 54.075 6.25574 1.4
      vertex 54.2451 6.33962 2
      vertex 54.075 6.25574 2
    endloop
  endfacet
  facet normal 0.442272 -0.896881 0
    outer loop
      vertex 54.2451 6.33962 2
      vertex 54.075 6.25574 1.4
      vertex 54.2451 6.33962 1.4
    endloop
  endfacet
  facet normal 0.0654169 0.997858 -0
    outer loop
      vertex 54.8 3.55 1.4
      vertex 54.6107 3.56241 2
      vertex 54.8 3.55 2
    endloop
  endfacet
  facet normal 0.0654169 0.997858 0
    outer loop
      vertex 54.6107 3.56241 2
      vertex 54.8 3.55 1.4
      vertex 54.6107 3.56241 1.4
    endloop
  endfacet
  facet normal 0.980789 0.195072 0
    outer loop
      vertex 53.3994 4.62471 2
      vertex 53.3624 4.81074 1.4
      vertex 53.3624 4.81074 2
    endloop
  endfacet
  facet normal 0.980789 0.195072 0
    outer loop
      vertex 53.3624 4.81074 1.4
      vertex 53.3994 4.62471 2
      vertex 53.3994 4.62471 1.4
    endloop
  endfacet
  facet normal -0.0654169 -0.997858 0
    outer loop
      vertex 54.8 6.45 1.4
      vertex 54.9893 6.43759 2
      vertex 54.8 6.45 2
    endloop
  endfacet
  facet normal -0.0654169 -0.997858 -0
    outer loop
      vertex 54.9893 6.43759 2
      vertex 54.8 6.45 1.4
      vertex 54.9893 6.43759 1.4
    endloop
  endfacet
  facet normal -0.442272 -0.896881 0
    outer loop
      vertex 55.3549 6.33962 1.4
      vertex 55.525 6.25574 2
      vertex 55.3549 6.33962 2
    endloop
  endfacet
  facet normal -0.442272 -0.896881 -0
    outer loop
      vertex 55.525 6.25574 2
      vertex 55.3549 6.33962 1.4
      vertex 55.525 6.25574 1.4
    endloop
  endfacet
  facet normal -0.659355 -0.751832 0
    outer loop
      vertex 55.6827 6.15036 1.4
      vertex 55.8253 6.0253 2
      vertex 55.6827 6.15036 2
    endloop
  endfacet
  facet normal -0.659355 -0.751832 -0
    outer loop
      vertex 55.8253 6.0253 2
      vertex 55.6827 6.15036 1.4
      vertex 55.8253 6.0253 1.4
    endloop
  endfacet
  facet normal 0.89685 -0.442335 0
    outer loop
      vertex 53.4604 5.55489 2
      vertex 53.5443 5.725 1.4
      vertex 53.5443 5.725 2
    endloop
  endfacet
  facet normal 0.89685 -0.442335 0
    outer loop
      vertex 53.5443 5.725 1.4
      vertex 53.4604 5.55489 2
      vertex 53.4604 5.55489 1.4
    endloop
  endfacet
  facet normal -0.89685 -0.442335 0
    outer loop
      vertex 56.1396 5.55489 1.4
      vertex 56.0557 5.725 2
      vertex 56.0557 5.725 1.4
    endloop
  endfacet
  facet normal -0.89685 -0.442335 0
    outer loop
      vertex 56.0557 5.725 2
      vertex 56.1396 5.55489 1.4
      vertex 56.1396 5.55489 2
    endloop
  endfacet
  facet normal -0.659355 0.751832 0
    outer loop
      vertex 55.8253 3.9747 1.4
      vertex 55.6827 3.84964 2
      vertex 55.8253 3.9747 2
    endloop
  endfacet
  facet normal -0.659355 0.751832 0
    outer loop
      vertex 55.6827 3.84964 2
      vertex 55.8253 3.9747 1.4
      vertex 55.6827 3.84964 1.4
    endloop
  endfacet
  facet normal -0.997861 -0.0653782 0
    outer loop
      vertex 56.25 5 1.4
      vertex 56.2376 5.18926 2
      vertex 56.2376 5.18926 1.4
    endloop
  endfacet
  facet normal -0.997861 -0.0653782 0
    outer loop
      vertex 56.2376 5.18926 2
      vertex 56.25 5 1.4
      vertex 56.25 5 2
    endloop
  endfacet
  facet normal 0.5556 -0.83145 0
    outer loop
      vertex 53.9173 6.15036 1.4
      vertex 54.075 6.25574 2
      vertex 53.9173 6.15036 2
    endloop
  endfacet
  facet normal 0.5556 -0.83145 0
    outer loop
      vertex 54.075 6.25574 2
      vertex 53.9173 6.15036 1.4
      vertex 54.075 6.25574 1.4
    endloop
  endfacet
  facet normal -0.89685 0.442335 0
    outer loop
      vertex 56.0557 4.275 1.4
      vertex 56.1396 4.44511 2
      vertex 56.1396 4.44511 1.4
    endloop
  endfacet
  facet normal -0.89685 0.442335 0
    outer loop
      vertex 56.1396 4.44511 2
      vertex 56.0557 4.275 1.4
      vertex 56.0557 4.275 2
    endloop
  endfacet
  facet normal -0.980789 -0.195072 0
    outer loop
      vertex 56.2376 5.18926 1.4
      vertex 56.2006 5.37529 2
      vertex 56.2006 5.37529 1.4
    endloop
  endfacet
  facet normal -0.980789 -0.195072 0
    outer loop
      vertex 56.2006 5.37529 2
      vertex 56.2376 5.18926 1.4
      vertex 56.2376 5.18926 2
    endloop
  endfacet
  facet normal -0.946876 0.3216 0
    outer loop
      vertex 56.1396 4.44511 1.4
      vertex 56.2006 4.62471 2
      vertex 56.2006 4.62471 1.4
    endloop
  endfacet
  facet normal -0.946876 0.3216 0
    outer loop
      vertex 56.2006 4.62471 2
      vertex 56.1396 4.44511 1.4
      vertex 56.1396 4.44511 2
    endloop
  endfacet
  facet normal 0.980789 -0.195072 0
    outer loop
      vertex 53.3624 5.18926 2
      vertex 53.3994 5.37529 1.4
      vertex 53.3994 5.37529 2
    endloop
  endfacet
  facet normal 0.980789 -0.195072 0
    outer loop
      vertex 53.3994 5.37529 1.4
      vertex 53.3624 5.18926 2
      vertex 53.3624 5.18926 1.4
    endloop
  endfacet
  facet normal 0.751727 -0.659474 0
    outer loop
      vertex 53.6496 5.8827 2
      vertex 53.7747 6.0253 1.4
      vertex 53.7747 6.0253 2
    endloop
  endfacet
  facet normal 0.751727 -0.659474 0
    outer loop
      vertex 53.7747 6.0253 1.4
      vertex 53.6496 5.8827 2
      vertex 53.6496 5.8827 1.4
    endloop
  endfacet
  facet normal 0.195102 -0.980783 0
    outer loop
      vertex 54.4247 6.40059 1.4
      vertex 54.6107 6.43759 2
      vertex 54.4247 6.40059 2
    endloop
  endfacet
  facet normal 0.195102 -0.980783 0
    outer loop
      vertex 54.6107 6.43759 2
      vertex 54.4247 6.40059 1.4
      vertex 54.6107 6.43759 1.4
    endloop
  endfacet
  facet normal 0.831644 0.555309 0
    outer loop
      vertex 53.6496 4.1173 2
      vertex 53.5443 4.275 1.4
      vertex 53.5443 4.275 2
    endloop
  endfacet
  facet normal 0.831644 0.555309 0
    outer loop
      vertex 53.5443 4.275 1.4
      vertex 53.6496 4.1173 2
      vertex 53.6496 4.1173 1.4
    endloop
  endfacet
  facet normal 0.0654169 -0.997858 0
    outer loop
      vertex 54.6107 6.43759 1.4
      vertex 54.8 6.45 2
      vertex 54.6107 6.43759 2
    endloop
  endfacet
  facet normal 0.0654169 -0.997858 0
    outer loop
      vertex 54.8 6.45 2
      vertex 54.6107 6.43759 1.4
      vertex 54.8 6.45 1.4
    endloop
  endfacet
  facet normal -0.667372 -0.445953 -0.59644
    outer loop
      vertex 56.7775 6.51737 0
      vertex 56.9579 6.2474 0
      vertex 55.9504 5.8827 1.4
    endloop
  endfacet
  facet normal -0.747122 -0.291845 -0.597189
    outer loop
      vertex 57.1033 5.95258 0
      vertex 56.1396 5.55489 1.4
      vertex 57.1028 5.95386 0
    endloop
  endfacet
  facet normal -0.759994 -0.258127 -0.596472
    outer loop
      vertex 56.1396 5.55489 1.4
      vertex 57.1033 5.95258 0
      vertex 56.2006 5.37529 1.4
    endloop
  endfacet
  facet normal 0.790691 -0.119802 -0.600379
    outer loop
      vertex 53.3994 5.37529 1.4
      vertex 52.3288 5.32534 0
      vertex 52.329 5.32666 0
    endloop
  endfacet
  facet normal 0.787245 -0.156577 -0.596431
    outer loop
      vertex 52.3288 5.32534 0
      vertex 53.3994 5.37529 1.4
      vertex 53.3624 5.18926 1.4
    endloop
  endfacet
  facet normal -0.800918 0.0526529 -0.596455
    outer loop
      vertex 57.2926 5 0
      vertex 57.2713 4.676 0
      vertex 56.25 5 1.4
    endloop
  endfacet
  facet normal -0.800945 0.0524766 -0.596434
    outer loop
      vertex 57.2713 4.676 0
      vertex 56.2376 4.81074 1.4
      vertex 56.25 5 1.4
    endloop
  endfacet
  facet normal -0.800282 0.0597226 -0.596642
    outer loop
      vertex 56.2376 4.81074 1.4
      vertex 57.2713 4.676 0
      vertex 57.2712 4.67466 0
    endloop
  endfacet
  facet normal -0.445897 0.6674 -0.59645
    outer loop
      vertex 56.3174 3.02252 0
      vertex 56.0474 2.84213 0
      vertex 55.6827 3.84964 1.4
    endloop
  endfacet
  facet normal -0.445897 -0.6674 -0.59645
    outer loop
      vertex 56.0474 7.15787 0
      vertex 56.3174 6.97748 0
      vertex 55.6827 6.15036 1.4
    endloop
  endfacet
  facet normal 0.667372 0.445953 -0.59644
    outer loop
      vertex 53.6496 4.1173 1.4
      vertex 52.8225 3.48263 0
      vertex 52.6421 3.7526 0
    endloop
  endfacet
  facet normal -0.718265 -0.359132 -0.595919
    outer loop
      vertex 57.1028 5.95386 0
      vertex 56.0557 5.725 1.4
      vertex 57.1022 5.95506 0
    endloop
  endfacet
  facet normal -0.719861 -0.355043 -0.596444
    outer loop
      vertex 56.0557 5.725 1.4
      vertex 57.1028 5.95386 0
      vertex 56.1396 5.55489 1.4
    endloop
  endfacet
  facet normal -0.445955 -0.667367 -0.596444
    outer loop
      vertex 56.0463 7.15861 0
      vertex 55.6827 6.15036 1.4
      vertex 55.525 6.25574 1.4
    endloop
  endfacet
  facet normal -0.448146 -0.666164 -0.596147
    outer loop
      vertex 55.6827 6.15036 1.4
      vertex 56.0463 7.15861 0
      vertex 56.0474 7.15787 0
    endloop
  endfacet
  facet normal 0.603452 -0.529244 -0.596445
    outer loop
      vertex 53.0375 6.7625 0
      vertex 53.7747 6.0253 1.4
      vertex 52.8234 6.51838 0
    endloop
  endfacet
  facet normal 0.448146 -0.666164 -0.596147
    outer loop
      vertex 53.5537 7.15861 0
      vertex 53.9173 6.15036 1.4
      vertex 53.5526 7.15787 0
    endloop
  endfacet
  facet normal 0.445955 -0.667367 -0.596444
    outer loop
      vertex 53.9173 6.15036 1.4
      vertex 53.5537 7.15861 0
      vertex 54.075 6.25574 1.4
    endloop
  endfacet
  facet normal 0.25802 0.760052 -0.596445
    outer loop
      vertex 53.8474 2.69675 0
      vertex 54.2451 3.66038 1.4
      vertex 54.4247 3.59941 1.4
    endloop
  endfacet
  facet normal 0.25211 0.762193 -0.59624
    outer loop
      vertex 54.2451 3.66038 1.4
      vertex 53.8474 2.69675 0
      vertex 53.8461 2.69718 0
    endloop
  endfacet
  facet normal -0.599677 -0.534366 -0.595684
    outer loop
      vertex 56.7775 6.51737 0
      vertex 55.8253 6.0253 1.4
      vertex 56.7766 6.51838 0
    endloop
  endfacet
  facet normal -0.603382 -0.529334 -0.596436
    outer loop
      vertex 55.8253 6.0253 1.4
      vertex 56.7775 6.51737 0
      vertex 55.9504 5.8827 1.4
    endloop
  endfacet
  facet normal -0.359132 0.718265 -0.595919
    outer loop
      vertex 55.7539 2.69718 0
      vertex 55.525 3.74426 1.4
      vertex 55.7551 2.69778 0
    endloop
  endfacet
  facet normal -0.354989 0.719882 -0.59645
    outer loop
      vertex 55.525 3.74426 1.4
      vertex 55.7539 2.69718 0
      vertex 55.3549 3.66038 1.4
    endloop
  endfacet
  facet normal -0.603452 0.529244 -0.596445
    outer loop
      vertex 56.7766 3.48162 0
      vertex 56.5625 3.2375 0
      vertex 55.8253 3.9747 1.4
    endloop
  endfacet
  facet normal -0.790691 -0.119802 -0.600379
    outer loop
      vertex 57.2712 5.32534 0
      vertex 56.2006 5.37529 1.4
      vertex 57.271 5.32666 0
    endloop
  endfacet
  facet normal -0.787245 -0.156577 -0.596431
    outer loop
      vertex 56.2006 5.37529 1.4
      vertex 57.2712 5.32534 0
      vertex 56.2376 5.18926 1.4
    endloop
  endfacet
  facet normal -0.354989 -0.719882 -0.59645
    outer loop
      vertex 55.7539 7.30282 0
      vertex 55.525 6.25574 1.4
      vertex 55.3549 6.33962 1.4
    endloop
  endfacet
  facet normal -0.359132 -0.718265 -0.595919
    outer loop
      vertex 55.525 6.25574 1.4
      vertex 55.7539 7.30282 0
      vertex 55.7551 7.30222 0
    endloop
  endfacet
  facet normal -0.800918 -0.0526529 -0.596455
    outer loop
      vertex 57.2713 5.324 0
      vertex 57.2926 5 0
      vertex 56.25 5 1.4
    endloop
  endfacet
  facet normal -0.533971 0.599968 -0.595746
    outer loop
      vertex 56.3174 3.02252 0
      vertex 55.8253 3.9747 1.4
      vertex 56.3184 3.02341 0
    endloop
  endfacet
  facet normal -0.52923 0.603456 -0.596452
    outer loop
      vertex 55.8253 3.9747 1.4
      vertex 56.3174 3.02252 0
      vertex 55.6827 3.84964 1.4
    endloop
  endfacet
  facet normal 0.445897 -0.6674 -0.59645
    outer loop
      vertex 53.5526 7.15787 0
      vertex 53.9173 6.15036 1.4
      vertex 53.2826 6.97748 0
    endloop
  endfacet
  facet normal -0.25802 -0.760052 -0.596445
    outer loop
      vertex 55.7526 7.30325 0
      vertex 55.3549 6.33962 1.4
      vertex 55.1753 6.40059 1.4
    endloop
  endfacet
  facet normal -0.25211 -0.762193 -0.59624
    outer loop
      vertex 55.3549 6.33962 1.4
      vertex 55.7526 7.30325 0
      vertex 55.7539 7.30282 0
    endloop
  endfacet
  facet normal -0.603452 -0.529244 -0.596445
    outer loop
      vertex 56.5625 6.7625 0
      vertex 56.7766 6.51838 0
      vertex 55.8253 6.0253 1.4
    endloop
  endfacet
  facet normal -0.529254 -0.603442 -0.596446
    outer loop
      vertex 56.3184 6.97659 0
      vertex 56.5625 6.7625 0
      vertex 55.8253 6.0253 1.4
    endloop
  endfacet
  facet normal -0.719889 -0.354976 -0.59645
    outer loop
      vertex 56.9586 6.24628 0
      vertex 57.1022 5.95506 0
      vertex 56.0557 5.725 1.4
    endloop
  endfacet
  facet normal -0.0524813 -0.800939 -0.596442
    outer loop
      vertex 55.124 7.47132 0
      vertex 54.8 6.45 1.4
      vertex 54.8 7.49255 0
    endloop
  endfacet
  facet normal 0.800282 -0.0597226 -0.596642
    outer loop
      vertex 53.3624 5.18926 1.4
      vertex 52.3287 5.324 0
      vertex 52.3288 5.32534 0
    endloop
  endfacet
  facet normal 0.800945 -0.0524766 -0.596434
    outer loop
      vertex 52.3287 5.324 0
      vertex 53.3624 5.18926 1.4
      vertex 53.35 5 1.4
    endloop
  endfacet
  facet normal 0.0524813 -0.800939 -0.596442
    outer loop
      vertex 54.8 7.49255 0
      vertex 54.8 6.45 1.4
      vertex 54.476 7.47132 0
    endloop
  endfacet
  facet normal -0.800282 -0.0597226 -0.596642
    outer loop
      vertex 57.2713 5.324 0
      vertex 56.2376 5.18926 1.4
      vertex 57.2712 5.32534 0
    endloop
  endfacet
  facet normal -0.800945 -0.0524766 -0.596434
    outer loop
      vertex 56.2376 5.18926 1.4
      vertex 57.2713 5.324 0
      vertex 56.25 5 1.4
    endloop
  endfacet
  facet normal 0.146399 -0.788301 -0.597619
    outer loop
      vertex 54.4747 7.47123 0
      vertex 54.4247 6.40059 1.4
      vertex 54.4733 7.47097 0
    endloop
  endfacet
  facet normal 0.1566 -0.787234 -0.596439
    outer loop
      vertex 54.4247 6.40059 1.4
      vertex 54.4747 7.47123 0
      vertex 54.6107 6.43759 1.4
    endloop
  endfacet
  facet normal 0.787212 -0.156721 -0.596436
    outer loop
      vertex 52.3924 5.64512 0
      vertex 53.3994 5.37529 1.4
      vertex 52.329 5.32666 0
    endloop
  endfacet
  facet normal -0.760114 -0.257854 -0.596437
    outer loop
      vertex 57.1033 5.95258 0
      vertex 57.2076 5.64512 0
      vertex 56.2006 5.37529 1.4
    endloop
  endfacet
  facet normal -0.448146 0.666164 -0.596147
    outer loop
      vertex 56.0463 2.84139 0
      vertex 55.6827 3.84964 1.4
      vertex 56.0474 2.84213 0
    endloop
  endfacet
  facet normal -0.445955 0.667367 -0.596444
    outer loop
      vertex 55.6827 3.84964 1.4
      vertex 56.0463 2.84139 0
      vertex 55.525 3.74426 1.4
    endloop
  endfacet
  facet normal 0.759994 0.258127 -0.596472
    outer loop
      vertex 53.4604 4.44511 1.4
      vertex 52.4967 4.04742 0
      vertex 53.3994 4.62471 1.4
    endloop
  endfacet
  facet normal 0.747122 0.291845 -0.597189
    outer loop
      vertex 52.4967 4.04742 0
      vertex 53.4604 4.44511 1.4
      vertex 52.4972 4.04614 0
    endloop
  endfacet
  facet normal -0.760114 0.257854 -0.596437
    outer loop
      vertex 57.2076 4.35488 0
      vertex 57.1033 4.04742 0
      vertex 56.2006 4.62471 1.4
    endloop
  endfacet
  facet normal 0.667515 0.445715 -0.596458
    outer loop
      vertex 53.6496 4.1173 1.4
      vertex 52.6414 3.75372 0
      vertex 53.5443 4.275 1.4
    endloop
  endfacet
  facet normal 0.678946 0.424341 -0.599139
    outer loop
      vertex 52.6414 3.75372 0
      vertex 53.6496 4.1173 1.4
      vertex 52.6421 3.7526 0
    endloop
  endfacet
  facet normal 0.719889 0.354976 -0.59645
    outer loop
      vertex 53.5443 4.275 1.4
      vertex 52.6414 3.75372 0
      vertex 52.4978 4.04494 0
    endloop
  endfacet
  facet normal -0.529254 0.603442 -0.596446
    outer loop
      vertex 56.5625 3.2375 0
      vertex 56.3184 3.02341 0
      vertex 55.8253 3.9747 1.4
    endloop
  endfacet
  facet normal -0.603382 0.529334 -0.596436
    outer loop
      vertex 56.7775 3.48263 0
      vertex 55.8253 3.9747 1.4
      vertex 55.9504 4.1173 1.4
    endloop
  endfacet
  facet normal -0.599677 0.534366 -0.595684
    outer loop
      vertex 55.8253 3.9747 1.4
      vertex 56.7775 3.48263 0
      vertex 56.7766 3.48162 0
    endloop
  endfacet
  facet normal 0.719861 0.355043 -0.596444
    outer loop
      vertex 53.5443 4.275 1.4
      vertex 52.4972 4.04614 0
      vertex 53.4604 4.44511 1.4
    endloop
  endfacet
  facet normal 0.718265 0.359132 -0.595919
    outer loop
      vertex 52.4972 4.04614 0
      vertex 53.5443 4.275 1.4
      vertex 52.4978 4.04494 0
    endloop
  endfacet
  facet normal -0.146399 0.788301 -0.597619
    outer loop
      vertex 55.1253 2.52877 0
      vertex 55.1753 3.59941 1.4
      vertex 55.1267 2.52903 0
    endloop
  endfacet
  facet normal -0.1566 0.787234 -0.596439
    outer loop
      vertex 55.1753 3.59941 1.4
      vertex 55.1253 2.52877 0
      vertex 54.9893 3.56241 1.4
    endloop
  endfacet
  facet normal 0.156629 0.787226 -0.596442
    outer loop
      vertex 54.4247 3.59941 1.4
      vertex 54.4733 2.52903 0
      vertex 54.1549 2.59238 0
    endloop
  endfacet
  facet normal 0.599677 -0.534366 -0.595684
    outer loop
      vertex 53.7747 6.0253 1.4
      vertex 52.8225 6.51737 0
      vertex 52.8234 6.51838 0
    endloop
  endfacet
  facet normal 0.603382 -0.529334 -0.596436
    outer loop
      vertex 52.8225 6.51737 0
      vertex 53.7747 6.0253 1.4
      vertex 53.6496 5.8827 1.4
    endloop
  endfacet
  facet normal -0.678946 -0.424341 -0.599139
    outer loop
      vertex 56.9586 6.24628 0
      vertex 55.9504 5.8827 1.4
      vertex 56.9579 6.2474 0
    endloop
  endfacet
  facet normal -0.667515 -0.445715 -0.596458
    outer loop
      vertex 55.9504 5.8827 1.4
      vertex 56.9586 6.24628 0
      vertex 56.0557 5.725 1.4
    endloop
  endfacet
  facet normal 0.603452 0.529244 -0.596445
    outer loop
      vertex 53.7747 3.9747 1.4
      vertex 53.0375 3.2375 0
      vertex 52.8234 3.48162 0
    endloop
  endfacet
  facet normal 0.667372 -0.445953 -0.59644
    outer loop
      vertex 52.8225 6.51737 0
      vertex 53.6496 5.8827 1.4
      vertex 52.6421 6.2474 0
    endloop
  endfacet
  facet normal -0.355017 -0.719873 -0.596444
    outer loop
      vertex 55.7551 7.30222 0
      vertex 56.0463 7.15861 0
      vertex 55.525 6.25574 1.4
    endloop
  endfacet
  facet normal -0.787212 -0.156721 -0.596436
    outer loop
      vertex 57.2076 5.64512 0
      vertex 57.271 5.32666 0
      vertex 56.2006 5.37529 1.4
    endloop
  endfacet
  facet normal 0.1566 0.787234 -0.596439
    outer loop
      vertex 54.4747 2.52877 0
      vertex 54.4247 3.59941 1.4
      vertex 54.6107 3.56241 1.4
    endloop
  endfacet
  facet normal 0.146399 0.788301 -0.597619
    outer loop
      vertex 54.4247 3.59941 1.4
      vertex 54.4747 2.52877 0
      vertex 54.4733 2.52903 0
    endloop
  endfacet
  facet normal 0.257979 -0.76007 -0.59644
    outer loop
      vertex 54.1549 7.40762 0
      vertex 54.4247 6.40059 1.4
      vertex 53.8474 7.30325 0
    endloop
  endfacet
  facet normal -0.1566 -0.787234 -0.596439
    outer loop
      vertex 55.1253 7.47123 0
      vertex 55.1753 6.40059 1.4
      vertex 54.9893 6.43759 1.4
    endloop
  endfacet
  facet normal -0.146399 -0.788301 -0.597619
    outer loop
      vertex 55.1753 6.40059 1.4
      vertex 55.1253 7.47123 0
      vertex 55.1267 7.47097 0
    endloop
  endfacet
  facet normal -0.257979 -0.76007 -0.59644
    outer loop
      vertex 55.4451 7.40762 0
      vertex 55.7526 7.30325 0
      vertex 55.1753 6.40059 1.4
    endloop
  endfacet
  facet normal 0.156629 -0.787226 -0.596442
    outer loop
      vertex 54.4733 7.47097 0
      vertex 54.4247 6.40059 1.4
      vertex 54.1549 7.40762 0
    endloop
  endfacet
  facet normal 0.787245 0.156577 -0.596431
    outer loop
      vertex 53.3994 4.62471 1.4
      vertex 52.3288 4.67466 0
      vertex 53.3624 4.81074 1.4
    endloop
  endfacet
  facet normal 0.790691 0.119802 -0.600379
    outer loop
      vertex 52.3288 4.67466 0
      vertex 53.3994 4.62471 1.4
      vertex 52.329 4.67334 0
    endloop
  endfacet
  facet normal -0.52923 -0.603456 -0.596452
    outer loop
      vertex 56.3174 6.97748 0
      vertex 55.8253 6.0253 1.4
      vertex 55.6827 6.15036 1.4
    endloop
  endfacet
  facet normal -0.533971 -0.599968 -0.595746
    outer loop
      vertex 55.8253 6.0253 1.4
      vertex 56.3174 6.97748 0
      vertex 56.3184 6.97659 0
    endloop
  endfacet
  facet normal 0.25211 -0.762193 -0.59624
    outer loop
      vertex 53.8474 7.30325 0
      vertex 54.2451 6.33962 1.4
      vertex 53.8461 7.30282 0
    endloop
  endfacet
  facet normal 0.25802 -0.760052 -0.596445
    outer loop
      vertex 54.2451 6.33962 1.4
      vertex 53.8474 7.30325 0
      vertex 54.4247 6.40059 1.4
    endloop
  endfacet
  facet normal 0.529254 0.603442 -0.596446
    outer loop
      vertex 53.7747 3.9747 1.4
      vertex 53.2816 3.02341 0
      vertex 53.0375 3.2375 0
    endloop
  endfacet
  facet normal 0.0525071 0.800935 -0.596445
    outer loop
      vertex 54.476 2.52868 0
      vertex 54.6107 3.56241 1.4
      vertex 54.8 3.55 1.4
    endloop
  endfacet
  facet normal 0.0554312 0.800672 -0.596533
    outer loop
      vertex 54.6107 3.56241 1.4
      vertex 54.476 2.52868 0
      vertex 54.4747 2.52877 0
    endloop
  endfacet
  facet normal 0.603382 0.529334 -0.596436
    outer loop
      vertex 53.7747 3.9747 1.4
      vertex 52.8225 3.48263 0
      vertex 53.6496 4.1173 1.4
    endloop
  endfacet
  facet normal 0.599677 0.534366 -0.595684
    outer loop
      vertex 52.8225 3.48263 0
      vertex 53.7747 3.9747 1.4
      vertex 52.8234 3.48162 0
    endloop
  endfacet
  facet normal 0.760114 0.257854 -0.596437
    outer loop
      vertex 53.3994 4.62471 1.4
      vertex 52.4967 4.04742 0
      vertex 52.3924 4.35488 0
    endloop
  endfacet
  facet normal 0.719889 -0.354976 -0.59645
    outer loop
      vertex 52.6414 6.24628 0
      vertex 53.5443 5.725 1.4
      vertex 52.4978 5.95506 0
    endloop
  endfacet
  facet normal 0.445897 0.6674 -0.59645
    outer loop
      vertex 53.9173 3.84964 1.4
      vertex 53.5526 2.84213 0
      vertex 53.2826 3.02252 0
    endloop
  endfacet
  facet normal 0.760114 -0.257854 -0.596437
    outer loop
      vertex 52.4967 5.95258 0
      vertex 53.3994 5.37529 1.4
      vertex 52.3924 5.64512 0
    endloop
  endfacet
  facet normal -0.156629 -0.787226 -0.596442
    outer loop
      vertex 55.4451 7.40762 0
      vertex 55.1753 6.40059 1.4
      vertex 55.1267 7.47097 0
    endloop
  endfacet
  facet normal -0.0525071 -0.800935 -0.596445
    outer loop
      vertex 55.124 7.47132 0
      vertex 54.9893 6.43759 1.4
      vertex 54.8 6.45 1.4
    endloop
  endfacet
  facet normal -0.0554312 -0.800672 -0.596533
    outer loop
      vertex 54.9893 6.43759 1.4
      vertex 55.124 7.47132 0
      vertex 55.1253 7.47123 0
    endloop
  endfacet
  facet normal 0.355017 -0.719873 -0.596444
    outer loop
      vertex 53.8449 7.30222 0
      vertex 54.075 6.25574 1.4
      vertex 53.5537 7.15861 0
    endloop
  endfacet
  facet normal 0.0554312 -0.800672 -0.596533
    outer loop
      vertex 54.476 7.47132 0
      vertex 54.6107 6.43759 1.4
      vertex 54.4747 7.47123 0
    endloop
  endfacet
  facet normal 0.0525071 -0.800935 -0.596445
    outer loop
      vertex 54.6107 6.43759 1.4
      vertex 54.476 7.47132 0
      vertex 54.8 6.45 1.4
    endloop
  endfacet
  facet normal 0.678946 -0.424341 -0.599139
    outer loop
      vertex 53.6496 5.8827 1.4
      vertex 52.6414 6.24628 0
      vertex 52.6421 6.2474 0
    endloop
  endfacet
  facet normal 0.667515 -0.445715 -0.596458
    outer loop
      vertex 52.6414 6.24628 0
      vertex 53.6496 5.8827 1.4
      vertex 53.5443 5.725 1.4
    endloop
  endfacet
  facet normal -0.719889 0.354976 -0.59645
    outer loop
      vertex 57.1022 4.04494 0
      vertex 56.9586 3.75372 0
      vertex 56.0557 4.275 1.4
    endloop
  endfacet
  facet normal -0.25211 0.762193 -0.59624
    outer loop
      vertex 55.7526 2.69675 0
      vertex 55.3549 3.66038 1.4
      vertex 55.7539 2.69718 0
    endloop
  endfacet
  facet normal -0.25802 0.760052 -0.596445
    outer loop
      vertex 55.3549 3.66038 1.4
      vertex 55.7526 2.69675 0
      vertex 55.1753 3.59941 1.4
    endloop
  endfacet
  facet normal 0.529254 -0.603442 -0.596446
    outer loop
      vertex 53.2816 6.97659 0
      vertex 53.7747 6.0253 1.4
      vertex 53.0375 6.7625 0
    endloop
  endfacet
  facet normal 0.533971 -0.599968 -0.595746
    outer loop
      vertex 53.2826 6.97748 0
      vertex 53.7747 6.0253 1.4
      vertex 53.2816 6.97659 0
    endloop
  endfacet
  facet normal 0.52923 -0.603456 -0.596452
    outer loop
      vertex 53.7747 6.0253 1.4
      vertex 53.2826 6.97748 0
      vertex 53.9173 6.15036 1.4
    endloop
  endfacet
  facet normal -0.257979 0.76007 -0.59644
    outer loop
      vertex 55.7526 2.69675 0
      vertex 55.4451 2.59238 0
      vertex 55.1753 3.59941 1.4
    endloop
  endfacet
  facet normal -0.719861 0.355043 -0.596444
    outer loop
      vertex 57.1028 4.04614 0
      vertex 56.0557 4.275 1.4
      vertex 56.1396 4.44511 1.4
    endloop
  endfacet
  facet normal -0.718265 0.359132 -0.595919
    outer loop
      vertex 56.0557 4.275 1.4
      vertex 57.1028 4.04614 0
      vertex 57.1022 4.04494 0
    endloop
  endfacet
  facet normal 0.800918 -0.0526529 -0.596455
    outer loop
      vertex 52.3287 5.324 0
      vertex 53.35 5 1.4
      vertex 52.3074 5 0
    endloop
  endfacet
  facet normal 0.800918 0.0526529 -0.596455
    outer loop
      vertex 53.35 5 1.4
      vertex 52.3287 4.676 0
      vertex 52.3074 5 0
    endloop
  endfacet
  facet normal 0.257979 0.76007 -0.59644
    outer loop
      vertex 54.4247 3.59941 1.4
      vertex 54.1549 2.59238 0
      vertex 53.8474 2.69675 0
    endloop
  endfacet
  facet normal 0.355017 0.719873 -0.596444
    outer loop
      vertex 54.075 3.74426 1.4
      vertex 53.8449 2.69778 0
      vertex 53.5537 2.84139 0
    endloop
  endfacet
  facet normal 0.52923 0.603456 -0.596452
    outer loop
      vertex 53.2826 3.02252 0
      vertex 53.7747 3.9747 1.4
      vertex 53.9173 3.84964 1.4
    endloop
  endfacet
  facet normal 0.533971 0.599968 -0.595746
    outer loop
      vertex 53.7747 3.9747 1.4
      vertex 53.2826 3.02252 0
      vertex 53.2816 3.02341 0
    endloop
  endfacet
  facet normal -0.667515 0.445715 -0.596458
    outer loop
      vertex 56.9586 3.75372 0
      vertex 55.9504 4.1173 1.4
      vertex 56.0557 4.275 1.4
    endloop
  endfacet
  facet normal -0.678946 0.424341 -0.599139
    outer loop
      vertex 55.9504 4.1173 1.4
      vertex 56.9586 3.75372 0
      vertex 56.9579 3.7526 0
    endloop
  endfacet
  facet normal -0.667372 0.445953 -0.59644
    outer loop
      vertex 56.9579 3.7526 0
      vertex 56.7775 3.48263 0
      vertex 55.9504 4.1173 1.4
    endloop
  endfacet
  facet normal -0.0524813 0.800939 -0.596442
    outer loop
      vertex 55.124 2.52868 0
      vertex 54.8 2.50745 0
      vertex 54.8 3.55 1.4
    endloop
  endfacet
  facet normal 0.445955 0.667367 -0.596444
    outer loop
      vertex 53.5537 2.84139 0
      vertex 53.9173 3.84964 1.4
      vertex 54.075 3.74426 1.4
    endloop
  endfacet
  facet normal 0.448146 0.666164 -0.596147
    outer loop
      vertex 53.9173 3.84964 1.4
      vertex 53.5537 2.84139 0
      vertex 53.5526 2.84213 0
    endloop
  endfacet
  facet normal 0.787212 0.156721 -0.596436
    outer loop
      vertex 53.3994 4.62471 1.4
      vertex 52.3924 4.35488 0
      vertex 52.329 4.67334 0
    endloop
  endfacet
  facet normal 0.718265 -0.359132 -0.595919
    outer loop
      vertex 53.5443 5.725 1.4
      vertex 52.4972 5.95386 0
      vertex 52.4978 5.95506 0
    endloop
  endfacet
  facet normal 0.719861 -0.355043 -0.596444
    outer loop
      vertex 52.4972 5.95386 0
      vertex 53.5443 5.725 1.4
      vertex 53.4604 5.55489 1.4
    endloop
  endfacet
  facet normal -0.355017 0.719873 -0.596444
    outer loop
      vertex 56.0463 2.84139 0
      vertex 55.7551 2.69778 0
      vertex 55.525 3.74426 1.4
    endloop
  endfacet
  facet normal 0.359132 -0.718265 -0.595919
    outer loop
      vertex 53.8461 7.30282 0
      vertex 54.075 6.25574 1.4
      vertex 53.8449 7.30222 0
    endloop
  endfacet
  facet normal 0.354989 -0.719882 -0.59645
    outer loop
      vertex 54.075 6.25574 1.4
      vertex 53.8461 7.30282 0
      vertex 54.2451 6.33962 1.4
    endloop
  endfacet
  facet normal 0.747122 -0.291845 -0.597189
    outer loop
      vertex 53.4604 5.55489 1.4
      vertex 52.4967 5.95258 0
      vertex 52.4972 5.95386 0
    endloop
  endfacet
  facet normal 0.759994 -0.258127 -0.596472
    outer loop
      vertex 52.4967 5.95258 0
      vertex 53.4604 5.55489 1.4
      vertex 53.3994 5.37529 1.4
    endloop
  endfacet
  facet normal 0.800945 0.0524766 -0.596434
    outer loop
      vertex 53.3624 4.81074 1.4
      vertex 52.3287 4.676 0
      vertex 53.35 5 1.4
    endloop
  endfacet
  facet normal 0.800282 0.0597226 -0.596642
    outer loop
      vertex 52.3287 4.676 0
      vertex 53.3624 4.81074 1.4
      vertex 52.3288 4.67466 0
    endloop
  endfacet
  facet normal 0.354989 0.719882 -0.59645
    outer loop
      vertex 53.8461 2.69718 0
      vertex 54.075 3.74426 1.4
      vertex 54.2451 3.66038 1.4
    endloop
  endfacet
  facet normal 0.359132 0.718265 -0.595919
    outer loop
      vertex 54.075 3.74426 1.4
      vertex 53.8461 2.69718 0
      vertex 53.8449 2.69778 0
    endloop
  endfacet
  facet normal 0.0524813 0.800939 -0.596442
    outer loop
      vertex 54.8 3.55 1.4
      vertex 54.8 2.50745 0
      vertex 54.476 2.52868 0
    endloop
  endfacet
  facet normal -0.156629 0.787226 -0.596442
    outer loop
      vertex 55.1753 3.59941 1.4
      vertex 55.4451 2.59238 0
      vertex 55.1267 2.52903 0
    endloop
  endfacet
  facet normal -0.787212 0.156721 -0.596436
    outer loop
      vertex 57.271 4.67334 0
      vertex 57.2076 4.35488 0
      vertex 56.2006 4.62471 1.4
    endloop
  endfacet
  facet normal -0.790691 0.119802 -0.600379
    outer loop
      vertex 56.2006 4.62471 1.4
      vertex 57.2712 4.67466 0
      vertex 57.271 4.67334 0
    endloop
  endfacet
  facet normal -0.787245 0.156577 -0.596431
    outer loop
      vertex 57.2712 4.67466 0
      vertex 56.2006 4.62471 1.4
      vertex 56.2376 4.81074 1.4
    endloop
  endfacet
  facet normal -0.0554312 0.800672 -0.596533
    outer loop
      vertex 55.124 2.52868 0
      vertex 54.9893 3.56241 1.4
      vertex 55.1253 2.52877 0
    endloop
  endfacet
  facet normal -0.0525071 0.800935 -0.596445
    outer loop
      vertex 54.9893 3.56241 1.4
      vertex 55.124 2.52868 0
      vertex 54.8 3.55 1.4
    endloop
  endfacet
  facet normal -0.759994 0.258127 -0.596472
    outer loop
      vertex 57.1033 4.04742 0
      vertex 56.1396 4.44511 1.4
      vertex 56.2006 4.62471 1.4
    endloop
  endfacet
  facet normal -0.747122 0.291845 -0.597189
    outer loop
      vertex 56.1396 4.44511 1.4
      vertex 57.1033 4.04742 0
      vertex 57.1028 4.04614 0
    endloop
  endfacet
  facet normal -1 0 0
    outer loop
      vertex 41.65 20.1 0
      vertex 41.65 32.6 2
      vertex 41.65 32.6 0
    endloop
  endfacet
  facet normal -1 -0 0
    outer loop
      vertex 41.65 32.6 2
      vertex 41.65 20.1 0
      vertex 41.65 20.1 2
    endloop
  endfacet
  facet normal 1 -0 0
    outer loop
      vertex 18.15 20.1 2
      vertex 18.15 32.6 0
      vertex 18.15 32.6 2
    endloop
  endfacet
  facet normal 1 0 0
    outer loop
      vertex 18.15 32.6 0
      vertex 18.15 20.1 2
      vertex 18.15 20.1 0
    endloop
  endfacet
  facet normal 0 1 -0
    outer loop
      vertex 41.65 20.1 0
      vertex 18.15 20.1 2
      vertex 41.65 20.1 2
    endloop
  endfacet
  facet normal 0 1 0
    outer loop
      vertex 18.15 20.1 2
      vertex 41.65 20.1 0
      vertex 18.15 20.1 0
    endloop
  endfacet
  facet normal 0 -1 0
    outer loop
      vertex 18.15 32.6 0
      vertex 41.65 32.6 2
      vertex 18.15 32.6 2
    endloop
  endfacet
  facet normal 0 -1 -0
    outer loop
      vertex 41.65 32.6 2
      vertex 18.15 32.6 0
      vertex 41.65 32.6 0
    endloop
  endfacet
  facet normal 0 0 -1
    outer loop
      vertex 31.4959 56.6645 0.6
      vertex 32.4623 56.6238 0.6
      vertex 32.4538 56.4475 0.6
    endloop
  endfacet
  facet normal 0 0 -1
    outer loop
      vertex 32.4623 56.6238 0.6
      vertex 31.4959 56.6645 0.6
      vertex 32.4596 56.7184 0.6
    endloop
  endfacet
  facet normal -0 0 -1
    outer loop
      vertex 32.4596 56.7184 0.6
      vertex 31.4959 56.6645 0.6
      vertex 32.4515 56.8103 0.6
    endloop
  endfacet
  facet normal 0 0 -1
    outer loop
      vertex 31.4831 56.499 0.6
      vertex 32.4538 56.4475 0.6
      vertex 32.4285 56.2828 0.6
    endloop
  endfacet
  facet normal 0 0 -1
    outer loop
      vertex 31.4918 56.7374 0.6
      vertex 32.4515 56.8103 0.6
      vertex 31.4959 56.6645 0.6
    endloop
  endfacet
  facet normal -0 0 -1
    outer loop
      vertex 32.4515 56.8103 0.6
      vertex 31.4918 56.7374 0.6
      vertex 32.438 56.8997 0.6
    endloop
  endfacet
  facet normal 0 0 -1
    outer loop
      vertex 31.4831 56.499 0.6
      vertex 32.4285 56.2828 0.6
      vertex 32.3863 56.1297 0.6
    endloop
  endfacet
  facet normal -0 0 -1
    outer loop
      vertex 32.438 56.8997 0.6
      vertex 31.4918 56.7374 0.6
      vertex 32.4191 56.9864 0.6
    endloop
  endfacet
  facet normal 0 0 -1
    outer loop
      vertex 31.4795 56.8106 0.6
      vertex 32.4191 56.9864 0.6
      vertex 31.4918 56.7374 0.6
    endloop
  endfacet
  facet normal 0 0 -1
    outer loop
      vertex 31.4447 56.3589 0.6
      vertex 32.3863 56.1297 0.6
      vertex 32.3272 55.9883 0.6
    endloop
  endfacet
  facet normal -0 0 -1
    outer loop
      vertex 32.4191 56.9864 0.6
      vertex 31.4795 56.8106 0.6
      vertex 32.3948 57.0704 0.6
    endloop
  endfacet
  facet normal 0 0 -1
    outer loop
      vertex 31.4447 56.3589 0.6
      vertex 32.3272 55.9883 0.6
      vertex 32.2512 55.8585 0.6
    endloop
  endfacet
  facet normal -0 0 -1
    outer loop
      vertex 32.3948 57.0704 0.6
      vertex 31.4795 56.8106 0.6
      vertex 32.3651 57.1519 0.6
    endloop
  endfacet
  facet normal 0 0 -1
    outer loop
      vertex 31.4589 56.8843 0.6
      vertex 32.3651 57.1519 0.6
      vertex 31.4795 56.8106 0.6
    endloop
  endfacet
  facet normal 0 0 -1
    outer loop
      vertex 31.4447 56.3589 0.6
      vertex 32.2512 55.8585 0.6
      vertex 32.1584 55.7403 0.6
    endloop
  endfacet
  facet normal -0 0 -1
    outer loop
      vertex 32.3651 57.1519 0.6
      vertex 31.4589 56.8843 0.6
      vertex 32.33 57.2307 0.6
    endloop
  endfacet
  facet normal -0 0 -1
    outer loop
      vertex 32.33 57.2307 0.6
      vertex 31.4589 56.8843 0.6
      vertex 32.2907 57.3073 0.6
    endloop
  endfacet
  facet normal 0 0 -1
    outer loop
      vertex 31.3807 56.2443 0.6
      vertex 32.1584 55.7403 0.6
      vertex 32.0486 55.6337 0.6
    endloop
  endfacet
  facet normal 0 0 -1
    outer loop
      vertex 31.43 56.9584 0.6
      vertex 32.2907 57.3073 0.6
      vertex 31.4589 56.8843 0.6
    endloop
  endfacet
  facet normal -0 0 -1
    outer loop
      vertex 32.2907 57.3073 0.6
      vertex 31.43 56.9584 0.6
      vertex 32.2484 57.3822 0.6
    endloop
  endfacet
  facet normal -0 0 -1
    outer loop
      vertex 32.2484 57.3822 0.6
      vertex 31.43 56.9584 0.6
      vertex 32.203 57.4554 0.6
    endloop
  endfacet
  facet normal 0 0 -1
    outer loop
      vertex 31.3807 56.2443 0.6
      vertex 32.0486 55.6337 0.6
      vertex 31.9231 55.5402 0.6
    endloop
  endfacet
  facet normal 0 0 -1
    outer loop
      vertex 31.393 57.033 0.6
      vertex 32.203 57.4554 0.6
      vertex 31.43 56.9584 0.6
    endloop
  endfacet
  facet normal -0 0 -1
    outer loop
      vertex 32.203 57.4554 0.6
      vertex 31.393 57.033 0.6
      vertex 32.1546 57.5269 0.6
    endloop
  endfacet
  facet normal 0 0 -1
    outer loop
      vertex 31.2911 56.1552 0.6
      vertex 31.9231 55.5402 0.6
      vertex 31.7829 55.461 0.6
    endloop
  endfacet
  facet normal -0 0 -1
    outer loop
      vertex 32.1546 57.5269 0.6
      vertex 31.393 57.033 0.6
      vertex 32.1031 57.5966 0.6
    endloop
  endfacet
  facet normal 0 0 -1
    outer loop
      vertex 31.3477 57.1079 0.6
      vertex 32.1031 57.5966 0.6
      vertex 31.393 57.033 0.6
    endloop
  endfacet
  facet normal 0 0 -1
    outer loop
      vertex 31.2911 56.1552 0.6
      vertex 31.7829 55.461 0.6
      vertex 31.628 55.3963 0.6
    endloop
  endfacet
  facet normal -0 0 -1
    outer loop
      vertex 32.1031 57.5966 0.6
      vertex 31.3477 57.1079 0.6
      vertex 32.0485 57.6646 0.6
    endloop
  endfacet
  facet normal -0 0 -1
    outer loop
      vertex 32.0485 57.6646 0.6
      vertex 31.3477 57.1079 0.6
      vertex 31.991 57.7308 0.6
    endloop
  endfacet
  facet normal 0 0 -1
    outer loop
      vertex 31.2942 57.1832 0.6
      vertex 31.991 57.7308 0.6
      vertex 31.3477 57.1079 0.6
    endloop
  endfacet
  facet normal 0 0 -1
    outer loop
      vertex 32.4538 56.4475 0.6
      vertex 31.4831 56.499 0.6
      vertex 31.4959 56.6645 0.6
    endloop
  endfacet
  facet normal 0 0 -1
    outer loop
      vertex 31.1759 56.0915 0.6
      vertex 31.628 55.3963 0.6
      vertex 31.4585 55.3459 0.6
    endloop
  endfacet
  facet normal 0 0 -1
    outer loop
      vertex 32.3863 56.1297 0.6
      vertex 31.4447 56.3589 0.6
      vertex 31.4831 56.499 0.6
    endloop
  endfacet
  facet normal 0 0 -1
    outer loop
      vertex 32.1584 55.7403 0.6
      vertex 31.3807 56.2443 0.6
      vertex 31.4447 56.3589 0.6
    endloop
  endfacet
  facet normal 0 0 -1
    outer loop
      vertex 31.9231 55.5402 0.6
      vertex 31.2911 56.1552 0.6
      vertex 31.3807 56.2443 0.6
    endloop
  endfacet
  facet normal 0 0 -1
    outer loop
      vertex 31.1759 56.0915 0.6
      vertex 31.4585 55.3459 0.6
      vertex 31.2743 55.3099 0.6
    endloop
  endfacet
  facet normal 0 0 -1
    outer loop
      vertex 31.628 55.3963 0.6
      vertex 31.1759 56.0915 0.6
      vertex 31.2911 56.1552 0.6
    endloop
  endfacet
  facet normal 0 0 -1
    outer loop
      vertex 31.0351 56.0533 0.6
      vertex 31.2743 55.3099 0.6
      vertex 31.0754 55.2883 0.6
    endloop
  endfacet
  facet normal 0 0 -1
    outer loop
      vertex 31.2743 55.3099 0.6
      vertex 31.0351 56.0533 0.6
      vertex 31.1759 56.0915 0.6
    endloop
  endfacet
  facet normal 0 0 -1
    outer loop
      vertex 31.0754 55.2883 0.6
      vertex 30.8687 56.0406 0.6
      vertex 31.0351 56.0533 0.6
    endloop
  endfacet
  facet normal 0 0 -1
    outer loop
      vertex 30.8619 55.2811 0.6
      vertex 30.8687 56.0406 0.6
      vertex 31.0754 55.2883 0.6
    endloop
  endfacet
  facet normal 0 0 -1
    outer loop
      vertex 30.8619 55.2811 0.6
      vertex 30.7844 56.044 0.6
      vertex 30.8687 56.0406 0.6
    endloop
  endfacet
  facet normal 0 0 -1
    outer loop
      vertex 30.6636 55.2882 0.6
      vertex 30.7844 56.044 0.6
      vertex 30.8619 55.2811 0.6
    endloop
  endfacet
  facet normal -0 0 -1
    outer loop
      vertex 30.7844 56.044 0.6
      vertex 30.6636 55.2882 0.6
      vertex 30.7061 56.054 0.6
    endloop
  endfacet
  facet normal 0 0 -1
    outer loop
      vertex 30.4776 55.3096 0.6
      vertex 30.7061 56.054 0.6
      vertex 30.6636 55.2882 0.6
    endloop
  endfacet
  facet normal -0 0 -1
    outer loop
      vertex 30.7061 56.054 0.6
      vertex 30.4776 55.3096 0.6
      vertex 30.6336 56.0708 0.6
    endloop
  endfacet
  facet normal -0 0 -1
    outer loop
      vertex 30.6336 56.0708 0.6
      vertex 30.4776 55.3096 0.6
      vertex 30.567 56.0943 0.6
    endloop
  endfacet
  facet normal 0 0 -1
    outer loop
      vertex 30.3038 55.3452 0.6
      vertex 30.567 56.0943 0.6
      vertex 30.4776 55.3096 0.6
    endloop
  endfacet
  facet normal -0 0 -1
    outer loop
      vertex 30.567 56.0943 0.6
      vertex 30.3038 55.3452 0.6
      vertex 30.5063 56.1245 0.6
    endloop
  endfacet
  facet normal 0 0 -1
    outer loop
      vertex 30.1422 55.3951 0.6
      vertex 30.5063 56.1245 0.6
      vertex 30.3038 55.3452 0.6
    endloop
  endfacet
  facet normal -0 0 -1
    outer loop
      vertex 30.5063 56.1245 0.6
      vertex 30.1422 55.3951 0.6
      vertex 30.4514 56.1614 0.6
    endloop
  endfacet
  facet normal 0 0 -1
    outer loop
      vertex 29.993 55.4593 0.6
      vertex 30.4514 56.1614 0.6
      vertex 30.1422 55.3951 0.6
    endloop
  endfacet
  facet normal -0 0 -1
    outer loop
      vertex 30.4514 56.1614 0.6
      vertex 29.993 55.4593 0.6
      vertex 30.4025 56.205 0.6
    endloop
  endfacet
  facet normal 0 0 -1
    outer loop
      vertex 29.8559 55.5377 0.6
      vertex 30.4025 56.205 0.6
      vertex 29.993 55.4593 0.6
    endloop
  endfacet
  facet normal 0 0 -1
    outer loop
      vertex 29.7311 55.6303 0.6
      vertex 30.4025 56.205 0.6
      vertex 29.8559 55.5377 0.6
    endloop
  endfacet
  facet normal -0 0 -1
    outer loop
      vertex 30.4025 56.205 0.6
      vertex 29.7311 55.6303 0.6
      vertex 30.3588 56.2554 0.6
    endloop
  endfacet
  facet normal 0 0 -1
    outer loop
      vertex 29.6193 55.7366 0.6
      vertex 30.3588 56.2554 0.6
      vertex 29.7311 55.6303 0.6
    endloop
  endfacet
  facet normal -0 0 -1
    outer loop
      vertex 30.3588 56.2554 0.6
      vertex 29.6193 55.7366 0.6
      vertex 30.3197 56.3124 0.6
    endloop
  endfacet
  facet normal 0 0 -1
    outer loop
      vertex 29.521 55.8556 0.6
      vertex 30.3197 56.3124 0.6
      vertex 29.6193 55.7366 0.6
    endloop
  endfacet
  facet normal -0 0 -1
    outer loop
      vertex 30.3197 56.3124 0.6
      vertex 29.521 55.8556 0.6
      vertex 30.2853 56.3762 0.6
    endloop
  endfacet
  facet normal 0 0 -1
    outer loop
      vertex 29.4365 55.9876 0.6
      vertex 30.2853 56.3762 0.6
      vertex 29.521 55.8556 0.6
    endloop
  endfacet
  facet normal -0 0 -1
    outer loop
      vertex 30.2853 56.3762 0.6
      vertex 29.4365 55.9876 0.6
      vertex 30.2555 56.4467 0.6
    endloop
  endfacet
  facet normal 0 0 -1
    outer loop
      vertex 29.3655 56.1324 0.6
      vertex 30.2555 56.4467 0.6
      vertex 29.4365 55.9876 0.6
    endloop
  endfacet
  facet normal -0 0 -1
    outer loop
      vertex 30.2555 56.4467 0.6
      vertex 29.3655 56.1324 0.6
      vertex 30.2303 56.5239 0.6
    endloop
  endfacet
  facet normal 0 0 -1
    outer loop
      vertex 29.3082 56.2901 0.6
      vertex 30.2303 56.5239 0.6
      vertex 29.3655 56.1324 0.6
    endloop
  endfacet
  facet normal -0 0 -1
    outer loop
      vertex 30.2303 56.5239 0.6
      vertex 29.3082 56.2901 0.6
      vertex 30.2098 56.6078 0.6
    endloop
  endfacet
  facet normal 0 0 -1
    outer loop
      vertex 29.2645 56.4607 0.6
      vertex 30.2098 56.6078 0.6
      vertex 29.3082 56.2901 0.6
    endloop
  endfacet
  facet normal -0 0 -1
    outer loop
      vertex 30.2098 56.6078 0.6
      vertex 29.2645 56.4607 0.6
      vertex 30.1939 56.6984 0.6
    endloop
  endfacet
  facet normal 0 0 -1
    outer loop
      vertex 30.1939 56.6984 0.6
      vertex 29.2645 56.4607 0.6
      vertex 29.2344 56.6441 0.6
    endloop
  endfacet
  facet normal -0 0 -1
    outer loop
      vertex 31.991 57.7308 0.6
      vertex 31.2942 57.1832 0.6
      vertex 31.9309 57.7956 0.6
    endloop
  endfacet
  facet normal 0 0 -1
    outer loop
      vertex 31.2304 57.2617 0.6
      vertex 31.9309 57.7956 0.6
      vertex 31.2942 57.1832 0.6
    endloop
  endfacet
  facet normal -0 0 -1
    outer loop
      vertex 31.9309 57.7956 0.6
      vertex 31.2304 57.2617 0.6
      vertex 31.869 57.8592 0.6
    endloop
  endfacet
  facet normal -0 0 -1
    outer loop
      vertex 31.869 57.8592 0.6
      vertex 31.2304 57.2617 0.6
      vertex 31.8053 57.9217 0.6
    endloop
  endfacet
  facet normal 0 0 -1
    outer loop
      vertex 31.1544 57.346 0.6
      vertex 31.8053 57.9217 0.6
      vertex 31.2304 57.2617 0.6
    endloop
  endfacet
  facet normal -0 0 -1
    outer loop
      vertex 31.8053 57.9217 0.6
      vertex 31.1544 57.346 0.6
      vertex 31.7396 57.983 0.6
    endloop
  endfacet
  facet normal -0 0 -1
    outer loop
      vertex 31.7396 57.983 0.6
      vertex 31.1544 57.346 0.6
      vertex 31.6721 58.0431 0.6
    endloop
  endfacet
  facet normal 0 0 -1
    outer loop
      vertex 31.0662 57.4361 0.6
      vertex 31.6721 58.0431 0.6
      vertex 31.1544 57.346 0.6
    endloop
  endfacet
  facet normal -0 0 -1
    outer loop
      vertex 31.6721 58.0431 0.6
      vertex 31.0662 57.4361 0.6
      vertex 31.6028 58.102 0.6
    endloop
  endfacet
  facet normal 0 0 -1
    outer loop
      vertex 30.9656 57.532 0.6
      vertex 31.6028 58.102 0.6
      vertex 31.0662 57.4361 0.6
    endloop
  endfacet
  facet normal -0 0 -1
    outer loop
      vertex 31.6028 58.102 0.6
      vertex 30.9656 57.532 0.6
      vertex 31.5315 58.1597 0.6
    endloop
  endfacet
  facet normal -0 0 -1
    outer loop
      vertex 31.5315 58.1597 0.6
      vertex 30.9656 57.532 0.6
      vertex 31.4597 58.2167 0.6
    endloop
  endfacet
  facet normal 0 0 -1
    outer loop
      vertex 30.8529 57.6337 0.6
      vertex 31.4597 58.2167 0.6
      vertex 30.9656 57.532 0.6
    endloop
  endfacet
  facet normal -0 0 -1
    outer loop
      vertex 31.4597 58.2167 0.6
      vertex 30.8529 57.6337 0.6
      vertex 31.3884 58.2732 0.6
    endloop
  endfacet
  facet normal -0 0 -1
    outer loop
      vertex 31.3884 58.2732 0.6
      vertex 30.8529 57.6337 0.6
      vertex 31.3178 58.3293 0.6
    endloop
  endfacet
  facet normal 0 0 -1
    outer loop
      vertex 30.7279 57.7412 0.6
      vertex 31.3178 58.3293 0.6
      vertex 30.8529 57.6337 0.6
    endloop
  endfacet
  facet normal -0 0 -1
    outer loop
      vertex 31.3178 58.3293 0.6
      vertex 30.7279 57.7412 0.6
      vertex 31.2478 58.385 0.6
    endloop
  endfacet
  facet normal -0 0 -1
    outer loop
      vertex 31.2478 58.385 0.6
      vertex 30.7279 57.7412 0.6
      vertex 31.1784 58.4403 0.6
    endloop
  endfacet
  facet normal 0 0 -1
    outer loop
      vertex 30.5906 57.8546 0.6
      vertex 31.1784 58.4403 0.6
      vertex 30.7279 57.7412 0.6
    endloop
  endfacet
  facet normal -0 0 -1
    outer loop
      vertex 31.1784 58.4403 0.6
      vertex 30.5906 57.8546 0.6
      vertex 31.1097 58.4952 0.6
    endloop
  endfacet
  facet normal -0 0 -1
    outer loop
      vertex 31.1097 58.4952 0.6
      vertex 30.5906 57.8546 0.6
      vertex 31.0416 58.5497 0.6
    endloop
  endfacet
  facet normal 0 0 -1
    outer loop
      vertex 30.4451 57.975 0.6
      vertex 31.0416 58.5497 0.6
      vertex 30.5906 57.8546 0.6
    endloop
  endfacet
  facet normal -0 0 -1
    outer loop
      vertex 31.0416 58.5497 0.6
      vertex 30.4451 57.975 0.6
      vertex 30.9746 58.604 0.6
    endloop
  endfacet
  facet normal -0 0 -1
    outer loop
      vertex 30.9746 58.604 0.6
      vertex 30.4451 57.975 0.6
      vertex 30.9094 58.6584 0.6
    endloop
  endfacet
  facet normal 0 0 -1
    outer loop
      vertex 30.3068 58.094 0.6
      vertex 30.9094 58.6584 0.6
      vertex 30.4451 57.975 0.6
    endloop
  endfacet
  facet normal -0 0 -1
    outer loop
      vertex 30.9094 58.6584 0.6
      vertex 30.3068 58.094 0.6
      vertex 30.8459 58.713 0.6
    endloop
  endfacet
  facet normal -0 0 -1
    outer loop
      vertex 30.8459 58.713 0.6
      vertex 30.3068 58.094 0.6
      vertex 30.7842 58.7678 0.6
    endloop
  endfacet
  facet normal 0 0 -1
    outer loop
      vertex 30.1758 58.2116 0.6
      vertex 30.7842 58.7678 0.6
      vertex 30.3068 58.094 0.6
    endloop
  endfacet
  facet normal -0 0 -1
    outer loop
      vertex 30.7842 58.7678 0.6
      vertex 30.1758 58.2116 0.6
      vertex 30.7242 58.8226 0.6
    endloop
  endfacet
  facet normal -0 0 -1
    outer loop
      vertex 30.7242 58.8226 0.6
      vertex 30.1758 58.2116 0.6
      vertex 30.6659 58.8776 0.6
    endloop
  endfacet
  facet normal 0 0 -1
    outer loop
      vertex 30.052 58.3279 0.6
      vertex 30.6659 58.8776 0.6
      vertex 30.1758 58.2116 0.6
    endloop
  endfacet
  facet normal -0 0 -1
    outer loop
      vertex 30.6659 58.8776 0.6
      vertex 30.052 58.3279 0.6
      vertex 30.6093 58.9328 0.6
    endloop
  endfacet
  facet normal -0 0 -1
    outer loop
      vertex 30.6093 58.9328 0.6
      vertex 30.052 58.3279 0.6
      vertex 30.5556 58.9886 0.6
    endloop
  endfacet
  facet normal 0 0 -1
    outer loop
      vertex 29.9355 58.4427 0.6
      vertex 30.5556 58.9886 0.6
      vertex 30.052 58.3279 0.6
    endloop
  endfacet
  facet normal -0 0 -1
    outer loop
      vertex 30.5556 58.9886 0.6
      vertex 29.9355 58.4427 0.6
      vertex 30.506 59.0454 0.6
    endloop
  endfacet
  facet normal 0 0 -1
    outer loop
      vertex 29.8263 58.5562 0.6
      vertex 30.506 59.0454 0.6
      vertex 29.9355 58.4427 0.6
    endloop
  endfacet
  facet normal -0 0 -1
    outer loop
      vertex 30.506 59.0454 0.6
      vertex 29.8263 58.5562 0.6
      vertex 30.4605 59.1034 0.6
    endloop
  endfacet
  facet normal 0 0 -1
    outer loop
      vertex 30.3194 59.3464 0.6
      vertex 32.5369 60.1297 0.6
      vertex 32.5369 59.3464 0.6
    endloop
  endfacet
  facet normal -0 0 -1
    outer loop
      vertex 30.4605 59.1034 0.6
      vertex 29.8263 58.5562 0.6
      vertex 30.4191 59.1625 0.6
    endloop
  endfacet
  facet normal 0 0 -1
    outer loop
      vertex 29.7243 58.6683 0.6
      vertex 30.4191 59.1625 0.6
      vertex 29.8263 58.5562 0.6
    endloop
  endfacet
  facet normal -0 0 -1
    outer loop
      vertex 30.4191 59.1625 0.6
      vertex 29.7243 58.6683 0.6
      vertex 30.3818 59.2227 0.6
    endloop
  endfacet
  facet normal 0 0 -1
    outer loop
      vertex 29.6292 58.7801 0.6
      vertex 30.3818 59.2227 0.6
      vertex 29.7243 58.6683 0.6
    endloop
  endfacet
  facet normal -0 0 -1
    outer loop
      vertex 30.3818 59.2227 0.6
      vertex 29.6292 58.7801 0.6
      vertex 30.3485 59.284 0.6
    endloop
  endfacet
  facet normal 0 0 -1
    outer loop
      vertex 29.5405 58.8928 0.6
      vertex 30.3485 59.284 0.6
      vertex 29.6292 58.7801 0.6
    endloop
  endfacet
  facet normal -0 0 -1
    outer loop
      vertex 30.3485 59.284 0.6
      vertex 29.5405 58.8928 0.6
      vertex 30.3194 59.3464 0.6
    endloop
  endfacet
  facet normal 0 0 -1
    outer loop
      vertex 29.4583 59.0063 0.6
      vertex 30.3194 59.3464 0.6
      vertex 29.5405 58.8928 0.6
    endloop
  endfacet
  facet normal 0 0 -1
    outer loop
      vertex 29.3825 59.1206 0.6
      vertex 30.3194 59.3464 0.6
      vertex 29.4583 59.0063 0.6
    endloop
  endfacet
  facet normal 0 0 -1
    outer loop
      vertex 29.3131 59.2357 0.6
      vertex 30.3194 59.3464 0.6
      vertex 29.3825 59.1206 0.6
    endloop
  endfacet
  facet normal 0 0 -1
    outer loop
      vertex 29.2502 59.3517 0.6
      vertex 30.3194 59.3464 0.6
      vertex 29.3131 59.2357 0.6
    endloop
  endfacet
  facet normal 0 0 -1
    outer loop
      vertex 29.1937 59.4685 0.6
      vertex 30.3194 59.3464 0.6
      vertex 29.2502 59.3517 0.6
    endloop
  endfacet
  facet normal 0 0 -1
    outer loop
      vertex 30.3194 59.3464 0.6
      vertex 29.1937 59.4685 0.6
      vertex 29.1937 60.1297 0.6
    endloop
  endfacet
  facet normal 0 0 -1
    outer loop
      vertex 30.3194 59.3464 0.6
      vertex 29.1937 60.1297 0.6
      vertex 32.5369 60.1297 0.6
    endloop
  endfacet
  facet normal 0 0 -1
    outer loop
      vertex 27.6703 56.5252 0.6
      vertex 28.6213 56.3023 0.6
      vertex 28.565 56.1414 0.6
    endloop
  endfacet
  facet normal 0 0 -1
    outer loop
      vertex 27.6396 56.4464 0.6
      vertex 28.565 56.1414 0.6
      vertex 28.4959 55.9953 0.6
    endloop
  endfacet
  facet normal 0 0 -1
    outer loop
      vertex 27.6025 56.3738 0.6
      vertex 28.4959 55.9953 0.6
      vertex 28.4138 55.8641 0.6
    endloop
  endfacet
  facet normal 0 0 -1
    outer loop
      vertex 27.6025 56.3738 0.6
      vertex 28.4138 55.8641 0.6
      vertex 28.3187 55.7476 0.6
    endloop
  endfacet
  facet normal 0 0 -1
    outer loop
      vertex 27.5592 56.3074 0.6
      vertex 28.3187 55.7476 0.6
      vertex 28.2107 55.646 0.6
    endloop
  endfacet
  facet normal 0 0 -1
    outer loop
      vertex 27.5095 56.2473 0.6
      vertex 28.2107 55.646 0.6
      vertex 28.0898 55.5591 0.6
    endloop
  endfacet
  facet normal 0 0 -1
    outer loop
      vertex 27.5095 56.2473 0.6
      vertex 28.0898 55.5591 0.6
      vertex 27.9534 55.4854 0.6
    endloop
  endfacet
  facet normal 0 0 -1
    outer loop
      vertex 27.4536 56.1934 0.6
      vertex 27.9534 55.4854 0.6
      vertex 27.7989 55.423 0.6
    endloop
  endfacet
  facet normal 0 0 -1
    outer loop
      vertex 28.4959 55.9953 0.6
      vertex 27.6025 56.3738 0.6
      vertex 27.6396 56.4464 0.6
    endloop
  endfacet
  facet normal 0 0 -1
    outer loop
      vertex 28.6213 56.3023 0.6
      vertex 27.6948 56.6102 0.6
      vertex 28.6645 56.478 0.6
    endloop
  endfacet
  facet normal 0 0 -1
    outer loop
      vertex 28.6213 56.3023 0.6
      vertex 27.6703 56.5252 0.6
      vertex 27.6948 56.6102 0.6
    endloop
  endfacet
  facet normal 0 0 -1
    outer loop
      vertex 27.3913 56.1457 0.6
      vertex 27.7989 55.423 0.6
      vertex 27.6264 55.3719 0.6
    endloop
  endfacet
  facet normal 0 0 -1
    outer loop
      vertex 28.565 56.1414 0.6
      vertex 27.6396 56.4464 0.6
      vertex 27.6703 56.5252 0.6
    endloop
  endfacet
  facet normal 0 0 -1
    outer loop
      vertex 28.3187 55.7476 0.6
      vertex 27.5592 56.3074 0.6
      vertex 27.6025 56.3738 0.6
    endloop
  endfacet
  facet normal 0 0 -1
    outer loop
      vertex 28.2107 55.646 0.6
      vertex 27.5095 56.2473 0.6
      vertex 27.5592 56.3074 0.6
    endloop
  endfacet
  facet normal 0 0 -1
    outer loop
      vertex 27.9534 55.4854 0.6
      vertex 27.4536 56.1934 0.6
      vertex 27.5095 56.2473 0.6
    endloop
  endfacet
  facet normal 0 0 -1
    outer loop
      vertex 27.3219 56.1044 0.6
      vertex 27.6264 55.3719 0.6
      vertex 27.4358 55.3322 0.6
    endloop
  endfacet
  facet normal 0 0 -1
    outer loop
      vertex 27.7989 55.423 0.6
      vertex 27.3913 56.1457 0.6
      vertex 27.4536 56.1934 0.6
    endloop
  endfacet
  facet normal 0 0 -1
    outer loop
      vertex 27.6264 55.3719 0.6
      vertex 27.3219 56.1044 0.6
      vertex 27.3913 56.1457 0.6
    endloop
  endfacet
  facet normal 0 0 -1
    outer loop
      vertex 27.4358 55.3322 0.6
      vertex 27.2444 56.0693 0.6
      vertex 27.3219 56.1044 0.6
    endloop
  endfacet
  facet normal 0 0 -1
    outer loop
      vertex 27.1588 56.0407 0.6
      vertex 27.4358 55.3322 0.6
      vertex 27.2271 55.3038 0.6
    endloop
  endfacet
  facet normal 0 0 -1
    outer loop
      vertex 27.4358 55.3322 0.6
      vertex 27.1588 56.0407 0.6
      vertex 27.2444 56.0693 0.6
    endloop
  endfacet
  facet normal 0 0 -1
    outer loop
      vertex 27.2271 55.3038 0.6
      vertex 27.065 56.0184 0.6
      vertex 27.1588 56.0407 0.6
    endloop
  endfacet
  facet normal 0 0 -1
    outer loop
      vertex 27.0004 55.2868 0.6
      vertex 27.065 56.0184 0.6
      vertex 27.2271 55.3038 0.6
    endloop
  endfacet
  facet normal 0 0 -1
    outer loop
      vertex 27.0004 55.2868 0.6
      vertex 26.9632 56.0025 0.6
      vertex 27.065 56.0184 0.6
    endloop
  endfacet
  facet normal 0 0 -1
    outer loop
      vertex 27.0004 55.2868 0.6
      vertex 26.8533 55.9929 0.6
      vertex 26.9632 56.0025 0.6
    endloop
  endfacet
  facet normal 0 0 -1
    outer loop
      vertex 26.7556 55.2811 0.6
      vertex 26.8533 55.9929 0.6
      vertex 27.0004 55.2868 0.6
    endloop
  endfacet
  facet normal 0 0 -1
    outer loop
      vertex 26.7556 55.2811 0.6
      vertex 26.7353 55.9897 0.6
      vertex 26.8533 55.9929 0.6
    endloop
  endfacet
  facet normal 0 0 -1
    outer loop
      vertex 26.4992 55.2881 0.6
      vertex 26.7353 55.9897 0.6
      vertex 26.7556 55.2811 0.6
    endloop
  endfacet
  facet normal 0 0 -1
    outer loop
      vertex 26.4992 55.2881 0.6
      vertex 26.4942 56.0014 0.6
      vertex 26.7353 55.9897 0.6
    endloop
  endfacet
  facet normal 0 0 -1
    outer loop
      vertex 26.2609 55.3092 0.6
      vertex 26.4942 56.0014 0.6
      vertex 26.4992 55.2881 0.6
    endloop
  endfacet
  facet normal -0 0 -1
    outer loop
      vertex 26.4942 56.0014 0.6
      vertex 26.2609 55.3092 0.6
      vertex 26.2902 56.0362 0.6
    endloop
  endfacet
  facet normal 0 0 -1
    outer loop
      vertex 26.0406 55.3443 0.6
      vertex 26.2902 56.0362 0.6
      vertex 26.2609 55.3092 0.6
    endloop
  endfacet
  facet normal -0 0 -1
    outer loop
      vertex 26.2902 56.0362 0.6
      vertex 26.0406 55.3443 0.6
      vertex 26.1233 56.0944 0.6
    endloop
  endfacet
  facet normal 0 0 -1
    outer loop
      vertex 25.8384 55.3935 0.6
      vertex 26.1233 56.0944 0.6
      vertex 26.0406 55.3443 0.6
    endloop
  endfacet
  facet normal 0 0 -1
    outer loop
      vertex 25.6542 55.4567 0.6
      vertex 26.1233 56.0944 0.6
      vertex 25.8384 55.3935 0.6
    endloop
  endfacet
  facet normal -0 0 -1
    outer loop
      vertex 26.1233 56.0944 0.6
      vertex 25.6542 55.4567 0.6
      vertex 25.9935 56.1757 0.6
    endloop
  endfacet
  facet normal 0 0 -1
    outer loop
      vertex 25.4881 55.5339 0.6
      vertex 25.9935 56.1757 0.6
      vertex 25.6542 55.4567 0.6
    endloop
  endfacet
  facet normal 0 0 -1
    outer loop
      vertex 25.34 55.6252 0.6
      vertex 25.9935 56.1757 0.6
      vertex 25.4881 55.5339 0.6
    endloop
  endfacet
  facet normal -0 0 -1
    outer loop
      vertex 25.9935 56.1757 0.6
      vertex 25.34 55.6252 0.6
      vertex 25.9008 56.2804 0.6
    endloop
  endfacet
  facet normal 0 0 -1
    outer loop
      vertex 25.8266 56.5593 0.6
      vertex 25.7131 57.817 0.6
      vertex 25.7723 57.8393 0.6
    endloop
  endfacet
  facet normal 0 0 -1
    outer loop
      vertex 25.8266 56.5593 0.6
      vertex 25.6555 57.7935 0.6
      vertex 25.7131 57.817 0.6
    endloop
  endfacet
  facet normal 0 0 -1
    outer loop
      vertex 25.211 55.7298 0.6
      vertex 25.9008 56.2804 0.6
      vertex 25.34 55.6252 0.6
    endloop
  endfacet
  facet normal 0 0 -1
    outer loop
      vertex 25.8266 56.5593 0.6
      vertex 25.5996 57.769 0.6
      vertex 25.6555 57.7935 0.6
    endloop
  endfacet
  facet normal 0 0 -1
    outer loop
      vertex 25.8266 56.5593 0.6
      vertex 25.5453 57.7433 0.6
      vertex 25.5996 57.769 0.6
    endloop
  endfacet
  facet normal 0 0 -1
    outer loop
      vertex 25.8266 56.5593 0.6
      vertex 25.4927 57.7165 0.6
      vertex 25.5453 57.7433 0.6
    endloop
  endfacet
  facet normal 0 0 -1
    outer loop
      vertex 25.1017 55.8467 0.6
      vertex 25.9008 56.2804 0.6
      vertex 25.211 55.7298 0.6
    endloop
  endfacet
  facet normal 0 -0 -1
    outer loop
      vertex 24.8589 56.7576 0.6
      vertex 25.8266 56.5593 0.6
      vertex 24.8548 56.6885 0.6
    endloop
  endfacet
  facet normal 0 -0 -1
    outer loop
      vertex 24.8656 56.8244 0.6
      vertex 25.8266 56.5593 0.6
      vertex 24.8589 56.7576 0.6
    endloop
  endfacet
  facet normal 0 0 -1
    outer loop
      vertex 25.8266 56.5593 0.6
      vertex 25.4418 57.6886 0.6
      vertex 25.4927 57.7165 0.6
    endloop
  endfacet
  facet normal -0 0 -1
    outer loop
      vertex 25.9008 56.2804 0.6
      vertex 25.1017 55.8467 0.6
      vertex 25.8451 56.4082 0.6
    endloop
  endfacet
  facet normal 0 -0 -1
    outer loop
      vertex 24.8751 56.8888 0.6
      vertex 25.8266 56.5593 0.6
      vertex 24.8656 56.8244 0.6
    endloop
  endfacet
  facet normal 0 0 -1
    outer loop
      vertex 25.8266 56.5593 0.6
      vertex 25.3926 57.6596 0.6
      vertex 25.4418 57.6886 0.6
    endloop
  endfacet
  facet normal 0 0 -1
    outer loop
      vertex 25.8266 56.5593 0.6
      vertex 25.3452 57.6292 0.6
      vertex 25.3926 57.6596 0.6
    endloop
  endfacet
  facet normal 0 0 -1
    outer loop
      vertex 25.0124 55.976 0.6
      vertex 25.8451 56.4082 0.6
      vertex 25.1017 55.8467 0.6
    endloop
  endfacet
  facet normal 0 0 -1
    outer loop
      vertex 25.8266 56.5593 0.6
      vertex 25.2998 57.5971 0.6
      vertex 25.3452 57.6292 0.6
    endloop
  endfacet
  facet normal 0 0 -1
    outer loop
      vertex 25.8266 56.5593 0.6
      vertex 25.2566 57.5632 0.6
      vertex 25.2998 57.5971 0.6
    endloop
  endfacet
  facet normal 0 0 -1
    outer loop
      vertex 25.8266 56.5593 0.6
      vertex 25.2154 57.5276 0.6
      vertex 25.2566 57.5632 0.6
    endloop
  endfacet
  facet normal 0 0 -1
    outer loop
      vertex 24.9429 56.1176 0.6
      vertex 25.8451 56.4082 0.6
      vertex 25.0124 55.976 0.6
    endloop
  endfacet
  facet normal 0 0 -1
    outer loop
      vertex 25.8266 56.5593 0.6
      vertex 25.1763 57.4902 0.6
      vertex 25.2154 57.5276 0.6
    endloop
  endfacet
  facet normal 0 0 -1
    outer loop
      vertex 25.8266 56.5593 0.6
      vertex 25.1393 57.4512 0.6
      vertex 25.1763 57.4902 0.6
    endloop
  endfacet
  facet normal 0 0 -1
    outer loop
      vertex 24.8932 56.2717 0.6
      vertex 25.8451 56.4082 0.6
      vertex 24.9429 56.1176 0.6
    endloop
  endfacet
  facet normal 0 0 -1
    outer loop
      vertex 25.8266 56.5593 0.6
      vertex 25.1043 57.4104 0.6
      vertex 25.1393 57.4512 0.6
    endloop
  endfacet
  facet normal 0 0 -1
    outer loop
      vertex 25.8266 56.5593 0.6
      vertex 25.0715 57.3677 0.6
      vertex 25.1043 57.4104 0.6
    endloop
  endfacet
  facet normal 0 0 -1
    outer loop
      vertex 25.8266 56.5593 0.6
      vertex 25.0408 57.3229 0.6
      vertex 25.0715 57.3677 0.6
    endloop
  endfacet
  facet normal -0 0 -1
    outer loop
      vertex 25.8451 56.4082 0.6
      vertex 24.8932 56.2717 0.6
      vertex 25.8266 56.5593 0.6
    endloop
  endfacet
  facet normal 0 0 -1
    outer loop
      vertex 25.8266 56.5593 0.6
      vertex 25.0123 57.2761 0.6
      vertex 25.0408 57.3229 0.6
    endloop
  endfacet
  facet normal 0 0 -1
    outer loop
      vertex 25.8266 56.5593 0.6
      vertex 24.9617 57.1762 0.6
      vertex 24.9859 57.2272 0.6
    endloop
  endfacet
  facet normal 0 0 -1
    outer loop
      vertex 25.8266 56.5593 0.6
      vertex 24.9396 57.1231 0.6
      vertex 24.9617 57.1762 0.6
    endloop
  endfacet
  facet normal 0 0 -1
    outer loop
      vertex 25.8266 56.5593 0.6
      vertex 24.8932 56.2717 0.6
      vertex 24.8634 56.4382 0.6
    endloop
  endfacet
  facet normal 0 0 -1
    outer loop
      vertex 25.8266 56.5593 0.6
      vertex 24.9021 57.0106 0.6
      vertex 24.9196 57.0679 0.6
    endloop
  endfacet
  facet normal 0 -0 -1
    outer loop
      vertex 24.9021 57.0106 0.6
      vertex 25.8266 56.5593 0.6
      vertex 24.8872 56.9509 0.6
    endloop
  endfacet
  facet normal 0 -0 -1
    outer loop
      vertex 24.8872 56.9509 0.6
      vertex 25.8266 56.5593 0.6
      vertex 24.8751 56.8888 0.6
    endloop
  endfacet
  facet normal -0 0 -1
    outer loop
      vertex 25.8266 56.5593 0.6
      vertex 24.8634 56.4382 0.6
      vertex 24.8535 56.617 0.6
    endloop
  endfacet
  facet normal 0 0 -1
    outer loop
      vertex 25.8266 56.5593 0.6
      vertex 24.9196 57.0679 0.6
      vertex 24.9396 57.1231 0.6
    endloop
  endfacet
  facet normal 0 0 -1
    outer loop
      vertex 25.8266 56.5593 0.6
      vertex 24.9859 57.2272 0.6
      vertex 25.0123 57.2761 0.6
    endloop
  endfacet
  facet normal 0 0 -1
    outer loop
      vertex 25.8266 56.5593 0.6
      vertex 24.8535 56.617 0.6
      vertex 24.8548 56.6885 0.6
    endloop
  endfacet
  facet normal 0 0 -1
    outer loop
      vertex 28.79 58.7531 0.6
      vertex 27.8144 58.7541 0.6
      vertex 27.8169 58.8107 0.6
    endloop
  endfacet
  facet normal 0 0 -1
    outer loop
      vertex 27.9643 57.5443 0.6
      vertex 27.8071 58.7003 0.6
      vertex 27.8144 58.7541 0.6
    endloop
  endfacet
  facet normal 0 0 -1
    outer loop
      vertex 27.9643 57.5443 0.6
      vertex 27.7948 58.6494 0.6
      vertex 27.8071 58.7003 0.6
    endloop
  endfacet
  facet normal 0 0 -1
    outer loop
      vertex 27.9643 57.5443 0.6
      vertex 27.7776 58.6015 0.6
      vertex 27.7948 58.6494 0.6
    endloop
  endfacet
  facet normal 0 0 -1
    outer loop
      vertex 27.4744 58.3087 0.6
      vertex 27.8716 57.5085 0.6
      vertex 27.7629 57.4718 0.6
    endloop
  endfacet
  facet normal 0 0 -1
    outer loop
      vertex 27.9643 57.5443 0.6
      vertex 27.7555 58.5564 0.6
      vertex 27.7776 58.6015 0.6
    endloop
  endfacet
  facet normal 0 0 -1
    outer loop
      vertex 27.9643 57.5443 0.6
      vertex 27.7284 58.5143 0.6
      vertex 27.7555 58.5564 0.6
    endloop
  endfacet
  facet normal 0 0 -1
    outer loop
      vertex 27.9643 57.5443 0.6
      vertex 27.6965 58.4751 0.6
      vertex 27.7284 58.5143 0.6
    endloop
  endfacet
  facet normal 0 0 -1
    outer loop
      vertex 27.9643 57.5443 0.6
      vertex 27.6601 58.4382 0.6
      vertex 27.6965 58.4751 0.6
    endloop
  endfacet
  facet normal 0 0 -1
    outer loop
      vertex 27.4179 58.2808 0.6
      vertex 27.7629 57.4718 0.6
      vertex 27.6381 57.4342 0.6
    endloop
  endfacet
  facet normal 0 0 -1
    outer loop
      vertex 27.9643 57.5443 0.6
      vertex 27.6197 58.4031 0.6
      vertex 27.6601 58.4382 0.6
    endloop
  endfacet
  facet normal 0 0 -1
    outer loop
      vertex 27.9643 57.5443 0.6
      vertex 27.5753 58.3698 0.6
      vertex 27.6197 58.4031 0.6
    endloop
  endfacet
  facet normal 0 0 -1
    outer loop
      vertex 27.9643 57.5443 0.6
      vertex 27.5268 58.3383 0.6
      vertex 27.5753 58.3698 0.6
    endloop
  endfacet
  facet normal 0 0 -1
    outer loop
      vertex 27.2868 58.2287 0.6
      vertex 27.6381 57.4342 0.6
      vertex 27.4974 57.3957 0.6
    endloop
  endfacet
  facet normal 0 0 -1
    outer loop
      vertex 27.8716 57.5085 0.6
      vertex 27.4744 58.3087 0.6
      vertex 27.5268 58.3383 0.6
    endloop
  endfacet
  facet normal 0 0 -1
    outer loop
      vertex 27.7629 57.4718 0.6
      vertex 27.4179 58.2808 0.6
      vertex 27.4744 58.3087 0.6
    endloop
  endfacet
  facet normal 0 0 -1
    outer loop
      vertex 27.6381 57.4342 0.6
      vertex 27.3574 58.2547 0.6
      vertex 27.4179 58.2808 0.6
    endloop
  endfacet
  facet normal 0 0 -1
    outer loop
      vertex 27.1997 58.2013 0.6
      vertex 27.4974 57.3957 0.6
      vertex 27.3407 57.3563 0.6
    endloop
  endfacet
  facet normal 0 0 -1
    outer loop
      vertex 27.6381 57.4342 0.6
      vertex 27.2868 58.2287 0.6
      vertex 27.3574 58.2547 0.6
    endloop
  endfacet
  facet normal 0 0 -1
    outer loop
      vertex 27.4974 57.3957 0.6
      vertex 27.1997 58.2013 0.6
      vertex 27.2868 58.2287 0.6
    endloop
  endfacet
  facet normal 0 0 -1
    outer loop
      vertex 27.0962 58.1723 0.6
      vertex 27.3407 57.3563 0.6
      vertex 27.1681 57.316 0.6
    endloop
  endfacet
  facet normal 0 0 -1
    outer loop
      vertex 27.3407 57.3563 0.6
      vertex 27.0962 58.1723 0.6
      vertex 27.1997 58.2013 0.6
    endloop
  endfacet
  facet normal 0 0 -1
    outer loop
      vertex 26.84 58.1097 0.6
      vertex 27.1681 57.316 0.6
      vertex 26.9794 57.2748 0.6
    endloop
  endfacet
  facet normal 0 0 -1
    outer loop
      vertex 27.1681 57.316 0.6
      vertex 26.9763 58.1417 0.6
      vertex 27.0962 58.1723 0.6
    endloop
  endfacet
  facet normal 0 0 -1
    outer loop
      vertex 27.1681 57.316 0.6
      vertex 26.84 58.1097 0.6
      vertex 26.9763 58.1417 0.6
    endloop
  endfacet
  facet normal 0 0 -1
    outer loop
      vertex 26.6874 58.0761 0.6
      vertex 26.9794 57.2748 0.6
      vertex 26.8217 57.2398 0.6
    endloop
  endfacet
  facet normal 0 0 -1
    outer loop
      vertex 26.9794 57.2748 0.6
      vertex 26.6874 58.0761 0.6
      vertex 26.84 58.1097 0.6
    endloop
  endfacet
  facet normal 0 0 -1
    outer loop
      vertex 26.5183 58.041 0.6
      vertex 26.8217 57.2398 0.6
      vertex 26.6799 57.2066 0.6
    endloop
  endfacet
  facet normal 0 0 -1
    outer loop
      vertex 26.3719 58.0062 0.6
      vertex 26.6799 57.2066 0.6
      vertex 26.554 57.1751 0.6
    endloop
  endfacet
  facet normal 0 0 -1
    outer loop
      vertex 26.8217 57.2398 0.6
      vertex 26.5183 58.041 0.6
      vertex 26.6874 58.0761 0.6
    endloop
  endfacet
  facet normal 0 0 -1
    outer loop
      vertex 26.2387 57.9734 0.6
      vertex 26.554 57.1751 0.6
      vertex 26.4441 57.1453 0.6
    endloop
  endfacet
  facet normal 0 0 -1
    outer loop
      vertex 26.6799 57.2066 0.6
      vertex 26.3719 58.0062 0.6
      vertex 26.5183 58.041 0.6
    endloop
  endfacet
  facet normal 0 0 -1
    outer loop
      vertex 26.1189 57.9425 0.6
      vertex 26.4441 57.1453 0.6
      vertex 26.35 57.1172 0.6
    endloop
  endfacet
  facet normal 0 0 -1
    outer loop
      vertex 26.0123 57.9137 0.6
      vertex 26.35 57.1172 0.6
      vertex 26.2719 57.0909 0.6
    endloop
  endfacet
  facet normal 0 0 -1
    outer loop
      vertex 26.554 57.1751 0.6
      vertex 26.2387 57.9734 0.6
      vertex 26.3719 58.0062 0.6
    endloop
  endfacet
  facet normal 0 0 -1
    outer loop
      vertex 25.919 57.8869 0.6
      vertex 26.2719 57.0909 0.6
      vertex 26.2097 57.0663 0.6
    endloop
  endfacet
  facet normal 0 0 -1
    outer loop
      vertex 25.839 57.8621 0.6
      vertex 26.2097 57.0663 0.6
      vertex 26.1574 57.0418 0.6
    endloop
  endfacet
  facet normal 0 0 -1
    outer loop
      vertex 26.4441 57.1453 0.6
      vertex 26.1189 57.9425 0.6
      vertex 26.2387 57.9734 0.6
    endloop
  endfacet
  facet normal 0 0 -1
    outer loop
      vertex 25.7723 57.8393 0.6
      vertex 26.1574 57.0418 0.6
      vertex 26.1088 57.0159 0.6
    endloop
  endfacet
  facet normal 0 0 -1
    outer loop
      vertex 25.7723 57.8393 0.6
      vertex 26.1088 57.0159 0.6
      vertex 26.0641 56.9885 0.6
    endloop
  endfacet
  facet normal 0 0 -1
    outer loop
      vertex 25.7723 57.8393 0.6
      vertex 26.0641 56.9885 0.6
      vertex 26.0232 56.9597 0.6
    endloop
  endfacet
  facet normal 0 0 -1
    outer loop
      vertex 26.35 57.1172 0.6
      vertex 26.0123 57.9137 0.6
      vertex 26.1189 57.9425 0.6
    endloop
  endfacet
  facet normal 0 0 -1
    outer loop
      vertex 25.7723 57.8393 0.6
      vertex 26.0232 56.9597 0.6
      vertex 25.986 56.9294 0.6
    endloop
  endfacet
  facet normal 0 0 -1
    outer loop
      vertex 25.7723 57.8393 0.6
      vertex 25.986 56.9294 0.6
      vertex 25.9527 56.8977 0.6
    endloop
  endfacet
  facet normal 0 0 -1
    outer loop
      vertex 25.7723 57.8393 0.6
      vertex 25.9527 56.8977 0.6
      vertex 25.9232 56.8645 0.6
    endloop
  endfacet
  facet normal 0 0 -1
    outer loop
      vertex 26.2719 57.0909 0.6
      vertex 25.919 57.8869 0.6
      vertex 26.0123 57.9137 0.6
    endloop
  endfacet
  facet normal 0 0 -1
    outer loop
      vertex 25.7723 57.8393 0.6
      vertex 25.9232 56.8645 0.6
      vertex 25.8976 56.8293 0.6
    endloop
  endfacet
  facet normal 0 0 -1
    outer loop
      vertex 25.7723 57.8393 0.6
      vertex 25.8976 56.8293 0.6
      vertex 25.8759 56.7912 0.6
    endloop
  endfacet
  facet normal 0 0 -1
    outer loop
      vertex 25.7723 57.8393 0.6
      vertex 25.8759 56.7912 0.6
      vertex 25.8581 56.7503 0.6
    endloop
  endfacet
  facet normal 0 0 -1
    outer loop
      vertex 25.7723 57.8393 0.6
      vertex 25.8581 56.7503 0.6
      vertex 25.8443 56.7068 0.6
    endloop
  endfacet
  facet normal 0 0 -1
    outer loop
      vertex 26.2097 57.0663 0.6
      vertex 25.839 57.8621 0.6
      vertex 25.919 57.8869 0.6
    endloop
  endfacet
  facet normal 0 0 -1
    outer loop
      vertex 25.7723 57.8393 0.6
      vertex 25.8443 56.7068 0.6
      vertex 25.8345 56.6604 0.6
    endloop
  endfacet
  facet normal 0 0 -1
    outer loop
      vertex 25.7723 57.8393 0.6
      vertex 25.8345 56.6604 0.6
      vertex 25.8286 56.6112 0.6
    endloop
  endfacet
  facet normal 0 0 -1
    outer loop
      vertex 25.7723 57.8393 0.6
      vertex 25.8286 56.6112 0.6
      vertex 25.8266 56.5593 0.6
    endloop
  endfacet
  facet normal 0 0 -1
    outer loop
      vertex 26.1574 57.0418 0.6
      vertex 25.7723 57.8393 0.6
      vertex 25.839 57.8621 0.6
    endloop
  endfacet
  facet normal 0 0 -1
    outer loop
      vertex 27.8144 58.7541 0.6
      vertex 28.7881 58.6693 0.6
      vertex 28.7825 58.5883 0.6
    endloop
  endfacet
  facet normal 0 0 -1
    outer loop
      vertex 27.8144 58.7541 0.6
      vertex 28.79 58.7531 0.6
      vertex 28.7881 58.6693 0.6
    endloop
  endfacet
  facet normal 0 0 -1
    outer loop
      vertex 27.8144 58.7541 0.6
      vertex 28.7825 58.5883 0.6
      vertex 28.7732 58.5101 0.6
    endloop
  endfacet
  facet normal 0 0 -1
    outer loop
      vertex 27.8144 58.7541 0.6
      vertex 28.7732 58.5101 0.6
      vertex 28.7601 58.4348 0.6
    endloop
  endfacet
  facet normal 0 0 -1
    outer loop
      vertex 28.79 58.7531 0.6
      vertex 27.8169 58.8107 0.6
      vertex 28.7794 58.9469 0.6
    endloop
  endfacet
  facet normal 0 0 -1
    outer loop
      vertex 27.8144 58.7541 0.6
      vertex 28.7601 58.4348 0.6
      vertex 28.7433 58.3623 0.6
    endloop
  endfacet
  facet normal 0 0 -1
    outer loop
      vertex 27.8144 58.7541 0.6
      vertex 28.7433 58.3623 0.6
      vertex 28.7227 58.2927 0.6
    endloop
  endfacet
  facet normal 0 0 -1
    outer loop
      vertex 27.8144 58.7541 0.6
      vertex 28.7227 58.2927 0.6
      vertex 28.6984 58.2259 0.6
    endloop
  endfacet
  facet normal -0 0 -1
    outer loop
      vertex 28.7794 58.9469 0.6
      vertex 27.8169 58.8107 0.6
      vertex 28.7475 59.1271 0.6
    endloop
  endfacet
  facet normal 0 0 -1
    outer loop
      vertex 27.8144 58.7541 0.6
      vertex 28.6984 58.2259 0.6
      vertex 28.6706 58.1618 0.6
    endloop
  endfacet
  facet normal 0 0 -1
    outer loop
      vertex 27.8144 58.7541 0.6
      vertex 28.6706 58.1618 0.6
      vertex 28.6395 58.1003 0.6
    endloop
  endfacet
  facet normal 0 0 -1
    outer loop
      vertex 27.7955 58.9799 0.6
      vertex 28.7475 59.1271 0.6
      vertex 27.8169 58.8107 0.6
    endloop
  endfacet
  facet normal 0 0 -1
    outer loop
      vertex 27.8144 58.7541 0.6
      vertex 28.6395 58.1003 0.6
      vertex 28.605 58.0415 0.6
    endloop
  endfacet
  facet normal 0 0 -1
    outer loop
      vertex 27.8144 58.7541 0.6
      vertex 28.605 58.0415 0.6
      vertex 28.5672 57.9853 0.6
    endloop
  endfacet
  facet normal 0 0 -1
    outer loop
      vertex 27.8144 58.7541 0.6
      vertex 28.5672 57.9853 0.6
      vertex 28.5261 57.9318 0.6
    endloop
  endfacet
  facet normal -0 0 -1
    outer loop
      vertex 28.7475 59.1271 0.6
      vertex 27.7955 58.9799 0.6
      vertex 28.6944 59.294 0.6
    endloop
  endfacet
  facet normal 0 0 -1
    outer loop
      vertex 27.8144 58.7541 0.6
      vertex 28.5261 57.9318 0.6
      vertex 28.4817 57.8808 0.6
    endloop
  endfacet
  facet normal 0 0 -1
    outer loop
      vertex 27.8144 58.7541 0.6
      vertex 28.4817 57.8808 0.6
      vertex 28.434 57.8325 0.6
    endloop
  endfacet
  facet normal -0 0 -1
    outer loop
      vertex 28.6944 59.294 0.6
      vertex 27.7955 58.9799 0.6
      vertex 28.62 59.4473 0.6
    endloop
  endfacet
  facet normal 0 0 -1
    outer loop
      vertex 27.8144 58.7541 0.6
      vertex 28.434 57.8325 0.6
      vertex 28.382 57.7864 0.6
    endloop
  endfacet
  facet normal 0 0 -1
    outer loop
      vertex 27.8144 58.7541 0.6
      vertex 28.382 57.7864 0.6
      vertex 28.325 57.7419 0.6
    endloop
  endfacet
  facet normal 0 0 -1
    outer loop
      vertex 27.7314 59.123 0.6
      vertex 28.62 59.4473 0.6
      vertex 27.7955 58.9799 0.6
    endloop
  endfacet
  facet normal 0 0 -1
    outer loop
      vertex 27.8144 58.7541 0.6
      vertex 28.325 57.7419 0.6
      vertex 28.263 57.6991 0.6
    endloop
  endfacet
  facet normal 0 0 -1
    outer loop
      vertex 27.8144 58.7541 0.6
      vertex 28.263 57.6991 0.6
      vertex 28.1959 57.6579 0.6
    endloop
  endfacet
  facet normal 0 0 -1
    outer loop
      vertex 27.8144 58.7541 0.6
      vertex 28.1959 57.6579 0.6
      vertex 28.1238 57.6184 0.6
    endloop
  endfacet
  facet normal -0 0 -1
    outer loop
      vertex 28.62 59.4473 0.6
      vertex 27.7314 59.123 0.6
      vertex 28.5244 59.5871 0.6
    endloop
  endfacet
  facet normal 0 0 -1
    outer loop
      vertex 27.8144 58.7541 0.6
      vertex 28.1238 57.6184 0.6
      vertex 28.0466 57.5805 0.6
    endloop
  endfacet
  facet normal 0 0 -1
    outer loop
      vertex 27.8144 58.7541 0.6
      vertex 28.0466 57.5805 0.6
      vertex 27.9643 57.5443 0.6
    endloop
  endfacet
  facet normal -0 0 -1
    outer loop
      vertex 28.5244 59.5871 0.6
      vertex 27.7314 59.123 0.6
      vertex 28.4076 59.7134 0.6
    endloop
  endfacet
  facet normal 0 0 -1
    outer loop
      vertex 27.5268 58.3383 0.6
      vertex 27.9643 57.5443 0.6
      vertex 27.8716 57.5085 0.6
    endloop
  endfacet
  facet normal -0 0 -1
    outer loop
      vertex 28.4076 59.7134 0.6
      vertex 27.7314 59.123 0.6
      vertex 28.2695 59.8262 0.6
    endloop
  endfacet
  facet normal 0 0 -1
    outer loop
      vertex 27.6245 59.24 0.6
      vertex 28.2695 59.8262 0.6
      vertex 27.7314 59.123 0.6
    endloop
  endfacet
  facet normal -0 0 -1
    outer loop
      vertex 28.2695 59.8262 0.6
      vertex 27.6245 59.24 0.6
      vertex 28.1109 59.9247 0.6
    endloop
  endfacet
  facet normal -0 0 -1
    outer loop
      vertex 28.1109 59.9247 0.6
      vertex 27.6245 59.24 0.6
      vertex 27.9324 60.0081 0.6
    endloop
  endfacet
  facet normal 0 0 -1
    outer loop
      vertex 27.4748 59.3311 0.6
      vertex 27.9324 60.0081 0.6
      vertex 27.6245 59.24 0.6
    endloop
  endfacet
  facet normal -0 0 -1
    outer loop
      vertex 27.9324 60.0081 0.6
      vertex 27.4748 59.3311 0.6
      vertex 27.734 60.0763 0.6
    endloop
  endfacet
  facet normal -0 0 -1
    outer loop
      vertex 27.734 60.0763 0.6
      vertex 27.4748 59.3311 0.6
      vertex 27.5158 60.1293 0.6
    endloop
  endfacet
  facet normal 0 0 -1
    outer loop
      vertex 27.2824 59.3961 0.6
      vertex 27.5158 60.1293 0.6
      vertex 27.4748 59.3311 0.6
    endloop
  endfacet
  facet normal 0 0 -1
    outer loop
      vertex 27.2824 59.3961 0.6
      vertex 27.2778 60.1672 0.6
      vertex 27.5158 60.1293 0.6
    endloop
  endfacet
  facet normal 0 0 -1
    outer loop
      vertex 27.0472 59.4352 0.6
      vertex 27.2778 60.1672 0.6
      vertex 27.2824 59.3961 0.6
    endloop
  endfacet
  facet normal 0 0 -1
    outer loop
      vertex 27.0472 59.4352 0.6
      vertex 27.0198 60.1899 0.6
      vertex 27.2778 60.1672 0.6
    endloop
  endfacet
  facet normal 0 0 -1
    outer loop
      vertex 26.7692 59.4482 0.6
      vertex 27.0198 60.1899 0.6
      vertex 27.0472 59.4352 0.6
    endloop
  endfacet
  facet normal 0 0 -1
    outer loop
      vertex 26.7692 59.4482 0.6
      vertex 26.742 60.1975 0.6
      vertex 27.0198 60.1899 0.6
    endloop
  endfacet
  facet normal 0 0 -1
    outer loop
      vertex 26.6294 59.4447 0.6
      vertex 26.742 60.1975 0.6
      vertex 26.7692 59.4482 0.6
    endloop
  endfacet
  facet normal 0 0 -1
    outer loop
      vertex 26.4876 60.1908 0.6
      vertex 26.6294 59.4447 0.6
      vertex 26.4985 59.4342 0.6
    endloop
  endfacet
  facet normal 0 0 -1
    outer loop
      vertex 26.6294 59.4447 0.6
      vertex 26.4876 60.1908 0.6
      vertex 26.742 60.1975 0.6
    endloop
  endfacet
  facet normal 0 0 -1
    outer loop
      vertex 26.2494 60.1709 0.6
      vertex 26.4985 59.4342 0.6
      vertex 26.3766 59.4167 0.6
    endloop
  endfacet
  facet normal 0 0 -1
    outer loop
      vertex 26.2494 60.1709 0.6
      vertex 26.3766 59.4167 0.6
      vertex 26.2638 59.3923 0.6
    endloop
  endfacet
  facet normal 0 0 -1
    outer loop
      vertex 26.4985 59.4342 0.6
      vertex 26.2494 60.1709 0.6
      vertex 26.4876 60.1908 0.6
    endloop
  endfacet
  facet normal 0 0 -1
    outer loop
      vertex 26.0273 60.1377 0.6
      vertex 26.2638 59.3923 0.6
      vertex 26.1599 59.3608 0.6
    endloop
  endfacet
  facet normal 0 0 -1
    outer loop
      vertex 25.8215 60.0912 0.6
      vertex 26.1599 59.3608 0.6
      vertex 26.065 59.3224 0.6
    endloop
  endfacet
  facet normal 0 0 -1
    outer loop
      vertex 26.2638 59.3923 0.6
      vertex 26.0273 60.1377 0.6
      vertex 26.2494 60.1709 0.6
    endloop
  endfacet
  facet normal 0 0 -1
    outer loop
      vertex 25.6318 60.0314 0.6
      vertex 26.065 59.3224 0.6
      vertex 25.9791 59.277 0.6
    endloop
  endfacet
  facet normal 0 0 -1
    outer loop
      vertex 25.4583 59.9583 0.6
      vertex 25.9791 59.277 0.6
      vertex 25.9016 59.2238 0.6
    endloop
  endfacet
  facet normal 0 0 -1
    outer loop
      vertex 25.301 59.872 0.6
      vertex 25.9016 59.2238 0.6
      vertex 25.8316 59.1621 0.6
    endloop
  endfacet
  facet normal 0 0 -1
    outer loop
      vertex 26.1599 59.3608 0.6
      vertex 25.8215 60.0912 0.6
      vertex 26.0273 60.1377 0.6
    endloop
  endfacet
  facet normal 0 0 -1
    outer loop
      vertex 25.1595 59.7721 0.6
      vertex 25.8316 59.1621 0.6
      vertex 25.7693 59.0919 0.6
    endloop
  endfacet
  facet normal 0 0 -1
    outer loop
      vertex 25.0331 59.6586 0.6
      vertex 25.7693 59.0919 0.6
      vertex 25.7146 59.0132 0.6
    endloop
  endfacet
  facet normal 0 0 -1
    outer loop
      vertex 24.922 59.5313 0.6
      vertex 25.7146 59.0132 0.6
      vertex 25.6674 58.926 0.6
    endloop
  endfacet
  facet normal 0 0 -1
    outer loop
      vertex 26.065 59.3224 0.6
      vertex 25.6318 60.0314 0.6
      vertex 25.8215 60.0912 0.6
    endloop
  endfacet
  facet normal 0 0 -1
    outer loop
      vertex 24.7454 59.2357 0.6
      vertex 25.6674 58.926 0.6
      vertex 25.6279 58.8302 0.6
    endloop
  endfacet
  facet normal 0 0 -1
    outer loop
      vertex 24.6799 59.0674 0.6
      vertex 25.6279 58.8302 0.6
      vertex 25.596 58.726 0.6
    endloop
  endfacet
  facet normal 0 0 -1
    outer loop
      vertex 25.9791 59.277 0.6
      vertex 25.4583 59.9583 0.6
      vertex 25.6318 60.0314 0.6
    endloop
  endfacet
  facet normal 0 0 -1
    outer loop
      vertex 25.9016 59.2238 0.6
      vertex 25.301 59.872 0.6
      vertex 25.4583 59.9583 0.6
    endloop
  endfacet
  facet normal 0 0 -1
    outer loop
      vertex 25.8316 59.1621 0.6
      vertex 25.1595 59.7721 0.6
      vertex 25.301 59.872 0.6
    endloop
  endfacet
  facet normal 0 0 -1
    outer loop
      vertex 25.7693 59.0919 0.6
      vertex 25.0331 59.6586 0.6
      vertex 25.1595 59.7721 0.6
    endloop
  endfacet
  facet normal 0 0 -1
    outer loop
      vertex 25.7146 59.0132 0.6
      vertex 24.922 59.5313 0.6
      vertex 25.0331 59.6586 0.6
    endloop
  endfacet
  facet normal 0 0 -1
    outer loop
      vertex 25.6674 58.926 0.6
      vertex 24.8261 59.3904 0.6
      vertex 24.922 59.5313 0.6
    endloop
  endfacet
  facet normal 0 0 -1
    outer loop
      vertex 25.6674 58.926 0.6
      vertex 24.7454 59.2357 0.6
      vertex 24.8261 59.3904 0.6
    endloop
  endfacet
  facet normal 0 0 -1
    outer loop
      vertex 25.6279 58.8302 0.6
      vertex 24.6799 59.0674 0.6
      vertex 24.7454 59.2357 0.6
    endloop
  endfacet
  facet normal 0 -0 -1
    outer loop
      vertex 24.6799 59.0674 0.6
      vertex 25.596 58.726 0.6
      vertex 24.6297 58.8853 0.6
    endloop
  endfacet
  facet normal 0 0 -1
    outer loop
      vertex 35.2439 56.5896 0.6
      vertex 36.2136 56.5526 0.6
      vertex 36.2049 56.3874 0.6
    endloop
  endfacet
  facet normal 0 0 -1
    outer loop
      vertex 36.2136 56.5526 0.6
      vertex 35.2439 56.5896 0.6
      vertex 36.2082 56.6772 0.6
    endloop
  endfacet
  facet normal 0 0 -1
    outer loop
      vertex 35.2338 56.5131 0.6
      vertex 36.2049 56.3874 0.6
      vertex 36.1791 56.2328 0.6
    endloop
  endfacet
  facet normal 0 -0 -1
    outer loop
      vertex 35.2472 56.6712 0.6
      vertex 36.2082 56.6772 0.6
      vertex 35.2439 56.5896 0.6
    endloop
  endfacet
  facet normal 0 0 -1
    outer loop
      vertex 35.217 56.4418 0.6
      vertex 36.1791 56.2328 0.6
      vertex 36.136 56.0887 0.6
    endloop
  endfacet
  facet normal -0 0 -1
    outer loop
      vertex 36.2082 56.6772 0.6
      vertex 35.2472 56.6712 0.6
      vertex 36.1921 56.7953 0.6
    endloop
  endfacet
  facet normal -0 0 -1
    outer loop
      vertex 36.1921 56.7953 0.6
      vertex 35.2472 56.6712 0.6
      vertex 36.1653 56.9069 0.6
    endloop
  endfacet
  facet normal 0 0 -1
    outer loop
      vertex 35.1936 56.3757 0.6
      vertex 36.136 56.0887 0.6
      vertex 36.0757 55.9553 0.6
    endloop
  endfacet
  facet normal 0 0 -1
    outer loop
      vertex 35.243 56.7574 0.6
      vertex 36.1653 56.9069 0.6
      vertex 35.2472 56.6712 0.6
    endloop
  endfacet
  facet normal 0 0 -1
    outer loop
      vertex 35.1936 56.3757 0.6
      vertex 36.0757 55.9553 0.6
      vertex 35.9982 55.8324 0.6
    endloop
  endfacet
  facet normal -0 0 -1
    outer loop
      vertex 36.1653 56.9069 0.6
      vertex 35.243 56.7574 0.6
      vertex 36.1277 57.0121 0.6
    endloop
  endfacet
  facet normal 0 0 -1
    outer loop
      vertex 35.1634 56.3147 0.6
      vertex 35.9982 55.8324 0.6
      vertex 35.9034 55.7202 0.6
    endloop
  endfacet
  facet normal -0 0 -1
    outer loop
      vertex 36.1277 57.0121 0.6
      vertex 35.243 56.7574 0.6
      vertex 36.0795 57.1107 0.6
    endloop
  endfacet
  facet normal 0 0 -1
    outer loop
      vertex 35.1264 56.259 0.6
      vertex 35.9034 55.7202 0.6
      vertex 35.7914 55.6185 0.6
    endloop
  endfacet
  facet normal 0 0 -1
    outer loop
      vertex 35.2304 56.8377 0.6
      vertex 36.0795 57.1107 0.6
      vertex 35.243 56.7574 0.6
    endloop
  endfacet
  facet normal -0 0 -1
    outer loop
      vertex 36.0795 57.1107 0.6
      vertex 35.2304 56.8377 0.6
      vertex 36.0205 57.2028 0.6
    endloop
  endfacet
  facet normal 0 0 -1
    outer loop
      vertex 35.1264 56.259 0.6
      vertex 35.7914 55.6185 0.6
      vertex 35.6641 55.529 0.6
    endloop
  endfacet
  facet normal -0 0 -1
    outer loop
      vertex 36.0205 57.2028 0.6
      vertex 35.2304 56.8377 0.6
      vertex 35.9508 57.2883 0.6
    endloop
  endfacet
  facet normal 0 0 -1
    outer loop
      vertex 35.0828 56.2084 0.6
      vertex 35.6641 55.529 0.6
      vertex 35.5235 55.4532 0.6
    endloop
  endfacet
  facet normal 0 0 -1
    outer loop
      vertex 35.2093 56.9122 0.6
      vertex 35.9508 57.2883 0.6
      vertex 35.2304 56.8377 0.6
    endloop
  endfacet
  facet normal 0 0 -1
    outer loop
      vertex 35.0327 56.1639 0.6
      vertex 35.5235 55.4532 0.6
      vertex 35.3695 55.3913 0.6
    endloop
  endfacet
  facet normal -0 0 -1
    outer loop
      vertex 35.9508 57.2883 0.6
      vertex 35.2093 56.9122 0.6
      vertex 35.8709 57.3667 0.6
    endloop
  endfacet
  facet normal 0 0 -1
    outer loop
      vertex 35.1797 56.9807 0.6
      vertex 35.7817 57.4373 0.6
      vertex 35.2093 56.9122 0.6
    endloop
  endfacet
  facet normal -0 0 -1
    outer loop
      vertex 35.8709 57.3667 0.6
      vertex 35.2093 56.9122 0.6
      vertex 35.7817 57.4373 0.6
    endloop
  endfacet
  facet normal 0 0 -1
    outer loop
      vertex 36.2049 56.3874 0.6
      vertex 35.2338 56.5131 0.6
      vertex 35.2439 56.5896 0.6
    endloop
  endfacet
  facet normal 0 0 -1
    outer loop
      vertex 36.1791 56.2328 0.6
      vertex 35.217 56.4418 0.6
      vertex 35.2338 56.5131 0.6
    endloop
  endfacet
  facet normal 0 0 -1
    outer loop
      vertex 34.9765 56.1262 0.6
      vertex 35.3695 55.3913 0.6
      vertex 35.2021 55.3431 0.6
    endloop
  endfacet
  facet normal 0 0 -1
    outer loop
      vertex 36.136 56.0887 0.6
      vertex 35.1936 56.3757 0.6
      vertex 35.217 56.4418 0.6
    endloop
  endfacet
  facet normal 0 0 -1
    outer loop
      vertex 35.9982 55.8324 0.6
      vertex 35.1634 56.3147 0.6
      vertex 35.1936 56.3757 0.6
    endloop
  endfacet
  facet normal 0 0 -1
    outer loop
      vertex 35.9034 55.7202 0.6
      vertex 35.1264 56.259 0.6
      vertex 35.1634 56.3147 0.6
    endloop
  endfacet
  facet normal 0 0 -1
    outer loop
      vertex 35.6641 55.529 0.6
      vertex 35.0828 56.2084 0.6
      vertex 35.1264 56.259 0.6
    endloop
  endfacet
  facet normal 0 0 -1
    outer loop
      vertex 35.5235 55.4532 0.6
      vertex 35.0327 56.1639 0.6
      vertex 35.0828 56.2084 0.6
    endloop
  endfacet
  facet normal 0 0 -1
    outer loop
      vertex 34.9141 56.0954 0.6
      vertex 35.2021 55.3431 0.6
      vertex 35.0214 55.3086 0.6
    endloop
  endfacet
  facet normal 0 0 -1
    outer loop
      vertex 35.3695 55.3913 0.6
      vertex 34.9765 56.1262 0.6
      vertex 35.0327 56.1639 0.6
    endloop
  endfacet
  facet normal 0 0 -1
    outer loop
      vertex 35.2021 55.3431 0.6
      vertex 34.9141 56.0954 0.6
      vertex 34.9765 56.1262 0.6
    endloop
  endfacet
  facet normal 0 0 -1
    outer loop
      vertex 35.0214 55.3086 0.6
      vertex 34.8456 56.0714 0.6
      vertex 34.9141 56.0954 0.6
    endloop
  endfacet
  facet normal 0 0 -1
    outer loop
      vertex 34.7709 56.0543 0.6
      vertex 35.0214 55.3086 0.6
      vertex 34.8274 55.288 0.6
    endloop
  endfacet
  facet normal 0 0 -1
    outer loop
      vertex 35.0214 55.3086 0.6
      vertex 34.7709 56.0543 0.6
      vertex 34.8456 56.0714 0.6
    endloop
  endfacet
  facet normal 0 0 -1
    outer loop
      vertex 34.8274 55.288 0.6
      vertex 34.69 56.044 0.6
      vertex 34.7709 56.0543 0.6
    endloop
  endfacet
  facet normal 0 0 -1
    outer loop
      vertex 34.62 55.2811 0.6
      vertex 34.69 56.044 0.6
      vertex 34.8274 55.288 0.6
    endloop
  endfacet
  facet normal 0 0 -1
    outer loop
      vertex 34.62 55.2811 0.6
      vertex 34.603 56.0406 0.6
      vertex 34.69 56.044 0.6
    endloop
  endfacet
  facet normal 0 0 -1
    outer loop
      vertex 34.62 55.2811 0.6
      vertex 34.521 56.0439 0.6
      vertex 34.603 56.0406 0.6
    endloop
  endfacet
  facet normal 0 0 -1
    outer loop
      vertex 34.4239 55.2882 0.6
      vertex 34.521 56.0439 0.6
      vertex 34.62 55.2811 0.6
    endloop
  endfacet
  facet normal -0 0 -1
    outer loop
      vertex 34.521 56.0439 0.6
      vertex 34.4239 55.2882 0.6
      vertex 34.4437 56.0539 0.6
    endloop
  endfacet
  facet normal 0 0 -1
    outer loop
      vertex 34.2388 55.3096 0.6
      vertex 34.4437 56.0539 0.6
      vertex 34.4239 55.2882 0.6
    endloop
  endfacet
  facet normal -0 0 -1
    outer loop
      vertex 34.4437 56.0539 0.6
      vertex 34.2388 55.3096 0.6
      vertex 34.371 56.0705 0.6
    endloop
  endfacet
  facet normal 0 0 -1
    outer loop
      vertex 34.0646 55.3452 0.6
      vertex 34.371 56.0705 0.6
      vertex 34.2388 55.3096 0.6
    endloop
  endfacet
  facet normal -0 0 -1
    outer loop
      vertex 34.371 56.0705 0.6
      vertex 34.0646 55.3452 0.6
      vertex 34.303 56.0937 0.6
    endloop
  endfacet
  facet normal -0 0 -1
    outer loop
      vertex 34.303 56.0937 0.6
      vertex 34.0646 55.3452 0.6
      vertex 34.2395 56.1236 0.6
    endloop
  endfacet
  facet normal 0 0 -1
    outer loop
      vertex 33.9014 55.3951 0.6
      vertex 34.2395 56.1236 0.6
      vertex 34.0646 55.3452 0.6
    endloop
  endfacet
  facet normal -0 0 -1
    outer loop
      vertex 34.2395 56.1236 0.6
      vertex 33.9014 55.3951 0.6
      vertex 34.1807 56.1602 0.6
    endloop
  endfacet
  facet normal 0 0 -1
    outer loop
      vertex 33.7491 55.4593 0.6
      vertex 34.1807 56.1602 0.6
      vertex 33.9014 55.3951 0.6
    endloop
  endfacet
  facet normal -0 0 -1
    outer loop
      vertex 34.1807 56.1602 0.6
      vertex 33.7491 55.4593 0.6
      vertex 34.1266 56.2034 0.6
    endloop
  endfacet
  facet normal 0 0 -1
    outer loop
      vertex 33.6077 55.5377 0.6
      vertex 34.1266 56.2034 0.6
      vertex 33.7491 55.4593 0.6
    endloop
  endfacet
  facet normal -0 0 -1
    outer loop
      vertex 34.1266 56.2034 0.6
      vertex 33.6077 55.5377 0.6
      vertex 34.0779 56.2526 0.6
    endloop
  endfacet
  facet normal 0 0 -1
    outer loop
      vertex 33.4773 55.6303 0.6
      vertex 34.0779 56.2526 0.6
      vertex 33.6077 55.5377 0.6
    endloop
  endfacet
  facet normal -0 0 -1
    outer loop
      vertex 34.0779 56.2526 0.6
      vertex 33.4773 55.6303 0.6
      vertex 34.0356 56.3074 0.6
    endloop
  endfacet
  facet normal 0 0 -1
    outer loop
      vertex 33.3597 55.7356 0.6
      vertex 34.0356 56.3074 0.6
      vertex 33.4773 55.6303 0.6
    endloop
  endfacet
  facet normal 0 0 -1
    outer loop
      vertex 33.257 55.8518 0.6
      vertex 34.0356 56.3074 0.6
      vertex 33.3597 55.7356 0.6
    endloop
  endfacet
  facet normal -0 0 -1
    outer loop
      vertex 34.0356 56.3074 0.6
      vertex 33.257 55.8518 0.6
      vertex 33.9995 56.3678 0.6
    endloop
  endfacet
  facet normal 0 0 -1
    outer loop
      vertex 33.1691 55.9789 0.6
      vertex 33.9995 56.3678 0.6
      vertex 33.257 55.8518 0.6
    endloop
  endfacet
  facet normal -0 0 -1
    outer loop
      vertex 33.9995 56.3678 0.6
      vertex 33.1691 55.9789 0.6
      vertex 33.9697 56.4336 0.6
    endloop
  endfacet
  facet normal 0 0 -1
    outer loop
      vertex 33.0959 56.1169 0.6
      vertex 33.9697 56.4336 0.6
      vertex 33.1691 55.9789 0.6
    endloop
  endfacet
  facet normal -0 0 -1
    outer loop
      vertex 33.9697 56.4336 0.6
      vertex 33.0959 56.1169 0.6
      vertex 33.9462 56.505 0.6
    endloop
  endfacet
  facet normal 0 0 -1
    outer loop
      vertex 33.0376 56.2659 0.6
      vertex 33.9462 56.505 0.6
      vertex 33.0959 56.1169 0.6
    endloop
  endfacet
  facet normal -0 0 -1
    outer loop
      vertex 33.9462 56.505 0.6
      vertex 33.0376 56.2659 0.6
      vertex 33.929 56.582 0.6
    endloop
  endfacet
  facet normal 0 0 -1
    outer loop
      vertex 32.9941 56.4258 0.6
      vertex 33.929 56.582 0.6
      vertex 33.0376 56.2659 0.6
    endloop
  endfacet
  facet normal -0 0 -1
    outer loop
      vertex 33.929 56.582 0.6
      vertex 32.9941 56.4258 0.6
      vertex 33.9181 56.6645 0.6
    endloop
  endfacet
  facet normal 0 0 -1
    outer loop
      vertex 33.9181 56.6645 0.6
      vertex 32.9941 56.4258 0.6
      vertex 32.9654 56.5966 0.6
    endloop
  endfacet
  facet normal -0 0 -1
    outer loop
      vertex 35.7817 57.4373 0.6
      vertex 35.1797 56.9807 0.6
      vertex 35.6829 57.4999 0.6
    endloop
  endfacet
  facet normal 0 0 -1
    outer loop
      vertex 35.1417 57.0434 0.6
      vertex 35.6829 57.4999 0.6
      vertex 35.1797 56.9807 0.6
    endloop
  endfacet
  facet normal -0 0 -1
    outer loop
      vertex 35.6829 57.4999 0.6
      vertex 35.1417 57.0434 0.6
      vertex 35.5746 57.5546 0.6
    endloop
  endfacet
  facet normal -0 0 -1
    outer loop
      vertex 35.5746 57.5546 0.6
      vertex 35.1417 57.0434 0.6
      vertex 35.4569 57.6015 0.6
    endloop
  endfacet
  facet normal 0 0 -1
    outer loop
      vertex 34.7376 57.288 0.6
      vertex 35.193 57.685 0.6
      vertex 35.193 57.6715 0.6
    endloop
  endfacet
  facet normal 0 0 -1
    outer loop
      vertex 35.0953 57.1001 0.6
      vertex 35.4569 57.6015 0.6
      vertex 35.1417 57.0434 0.6
    endloop
  endfacet
  facet normal -0 0 -1
    outer loop
      vertex 35.4569 57.6015 0.6
      vertex 35.0953 57.1001 0.6
      vertex 35.3297 57.6404 0.6
    endloop
  endfacet
  facet normal 0 0 -1
    outer loop
      vertex 35.0404 57.151 0.6
      vertex 35.3297 57.6404 0.6
      vertex 35.0953 57.1001 0.6
    endloop
  endfacet
  facet normal -0 0 -1
    outer loop
      vertex 35.3297 57.6404 0.6
      vertex 35.0404 57.151 0.6
      vertex 35.193 57.6715 0.6
    endloop
  endfacet
  facet normal 0 0 -1
    outer loop
      vertex 35.193 57.685 0.6
      vertex 35.1285 58.2581 0.6
      vertex 35.1897 58.3096 0.6
    endloop
  endfacet
  facet normal 0 0 -1
    outer loop
      vertex 34.9771 57.1956 0.6
      vertex 35.193 57.6715 0.6
      vertex 35.0404 57.151 0.6
    endloop
  endfacet
  facet normal 0 0 -1
    outer loop
      vertex 35.193 57.685 0.6
      vertex 35.0581 58.2131 0.6
      vertex 35.1285 58.2581 0.6
    endloop
  endfacet
  facet normal 0 0 -1
    outer loop
      vertex 34.9056 57.2332 0.6
      vertex 35.193 57.6715 0.6
      vertex 34.9771 57.1956 0.6
    endloop
  endfacet
  facet normal 0 0 -1
    outer loop
      vertex 35.193 57.685 0.6
      vertex 34.9785 58.175 0.6
      vertex 35.0581 58.2131 0.6
    endloop
  endfacet
  facet normal 0 0 -1
    outer loop
      vertex 34.8257 57.264 0.6
      vertex 35.193 57.6715 0.6
      vertex 34.9056 57.2332 0.6
    endloop
  endfacet
  facet normal 0 0 -1
    outer loop
      vertex 35.193 57.685 0.6
      vertex 34.8898 58.1439 0.6
      vertex 34.9785 58.175 0.6
    endloop
  endfacet
  facet normal 0 0 -1
    outer loop
      vertex 34.7376 57.288 0.6
      vertex 35.193 57.6715 0.6
      vertex 34.8257 57.264 0.6
    endloop
  endfacet
  facet normal 0 0 -1
    outer loop
      vertex 35.193 57.685 0.6
      vertex 34.792 58.1197 0.6
      vertex 34.8898 58.1439 0.6
    endloop
  endfacet
  facet normal -0 0 -1
    outer loop
      vertex 35.193 57.685 0.6
      vertex 34.7376 57.288 0.6
      vertex 34.685 58.1024 0.6
    endloop
  endfacet
  facet normal 0 0 -1
    outer loop
      vertex 35.193 57.685 0.6
      vertex 34.685 58.1024 0.6
      vertex 34.792 58.1197 0.6
    endloop
  endfacet
  facet normal 0 0 -1
    outer loop
      vertex 34.6411 57.3051 0.6
      vertex 34.685 58.1024 0.6
      vertex 34.7376 57.288 0.6
    endloop
  endfacet
  facet normal 0 0 -1
    outer loop
      vertex 34.6411 57.3051 0.6
      vertex 34.5689 58.092 0.6
      vertex 34.685 58.1024 0.6
    endloop
  endfacet
  facet normal 0 0 -1
    outer loop
      vertex 34.5364 57.3154 0.6
      vertex 34.5689 58.092 0.6
      vertex 34.6411 57.3051 0.6
    endloop
  endfacet
  facet normal 0 0 -1
    outer loop
      vertex 34.5364 57.3154 0.6
      vertex 34.4437 58.0885 0.6
      vertex 34.5689 58.092 0.6
    endloop
  endfacet
  facet normal 0 0 -1
    outer loop
      vertex 34.4233 57.3188 0.6
      vertex 34.4437 58.0885 0.6
      vertex 34.5364 57.3154 0.6
    endloop
  endfacet
  facet normal 0 0 -1
    outer loop
      vertex 34.1114 58.0885 0.6
      vertex 34.4233 57.3188 0.6
      vertex 34.1114 57.3188 0.6
    endloop
  endfacet
  facet normal 0 0 -1
    outer loop
      vertex 34.4233 57.3188 0.6
      vertex 34.1114 58.0885 0.6
      vertex 34.4437 58.0885 0.6
    endloop
  endfacet
  facet normal 0 0 -1
    outer loop
      vertex 35.3591 58.7463 0.6
      vertex 36.3356 58.8039 0.6
      vertex 36.3296 58.6755 0.6
    endloop
  endfacet
  facet normal 0 0 -1
    outer loop
      vertex 35.3591 58.7463 0.6
      vertex 36.3296 58.6755 0.6
      vertex 36.3114 58.5539 0.6
    endloop
  endfacet
  facet normal -0 0 -1
    outer loop
      vertex 36.3356 58.8039 0.6
      vertex 35.3591 58.7463 0.6
      vertex 35.3552 58.8424 0.6
    endloop
  endfacet
  facet normal 0 0 -1
    outer loop
      vertex 35.3544 58.6583 0.6
      vertex 36.3114 58.5539 0.6
      vertex 36.2811 58.4389 0.6
    endloop
  endfacet
  facet normal 0 0 -1
    outer loop
      vertex 35.3436 58.9312 0.6
      vertex 36.3266 58.9895 0.6
      vertex 35.3552 58.8424 0.6
    endloop
  endfacet
  facet normal 0 0 -1
    outer loop
      vertex 35.3544 58.6583 0.6
      vertex 36.2811 58.4389 0.6
      vertex 36.2387 58.3307 0.6
    endloop
  endfacet
  facet normal -0 0 -1
    outer loop
      vertex 36.3266 58.9895 0.6
      vertex 35.3436 58.9312 0.6
      vertex 36.2996 59.1627 0.6
    endloop
  endfacet
  facet normal 0 0 -1
    outer loop
      vertex 35.3403 58.5764 0.6
      vertex 36.2387 58.3307 0.6
      vertex 36.1842 58.2291 0.6
    endloop
  endfacet
  facet normal 0 0 -1
    outer loop
      vertex 35.3403 58.5764 0.6
      vertex 36.1842 58.2291 0.6
      vertex 36.1176 58.1343 0.6
    endloop
  endfacet
  facet normal 0 0 -1
    outer loop
      vertex 36.3356 58.8039 0.6
      vertex 35.3552 58.8424 0.6
      vertex 36.3266 58.9895 0.6
    endloop
  endfacet
  facet normal 0 0 -1
    outer loop
      vertex 35.3168 58.5005 0.6
      vertex 36.1176 58.1343 0.6
      vertex 36.0389 58.0462 0.6
    endloop
  endfacet
  facet normal -0 0 -1
    outer loop
      vertex 36.2996 59.1627 0.6
      vertex 35.3242 59.0126 0.6
      vertex 36.2546 59.3233 0.6
    endloop
  endfacet
  facet normal 0 0 -1
    outer loop
      vertex 35.3168 58.5005 0.6
      vertex 36.0389 58.0462 0.6
      vertex 35.949 57.9662 0.6
    endloop
  endfacet
  facet normal -0 0 -1
    outer loop
      vertex 36.2546 59.3233 0.6
      vertex 35.3242 59.0126 0.6
      vertex 36.1917 59.4715 0.6
    endloop
  endfacet
  facet normal 0 0 -1
    outer loop
      vertex 35.2838 58.4308 0.6
      vertex 35.949 57.9662 0.6
      vertex 35.8488 57.8956 0.6
    endloop
  endfacet
  facet normal 0 0 -1
    outer loop
      vertex 35.2971 59.0867 0.6
      vertex 36.1917 59.4715 0.6
      vertex 35.3242 59.0126 0.6
    endloop
  endfacet
  facet normal 0 0 -1
    outer loop
      vertex 35.2838 58.4308 0.6
      vertex 35.8488 57.8956 0.6
      vertex 35.7382 57.8345 0.6
    endloop
  endfacet
  facet normal 0 0 -1
    outer loop
      vertex 35.2415 58.3671 0.6
      vertex 35.7382 57.8345 0.6
      vertex 35.6174 57.7829 0.6
    endloop
  endfacet
  facet normal 0 0 -1
    outer loop
      vertex 35.3242 59.0126 0.6
      vertex 36.2996 59.1627 0.6
      vertex 35.3436 58.9312 0.6
    endloop
  endfacet
  facet normal 0 0 -1
    outer loop
      vertex 35.1897 58.3096 0.6
      vertex 35.6174 57.7829 0.6
      vertex 35.4862 57.7408 0.6
    endloop
  endfacet
  facet normal -0 0 -1
    outer loop
      vertex 36.1917 59.4715 0.6
      vertex 35.2971 59.0867 0.6
      vertex 36.1107 59.6073 0.6
    endloop
  endfacet
  facet normal 0 0 -1
    outer loop
      vertex 35.2622 59.1535 0.6
      vertex 36.1107 59.6073 0.6
      vertex 35.2971 59.0867 0.6
    endloop
  endfacet
  facet normal 0 0 -1
    outer loop
      vertex 36.3114 58.5539 0.6
      vertex 35.3544 58.6583 0.6
      vertex 35.3591 58.7463 0.6
    endloop
  endfacet
  facet normal 0 0 -1
    outer loop
      vertex 35.1897 58.3096 0.6
      vertex 35.4862 57.7408 0.6
      vertex 35.3448 57.7082 0.6
    endloop
  endfacet
  facet normal 0 0 -1
    outer loop
      vertex 36.2387 58.3307 0.6
      vertex 35.3403 58.5764 0.6
      vertex 35.3544 58.6583 0.6
    endloop
  endfacet
  facet normal 0 0 -1
    outer loop
      vertex 36.1176 58.1343 0.6
      vertex 35.3168 58.5005 0.6
      vertex 35.3403 58.5764 0.6
    endloop
  endfacet
  facet normal 0 0 -1
    outer loop
      vertex 35.949 57.9662 0.6
      vertex 35.2838 58.4308 0.6
      vertex 35.3168 58.5005 0.6
    endloop
  endfacet
  facet normal 0 0 -1
    outer loop
      vertex 35.7382 57.8345 0.6
      vertex 35.2415 58.3671 0.6
      vertex 35.2838 58.4308 0.6
    endloop
  endfacet
  facet normal 0 0 -1
    outer loop
      vertex 35.1897 58.3096 0.6
      vertex 35.3448 57.7082 0.6
      vertex 35.193 57.685 0.6
    endloop
  endfacet
  facet normal 0 0 -1
    outer loop
      vertex 35.6174 57.7829 0.6
      vertex 35.1897 58.3096 0.6
      vertex 35.2415 58.3671 0.6
    endloop
  endfacet
  facet normal -0 0 -1
    outer loop
      vertex 36.1107 59.6073 0.6
      vertex 35.2622 59.1535 0.6
      vertex 36.0118 59.7306 0.6
    endloop
  endfacet
  facet normal -0 0 -1
    outer loop
      vertex 36.0118 59.7306 0.6
      vertex 35.2622 59.1535 0.6
      vertex 35.8948 59.8415 0.6
    endloop
  endfacet
  facet normal 0 0 -1
    outer loop
      vertex 35.2196 59.213 0.6
      vertex 35.8948 59.8415 0.6
      vertex 35.2622 59.1535 0.6
    endloop
  endfacet
  facet normal -0 0 -1
    outer loop
      vertex 35.8948 59.8415 0.6
      vertex 35.2196 59.213 0.6
      vertex 35.7613 59.9386 0.6
    endloop
  endfacet
  facet normal 0 0 -1
    outer loop
      vertex 35.1692 59.2651 0.6
      vertex 35.7613 59.9386 0.6
      vertex 35.2196 59.213 0.6
    endloop
  endfacet
  facet normal -0 0 -1
    outer loop
      vertex 35.7613 59.9386 0.6
      vertex 35.1692 59.2651 0.6
      vertex 35.6125 60.0208 0.6
    endloop
  endfacet
  facet normal 0 0 -1
    outer loop
      vertex 35.1118 59.3101 0.6
      vertex 35.6125 60.0208 0.6
      vertex 35.1692 59.2651 0.6
    endloop
  endfacet
  facet normal -0 0 -1
    outer loop
      vertex 35.6125 60.0208 0.6
      vertex 35.1118 59.3101 0.6
      vertex 35.4485 60.0881 0.6
    endloop
  endfacet
  facet normal 0 0 -1
    outer loop
      vertex 35.0483 59.3481 0.6
      vertex 35.4485 60.0881 0.6
      vertex 35.1118 59.3101 0.6
    endloop
  endfacet
  facet normal -0 0 -1
    outer loop
      vertex 35.4485 60.0881 0.6
      vertex 35.0483 59.3481 0.6
      vertex 35.2693 60.1404 0.6
    endloop
  endfacet
  facet normal 0 0 -1
    outer loop
      vertex 34.9784 59.3792 0.6
      vertex 35.2693 60.1404 0.6
      vertex 35.0483 59.3481 0.6
    endloop
  endfacet
  facet normal -0 0 -1
    outer loop
      vertex 35.2693 60.1404 0.6
      vertex 34.9784 59.3792 0.6
      vertex 35.0749 60.1778 0.6
    endloop
  endfacet
  facet normal 0 0 -1
    outer loop
      vertex 34.9024 59.4035 0.6
      vertex 35.0749 60.1778 0.6
      vertex 34.9784 59.3792 0.6
    endloop
  endfacet
  facet normal 0 0 -1
    outer loop
      vertex 34.8201 59.4207 0.6
      vertex 35.0749 60.1778 0.6
      vertex 34.9024 59.4035 0.6
    endloop
  endfacet
  facet normal -0 0 -1
    outer loop
      vertex 35.0749 60.1778 0.6
      vertex 34.8201 59.4207 0.6
      vertex 34.8652 60.2002 0.6
    endloop
  endfacet
  facet normal 0 0 -1
    outer loop
      vertex 34.7316 59.4311 0.6
      vertex 34.8652 60.2002 0.6
      vertex 34.8201 59.4207 0.6
    endloop
  endfacet
  facet normal 0 0 -1
    outer loop
      vertex 34.7316 59.4311 0.6
      vertex 34.6403 60.2077 0.6
      vertex 34.8652 60.2002 0.6
    endloop
  endfacet
  facet normal 0 0 -1
    outer loop
      vertex 34.6369 59.4346 0.6
      vertex 34.6403 60.2077 0.6
      vertex 34.7316 59.4311 0.6
    endloop
  endfacet
  facet normal 0 0 -1
    outer loop
      vertex 34.4268 60.2005 0.6
      vertex 34.6369 59.4346 0.6
      vertex 34.4515 59.4205 0.6
    endloop
  endfacet
  facet normal 0 0 -1
    outer loop
      vertex 34.6369 59.4346 0.6
      vertex 34.4268 60.2005 0.6
      vertex 34.6403 60.2077 0.6
    endloop
  endfacet
  facet normal 0 0 -1
    outer loop
      vertex 34.2262 60.1788 0.6
      vertex 34.4515 59.4205 0.6
      vertex 34.2907 59.3784 0.6
    endloop
  endfacet
  facet normal 0 0 -1
    outer loop
      vertex 34.4515 59.4205 0.6
      vertex 34.2262 60.1788 0.6
      vertex 34.4268 60.2005 0.6
    endloop
  endfacet
  facet normal 0 0 -1
    outer loop
      vertex 33.8637 60.092 0.6
      vertex 34.2907 59.3784 0.6
      vertex 34.1543 59.3082 0.6
    endloop
  endfacet
  facet normal 0 0 -1
    outer loop
      vertex 33.5526 59.9474 0.6
      vertex 34.1543 59.3082 0.6
      vertex 34.0424 59.2098 0.6
    endloop
  endfacet
  facet normal 0 0 -1
    outer loop
      vertex 34.2907 59.3784 0.6
      vertex 34.0385 60.1426 0.6
      vertex 34.2262 60.1788 0.6
    endloop
  endfacet
  facet normal 0 0 -1
    outer loop
      vertex 33.2942 59.7457 0.6
      vertex 34.0424 59.2098 0.6
      vertex 33.955 59.0834 0.6
    endloop
  endfacet
  facet normal 0 0 -1
    outer loop
      vertex 33.0199 59.346 0.6
      vertex 33.955 59.0834 0.6
      vertex 33.8921 58.9289 0.6
    endloop
  endfacet
  facet normal 0 0 -1
    outer loop
      vertex 34.2907 59.3784 0.6
      vertex 33.8637 60.092 0.6
      vertex 34.0385 60.1426 0.6
    endloop
  endfacet
  facet normal 0 0 -1
    outer loop
      vertex 32.9139 59.0155 0.6
      vertex 33.8921 58.9289 0.6
      vertex 33.8537 58.7463 0.6
    endloop
  endfacet
  facet normal 0 0 -1
    outer loop
      vertex 34.1543 59.3082 0.6
      vertex 33.7017 60.0269 0.6
      vertex 33.8637 60.092 0.6
    endloop
  endfacet
  facet normal 0 0 -1
    outer loop
      vertex 34.1543 59.3082 0.6
      vertex 33.5526 59.9474 0.6
      vertex 33.7017 60.0269 0.6
    endloop
  endfacet
  facet normal 0 0 -1
    outer loop
      vertex 34.0424 59.2098 0.6
      vertex 33.4163 59.8534 0.6
      vertex 33.5526 59.9474 0.6
    endloop
  endfacet
  facet normal 0 0 -1
    outer loop
      vertex 34.0424 59.2098 0.6
      vertex 33.2942 59.7457 0.6
      vertex 33.4163 59.8534 0.6
    endloop
  endfacet
  facet normal 0 0 -1
    outer loop
      vertex 33.955 59.0834 0.6
      vertex 33.1874 59.6253 0.6
      vertex 33.2942 59.7457 0.6
    endloop
  endfacet
  facet normal 0 0 -1
    outer loop
      vertex 33.955 59.0834 0.6
      vertex 33.096 59.492 0.6
      vertex 33.1874 59.6253 0.6
    endloop
  endfacet
  facet normal 0 0 -1
    outer loop
      vertex 33.955 59.0834 0.6
      vertex 33.0199 59.346 0.6
      vertex 33.096 59.492 0.6
    endloop
  endfacet
  facet normal 0 0 -1
    outer loop
      vertex 33.8921 58.9289 0.6
      vertex 32.9593 59.1872 0.6
      vertex 33.0199 59.346 0.6
    endloop
  endfacet
  facet normal 0 0 -1
    outer loop
      vertex 33.8921 58.9289 0.6
      vertex 32.9139 59.0155 0.6
      vertex 32.9593 59.1872 0.6
    endloop
  endfacet
  facet normal 0 -0 -1
    outer loop
      vertex 32.9139 59.0155 0.6
      vertex 33.8537 58.7463 0.6
      vertex 32.8839 58.8311 0.6
    endloop
  endfacet
  facet normal 0 0 -1
    outer loop
      vertex 39.0392 56.6645 0.6
      vertex 40.0055 56.6238 0.6
      vertex 39.9971 56.4475 0.6
    endloop
  endfacet
  facet normal 0 0 -1
    outer loop
      vertex 40.0055 56.6238 0.6
      vertex 39.0392 56.6645 0.6
      vertex 40.0028 56.7184 0.6
    endloop
  endfacet
  facet normal -0 0 -1
    outer loop
      vertex 40.0028 56.7184 0.6
      vertex 39.0392 56.6645 0.6
      vertex 39.9947 56.8103 0.6
    endloop
  endfacet
  facet normal 0 0 -1
    outer loop
      vertex 39.0264 56.499 0.6
      vertex 39.9971 56.4475 0.6
      vertex 39.9718 56.2828 0.6
    endloop
  endfacet
  facet normal 0 0 -1
    outer loop
      vertex 39.0351 56.7374 0.6
      vertex 39.9947 56.8103 0.6
      vertex 39.0392 56.6645 0.6
    endloop
  endfacet
  facet normal -0 0 -1
    outer loop
      vertex 39.9947 56.8103 0.6
      vertex 39.0351 56.7374 0.6
      vertex 39.9812 56.8997 0.6
    endloop
  endfacet
  facet normal 0 0 -1
    outer loop
      vertex 39.0264 56.499 0.6
      vertex 39.9718 56.2828 0.6
      vertex 39.9296 56.1297 0.6
    endloop
  endfacet
  facet normal -0 0 -1
    outer loop
      vertex 39.9812 56.8997 0.6
      vertex 39.0351 56.7374 0.6
      vertex 39.9623 56.9864 0.6
    endloop
  endfacet
  facet normal 0 0 -1
    outer loop
      vertex 39.0227 56.8106 0.6
      vertex 39.9623 56.9864 0.6
      vertex 39.0351 56.7374 0.6
    endloop
  endfacet
  facet normal 0 0 -1
    outer loop
      vertex 38.988 56.3589 0.6
      vertex 39.9296 56.1297 0.6
      vertex 39.8705 55.9883 0.6
    endloop
  endfacet
  facet normal -0 0 -1
    outer loop
      vertex 39.9623 56.9864 0.6
      vertex 39.0227 56.8106 0.6
      vertex 39.9381 57.0704 0.6
    endloop
  endfacet
  facet normal 0 0 -1
    outer loop
      vertex 38.988 56.3589 0.6
      vertex 39.8705 55.9883 0.6
      vertex 39.7945 55.8585 0.6
    endloop
  endfacet
  facet normal -0 0 -1
    outer loop
      vertex 39.9381 57.0704 0.6
      vertex 39.0227 56.8106 0.6
      vertex 39.9084 57.1519 0.6
    endloop
  endfacet
  facet normal 0 0 -1
    outer loop
      vertex 39.0021 56.8843 0.6
      vertex 39.9084 57.1519 0.6
      vertex 39.0227 56.8106 0.6
    endloop
  endfacet
  facet normal 0 0 -1
    outer loop
      vertex 38.988 56.3589 0.6
      vertex 39.7945 55.8585 0.6
      vertex 39.7016 55.7403 0.6
    endloop
  endfacet
  facet normal -0 0 -1
    outer loop
      vertex 39.9084 57.1519 0.6
      vertex 39.0021 56.8843 0.6
      vertex 39.8733 57.2307 0.6
    endloop
  endfacet
  facet normal -0 0 -1
    outer loop
      vertex 39.8733 57.2307 0.6
      vertex 39.0021 56.8843 0.6
      vertex 39.834 57.3073 0.6
    endloop
  endfacet
  facet normal 0 0 -1
    outer loop
      vertex 38.924 56.2443 0.6
      vertex 39.7016 55.7403 0.6
      vertex 39.5919 55.6337 0.6
    endloop
  endfacet
  facet normal 0 0 -1
    outer loop
      vertex 38.9733 56.9584 0.6
      vertex 39.834 57.3073 0.6
      vertex 39.0021 56.8843 0.6
    endloop
  endfacet
  facet normal -0 0 -1
    outer loop
      vertex 39.834 57.3073 0.6
      vertex 38.9733 56.9584 0.6
      vertex 39.7916 57.3822 0.6
    endloop
  endfacet
  facet normal -0 0 -1
    outer loop
      vertex 39.7916 57.3822 0.6
      vertex 38.9733 56.9584 0.6
      vertex 39.7463 57.4554 0.6
    endloop
  endfacet
  facet normal 0 0 -1
    outer loop
      vertex 38.924 56.2443 0.6
      vertex 39.5919 55.6337 0.6
      vertex 39.4664 55.5402 0.6
    endloop
  endfacet
  facet normal 0 0 -1
    outer loop
      vertex 38.9363 57.033 0.6
      vertex 39.7463 57.4554 0.6
      vertex 38.9733 56.9584 0.6
    endloop
  endfacet
  facet normal -0 0 -1
    outer loop
      vertex 39.7463 57.4554 0.6
      vertex 38.9363 57.033 0.6
      vertex 39.6978 57.5269 0.6
    endloop
  endfacet
  facet normal 0 0 -1
    outer loop
      vertex 38.8344 56.1552 0.6
      vertex 39.4664 55.5402 0.6
      vertex 39.3262 55.461 0.6
    endloop
  endfacet
  facet normal -0 0 -1
    outer loop
      vertex 39.6978 57.5269 0.6
      vertex 38.9363 57.033 0.6
      vertex 39.6463 57.5966 0.6
    endloop
  endfacet
  facet normal 0 0 -1
    outer loop
      vertex 38.891 57.1079 0.6
      vertex 39.6463 57.5966 0.6
      vertex 38.9363 57.033 0.6
    endloop
  endfacet
  facet normal 0 0 -1
    outer loop
      vertex 38.8344 56.1552 0.6
      vertex 39.3262 55.461 0.6
      vertex 39.1713 55.3963 0.6
    endloop
  endfacet
  facet normal -0 0 -1
    outer loop
      vertex 39.6463 57.5966 0.6
      vertex 38.891 57.1079 0.6
      vertex 39.5918 57.6646 0.6
    endloop
  endfacet
  facet normal -0 0 -1
    outer loop
      vertex 39.5918 57.6646 0.6
      vertex 38.891 57.1079 0.6
      vertex 39.5342 57.7308 0.6
    endloop
  endfacet
  facet normal 0 0 -1
    outer loop
      vertex 38.8374 57.1832 0.6
      vertex 39.5342 57.7308 0.6
      vertex 38.891 57.1079 0.6
    endloop
  endfacet
  facet normal 0 0 -1
    outer loop
      vertex 39.9971 56.4475 0.6
      vertex 39.0264 56.499 0.6
      vertex 39.0392 56.6645 0.6
    endloop
  endfacet
  facet normal 0 0 -1
    outer loop
      vertex 38.7192 56.0915 0.6
      vertex 39.1713 55.3963 0.6
      vertex 39.0018 55.3459 0.6
    endloop
  endfacet
  facet normal 0 0 -1
    outer loop
      vertex 39.9296 56.1297 0.6
      vertex 38.988 56.3589 0.6
      vertex 39.0264 56.499 0.6
    endloop
  endfacet
  facet normal 0 0 -1
    outer loop
      vertex 39.7016 55.7403 0.6
      vertex 38.924 56.2443 0.6
      vertex 38.988 56.3589 0.6
    endloop
  endfacet
  facet normal 0 0 -1
    outer loop
      vertex 39.4664 55.5402 0.6
      vertex 38.8344 56.1552 0.6
      vertex 38.924 56.2443 0.6
    endloop
  endfacet
  facet normal 0 0 -1
    outer loop
      vertex 38.7192 56.0915 0.6
      vertex 39.0018 55.3459 0.6
      vertex 38.8176 55.3099 0.6
    endloop
  endfacet
  facet normal 0 0 -1
    outer loop
      vertex 39.1713 55.3963 0.6
      vertex 38.7192 56.0915 0.6
      vertex 38.8344 56.1552 0.6
    endloop
  endfacet
  facet normal 0 0 -1
    outer loop
      vertex 38.5783 56.0533 0.6
      vertex 38.8176 55.3099 0.6
      vertex 38.6187 55.2883 0.6
    endloop
  endfacet
  facet normal 0 0 -1
    outer loop
      vertex 38.8176 55.3099 0.6
      vertex 38.5783 56.0533 0.6
      vertex 38.7192 56.0915 0.6
    endloop
  endfacet
  facet normal 0 0 -1
    outer loop
      vertex 38.6187 55.2883 0.6
      vertex 38.4119 56.0406 0.6
      vertex 38.5783 56.0533 0.6
    endloop
  endfacet
  facet normal 0 0 -1
    outer loop
      vertex 38.4051 55.2811 0.6
      vertex 38.4119 56.0406 0.6
      vertex 38.6187 55.2883 0.6
    endloop
  endfacet
  facet normal 0 0 -1
    outer loop
      vertex 38.4051 55.2811 0.6
      vertex 38.3277 56.044 0.6
      vertex 38.4119 56.0406 0.6
    endloop
  endfacet
  facet normal 0 0 -1
    outer loop
      vertex 38.2069 55.2882 0.6
      vertex 38.3277 56.044 0.6
      vertex 38.4051 55.2811 0.6
    endloop
  endfacet
  facet normal -0 0 -1
    outer loop
      vertex 38.3277 56.044 0.6
      vertex 38.2069 55.2882 0.6
      vertex 38.2493 56.054 0.6
    endloop
  endfacet
  facet normal 0 0 -1
    outer loop
      vertex 38.0208 55.3096 0.6
      vertex 38.2493 56.054 0.6
      vertex 38.2069 55.2882 0.6
    endloop
  endfacet
  facet normal -0 0 -1
    outer loop
      vertex 38.2493 56.054 0.6
      vertex 38.0208 55.3096 0.6
      vertex 38.1768 56.0708 0.6
    endloop
  endfacet
  facet normal -0 0 -1
    outer loop
      vertex 38.1768 56.0708 0.6
      vertex 38.0208 55.3096 0.6
      vertex 38.1102 56.0943 0.6
    endloop
  endfacet
  facet normal 0 0 -1
    outer loop
      vertex 37.847 55.3452 0.6
      vertex 38.1102 56.0943 0.6
      vertex 38.0208 55.3096 0.6
    endloop
  endfacet
  facet normal -0 0 -1
    outer loop
      vertex 38.1102 56.0943 0.6
      vertex 37.847 55.3452 0.6
      vertex 38.0495 56.1245 0.6
    endloop
  endfacet
  facet normal 0 0 -1
    outer loop
      vertex 37.6855 55.3951 0.6
      vertex 38.0495 56.1245 0.6
      vertex 37.847 55.3452 0.6
    endloop
  endfacet
  facet normal -0 0 -1
    outer loop
      vertex 38.0495 56.1245 0.6
      vertex 37.6855 55.3951 0.6
      vertex 37.9947 56.1614 0.6
    endloop
  endfacet
  facet normal 0 0 -1
    outer loop
      vertex 37.5362 55.4593 0.6
      vertex 37.9947 56.1614 0.6
      vertex 37.6855 55.3951 0.6
    endloop
  endfacet
  facet normal -0 0 -1
    outer loop
      vertex 37.9947 56.1614 0.6
      vertex 37.5362 55.4593 0.6
      vertex 37.9457 56.205 0.6
    endloop
  endfacet
  facet normal 0 0 -1
    outer loop
      vertex 37.3992 55.5377 0.6
      vertex 37.9457 56.205 0.6
      vertex 37.5362 55.4593 0.6
    endloop
  endfacet
  facet normal 0 0 -1
    outer loop
      vertex 37.2744 55.6303 0.6
      vertex 37.9457 56.205 0.6
      vertex 37.3992 55.5377 0.6
    endloop
  endfacet
  facet normal -0 0 -1
    outer loop
      vertex 37.9457 56.205 0.6
      vertex 37.2744 55.6303 0.6
      vertex 37.902 56.2554 0.6
    endloop
  endfacet
  facet normal 0 0 -1
    outer loop
      vertex 37.1625 55.7366 0.6
      vertex 37.902 56.2554 0.6
      vertex 37.2744 55.6303 0.6
    endloop
  endfacet
  facet normal -0 0 -1
    outer loop
      vertex 37.902 56.2554 0.6
      vertex 37.1625 55.7366 0.6
      vertex 37.863 56.3124 0.6
    endloop
  endfacet
  facet normal 0 0 -1
    outer loop
      vertex 37.0643 55.8556 0.6
      vertex 37.863 56.3124 0.6
      vertex 37.1625 55.7366 0.6
    endloop
  endfacet
  facet normal -0 0 -1
    outer loop
      vertex 37.863 56.3124 0.6
      vertex 37.0643 55.8556 0.6
      vertex 37.8285 56.3762 0.6
    endloop
  endfacet
  facet normal 0 0 -1
    outer loop
      vertex 36.9797 55.9876 0.6
      vertex 37.8285 56.3762 0.6
      vertex 37.0643 55.8556 0.6
    endloop
  endfacet
  facet normal -0 0 -1
    outer loop
      vertex 37.8285 56.3762 0.6
      vertex 36.9797 55.9876 0.6
      vertex 37.7988 56.4467 0.6
    endloop
  endfacet
  facet normal 0 0 -1
    outer loop
      vertex 36.9087 56.1324 0.6
      vertex 37.7988 56.4467 0.6
      vertex 36.9797 55.9876 0.6
    endloop
  endfacet
  facet normal -0 0 -1
    outer loop
      vertex 37.7988 56.4467 0.6
      vertex 36.9087 56.1324 0.6
      vertex 37.7736 56.5239 0.6
    endloop
  endfacet
  facet normal 0 0 -1
    outer loop
      vertex 36.8514 56.2901 0.6
      vertex 37.7736 56.5239 0.6
      vertex 36.9087 56.1324 0.6
    endloop
  endfacet
  facet normal -0 0 -1
    outer loop
      vertex 37.7736 56.5239 0.6
      vertex 36.8514 56.2901 0.6
      vertex 37.7531 56.6078 0.6
    endloop
  endfacet
  facet normal 0 0 -1
    outer loop
      vertex 36.8077 56.4607 0.6
      vertex 37.7531 56.6078 0.6
      vertex 36.8514 56.2901 0.6
    endloop
  endfacet
  facet normal -0 0 -1
    outer loop
      vertex 37.7531 56.6078 0.6
      vertex 36.8077 56.4607 0.6
      vertex 37.7372 56.6984 0.6
    endloop
  endfacet
  facet normal 0 0 -1
    outer loop
      vertex 37.7372 56.6984 0.6
      vertex 36.8077 56.4607 0.6
      vertex 36.7776 56.6441 0.6
    endloop
  endfacet
  facet normal -0 0 -1
    outer loop
      vertex 39.5342 57.7308 0.6
      vertex 38.8374 57.1832 0.6
      vertex 39.4742 57.7956 0.6
    endloop
  endfacet
  facet normal 0 0 -1
    outer loop
      vertex 38.7737 57.2617 0.6
      vertex 39.4742 57.7956 0.6
      vertex 38.8374 57.1832 0.6
    endloop
  endfacet
  facet normal -0 0 -1
    outer loop
      vertex 39.4742 57.7956 0.6
      vertex 38.7737 57.2617 0.6
      vertex 39.4123 57.8592 0.6
    endloop
  endfacet
  facet normal -0 0 -1
    outer loop
      vertex 39.4123 57.8592 0.6
      vertex 38.7737 57.2617 0.6
      vertex 39.3485 57.9217 0.6
    endloop
  endfacet
  facet normal 0 0 -1
    outer loop
      vertex 38.6977 57.346 0.6
      vertex 39.3485 57.9217 0.6
      vertex 38.7737 57.2617 0.6
    endloop
  endfacet
  facet normal -0 0 -1
    outer loop
      vertex 39.3485 57.9217 0.6
      vertex 38.6977 57.346 0.6
      vertex 39.2829 57.983 0.6
    endloop
  endfacet
  facet normal -0 0 -1
    outer loop
      vertex 39.2829 57.983 0.6
      vertex 38.6977 57.346 0.6
      vertex 39.2154 58.0431 0.6
    endloop
  endfacet
  facet normal 0 0 -1
    outer loop
      vertex 38.6094 57.4361 0.6
      vertex 39.2154 58.0431 0.6
      vertex 38.6977 57.346 0.6
    endloop
  endfacet
  facet normal -0 0 -1
    outer loop
      vertex 39.2154 58.0431 0.6
      vertex 38.6094 57.4361 0.6
      vertex 39.146 58.102 0.6
    endloop
  endfacet
  facet normal 0 0 -1
    outer loop
      vertex 38.5089 57.532 0.6
      vertex 39.146 58.102 0.6
      vertex 38.6094 57.4361 0.6
    endloop
  endfacet
  facet normal -0 0 -1
    outer loop
      vertex 39.146 58.102 0.6
      vertex 38.5089 57.532 0.6
      vertex 39.0748 58.1597 0.6
    endloop
  endfacet
  facet normal -0 0 -1
    outer loop
      vertex 39.0748 58.1597 0.6
      vertex 38.5089 57.532 0.6
      vertex 39.0029 58.2167 0.6
    endloop
  endfacet
  facet normal 0 0 -1
    outer loop
      vertex 38.3962 57.6337 0.6
      vertex 39.0029 58.2167 0.6
      vertex 38.5089 57.532 0.6
    endloop
  endfacet
  facet normal -0 0 -1
    outer loop
      vertex 39.0029 58.2167 0.6
      vertex 38.3962 57.6337 0.6
      vertex 38.9317 58.2732 0.6
    endloop
  endfacet
  facet normal -0 0 -1
    outer loop
      vertex 38.9317 58.2732 0.6
      vertex 38.3962 57.6337 0.6
      vertex 38.8611 58.3293 0.6
    endloop
  endfacet
  facet normal 0 0 -1
    outer loop
      vertex 38.2711 57.7412 0.6
      vertex 38.8611 58.3293 0.6
      vertex 38.3962 57.6337 0.6
    endloop
  endfacet
  facet normal -0 0 -1
    outer loop
      vertex 38.8611 58.3293 0.6
      vertex 38.2711 57.7412 0.6
      vertex 38.7911 58.385 0.6
    endloop
  endfacet
  facet normal -0 0 -1
    outer loop
      vertex 38.7911 58.385 0.6
      vertex 38.2711 57.7412 0.6
      vertex 38.7217 58.4403 0.6
    endloop
  endfacet
  facet normal 0 0 -1
    outer loop
      vertex 38.1339 57.8546 0.6
      vertex 38.7217 58.4403 0.6
      vertex 38.2711 57.7412 0.6
    endloop
  endfacet
  facet normal -0 0 -1
    outer loop
      vertex 38.7217 58.4403 0.6
      vertex 38.1339 57.8546 0.6
      vertex 38.653 58.4952 0.6
    endloop
  endfacet
  facet normal -0 0 -1
    outer loop
      vertex 38.653 58.4952 0.6
      vertex 38.1339 57.8546 0.6
      vertex 38.5848 58.5497 0.6
    endloop
  endfacet
  facet normal 0 0 -1
    outer loop
      vertex 37.9883 57.975 0.6
      vertex 38.5848 58.5497 0.6
      vertex 38.1339 57.8546 0.6
    endloop
  endfacet
  facet normal -0 0 -1
    outer loop
      vertex 38.5848 58.5497 0.6
      vertex 37.9883 57.975 0.6
      vertex 38.5179 58.604 0.6
    endloop
  endfacet
  facet normal -0 0 -1
    outer loop
      vertex 38.5179 58.604 0.6
      vertex 37.9883 57.975 0.6
      vertex 38.4527 58.6584 0.6
    endloop
  endfacet
  facet normal 0 0 -1
    outer loop
      vertex 37.85 58.094 0.6
      vertex 38.4527 58.6584 0.6
      vertex 37.9883 57.975 0.6
    endloop
  endfacet
  facet normal -0 0 -1
    outer loop
      vertex 38.4527 58.6584 0.6
      vertex 37.85 58.094 0.6
      vertex 38.3892 58.713 0.6
    endloop
  endfacet
  facet normal -0 0 -1
    outer loop
      vertex 38.3892 58.713 0.6
      vertex 37.85 58.094 0.6
      vertex 38.3274 58.7678 0.6
    endloop
  endfacet
  facet normal 0 0 -1
    outer loop
      vertex 37.719 58.2116 0.6
      vertex 38.3274 58.7678 0.6
      vertex 37.85 58.094 0.6
    endloop
  endfacet
  facet normal -0 0 -1
    outer loop
      vertex 38.3274 58.7678 0.6
      vertex 37.719 58.2116 0.6
      vertex 38.2674 58.8226 0.6
    endloop
  endfacet
  facet normal -0 0 -1
    outer loop
      vertex 38.2674 58.8226 0.6
      vertex 37.719 58.2116 0.6
      vertex 38.2091 58.8776 0.6
    endloop
  endfacet
  facet normal 0 0 -1
    outer loop
      vertex 37.5953 58.3279 0.6
      vertex 38.2091 58.8776 0.6
      vertex 37.719 58.2116 0.6
    endloop
  endfacet
  facet normal -0 0 -1
    outer loop
      vertex 38.2091 58.8776 0.6
      vertex 37.5953 58.3279 0.6
      vertex 38.1525 58.9328 0.6
    endloop
  endfacet
  facet normal -0 0 -1
    outer loop
      vertex 38.1525 58.9328 0.6
      vertex 37.5953 58.3279 0.6
      vertex 38.0989 58.9886 0.6
    endloop
  endfacet
  facet normal 0 0 -1
    outer loop
      vertex 37.4788 58.4427 0.6
      vertex 38.0989 58.9886 0.6
      vertex 37.5953 58.3279 0.6
    endloop
  endfacet
  facet normal -0 0 -1
    outer loop
      vertex 38.0989 58.9886 0.6
      vertex 37.4788 58.4427 0.6
      vertex 38.0493 59.0454 0.6
    endloop
  endfacet
  facet normal 0 0 -1
    outer loop
      vertex 37.3695 58.5562 0.6
      vertex 38.0493 59.0454 0.6
      vertex 37.4788 58.4427 0.6
    endloop
  endfacet
  facet normal -0 0 -1
    outer loop
      vertex 38.0493 59.0454 0.6
      vertex 37.3695 58.5562 0.6
      vertex 38.0038 59.1034 0.6
    endloop
  endfacet
  facet normal 0 0 -1
    outer loop
      vertex 37.8626 59.3464 0.6
      vertex 40.0801 60.1297 0.6
      vertex 40.0801 59.3464 0.6
    endloop
  endfacet
  facet normal -0 0 -1
    outer loop
      vertex 38.0038 59.1034 0.6
      vertex 37.3695 58.5562 0.6
      vertex 37.9624 59.1625 0.6
    endloop
  endfacet
  facet normal 0 0 -1
    outer loop
      vertex 37.2676 58.6683 0.6
      vertex 37.9624 59.1625 0.6
      vertex 37.3695 58.5562 0.6
    endloop
  endfacet
  facet normal -0 0 -1
    outer loop
      vertex 37.9624 59.1625 0.6
      vertex 37.2676 58.6683 0.6
      vertex 37.9251 59.2227 0.6
    endloop
  endfacet
  facet normal 0 0 -1
    outer loop
      vertex 37.1725 58.7801 0.6
      vertex 37.9251 59.2227 0.6
      vertex 37.2676 58.6683 0.6
    endloop
  endfacet
  facet normal -0 0 -1
    outer loop
      vertex 37.9251 59.2227 0.6
      vertex 37.1725 58.7801 0.6
      vertex 37.8918 59.284 0.6
    endloop
  endfacet
  facet normal 0 0 -1
    outer loop
      vertex 37.0838 58.8928 0.6
      vertex 37.8918 59.284 0.6
      vertex 37.1725 58.7801 0.6
    endloop
  endfacet
  facet normal -0 0 -1
    outer loop
      vertex 37.8918 59.284 0.6
      vertex 37.0838 58.8928 0.6
      vertex 37.8626 59.3464 0.6
    endloop
  endfacet
  facet normal 0 0 -1
    outer loop
      vertex 37.0016 59.0063 0.6
      vertex 37.8626 59.3464 0.6
      vertex 37.0838 58.8928 0.6
    endloop
  endfacet
  facet normal 0 0 -1
    outer loop
      vertex 36.9258 59.1206 0.6
      vertex 37.8626 59.3464 0.6
      vertex 37.0016 59.0063 0.6
    endloop
  endfacet
  facet normal 0 0 -1
    outer loop
      vertex 36.8564 59.2357 0.6
      vertex 37.8626 59.3464 0.6
      vertex 36.9258 59.1206 0.6
    endloop
  endfacet
  facet normal 0 0 -1
    outer loop
      vertex 36.7935 59.3517 0.6
      vertex 37.8626 59.3464 0.6
      vertex 36.8564 59.2357 0.6
    endloop
  endfacet
  facet normal 0 0 -1
    outer loop
      vertex 36.737 59.4685 0.6
      vertex 37.8626 59.3464 0.6
      vertex 36.7935 59.3517 0.6
    endloop
  endfacet
  facet normal 0 0 -1
    outer loop
      vertex 37.8626 59.3464 0.6
      vertex 36.737 59.4685 0.6
      vertex 36.737 60.1297 0.6
    endloop
  endfacet
  facet normal 0 0 -1
    outer loop
      vertex 37.8626 59.3464 0.6
      vertex 36.737 60.1297 0.6
      vertex 40.0801 60.1297 0.6
    endloop
  endfacet
  facet normal 0 0 -1
    outer loop
      vertex 24.1577 56.5862 0.6
      vertex 23.1421 56.6344 0.6
      vertex 23.1601 56.817 0.6
    endloop
  endfacet
  facet normal 0 0 -1
    outer loop
      vertex 23.4053 55.54 0.6
      vertex 23.0881 56.4799 0.6
      vertex 23.1421 56.6344 0.6
    endloop
  endfacet
  facet normal 0 0 -1
    outer loop
      vertex 22.8722 56.2552 0.6
      vertex 23.2328 55.4724 0.6
      vertex 23.0444 55.4199 0.6
    endloop
  endfacet
  facet normal 0 0 -1
    outer loop
      vertex 23.4053 55.54 0.6
      vertex 22.9982 56.3535 0.6
      vertex 23.0881 56.4799 0.6
    endloop
  endfacet
  facet normal 0 0 -1
    outer loop
      vertex 23.4053 55.54 0.6
      vertex 22.8722 56.2552 0.6
      vertex 22.9982 56.3535 0.6
    endloop
  endfacet
  facet normal 0 0 -1
    outer loop
      vertex 22.7103 56.1849 0.6
      vertex 23.0444 55.4199 0.6
      vertex 22.8401 55.3823 0.6
    endloop
  endfacet
  facet normal 0 0 -1
    outer loop
      vertex 23.0444 55.4199 0.6
      vertex 22.7103 56.1849 0.6
      vertex 22.8722 56.2552 0.6
    endloop
  endfacet
  facet normal 0 0 -1
    outer loop
      vertex 22.5124 56.1428 0.6
      vertex 22.8401 55.3823 0.6
      vertex 22.6198 55.3598 0.6
    endloop
  endfacet
  facet normal 0 0 -1
    outer loop
      vertex 22.8401 55.3823 0.6
      vertex 22.5124 56.1428 0.6
      vertex 22.7103 56.1849 0.6
    endloop
  endfacet
  facet normal 0 0 -1
    outer loop
      vertex 22.3836 55.3523 0.6
      vertex 22.5124 56.1428 0.6
      vertex 22.6198 55.3598 0.6
    endloop
  endfacet
  facet normal 0 0 -1
    outer loop
      vertex 22.3836 55.3523 0.6
      vertex 22.2785 56.1287 0.6
      vertex 22.5124 56.1428 0.6
    endloop
  endfacet
  facet normal 0 0 -1
    outer loop
      vertex 22.3836 55.3523 0.6
      vertex 20.9969 56.1287 0.6
      vertex 22.2785 56.1287 0.6
    endloop
  endfacet
  facet normal 0 0 -1
    outer loop
      vertex 19.9966 55.3523 0.6
      vertex 20.9969 57.5392 0.6
      vertex 20.9969 56.1287 0.6
    endloop
  endfacet
  facet normal 0 0 -1
    outer loop
      vertex 19.9966 60.1297 0.6
      vertex 20.9969 57.5392 0.6
      vertex 19.9966 55.3523 0.6
    endloop
  endfacet
  facet normal 0 0 -1
    outer loop
      vertex 19.9966 55.3523 0.6
      vertex 20.9969 56.1287 0.6
      vertex 22.3836 55.3523 0.6
    endloop
  endfacet
  facet normal 0 0 -1
    outer loop
      vertex 20.9969 57.5392 0.6
      vertex 19.9966 60.1297 0.6
      vertex 20.9969 58.3157 0.6
    endloop
  endfacet
  facet normal 0 0 -1
    outer loop
      vertex 20.9969 58.3157 0.6
      vertex 19.9966 60.1297 0.6
      vertex 20.9969 60.1297 0.6
    endloop
  endfacet
  facet normal 0 0 -1
    outer loop
      vertex 23.1601 56.817 0.6
      vertex 24.1671 56.7763 0.6
      vertex 24.1577 56.5862 0.6
    endloop
  endfacet
  facet normal 0 0 -1
    outer loop
      vertex 24.1671 56.7763 0.6
      vertex 23.1601 56.817 0.6
      vertex 24.1613 56.9169 0.6
    endloop
  endfacet
  facet normal 0 0 -1
    outer loop
      vertex 23.1421 56.6344 0.6
      vertex 24.1577 56.5862 0.6
      vertex 24.1292 56.4092 0.6
    endloop
  endfacet
  facet normal 0 0 -1
    outer loop
      vertex 23.1557 56.9118 0.6
      vertex 24.1613 56.9169 0.6
      vertex 23.1601 56.817 0.6
    endloop
  endfacet
  facet normal 0 0 -1
    outer loop
      vertex 23.1421 56.6344 0.6
      vertex 24.1292 56.4092 0.6
      vertex 24.0818 56.2452 0.6
    endloop
  endfacet
  facet normal -0 0 -1
    outer loop
      vertex 24.1613 56.9169 0.6
      vertex 23.1557 56.9118 0.6
      vertex 24.1439 57.0519 0.6
    endloop
  endfacet
  facet normal -0 0 -1
    outer loop
      vertex 24.1439 57.0519 0.6
      vertex 23.1557 56.9118 0.6
      vertex 24.1148 57.1813 0.6
    endloop
  endfacet
  facet normal 0 0 -1
    outer loop
      vertex 23.1421 56.6344 0.6
      vertex 24.0818 56.2452 0.6
      vertex 24.0154 56.0944 0.6
    endloop
  endfacet
  facet normal 0 0 -1
    outer loop
      vertex 23.1424 57.0003 0.6
      vertex 24.1148 57.1813 0.6
      vertex 23.1557 56.9118 0.6
    endloop
  endfacet
  facet normal 0 0 -1
    outer loop
      vertex 23.1421 56.6344 0.6
      vertex 24.0154 56.0944 0.6
      vertex 23.9301 55.9566 0.6
    endloop
  endfacet
  facet normal -0 0 -1
    outer loop
      vertex 24.1148 57.1813 0.6
      vertex 23.1424 57.0003 0.6
      vertex 24.0741 57.305 0.6
    endloop
  endfacet
  facet normal 0 0 -1
    outer loop
      vertex 23.1421 56.6344 0.6
      vertex 23.9301 55.9566 0.6
      vertex 23.8258 55.8318 0.6
    endloop
  endfacet
  facet normal -0 0 -1
    outer loop
      vertex 24.0741 57.305 0.6
      vertex 23.1424 57.0003 0.6
      vertex 24.0218 57.4232 0.6
    endloop
  endfacet
  facet normal 0 0 -1
    outer loop
      vertex 23.1202 57.0825 0.6
      vertex 24.0218 57.4232 0.6
      vertex 23.1424 57.0003 0.6
    endloop
  endfacet
  facet normal 0 0 -1
    outer loop
      vertex 23.1421 56.6344 0.6
      vertex 23.8258 55.8318 0.6
      vertex 23.7026 55.7202 0.6
    endloop
  endfacet
  facet normal -0 0 -1
    outer loop
      vertex 24.0218 57.4232 0.6
      vertex 23.1202 57.0825 0.6
      vertex 23.9579 57.5357 0.6
    endloop
  endfacet
  facet normal 0 0 -1
    outer loop
      vertex 23.1421 56.6344 0.6
      vertex 23.7026 55.7202 0.6
      vertex 23.5619 55.6226 0.6
    endloop
  endfacet
  facet normal 0 0 -1
    outer loop
      vertex 23.0892 57.1586 0.6
      vertex 23.9579 57.5357 0.6
      vertex 23.1202 57.0825 0.6
    endloop
  endfacet
  facet normal 0 0 -1
    outer loop
      vertex 23.1421 56.6344 0.6
      vertex 23.5619 55.6226 0.6
      vertex 23.4053 55.54 0.6
    endloop
  endfacet
  facet normal -0 0 -1
    outer loop
      vertex 23.9579 57.5357 0.6
      vertex 23.0892 57.1586 0.6
      vertex 23.8823 57.6427 0.6
    endloop
  endfacet
  facet normal -0 0 -1
    outer loop
      vertex 23.8823 57.6427 0.6
      vertex 23.0892 57.1586 0.6
      vertex 23.7968 57.7417 0.6
    endloop
  endfacet
  facet normal 0 0 -1
    outer loop
      vertex 22.8722 56.2552 0.6
      vertex 23.4053 55.54 0.6
      vertex 23.2328 55.4724 0.6
    endloop
  endfacet
  facet normal 0 0 -1
    outer loop
      vertex 23.0494 57.2284 0.6
      vertex 23.7968 57.7417 0.6
      vertex 23.0892 57.1586 0.6
    endloop
  endfacet
  facet normal -0 0 -1
    outer loop
      vertex 23.7968 57.7417 0.6
      vertex 23.0494 57.2284 0.6
      vertex 23.7032 57.8306 0.6
    endloop
  endfacet
  facet normal -0 0 -1
    outer loop
      vertex 23.7032 57.8306 0.6
      vertex 23.0494 57.2284 0.6
      vertex 23.6014 57.9093 0.6
    endloop
  endfacet
  facet normal 0 0 -1
    outer loop
      vertex 23.0007 57.292 0.6
      vertex 23.6014 57.9093 0.6
      vertex 23.0494 57.2284 0.6
    endloop
  endfacet
  facet normal -0 0 -1
    outer loop
      vertex 23.6014 57.9093 0.6
      vertex 23.0007 57.292 0.6
      vertex 23.4915 57.9778 0.6
    endloop
  endfacet
  facet normal 0 0 -1
    outer loop
      vertex 22.9431 57.3494 0.6
      vertex 23.4915 57.9778 0.6
      vertex 23.0007 57.292 0.6
    endloop
  endfacet
  facet normal 0 0 -1
    outer loop
      vertex 23.1126 58.1224 0.6
      vertex 23.2788 60.1297 0.6
      vertex 24.4045 60.1297 0.6
    endloop
  endfacet
  facet normal -0 0 -1
    outer loop
      vertex 23.4915 57.9778 0.6
      vertex 22.9431 57.3494 0.6
      vertex 23.3734 58.0362 0.6
    endloop
  endfacet
  facet normal -0 0 -1
    outer loop
      vertex 23.3734 58.0362 0.6
      vertex 22.9431 57.3494 0.6
      vertex 23.2471 58.0844 0.6
    endloop
  endfacet
  facet normal 0 0 -1
    outer loop
      vertex 22.8769 57.3998 0.6
      vertex 23.2471 58.0844 0.6
      vertex 22.9431 57.3494 0.6
    endloop
  endfacet
  facet normal -0 0 -1
    outer loop
      vertex 23.2471 58.0844 0.6
      vertex 22.8769 57.3998 0.6
      vertex 23.1126 58.1224 0.6
    endloop
  endfacet
  facet normal 0 0 -1
    outer loop
      vertex 22.8025 57.4424 0.6
      vertex 23.1126 58.1224 0.6
      vertex 22.8769 57.3998 0.6
    endloop
  endfacet
  facet normal 0 0 -1
    outer loop
      vertex 22.7197 57.4772 0.6
      vertex 23.1126 58.1224 0.6
      vertex 22.8025 57.4424 0.6
    endloop
  endfacet
  facet normal 0 0 -1
    outer loop
      vertex 22.6287 57.5044 0.6
      vertex 23.1126 58.1224 0.6
      vertex 22.7197 57.4772 0.6
    endloop
  endfacet
  facet normal 0 0 -1
    outer loop
      vertex 22.5293 57.5237 0.6
      vertex 23.1126 58.1224 0.6
      vertex 22.6287 57.5044 0.6
    endloop
  endfacet
  facet normal -0 0 -1
    outer loop
      vertex 23.1126 58.1224 0.6
      vertex 22.5293 57.5237 0.6
      vertex 22.17 58.3157 0.6
    endloop
  endfacet
  facet normal 0 0 -1
    outer loop
      vertex 22.17 58.3157 0.6
      vertex 22.5293 57.5237 0.6
      vertex 22.4217 57.5354 0.6
    endloop
  endfacet
  facet normal 0 0 -1
    outer loop
      vertex 22.17 58.3157 0.6
      vertex 22.4217 57.5354 0.6
      vertex 22.3057 57.5392 0.6
    endloop
  endfacet
  facet normal 0 0 -1
    outer loop
      vertex 23.1126 58.1224 0.6
      vertex 22.17 58.3157 0.6
      vertex 23.2788 60.1297 0.6
    endloop
  endfacet
  facet normal 0 0 -1
    outer loop
      vertex 20.9969 57.5392 0.6
      vertex 22.17 58.3157 0.6
      vertex 22.3057 57.5392 0.6
    endloop
  endfacet
  facet normal -0 0 -1
    outer loop
      vertex 22.17 58.3157 0.6
      vertex 20.9969 57.5392 0.6
      vertex 20.9969 58.3157 0.6
    endloop
  endfacet
  facet normal -0.0876459 -0.996152 0
    outer loop
      vertex 27.0198 60.1899 0
      vertex 27.2778 60.1672 0.6
      vertex 27.0198 60.1899 0.6
    endloop
  endfacet
  facet normal -0.0876459 -0.996152 -0
    outer loop
      vertex 27.2778 60.1672 0.6
      vertex 27.0198 60.1899 0
      vertex 27.2778 60.1672 0
    endloop
  endfacet
  facet normal -0.157262 -0.987557 0
    outer loop
      vertex 27.2778 60.1672 0
      vertex 27.5158 60.1293 0.6
      vertex 27.2778 60.1672 0.6
    endloop
  endfacet
  facet normal -0.157262 -0.987557 -0
    outer loop
      vertex 27.5158 60.1293 0.6
      vertex 27.2778 60.1672 0
      vertex 27.5158 60.1293 0
    endloop
  endfacet
  facet normal -0.236033 -0.971745 0
    outer loop
      vertex 27.5158 60.1293 0
      vertex 27.734 60.0763 0.6
      vertex 27.5158 60.1293 0.6
    endloop
  endfacet
  facet normal -0.236033 -0.971745 -0
    outer loop
      vertex 27.734 60.0763 0.6
      vertex 27.5158 60.1293 0
      vertex 27.734 60.0763 0
    endloop
  endfacet
  facet normal -0.32508 -0.945687 0
    outer loop
      vertex 27.734 60.0763 0
      vertex 27.9324 60.0081 0.6
      vertex 27.734 60.0763 0.6
    endloop
  endfacet
  facet normal -0.32508 -0.945687 -0
    outer loop
      vertex 27.9324 60.0081 0.6
      vertex 27.734 60.0763 0
      vertex 27.9324 60.0081 0
    endloop
  endfacet
  facet normal -0.423302 -0.905989 0
    outer loop
      vertex 27.9324 60.0081 0
      vertex 28.1109 59.9247 0.6
      vertex 27.9324 60.0081 0.6
    endloop
  endfacet
  facet normal -0.423302 -0.905989 -0
    outer loop
      vertex 28.1109 59.9247 0.6
      vertex 27.9324 60.0081 0
      vertex 28.1109 59.9247 0
    endloop
  endfacet
  facet normal -0.52759 -0.849499 0
    outer loop
      vertex 28.1109 59.9247 0
      vertex 28.2695 59.8262 0.6
      vertex 28.1109 59.9247 0.6
    endloop
  endfacet
  facet normal -0.52759 -0.849499 -0
    outer loop
      vertex 28.2695 59.8262 0.6
      vertex 28.1109 59.9247 0
      vertex 28.2695 59.8262 0
    endloop
  endfacet
  facet normal -0.632596 -0.774482 0
    outer loop
      vertex 28.2695 59.8262 0
      vertex 28.4076 59.7134 0.6
      vertex 28.2695 59.8262 0.6
    endloop
  endfacet
  facet normal -0.632596 -0.774482 -0
    outer loop
      vertex 28.4076 59.7134 0.6
      vertex 28.2695 59.8262 0
      vertex 28.4076 59.7134 0
    endloop
  endfacet
  facet normal -0.734179 -0.678956 0
    outer loop
      vertex 28.5244 59.5871 0
      vertex 28.4076 59.7134 0.6
      vertex 28.4076 59.7134 0
    endloop
  endfacet
  facet normal -0.734179 -0.678956 0
    outer loop
      vertex 28.4076 59.7134 0.6
      vertex 28.5244 59.5871 0
      vertex 28.5244 59.5871 0.6
    endloop
  endfacet
  facet normal -0.825452 -0.564472 0
    outer loop
      vertex 28.62 59.4473 0
      vertex 28.5244 59.5871 0.6
      vertex 28.5244 59.5871 0
    endloop
  endfacet
  facet normal -0.825452 -0.564472 0
    outer loop
      vertex 28.5244 59.5871 0.6
      vertex 28.62 59.4473 0
      vertex 28.62 59.4473 0.6
    endloop
  endfacet
  facet normal -0.899646 -0.436619 0
    outer loop
      vertex 28.6944 59.294 0
      vertex 28.62 59.4473 0.6
      vertex 28.62 59.4473 0
    endloop
  endfacet
  facet normal -0.899646 -0.436619 0
    outer loop
      vertex 28.62 59.4473 0.6
      vertex 28.6944 59.294 0
      vertex 28.6944 59.294 0.6
    endloop
  endfacet
  facet normal -0.952933 -0.30318 0
    outer loop
      vertex 28.7475 59.1271 0
      vertex 28.6944 59.294 0.6
      vertex 28.6944 59.294 0
    endloop
  endfacet
  facet normal -0.952933 -0.30318 0
    outer loop
      vertex 28.6944 59.294 0.6
      vertex 28.7475 59.1271 0
      vertex 28.7475 59.1271 0.6
    endloop
  endfacet
  facet normal -0.98469 -0.174315 0
    outer loop
      vertex 28.7794 58.9469 0
      vertex 28.7475 59.1271 0.6
      vertex 28.7475 59.1271 0
    endloop
  endfacet
  facet normal -0.98469 -0.174315 0
    outer loop
      vertex 28.7475 59.1271 0.6
      vertex 28.7794 58.9469 0
      vertex 28.7794 58.9469 0.6
    endloop
  endfacet
  facet normal -0.998508 -0.0546139 0
    outer loop
      vertex 28.79 58.7531 0
      vertex 28.7794 58.9469 0.6
      vertex 28.7794 58.9469 0
    endloop
  endfacet
  facet normal -0.998508 -0.0546139 0
    outer loop
      vertex 28.7794 58.9469 0.6
      vertex 28.79 58.7531 0
      vertex 28.79 58.7531 0.6
    endloop
  endfacet
  facet normal -0.999743 0.0226672 0
    outer loop
      vertex 28.7881 58.6693 0
      vertex 28.79 58.7531 0.6
      vertex 28.79 58.7531 0
    endloop
  endfacet
  facet normal -0.999743 0.0226672 0
    outer loop
      vertex 28.79 58.7531 0.6
      vertex 28.7881 58.6693 0
      vertex 28.7881 58.6693 0.6
    endloop
  endfacet
  facet normal -0.997619 0.0689712 0
    outer loop
      vertex 28.7825 58.5883 0
      vertex 28.7881 58.6693 0.6
      vertex 28.7881 58.6693 0
    endloop
  endfacet
  facet normal -0.997619 0.0689712 0
    outer loop
      vertex 28.7881 58.6693 0.6
      vertex 28.7825 58.5883 0
      vertex 28.7825 58.5883 0.6
    endloop
  endfacet
  facet normal -0.993002 0.118094 0
    outer loop
      vertex 28.7732 58.5101 0
      vertex 28.7825 58.5883 0.6
      vertex 28.7825 58.5883 0
    endloop
  endfacet
  facet normal -0.993002 0.118094 0
    outer loop
      vertex 28.7825 58.5883 0.6
      vertex 28.7732 58.5101 0
      vertex 28.7732 58.5101 0.6
    endloop
  endfacet
  facet normal -0.985202 0.171396 0
    outer loop
      vertex 28.7601 58.4348 0
      vertex 28.7732 58.5101 0.6
      vertex 28.7732 58.5101 0
    endloop
  endfacet
  facet normal -0.985202 0.171396 0
    outer loop
      vertex 28.7732 58.5101 0.6
      vertex 28.7601 58.4348 0
      vertex 28.7601 58.4348 0.6
    endloop
  endfacet
  facet normal -0.974187 0.225743 0
    outer loop
      vertex 28.7433 58.3623 0
      vertex 28.7601 58.4348 0.6
      vertex 28.7601 58.4348 0
    endloop
  endfacet
  facet normal -0.974187 0.225743 0
    outer loop
      vertex 28.7601 58.4348 0.6
      vertex 28.7433 58.3623 0
      vertex 28.7433 58.3623 0.6
    endloop
  endfacet
  facet normal -0.958881 0.283807 0
    outer loop
      vertex 28.7227 58.2927 0
      vertex 28.7433 58.3623 0.6
      vertex 28.7433 58.3623 0
    endloop
  endfacet
  facet normal -0.958881 0.283807 0
    outer loop
      vertex 28.7433 58.3623 0.6
      vertex 28.7227 58.2927 0
      vertex 28.7227 58.2927 0.6
    endloop
  endfacet
  facet normal -0.939752 0.341856 0
    outer loop
      vertex 28.6984 58.2259 0
      vertex 28.7227 58.2927 0.6
      vertex 28.7227 58.2927 0
    endloop
  endfacet
  facet normal -0.939752 0.341856 0
    outer loop
      vertex 28.7227 58.2927 0.6
      vertex 28.6984 58.2259 0
      vertex 28.6984 58.2259 0.6
    endloop
  endfacet
  facet normal -0.917434 0.397889 0
    outer loop
      vertex 28.6706 58.1618 0
      vertex 28.6984 58.2259 0.6
      vertex 28.6984 58.2259 0
    endloop
  endfacet
  facet normal -0.917434 0.397889 0
    outer loop
      vertex 28.6984 58.2259 0.6
      vertex 28.6706 58.1618 0
      vertex 28.6706 58.1618 0.6
    endloop
  endfacet
  facet normal -0.892387 0.451272 0
    outer loop
      vertex 28.6395 58.1003 0
      vertex 28.6706 58.1618 0.6
      vertex 28.6706 58.1618 0
    endloop
  endfacet
  facet normal -0.892387 0.451272 0
    outer loop
      vertex 28.6706 58.1618 0.6
      vertex 28.6395 58.1003 0
      vertex 28.6395 58.1003 0.6
    endloop
  endfacet
  facet normal -0.862499 0.506058 0
    outer loop
      vertex 28.605 58.0415 0
      vertex 28.6395 58.1003 0.6
      vertex 28.6395 58.1003 0
    endloop
  endfacet
  facet normal -0.862499 0.506058 0
    outer loop
      vertex 28.6395 58.1003 0.6
      vertex 28.605 58.0415 0
      vertex 28.605 58.0415 0.6
    endloop
  endfacet
  facet normal -0.829772 0.558103 0
    outer loop
      vertex 28.5672 57.9853 0
      vertex 28.605 58.0415 0.6
      vertex 28.605 58.0415 0
    endloop
  endfacet
  facet normal -0.829772 0.558103 0
    outer loop
      vertex 28.605 58.0415 0.6
      vertex 28.5672 57.9853 0
      vertex 28.5672 57.9853 0.6
    endloop
  endfacet
  facet normal -0.79301 0.609209 0
    outer loop
      vertex 28.5261 57.9318 0
      vertex 28.5672 57.9853 0.6
      vertex 28.5672 57.9853 0
    endloop
  endfacet
  facet normal -0.79301 0.609209 0
    outer loop
      vertex 28.5672 57.9853 0.6
      vertex 28.5261 57.9318 0
      vertex 28.5261 57.9318 0.6
    endloop
  endfacet
  facet normal -0.754223 0.656618 0
    outer loop
      vertex 28.4817 57.8808 0
      vertex 28.5261 57.9318 0.6
      vertex 28.5261 57.9318 0
    endloop
  endfacet
  facet normal -0.754223 0.656618 0
    outer loop
      vertex 28.5261 57.9318 0.6
      vertex 28.4817 57.8808 0
      vertex 28.4817 57.8808 0.6
    endloop
  endfacet
  facet normal -0.711512 0.702674 0
    outer loop
      vertex 28.434 57.8325 0
      vertex 28.4817 57.8808 0.6
      vertex 28.4817 57.8808 0
    endloop
  endfacet
  facet normal -0.711512 0.702674 0
    outer loop
      vertex 28.4817 57.8808 0.6
      vertex 28.434 57.8325 0
      vertex 28.434 57.8325 0.6
    endloop
  endfacet
  facet normal -0.663381 0.748282 0
    outer loop
      vertex 28.434 57.8325 0
      vertex 28.382 57.7864 0.6
      vertex 28.434 57.8325 0.6
    endloop
  endfacet
  facet normal -0.663381 0.748282 0
    outer loop
      vertex 28.382 57.7864 0.6
      vertex 28.434 57.8325 0
      vertex 28.382 57.7864 0
    endloop
  endfacet
  facet normal -0.615376 0.788234 0
    outer loop
      vertex 28.382 57.7864 0
      vertex 28.325 57.7419 0.6
      vertex 28.382 57.7864 0.6
    endloop
  endfacet
  facet normal -0.615376 0.788234 0
    outer loop
      vertex 28.325 57.7419 0.6
      vertex 28.382 57.7864 0
      vertex 28.325 57.7419 0
    endloop
  endfacet
  facet normal -0.568105 0.822956 0
    outer loop
      vertex 28.325 57.7419 0
      vertex 28.263 57.6991 0.6
      vertex 28.325 57.7419 0.6
    endloop
  endfacet
  facet normal -0.568105 0.822956 0
    outer loop
      vertex 28.263 57.6991 0.6
      vertex 28.325 57.7419 0
      vertex 28.263 57.6991 0
    endloop
  endfacet
  facet normal -0.523247 0.852181 0
    outer loop
      vertex 28.263 57.6991 0
      vertex 28.1959 57.6579 0.6
      vertex 28.263 57.6991 0.6
    endloop
  endfacet
  facet normal -0.523247 0.852181 0
    outer loop
      vertex 28.1959 57.6579 0.6
      vertex 28.263 57.6991 0
      vertex 28.1959 57.6579 0
    endloop
  endfacet
  facet normal -0.480471 0.877011 0
    outer loop
      vertex 28.1959 57.6579 0
      vertex 28.1238 57.6184 0.6
      vertex 28.1959 57.6579 0.6
    endloop
  endfacet
  facet normal -0.480471 0.877011 0
    outer loop
      vertex 28.1238 57.6184 0.6
      vertex 28.1959 57.6579 0
      vertex 28.1238 57.6184 0
    endloop
  endfacet
  facet normal -0.44069 0.897659 0
    outer loop
      vertex 28.1238 57.6184 0
      vertex 28.0466 57.5805 0.6
      vertex 28.1238 57.6184 0.6
    endloop
  endfacet
  facet normal -0.44069 0.897659 0
    outer loop
      vertex 28.0466 57.5805 0.6
      vertex 28.1238 57.6184 0
      vertex 28.0466 57.5805 0
    endloop
  endfacet
  facet normal -0.402627 0.915364 0
    outer loop
      vertex 28.0466 57.5805 0
      vertex 27.9643 57.5443 0.6
      vertex 28.0466 57.5805 0.6
    endloop
  endfacet
  facet normal -0.402627 0.915364 0
    outer loop
      vertex 27.9643 57.5443 0.6
      vertex 28.0466 57.5805 0
      vertex 27.9643 57.5443 0
    endloop
  endfacet
  facet normal -0.36026 0.932852 0
    outer loop
      vertex 27.9643 57.5443 0
      vertex 27.8716 57.5085 0.6
      vertex 27.9643 57.5443 0.6
    endloop
  endfacet
  facet normal -0.36026 0.932852 0
    outer loop
      vertex 27.8716 57.5085 0.6
      vertex 27.9643 57.5443 0
      vertex 27.8716 57.5085 0
    endloop
  endfacet
  facet normal -0.319886 0.947456 0
    outer loop
      vertex 27.8716 57.5085 0
      vertex 27.7629 57.4718 0.6
      vertex 27.8716 57.5085 0.6
    endloop
  endfacet
  facet normal -0.319886 0.947456 0
    outer loop
      vertex 27.7629 57.4718 0.6
      vertex 27.8716 57.5085 0
      vertex 27.7629 57.4718 0
    endloop
  endfacet
  facet normal -0.288474 0.957488 0
    outer loop
      vertex 27.7629 57.4718 0
      vertex 27.6381 57.4342 0.6
      vertex 27.7629 57.4718 0.6
    endloop
  endfacet
  facet normal -0.288474 0.957488 0
    outer loop
      vertex 27.6381 57.4342 0.6
      vertex 27.7629 57.4718 0
      vertex 27.6381 57.4342 0
    endloop
  endfacet
  facet normal -0.263929 0.964542 0
    outer loop
      vertex 27.6381 57.4342 0
      vertex 27.4974 57.3957 0.6
      vertex 27.6381 57.4342 0.6
    endloop
  endfacet
  facet normal -0.263929 0.964542 0
    outer loop
      vertex 27.4974 57.3957 0.6
      vertex 27.6381 57.4342 0
      vertex 27.4974 57.3957 0
    endloop
  endfacet
  facet normal -0.243846 0.969814 0
    outer loop
      vertex 27.4974 57.3957 0
      vertex 27.3407 57.3563 0.6
      vertex 27.4974 57.3957 0.6
    endloop
  endfacet
  facet normal -0.243846 0.969814 0
    outer loop
      vertex 27.3407 57.3563 0.6
      vertex 27.4974 57.3957 0
      vertex 27.3407 57.3563 0
    endloop
  endfacet
  facet normal -0.227372 0.973808 0
    outer loop
      vertex 27.3407 57.3563 0
      vertex 27.1681 57.316 0.6
      vertex 27.3407 57.3563 0.6
    endloop
  endfacet
  facet normal -0.227372 0.973808 0
    outer loop
      vertex 27.1681 57.316 0.6
      vertex 27.3407 57.3563 0
      vertex 27.1681 57.316 0
    endloop
  endfacet
  facet normal -0.213311 0.976984 0
    outer loop
      vertex 27.1681 57.316 0
      vertex 26.9794 57.2748 0.6
      vertex 27.1681 57.316 0.6
    endloop
  endfacet
  facet normal -0.213311 0.976984 0
    outer loop
      vertex 26.9794 57.2748 0.6
      vertex 27.1681 57.316 0
      vertex 26.9794 57.2748 0
    endloop
  endfacet
  facet normal -0.216668 0.976245 0
    outer loop
      vertex 26.9794 57.2748 0
      vertex 26.8217 57.2398 0.6
      vertex 26.9794 57.2748 0.6
    endloop
  endfacet
  facet normal -0.216668 0.976245 0
    outer loop
      vertex 26.8217 57.2398 0.6
      vertex 26.9794 57.2748 0
      vertex 26.8217 57.2398 0
    endloop
  endfacet
  facet normal -0.227968 0.973669 0
    outer loop
      vertex 26.8217 57.2398 0
      vertex 26.6799 57.2066 0.6
      vertex 26.8217 57.2398 0.6
    endloop
  endfacet
  facet normal -0.227968 0.973669 0
    outer loop
      vertex 26.6799 57.2066 0.6
      vertex 26.8217 57.2398 0
      vertex 26.6799 57.2066 0
    endloop
  endfacet
  facet normal -0.242717 0.970097 0
    outer loop
      vertex 26.6799 57.2066 0
      vertex 26.554 57.1751 0.6
      vertex 26.6799 57.2066 0.6
    endloop
  endfacet
  facet normal -0.242717 0.970097 0
    outer loop
      vertex 26.554 57.1751 0.6
      vertex 26.6799 57.2066 0
      vertex 26.554 57.1751 0
    endloop
  endfacet
  facet normal -0.261705 0.965148 0
    outer loop
      vertex 26.554 57.1751 0
      vertex 26.4441 57.1453 0.6
      vertex 26.554 57.1751 0.6
    endloop
  endfacet
  facet normal -0.261705 0.965148 0
    outer loop
      vertex 26.4441 57.1453 0.6
      vertex 26.554 57.1751 0
      vertex 26.4441 57.1453 0
    endloop
  endfacet
  facet normal -0.286133 0.95819 0
    outer loop
      vertex 26.4441 57.1453 0
      vertex 26.35 57.1172 0.6
      vertex 26.4441 57.1453 0.6
    endloop
  endfacet
  facet normal -0.286133 0.95819 0
    outer loop
      vertex 26.35 57.1172 0.6
      vertex 26.4441 57.1453 0
      vertex 26.35 57.1172 0
    endloop
  endfacet
  facet normal -0.319139 0.947708 0
    outer loop
      vertex 26.35 57.1172 0
      vertex 26.2719 57.0909 0.6
      vertex 26.35 57.1172 0.6
    endloop
  endfacet
  facet normal -0.319139 0.947708 0
    outer loop
      vertex 26.2719 57.0909 0.6
      vertex 26.35 57.1172 0
      vertex 26.2719 57.0909 0
    endloop
  endfacet
  facet normal -0.367779 0.929913 0
    outer loop
      vertex 26.2719 57.0909 0
      vertex 26.2097 57.0663 0.6
      vertex 26.2719 57.0909 0.6
    endloop
  endfacet
  facet normal -0.367779 0.929913 0
    outer loop
      vertex 26.2097 57.0663 0.6
      vertex 26.2719 57.0909 0
      vertex 26.2097 57.0663 0
    endloop
  endfacet
  facet normal -0.424212 0.905563 0
    outer loop
      vertex 26.2097 57.0663 0
      vertex 26.1574 57.0418 0.6
      vertex 26.2097 57.0663 0.6
    endloop
  endfacet
  facet normal -0.424212 0.905563 0
    outer loop
      vertex 26.1574 57.0418 0.6
      vertex 26.2097 57.0663 0
      vertex 26.1574 57.0418 0
    endloop
  endfacet
  facet normal -0.470305 0.882504 0
    outer loop
      vertex 26.1574 57.0418 0
      vertex 26.1088 57.0159 0.6
      vertex 26.1574 57.0418 0.6
    endloop
  endfacet
  facet normal -0.470305 0.882504 0
    outer loop
      vertex 26.1088 57.0159 0.6
      vertex 26.1574 57.0418 0
      vertex 26.1088 57.0159 0
    endloop
  endfacet
  facet normal -0.522607 0.852574 0
    outer loop
      vertex 26.1088 57.0159 0
      vertex 26.0641 56.9885 0.6
      vertex 26.1088 57.0159 0.6
    endloop
  endfacet
  facet normal -0.522607 0.852574 0
    outer loop
      vertex 26.0641 56.9885 0.6
      vertex 26.1088 57.0159 0
      vertex 26.0641 56.9885 0
    endloop
  endfacet
  facet normal -0.575741 0.817632 0
    outer loop
      vertex 26.0641 56.9885 0
      vertex 26.0232 56.9597 0.6
      vertex 26.0641 56.9885 0.6
    endloop
  endfacet
  facet normal -0.575741 0.817632 0
    outer loop
      vertex 26.0232 56.9597 0.6
      vertex 26.0641 56.9885 0
      vertex 26.0232 56.9597 0
    endloop
  endfacet
  facet normal -0.631534 0.775348 0
    outer loop
      vertex 26.0232 56.9597 0
      vertex 25.986 56.9294 0.6
      vertex 26.0232 56.9597 0.6
    endloop
  endfacet
  facet normal -0.631534 0.775348 0
    outer loop
      vertex 25.986 56.9294 0.6
      vertex 26.0232 56.9597 0
      vertex 25.986 56.9294 0
    endloop
  endfacet
  facet normal -0.689492 0.724293 0
    outer loop
      vertex 25.986 56.9294 0
      vertex 25.9527 56.8977 0.6
      vertex 25.986 56.9294 0.6
    endloop
  endfacet
  facet normal -0.689492 0.724293 0
    outer loop
      vertex 25.9527 56.8977 0.6
      vertex 25.986 56.9294 0
      vertex 25.9527 56.8977 0
    endloop
  endfacet
  facet normal -0.747534 0.664224 0
    outer loop
      vertex 25.9232 56.8645 0
      vertex 25.9527 56.8977 0.6
      vertex 25.9527 56.8977 0
    endloop
  endfacet
  facet normal -0.747534 0.664224 0
    outer loop
      vertex 25.9527 56.8977 0.6
      vertex 25.9232 56.8645 0
      vertex 25.9232 56.8645 0.6
    endloop
  endfacet
  facet normal -0.808736 0.588172 0
    outer loop
      vertex 25.8976 56.8293 0
      vertex 25.9232 56.8645 0.6
      vertex 25.9232 56.8645 0
    endloop
  endfacet
  facet normal -0.808736 0.588172 0
    outer loop
      vertex 25.9232 56.8645 0.6
      vertex 25.8976 56.8293 0
      vertex 25.8976 56.8293 0.6
    endloop
  endfacet
  facet normal -0.868944 0.49491 0
    outer loop
      vertex 25.8759 56.7912 0
      vertex 25.8976 56.8293 0.6
      vertex 25.8976 56.8293 0
    endloop
  endfacet
  facet normal -0.868944 0.49491 0
    outer loop
      vertex 25.8976 56.8293 0.6
      vertex 25.8759 56.7912 0
      vertex 25.8759 56.7912 0.6
    endloop
  endfacet
  facet normal -0.916927 0.399054 0
    outer loop
      vertex 25.8581 56.7503 0
      vertex 25.8759 56.7912 0.6
      vertex 25.8759 56.7912 0
    endloop
  endfacet
  facet normal -0.916927 0.399054 0
    outer loop
      vertex 25.8759 56.7912 0.6
      vertex 25.8581 56.7503 0
      vertex 25.8581 56.7503 0.6
    endloop
  endfacet
  facet normal -0.953184 0.30239 0
    outer loop
      vertex 25.8443 56.7068 0
      vertex 25.8581 56.7503 0.6
      vertex 25.8581 56.7503 0
    endloop
  endfacet
  facet normal -0.953184 0.30239 0
    outer loop
      vertex 25.8581 56.7503 0.6
      vertex 25.8443 56.7068 0
      vertex 25.8443 56.7068 0.6
    endloop
  endfacet
  facet normal -0.978415 0.206648 0
    outer loop
      vertex 25.8345 56.6604 0
      vertex 25.8443 56.7068 0.6
      vertex 25.8443 56.7068 0
    endloop
  endfacet
  facet normal -0.978415 0.206648 0
    outer loop
      vertex 25.8443 56.7068 0.6
      vertex 25.8345 56.6604 0
      vertex 25.8345 56.6604 0.6
    endloop
  endfacet
  facet normal -0.992886 0.119066 0
    outer loop
      vertex 25.8286 56.6112 0
      vertex 25.8345 56.6604 0.6
      vertex 25.8345 56.6604 0
    endloop
  endfacet
  facet normal -0.992886 0.119066 0
    outer loop
      vertex 25.8345 56.6604 0.6
      vertex 25.8286 56.6112 0
      vertex 25.8286 56.6112 0.6
    endloop
  endfacet
  facet normal -0.999258 0.0385071 0
    outer loop
      vertex 25.8266 56.5593 0
      vertex 25.8286 56.6112 0.6
      vertex 25.8286 56.6112 0
    endloop
  endfacet
  facet normal -0.999258 0.0385071 0
    outer loop
      vertex 25.8286 56.6112 0.6
      vertex 25.8266 56.5593 0
      vertex 25.8266 56.5593 0.6
    endloop
  endfacet
  facet normal -0.992588 -0.121528 0
    outer loop
      vertex 25.8451 56.4082 0
      vertex 25.8266 56.5593 0.6
      vertex 25.8266 56.5593 0
    endloop
  endfacet
  facet normal -0.992588 -0.121528 0
    outer loop
      vertex 25.8266 56.5593 0.6
      vertex 25.8451 56.4082 0
      vertex 25.8451 56.4082 0.6
    endloop
  endfacet
  facet normal -0.916716 -0.399539 0
    outer loop
      vertex 25.9008 56.2804 0
      vertex 25.8451 56.4082 0.6
      vertex 25.8451 56.4082 0
    endloop
  endfacet
  facet normal -0.916716 -0.399539 0
    outer loop
      vertex 25.8451 56.4082 0.6
      vertex 25.9008 56.2804 0
      vertex 25.9008 56.2804 0.6
    endloop
  endfacet
  facet normal -0.74871 -0.662898 0
    outer loop
      vertex 25.9935 56.1757 0
      vertex 25.9008 56.2804 0.6
      vertex 25.9008 56.2804 0
    endloop
  endfacet
  facet normal -0.74871 -0.662898 0
    outer loop
      vertex 25.9008 56.2804 0.6
      vertex 25.9935 56.1757 0
      vertex 25.9935 56.1757 0.6
    endloop
  endfacet
  facet normal -0.53082 -0.847484 0
    outer loop
      vertex 25.9935 56.1757 0
      vertex 26.1233 56.0944 0.6
      vertex 25.9935 56.1757 0.6
    endloop
  endfacet
  facet normal -0.53082 -0.847484 -0
    outer loop
      vertex 26.1233 56.0944 0.6
      vertex 25.9935 56.1757 0
      vertex 26.1233 56.0944 0
    endloop
  endfacet
  facet normal -0.329267 -0.944237 0
    outer loop
      vertex 26.1233 56.0944 0
      vertex 26.2902 56.0362 0.6
      vertex 26.1233 56.0944 0.6
    endloop
  endfacet
  facet normal -0.329267 -0.944237 -0
    outer loop
      vertex 26.2902 56.0362 0.6
      vertex 26.1233 56.0944 0
      vertex 26.2902 56.0362 0
    endloop
  endfacet
  facet normal -0.168159 -0.98576 0
    outer loop
      vertex 26.2902 56.0362 0
      vertex 26.4942 56.0014 0.6
      vertex 26.2902 56.0362 0.6
    endloop
  endfacet
  facet normal -0.168159 -0.98576 -0
    outer loop
      vertex 26.4942 56.0014 0.6
      vertex 26.2902 56.0362 0
      vertex 26.4942 56.0014 0
    endloop
  endfacet
  facet normal -0.0484705 -0.998825 0
    outer loop
      vertex 26.4942 56.0014 0
      vertex 26.7353 55.9897 0.6
      vertex 26.4942 56.0014 0.6
    endloop
  endfacet
  facet normal -0.0484705 -0.998825 -0
    outer loop
      vertex 26.7353 55.9897 0.6
      vertex 26.4942 56.0014 0
      vertex 26.7353 55.9897 0
    endloop
  endfacet
  facet normal 0.0271087 -0.999632 0
    outer loop
      vertex 26.7353 55.9897 0
      vertex 26.8533 55.9929 0.6
      vertex 26.7353 55.9897 0.6
    endloop
  endfacet
  facet normal 0.0271087 -0.999632 0
    outer loop
      vertex 26.8533 55.9929 0.6
      vertex 26.7353 55.9897 0
      vertex 26.8533 55.9929 0
    endloop
  endfacet
  facet normal 0.0870208 -0.996206 0
    outer loop
      vertex 26.8533 55.9929 0
      vertex 26.9632 56.0025 0.6
      vertex 26.8533 55.9929 0.6
    endloop
  endfacet
  facet normal 0.0870208 -0.996206 0
    outer loop
      vertex 26.9632 56.0025 0.6
      vertex 26.8533 55.9929 0
      vertex 26.9632 56.0025 0
    endloop
  endfacet
  facet normal 0.154318 -0.988021 0
    outer loop
      vertex 26.9632 56.0025 0
      vertex 27.065 56.0184 0.6
      vertex 26.9632 56.0025 0.6
    endloop
  endfacet
  facet normal 0.154318 -0.988021 0
    outer loop
      vertex 27.065 56.0184 0.6
      vertex 26.9632 56.0025 0
      vertex 27.065 56.0184 0
    endloop
  endfacet
  facet normal 0.231293 -0.972884 0
    outer loop
      vertex 27.065 56.0184 0
      vertex 27.1588 56.0407 0.6
      vertex 27.065 56.0184 0.6
    endloop
  endfacet
  facet normal 0.231293 -0.972884 0
    outer loop
      vertex 27.1588 56.0407 0.6
      vertex 27.065 56.0184 0
      vertex 27.1588 56.0407 0
    endloop
  endfacet
  facet normal 0.316892 -0.948461 0
    outer loop
      vertex 27.1588 56.0407 0
      vertex 27.2444 56.0693 0.6
      vertex 27.1588 56.0407 0.6
    endloop
  endfacet
  facet normal 0.316892 -0.948461 0
    outer loop
      vertex 27.2444 56.0693 0.6
      vertex 27.1588 56.0407 0
      vertex 27.2444 56.0693 0
    endloop
  endfacet
  facet normal 0.412563 -0.910929 0
    outer loop
      vertex 27.2444 56.0693 0
      vertex 27.3219 56.1044 0.6
      vertex 27.2444 56.0693 0.6
    endloop
  endfacet
  facet normal 0.412563 -0.910929 0
    outer loop
      vertex 27.3219 56.1044 0.6
      vertex 27.2444 56.0693 0
      vertex 27.3219 56.1044 0
    endloop
  endfacet
  facet normal 0.511397 -0.859345 0
    outer loop
      vertex 27.3219 56.1044 0
      vertex 27.3913 56.1457 0.6
      vertex 27.3219 56.1044 0.6
    endloop
  endfacet
  facet normal 0.511397 -0.859345 0
    outer loop
      vertex 27.3913 56.1457 0.6
      vertex 27.3219 56.1044 0
      vertex 27.3913 56.1457 0
    endloop
  endfacet
  facet normal 0.607923 -0.793996 0
    outer loop
      vertex 27.3913 56.1457 0
      vertex 27.4536 56.1934 0.6
      vertex 27.3913 56.1457 0.6
    endloop
  endfacet
  facet normal 0.607923 -0.793996 0
    outer loop
      vertex 27.4536 56.1934 0.6
      vertex 27.3913 56.1457 0
      vertex 27.4536 56.1934 0
    endloop
  endfacet
  facet normal 0.694112 -0.719867 0
    outer loop
      vertex 27.4536 56.1934 0
      vertex 27.5095 56.2473 0.6
      vertex 27.4536 56.1934 0.6
    endloop
  endfacet
  facet normal 0.694112 -0.719867 0
    outer loop
      vertex 27.5095 56.2473 0.6
      vertex 27.4536 56.1934 0
      vertex 27.5095 56.2473 0
    endloop
  endfacet
  facet normal 0.770633 -0.637279 0
    outer loop
      vertex 27.5095 56.2473 0.6
      vertex 27.5592 56.3074 0
      vertex 27.5592 56.3074 0.6
    endloop
  endfacet
  facet normal 0.770633 -0.637279 0
    outer loop
      vertex 27.5592 56.3074 0
      vertex 27.5095 56.2473 0.6
      vertex 27.5095 56.2473 0
    endloop
  endfacet
  facet normal 0.837636 -0.546229 0
    outer loop
      vertex 27.5592 56.3074 0.6
      vertex 27.6025 56.3738 0
      vertex 27.6025 56.3738 0.6
    endloop
  endfacet
  facet normal 0.837636 -0.546229 0
    outer loop
      vertex 27.6025 56.3738 0
      vertex 27.5592 56.3074 0.6
      vertex 27.5592 56.3074 0
    endloop
  endfacet
  facet normal 0.890468 -0.455046 0
    outer loop
      vertex 27.6025 56.3738 0.6
      vertex 27.6396 56.4464 0
      vertex 27.6396 56.4464 0.6
    endloop
  endfacet
  facet normal 0.890468 -0.455046 0
    outer loop
      vertex 27.6396 56.4464 0
      vertex 27.6025 56.3738 0.6
      vertex 27.6025 56.3738 0
    endloop
  endfacet
  facet normal 0.931783 -0.363017 0
    outer loop
      vertex 27.6396 56.4464 0.6
      vertex 27.6703 56.5252 0
      vertex 27.6703 56.5252 0.6
    endloop
  endfacet
  facet normal 0.931783 -0.363017 0
    outer loop
      vertex 27.6703 56.5252 0
      vertex 27.6396 56.4464 0.6
      vertex 27.6396 56.4464 0
    endloop
  endfacet
  facet normal 0.960881 -0.27696 0
    outer loop
      vertex 27.6703 56.5252 0.6
      vertex 27.6948 56.6102 0
      vertex 27.6948 56.6102 0.6
    endloop
  endfacet
  facet normal 0.960881 -0.27696 0
    outer loop
      vertex 27.6948 56.6102 0
      vertex 27.6703 56.5252 0.6
      vertex 27.6703 56.5252 0
    endloop
  endfacet
  facet normal -0.135081 -0.990835 0
    outer loop
      vertex 27.6948 56.6102 0
      vertex 28.6645 56.478 0.6
      vertex 27.6948 56.6102 0.6
    endloop
  endfacet
  facet normal -0.135081 -0.990835 -0
    outer loop
      vertex 28.6645 56.478 0.6
      vertex 27.6948 56.6102 0
      vertex 28.6645 56.478 0
    endloop
  endfacet
  facet normal -0.971078 0.238762 0
    outer loop
      vertex 28.6213 56.3023 0
      vertex 28.6645 56.478 0.6
      vertex 28.6645 56.478 0
    endloop
  endfacet
  facet normal -0.971078 0.238762 0
    outer loop
      vertex 28.6645 56.478 0.6
      vertex 28.6213 56.3023 0
      vertex 28.6213 56.3023 0.6
    endloop
  endfacet
  facet normal -0.943886 0.330272 0
    outer loop
      vertex 28.565 56.1414 0
      vertex 28.6213 56.3023 0.6
      vertex 28.6213 56.3023 0
    endloop
  endfacet
  facet normal -0.943886 0.330272 0
    outer loop
      vertex 28.6213 56.3023 0.6
      vertex 28.565 56.1414 0
      vertex 28.565 56.1414 0.6
    endloop
  endfacet
  facet normal -0.90399 0.427554 0
    outer loop
      vertex 28.4959 55.9953 0
      vertex 28.565 56.1414 0.6
      vertex 28.565 56.1414 0
    endloop
  endfacet
  facet normal -0.90399 0.427554 0
    outer loop
      vertex 28.565 56.1414 0.6
      vertex 28.4959 55.9953 0
      vertex 28.4959 55.9953 0.6
    endloop
  endfacet
  facet normal -0.847708 0.530463 0
    outer loop
      vertex 28.4138 55.8641 0
      vertex 28.4959 55.9953 0.6
      vertex 28.4959 55.9953 0
    endloop
  endfacet
  facet normal -0.847708 0.530463 0
    outer loop
      vertex 28.4959 55.9953 0.6
      vertex 28.4138 55.8641 0
      vertex 28.4138 55.8641 0.6
    endloop
  endfacet
  facet normal -0.774668 0.632368 0
    outer loop
      vertex 28.3187 55.7476 0
      vertex 28.4138 55.8641 0.6
      vertex 28.4138 55.8641 0
    endloop
  endfacet
  facet normal -0.774668 0.632368 0
    outer loop
      vertex 28.4138 55.8641 0.6
      vertex 28.3187 55.7476 0
      vertex 28.3187 55.7476 0.6
    endloop
  endfacet
  facet normal -0.685196 0.728358 0
    outer loop
      vertex 28.3187 55.7476 0
      vertex 28.2107 55.646 0.6
      vertex 28.3187 55.7476 0.6
    endloop
  endfacet
  facet normal -0.685196 0.728358 0
    outer loop
      vertex 28.2107 55.646 0.6
      vertex 28.3187 55.7476 0
      vertex 28.2107 55.646 0
    endloop
  endfacet
  facet normal -0.58365 0.812005 0
    outer loop
      vertex 28.2107 55.646 0
      vertex 28.0898 55.5591 0.6
      vertex 28.2107 55.646 0.6
    endloop
  endfacet
  facet normal -0.58365 0.812005 0
    outer loop
      vertex 28.0898 55.5591 0.6
      vertex 28.2107 55.646 0
      vertex 28.0898 55.5591 0
    endloop
  endfacet
  facet normal -0.475369 0.879787 0
    outer loop
      vertex 28.0898 55.5591 0
      vertex 27.9534 55.4854 0.6
      vertex 28.0898 55.5591 0.6
    endloop
  endfacet
  facet normal -0.475369 0.879787 0
    outer loop
      vertex 27.9534 55.4854 0.6
      vertex 28.0898 55.5591 0
      vertex 27.9534 55.4854 0
    endloop
  endfacet
  facet normal -0.374493 0.92723 0
    outer loop
      vertex 27.9534 55.4854 0
      vertex 27.7989 55.423 0.6
      vertex 27.9534 55.4854 0.6
    endloop
  endfacet
  facet normal -0.374493 0.92723 0
    outer loop
      vertex 27.7989 55.423 0.6
      vertex 27.9534 55.4854 0
      vertex 27.7989 55.423 0
    endloop
  endfacet
  facet normal -0.284032 0.958815 0
    outer loop
      vertex 27.7989 55.423 0
      vertex 27.6264 55.3719 0.6
      vertex 27.7989 55.423 0.6
    endloop
  endfacet
  facet normal -0.284032 0.958815 0
    outer loop
      vertex 27.6264 55.3719 0.6
      vertex 27.7989 55.423 0
      vertex 27.6264 55.3719 0
    endloop
  endfacet
  facet normal -0.203913 0.978989 0
    outer loop
      vertex 27.6264 55.3719 0
      vertex 27.4358 55.3322 0.6
      vertex 27.6264 55.3719 0.6
    endloop
  endfacet
  facet normal -0.203913 0.978989 0
    outer loop
      vertex 27.4358 55.3322 0.6
      vertex 27.6264 55.3719 0
      vertex 27.4358 55.3322 0
    endloop
  endfacet
  facet normal -0.134838 0.990868 0
    outer loop
      vertex 27.4358 55.3322 0
      vertex 27.2271 55.3038 0.6
      vertex 27.4358 55.3322 0.6
    endloop
  endfacet
  facet normal -0.134838 0.990868 0
    outer loop
      vertex 27.2271 55.3038 0.6
      vertex 27.4358 55.3322 0
      vertex 27.2271 55.3038 0
    endloop
  endfacet
  facet normal -0.074779 0.9972 0
    outer loop
      vertex 27.2271 55.3038 0
      vertex 27.0004 55.2868 0.6
      vertex 27.2271 55.3038 0.6
    endloop
  endfacet
  facet normal -0.074779 0.9972 0
    outer loop
      vertex 27.0004 55.2868 0.6
      vertex 27.2271 55.3038 0
      vertex 27.0004 55.2868 0
    endloop
  endfacet
  facet normal -0.023278 0.999729 0
    outer loop
      vertex 27.0004 55.2868 0
      vertex 26.7556 55.2811 0.6
      vertex 27.0004 55.2868 0.6
    endloop
  endfacet
  facet normal -0.023278 0.999729 0
    outer loop
      vertex 26.7556 55.2811 0.6
      vertex 27.0004 55.2868 0
      vertex 26.7556 55.2811 0
    endloop
  endfacet
  facet normal 0.0272909 0.999628 -0
    outer loop
      vertex 26.7556 55.2811 0
      vertex 26.4992 55.2881 0.6
      vertex 26.7556 55.2811 0.6
    endloop
  endfacet
  facet normal 0.0272909 0.999628 0
    outer loop
      vertex 26.4992 55.2881 0.6
      vertex 26.7556 55.2811 0
      vertex 26.4992 55.2881 0
    endloop
  endfacet
  facet normal 0.0881988 0.996103 -0
    outer loop
      vertex 26.4992 55.2881 0
      vertex 26.2609 55.3092 0.6
      vertex 26.4992 55.2881 0.6
    endloop
  endfacet
  facet normal 0.0881988 0.996103 0
    outer loop
      vertex 26.2609 55.3092 0.6
      vertex 26.4992 55.2881 0
      vertex 26.2609 55.3092 0
    endloop
  endfacet
  facet normal 0.157344 0.987544 -0
    outer loop
      vertex 26.2609 55.3092 0
      vertex 26.0406 55.3443 0.6
      vertex 26.2609 55.3092 0.6
    endloop
  endfacet
  facet normal 0.157344 0.987544 0
    outer loop
      vertex 26.0406 55.3443 0.6
      vertex 26.2609 55.3092 0
      vertex 26.0406 55.3443 0
    endloop
  endfacet
  facet normal 0.236425 0.97165 -0
    outer loop
      vertex 26.0406 55.3443 0
      vertex 25.8384 55.3935 0.6
      vertex 26.0406 55.3443 0.6
    endloop
  endfacet
  facet normal 0.236425 0.97165 0
    outer loop
      vertex 25.8384 55.3935 0.6
      vertex 26.0406 55.3443 0
      vertex 25.8384 55.3935 0
    endloop
  endfacet
  facet normal 0.324534 0.945874 -0
    outer loop
      vertex 25.8384 55.3935 0
      vertex 25.6542 55.4567 0.6
      vertex 25.8384 55.3935 0.6
    endloop
  endfacet
  facet normal 0.324534 0.945874 0
    outer loop
      vertex 25.6542 55.4567 0.6
      vertex 25.8384 55.3935 0
      vertex 25.6542 55.4567 0
    endloop
  endfacet
  facet normal 0.42148 0.906838 -0
    outer loop
      vertex 25.6542 55.4567 0
      vertex 25.4881 55.5339 0.6
      vertex 25.6542 55.4567 0.6
    endloop
  endfacet
  facet normal 0.42148 0.906838 0
    outer loop
      vertex 25.4881 55.5339 0.6
      vertex 25.6542 55.4567 0
      vertex 25.4881 55.5339 0
    endloop
  endfacet
  facet normal 0.524771 0.851244 -0
    outer loop
      vertex 25.4881 55.5339 0
      vertex 25.34 55.6252 0.6
      vertex 25.4881 55.5339 0.6
    endloop
  endfacet
  facet normal 0.524771 0.851244 0
    outer loop
      vertex 25.34 55.6252 0.6
      vertex 25.4881 55.5339 0
      vertex 25.34 55.6252 0
    endloop
  endfacet
  facet normal 0.629822 0.77674 -0
    outer loop
      vertex 25.34 55.6252 0
      vertex 25.211 55.7298 0.6
      vertex 25.34 55.6252 0.6
    endloop
  endfacet
  facet normal 0.629822 0.77674 0
    outer loop
      vertex 25.211 55.7298 0.6
      vertex 25.34 55.6252 0
      vertex 25.211 55.7298 0
    endloop
  endfacet
  facet normal 0.730452 0.682964 0
    outer loop
      vertex 25.211 55.7298 0.6
      vertex 25.1017 55.8467 0
      vertex 25.1017 55.8467 0.6
    endloop
  endfacet
  facet normal 0.730452 0.682964 0
    outer loop
      vertex 25.1017 55.8467 0
      vertex 25.211 55.7298 0.6
      vertex 25.211 55.7298 0
    endloop
  endfacet
  facet normal 0.822833 0.568283 0
    outer loop
      vertex 25.1017 55.8467 0.6
      vertex 25.0124 55.976 0
      vertex 25.0124 55.976 0.6
    endloop
  endfacet
  facet normal 0.822833 0.568283 0
    outer loop
      vertex 25.0124 55.976 0
      vertex 25.1017 55.8467 0.6
      vertex 25.1017 55.8467 0
    endloop
  endfacet
  facet normal 0.8977 0.440608 0
    outer loop
      vertex 25.0124 55.976 0.6
      vertex 24.9429 56.1176 0
      vertex 24.9429 56.1176 0.6
    endloop
  endfacet
  facet normal 0.8977 0.440608 0
    outer loop
      vertex 24.9429 56.1176 0
      vertex 25.0124 55.976 0.6
      vertex 25.0124 55.976 0
    endloop
  endfacet
  facet normal 0.951726 0.306949 0
    outer loop
      vertex 24.9429 56.1176 0.6
      vertex 24.8932 56.2717 0
      vertex 24.8932 56.2717 0.6
    endloop
  endfacet
  facet normal 0.951726 0.306949 0
    outer loop
      vertex 24.8932 56.2717 0
      vertex 24.9429 56.1176 0.6
      vertex 24.9429 56.1176 0
    endloop
  endfacet
  facet normal 0.984358 0.176179 0
    outer loop
      vertex 24.8932 56.2717 0.6
      vertex 24.8634 56.4382 0
      vertex 24.8634 56.4382 0.6
    endloop
  endfacet
  facet normal 0.984358 0.176179 0
    outer loop
      vertex 24.8634 56.4382 0
      vertex 24.8932 56.2717 0.6
      vertex 24.8932 56.2717 0
    endloop
  endfacet
  facet normal 0.998471 0.0552844 0
    outer loop
      vertex 24.8634 56.4382 0.6
      vertex 24.8535 56.617 0
      vertex 24.8535 56.617 0.6
    endloop
  endfacet
  facet normal 0.998471 0.0552844 0
    outer loop
      vertex 24.8535 56.617 0
      vertex 24.8634 56.4382 0.6
      vertex 24.8634 56.4382 0
    endloop
  endfacet
  facet normal 0.999835 -0.0181788 0
    outer loop
      vertex 24.8535 56.617 0.6
      vertex 24.8548 56.6885 0
      vertex 24.8548 56.6885 0.6
    endloop
  endfacet
  facet normal 0.999835 -0.0181788 0
    outer loop
      vertex 24.8548 56.6885 0
      vertex 24.8535 56.617 0.6
      vertex 24.8535 56.617 0
    endloop
  endfacet
  facet normal 0.998244 -0.0592301 0
    outer loop
      vertex 24.8548 56.6885 0.6
      vertex 24.8589 56.7576 0
      vertex 24.8589 56.7576 0.6
    endloop
  endfacet
  facet normal 0.998244 -0.0592301 0
    outer loop
      vertex 24.8589 56.7576 0
      vertex 24.8548 56.6885 0.6
      vertex 24.8548 56.6885 0
    endloop
  endfacet
  facet normal 0.995008 -0.0997987 0
    outer loop
      vertex 24.8589 56.7576 0.6
      vertex 24.8656 56.8244 0
      vertex 24.8656 56.8244 0.6
    endloop
  endfacet
  facet normal 0.995008 -0.0997987 0
    outer loop
      vertex 24.8656 56.8244 0
      vertex 24.8589 56.7576 0.6
      vertex 24.8589 56.7576 0
    endloop
  endfacet
  facet normal 0.989294 -0.145936 0
    outer loop
      vertex 24.8656 56.8244 0.6
      vertex 24.8751 56.8888 0
      vertex 24.8751 56.8888 0.6
    endloop
  endfacet
  facet normal 0.989294 -0.145936 0
    outer loop
      vertex 24.8751 56.8888 0
      vertex 24.8656 56.8244 0.6
      vertex 24.8656 56.8244 0
    endloop
  endfacet
  facet normal 0.981541 -0.19125 0
    outer loop
      vertex 24.8751 56.8888 0.6
      vertex 24.8872 56.9509 0
      vertex 24.8872 56.9509 0.6
    endloop
  endfacet
  facet normal 0.981541 -0.19125 0
    outer loop
      vertex 24.8872 56.9509 0
      vertex 24.8751 56.8888 0.6
      vertex 24.8751 56.8888 0
    endloop
  endfacet
  facet normal 0.970238 -0.242153 0
    outer loop
      vertex 24.8872 56.9509 0.6
      vertex 24.9021 57.0106 0
      vertex 24.9021 57.0106 0.6
    endloop
  endfacet
  facet normal 0.970238 -0.242153 0
    outer loop
      vertex 24.9021 57.0106 0
      vertex 24.8872 56.9509 0.6
      vertex 24.8872 56.9509 0
    endloop
  endfacet
  facet normal 0.95639 -0.292091 0
    outer loop
      vertex 24.9021 57.0106 0.6
      vertex 24.9196 57.0679 0
      vertex 24.9196 57.0679 0.6
    endloop
  endfacet
  facet normal 0.95639 -0.292091 0
    outer loop
      vertex 24.9196 57.0679 0
      vertex 24.9021 57.0106 0.6
      vertex 24.9021 57.0106 0
    endloop
  endfacet
  facet normal 0.940191 -0.340649 0
    outer loop
      vertex 24.9196 57.0679 0.6
      vertex 24.9396 57.1231 0
      vertex 24.9396 57.1231 0.6
    endloop
  endfacet
  facet normal 0.940191 -0.340649 0
    outer loop
      vertex 24.9396 57.1231 0
      vertex 24.9196 57.0679 0.6
      vertex 24.9196 57.0679 0
    endloop
  endfacet
  facet normal 0.923231 -0.384245 0
    outer loop
      vertex 24.9396 57.1231 0.6
      vertex 24.9617 57.1762 0
      vertex 24.9617 57.1762 0.6
    endloop
  endfacet
  facet normal 0.923231 -0.384245 0
    outer loop
      vertex 24.9617 57.1762 0
      vertex 24.9396 57.1231 0.6
      vertex 24.9396 57.1231 0
    endloop
  endfacet
  facet normal 0.903449 -0.428695 0
    outer loop
      vertex 24.9617 57.1762 0.6
      vertex 24.9859 57.2272 0
      vertex 24.9859 57.2272 0.6
    endloop
  endfacet
  facet normal 0.903449 -0.428695 0
    outer loop
      vertex 24.9859 57.2272 0
      vertex 24.9617 57.1762 0.6
      vertex 24.9617 57.1762 0
    endloop
  endfacet
  facet normal 0.879951 -0.475065 0
    outer loop
      vertex 24.9859 57.2272 0.6
      vertex 25.0123 57.2761 0
      vertex 25.0123 57.2761 0.6
    endloop
  endfacet
  facet normal 0.879951 -0.475065 0
    outer loop
      vertex 25.0123 57.2761 0
      vertex 24.9859 57.2272 0.6
      vertex 24.9859 57.2272 0
    endloop
  endfacet
  facet normal 0.854093 -0.520121 0
    outer loop
      vertex 25.0123 57.2761 0.6
      vertex 25.0408 57.3229 0
      vertex 25.0408 57.3229 0.6
    endloop
  endfacet
  facet normal 0.854093 -0.520121 0
    outer loop
      vertex 25.0408 57.3229 0
      vertex 25.0123 57.2761 0.6
      vertex 25.0123 57.2761 0
    endloop
  endfacet
  facet normal 0.824901 -0.565278 0
    outer loop
      vertex 25.0408 57.3229 0.6
      vertex 25.0715 57.3677 0
      vertex 25.0715 57.3677 0.6
    endloop
  endfacet
  facet normal 0.824901 -0.565278 0
    outer loop
      vertex 25.0715 57.3677 0
      vertex 25.0408 57.3229 0.6
      vertex 25.0408 57.3229 0
    endloop
  endfacet
  facet normal 0.793038 -0.609172 0
    outer loop
      vertex 25.0715 57.3677 0.6
      vertex 25.1043 57.4104 0
      vertex 25.1043 57.4104 0.6
    endloop
  endfacet
  facet normal 0.793038 -0.609172 0
    outer loop
      vertex 25.1043 57.4104 0
      vertex 25.0715 57.3677 0.6
      vertex 25.0715 57.3677 0
    endloop
  endfacet
  facet normal 0.758994 -0.651098 0
    outer loop
      vertex 25.1043 57.4104 0.6
      vertex 25.1393 57.4512 0
      vertex 25.1393 57.4512 0.6
    endloop
  endfacet
  facet normal 0.758994 -0.651098 0
    outer loop
      vertex 25.1393 57.4512 0
      vertex 25.1043 57.4104 0.6
      vertex 25.1043 57.4104 0
    endloop
  endfacet
  facet normal 0.725464 -0.68826 0
    outer loop
      vertex 25.1393 57.4512 0.6
      vertex 25.1763 57.4902 0
      vertex 25.1763 57.4902 0.6
    endloop
  endfacet
  facet normal 0.725464 -0.68826 0
    outer loop
      vertex 25.1763 57.4902 0
      vertex 25.1393 57.4512 0.6
      vertex 25.1393 57.4512 0
    endloop
  endfacet
  facet normal 0.691223 -0.722642 0
    outer loop
      vertex 25.1763 57.4902 0
      vertex 25.2154 57.5276 0.6
      vertex 25.1763 57.4902 0.6
    endloop
  endfacet
  facet normal 0.691223 -0.722642 0
    outer loop
      vertex 25.2154 57.5276 0.6
      vertex 25.1763 57.4902 0
      vertex 25.2154 57.5276 0
    endloop
  endfacet
  facet normal 0.653811 -0.756658 0
    outer loop
      vertex 25.2154 57.5276 0
      vertex 25.2566 57.5632 0.6
      vertex 25.2154 57.5276 0.6
    endloop
  endfacet
  facet normal 0.653811 -0.756658 0
    outer loop
      vertex 25.2566 57.5632 0.6
      vertex 25.2154 57.5276 0
      vertex 25.2566 57.5632 0
    endloop
  endfacet
  facet normal 0.617339 -0.786697 0
    outer loop
      vertex 25.2566 57.5632 0
      vertex 25.2998 57.5971 0.6
      vertex 25.2566 57.5632 0.6
    endloop
  endfacet
  facet normal 0.617339 -0.786697 0
    outer loop
      vertex 25.2998 57.5971 0.6
      vertex 25.2566 57.5632 0
      vertex 25.2998 57.5971 0
    endloop
  endfacet
  facet normal 0.577319 -0.816519 0
    outer loop
      vertex 25.2998 57.5971 0
      vertex 25.3452 57.6292 0.6
      vertex 25.2998 57.5971 0.6
    endloop
  endfacet
  facet normal 0.577319 -0.816519 0
    outer loop
      vertex 25.3452 57.6292 0.6
      vertex 25.2998 57.5971 0
      vertex 25.3452 57.6292 0
    endloop
  endfacet
  facet normal 0.53986 -0.841755 0
    outer loop
      vertex 25.3452 57.6292 0
      vertex 25.3926 57.6596 0.6
      vertex 25.3452 57.6292 0.6
    endloop
  endfacet
  facet normal 0.53986 -0.841755 0
    outer loop
      vertex 25.3926 57.6596 0.6
      vertex 25.3452 57.6292 0
      vertex 25.3926 57.6596 0
    endloop
  endfacet
  facet normal 0.507785 -0.861484 0
    outer loop
      vertex 25.3926 57.6596 0
      vertex 25.4418 57.6886 0.6
      vertex 25.3926 57.6596 0.6
    endloop
  endfacet
  facet normal 0.507785 -0.861484 0
    outer loop
      vertex 25.4418 57.6886 0.6
      vertex 25.3926 57.6596 0
      vertex 25.4418 57.6886 0
    endloop
  endfacet
  facet normal 0.480662 -0.876906 0
    outer loop
      vertex 25.4418 57.6886 0
      vertex 25.4927 57.7165 0.6
      vertex 25.4418 57.6886 0.6
    endloop
  endfacet
  facet normal 0.480662 -0.876906 0
    outer loop
      vertex 25.4927 57.7165 0.6
      vertex 25.4418 57.6886 0
      vertex 25.4927 57.7165 0
    endloop
  endfacet
  facet normal 0.453977 -0.891014 0
    outer loop
      vertex 25.4927 57.7165 0
      vertex 25.5453 57.7433 0.6
      vertex 25.4927 57.7165 0.6
    endloop
  endfacet
  facet normal 0.453977 -0.891014 0
    outer loop
      vertex 25.5453 57.7433 0.6
      vertex 25.4927 57.7165 0
      vertex 25.5453 57.7433 0
    endloop
  endfacet
  facet normal 0.4278 -0.903873 0
    outer loop
      vertex 25.5453 57.7433 0
      vertex 25.5996 57.769 0.6
      vertex 25.5453 57.7433 0.6
    endloop
  endfacet
  facet normal 0.4278 -0.903873 0
    outer loop
      vertex 25.5996 57.769 0.6
      vertex 25.5453 57.7433 0
      vertex 25.5996 57.769 0
    endloop
  endfacet
  facet normal 0.40142 -0.915894 0
    outer loop
      vertex 25.5996 57.769 0
      vertex 25.6555 57.7935 0.6
      vertex 25.5996 57.769 0.6
    endloop
  endfacet
  facet normal 0.40142 -0.915894 0
    outer loop
      vertex 25.6555 57.7935 0.6
      vertex 25.5996 57.769 0
      vertex 25.6555 57.7935 0
    endloop
  endfacet
  facet normal 0.377756 -0.925905 0
    outer loop
      vertex 25.6555 57.7935 0
      vertex 25.7131 57.817 0.6
      vertex 25.6555 57.7935 0.6
    endloop
  endfacet
  facet normal 0.377756 -0.925905 0
    outer loop
      vertex 25.7131 57.817 0.6
      vertex 25.6555 57.7935 0
      vertex 25.7131 57.817 0
    endloop
  endfacet
  facet normal 0.352509 -0.935808 0
    outer loop
      vertex 25.7131 57.817 0
      vertex 25.7723 57.8393 0.6
      vertex 25.7131 57.817 0.6
    endloop
  endfacet
  facet normal 0.352509 -0.935808 0
    outer loop
      vertex 25.7723 57.8393 0.6
      vertex 25.7131 57.817 0
      vertex 25.7723 57.8393 0
    endloop
  endfacet
  facet normal 0.323454 -0.946244 0
    outer loop
      vertex 25.7723 57.8393 0
      vertex 25.839 57.8621 0.6
      vertex 25.7723 57.8393 0.6
    endloop
  endfacet
  facet normal 0.323454 -0.946244 0
    outer loop
      vertex 25.839 57.8621 0.6
      vertex 25.7723 57.8393 0
      vertex 25.839 57.8621 0
    endloop
  endfacet
  facet normal 0.296099 -0.955157 0
    outer loop
      vertex 25.839 57.8621 0
      vertex 25.919 57.8869 0.6
      vertex 25.839 57.8621 0.6
    endloop
  endfacet
  facet normal 0.296099 -0.955157 0
    outer loop
      vertex 25.919 57.8869 0.6
      vertex 25.839 57.8621 0
      vertex 25.919 57.8869 0
    endloop
  endfacet
  facet normal 0.276081 -0.961134 0
    outer loop
      vertex 25.919 57.8869 0
      vertex 26.0123 57.9137 0.6
      vertex 25.919 57.8869 0.6
    endloop
  endfacet
  facet normal 0.276081 -0.961134 0
    outer loop
      vertex 26.0123 57.9137 0.6
      vertex 25.919 57.8869 0
      vertex 26.0123 57.9137 0
    endloop
  endfacet
  facet normal 0.260818 -0.965388 0
    outer loop
      vertex 26.0123 57.9137 0
      vertex 26.1189 57.9425 0.6
      vertex 26.0123 57.9137 0.6
    endloop
  endfacet
  facet normal 0.260818 -0.965388 0
    outer loop
      vertex 26.1189 57.9425 0.6
      vertex 26.0123 57.9137 0
      vertex 26.1189 57.9425 0
    endloop
  endfacet
  facet normal 0.249756 -0.968309 0
    outer loop
      vertex 26.1189 57.9425 0
      vertex 26.2387 57.9734 0.6
      vertex 26.1189 57.9425 0.6
    endloop
  endfacet
  facet normal 0.249756 -0.968309 0
    outer loop
      vertex 26.2387 57.9734 0.6
      vertex 26.1189 57.9425 0
      vertex 26.2387 57.9734 0
    endloop
  endfacet
  facet normal 0.239104 -0.970994 0
    outer loop
      vertex 26.2387 57.9734 0
      vertex 26.3719 58.0062 0.6
      vertex 26.2387 57.9734 0.6
    endloop
  endfacet
  facet normal 0.239104 -0.970994 0
    outer loop
      vertex 26.3719 58.0062 0.6
      vertex 26.2387 57.9734 0
      vertex 26.3719 58.0062 0
    endloop
  endfacet
  facet normal 0.231261 -0.972892 0
    outer loop
      vertex 26.3719 58.0062 0
      vertex 26.5183 58.041 0.6
      vertex 26.3719 58.0062 0.6
    endloop
  endfacet
  facet normal 0.231261 -0.972892 0
    outer loop
      vertex 26.5183 58.041 0.6
      vertex 26.3719 58.0062 0
      vertex 26.5183 58.041 0
    endloop
  endfacet
  facet normal 0.203237 -0.979129 0
    outer loop
      vertex 26.5183 58.041 0
      vertex 26.6874 58.0761 0.6
      vertex 26.5183 58.041 0.6
    endloop
  endfacet
  facet normal 0.203237 -0.979129 0
    outer loop
      vertex 26.6874 58.0761 0.6
      vertex 26.5183 58.041 0
      vertex 26.6874 58.0761 0
    endloop
  endfacet
  facet normal 0.215033 -0.976607 0
    outer loop
      vertex 26.6874 58.0761 0
      vertex 26.84 58.1097 0.6
      vertex 26.6874 58.0761 0.6
    endloop
  endfacet
  facet normal 0.215033 -0.976607 0
    outer loop
      vertex 26.84 58.1097 0.6
      vertex 26.6874 58.0761 0
      vertex 26.84 58.1097 0
    endloop
  endfacet
  facet normal 0.228562 -0.973529 0
    outer loop
      vertex 26.84 58.1097 0
      vertex 26.9763 58.1417 0.6
      vertex 26.84 58.1097 0.6
    endloop
  endfacet
  facet normal 0.228562 -0.973529 0
    outer loop
      vertex 26.9763 58.1417 0.6
      vertex 26.84 58.1097 0
      vertex 26.9763 58.1417 0
    endloop
  endfacet
  facet normal 0.247286 -0.968942 0
    outer loop
      vertex 26.9763 58.1417 0
      vertex 27.0962 58.1723 0.6
      vertex 26.9763 58.1417 0.6
    endloop
  endfacet
  facet normal 0.247286 -0.968942 0
    outer loop
      vertex 27.0962 58.1723 0.6
      vertex 26.9763 58.1417 0
      vertex 27.0962 58.1723 0
    endloop
  endfacet
  facet normal 0.269802 -0.962916 0
    outer loop
      vertex 27.0962 58.1723 0
      vertex 27.1997 58.2013 0.6
      vertex 27.0962 58.1723 0.6
    endloop
  endfacet
  facet normal 0.269802 -0.962916 0
    outer loop
      vertex 27.1997 58.2013 0.6
      vertex 27.0962 58.1723 0
      vertex 27.1997 58.2013 0
    endloop
  endfacet
  facet normal 0.300083 -0.953913 0
    outer loop
      vertex 27.1997 58.2013 0
      vertex 27.2868 58.2287 0.6
      vertex 27.1997 58.2013 0.6
    endloop
  endfacet
  facet normal 0.300083 -0.953913 0
    outer loop
      vertex 27.2868 58.2287 0.6
      vertex 27.1997 58.2013 0
      vertex 27.2868 58.2287 0
    endloop
  endfacet
  facet normal 0.345582 -0.938388 0
    outer loop
      vertex 27.2868 58.2287 0
      vertex 27.3574 58.2547 0.6
      vertex 27.2868 58.2287 0.6
    endloop
  endfacet
  facet normal 0.345582 -0.938388 0
    outer loop
      vertex 27.3574 58.2547 0.6
      vertex 27.2868 58.2287 0
      vertex 27.3574 58.2547 0
    endloop
  endfacet
  facet normal 0.396116 -0.9182 0
    outer loop
      vertex 27.3574 58.2547 0
      vertex 27.4179 58.2808 0.6
      vertex 27.3574 58.2547 0.6
    endloop
  endfacet
  facet normal 0.396116 -0.9182 0
    outer loop
      vertex 27.4179 58.2808 0.6
      vertex 27.3574 58.2547 0
      vertex 27.4179 58.2808 0
    endloop
  endfacet
  facet normal 0.442765 -0.896638 0
    outer loop
      vertex 27.4179 58.2808 0
      vertex 27.4744 58.3087 0.6
      vertex 27.4179 58.2808 0.6
    endloop
  endfacet
  facet normal 0.442765 -0.896638 0
    outer loop
      vertex 27.4744 58.3087 0.6
      vertex 27.4179 58.2808 0
      vertex 27.4744 58.3087 0
    endloop
  endfacet
  facet normal 0.491838 -0.870687 0
    outer loop
      vertex 27.4744 58.3087 0
      vertex 27.5268 58.3383 0.6
      vertex 27.4744 58.3087 0.6
    endloop
  endfacet
  facet normal 0.491838 -0.870687 0
    outer loop
      vertex 27.5268 58.3383 0.6
      vertex 27.4744 58.3087 0
      vertex 27.5268 58.3383 0
    endloop
  endfacet
  facet normal 0.544684 -0.838641 0
    outer loop
      vertex 27.5268 58.3383 0
      vertex 27.5753 58.3698 0.6
      vertex 27.5268 58.3383 0.6
    endloop
  endfacet
  facet normal 0.544684 -0.838641 0
    outer loop
      vertex 27.5753 58.3698 0.6
      vertex 27.5268 58.3383 0
      vertex 27.5753 58.3698 0
    endloop
  endfacet
  facet normal 0.6 -0.8 0
    outer loop
      vertex 27.5753 58.3698 0
      vertex 27.6197 58.4031 0.6
      vertex 27.5753 58.3698 0.6
    endloop
  endfacet
  facet normal 0.6 -0.8 0
    outer loop
      vertex 27.6197 58.4031 0.6
      vertex 27.5753 58.3698 0
      vertex 27.6197 58.4031 0
    endloop
  endfacet
  facet normal 0.655855 -0.754887 0
    outer loop
      vertex 27.6197 58.4031 0
      vertex 27.6601 58.4382 0.6
      vertex 27.6197 58.4031 0.6
    endloop
  endfacet
  facet normal 0.655855 -0.754887 0
    outer loop
      vertex 27.6601 58.4382 0.6
      vertex 27.6197 58.4031 0
      vertex 27.6601 58.4382 0
    endloop
  endfacet
  facet normal 0.711914 -0.702267 0
    outer loop
      vertex 27.6601 58.4382 0.6
      vertex 27.6965 58.4751 0
      vertex 27.6965 58.4751 0.6
    endloop
  endfacet
  facet normal 0.711914 -0.702267 0
    outer loop
      vertex 27.6965 58.4751 0
      vertex 27.6601 58.4382 0.6
      vertex 27.6601 58.4382 0
    endloop
  endfacet
  facet normal 0.77563 -0.631188 0
    outer loop
      vertex 27.6965 58.4751 0.6
      vertex 27.7284 58.5143 0
      vertex 27.7284 58.5143 0.6
    endloop
  endfacet
  facet normal 0.77563 -0.631188 0
    outer loop
      vertex 27.7284 58.5143 0
      vertex 27.6965 58.4751 0.6
      vertex 27.6965 58.4751 0
    endloop
  endfacet
  facet normal 0.840854 -0.541262 0
    outer loop
      vertex 27.7284 58.5143 0.6
      vertex 27.7555 58.5564 0
      vertex 27.7555 58.5564 0.6
    endloop
  endfacet
  facet normal 0.840854 -0.541262 0
    outer loop
      vertex 27.7555 58.5564 0
      vertex 27.7284 58.5143 0.6
      vertex 27.7284 58.5143 0
    endloop
  endfacet
  facet normal 0.897982 -0.440031 0
    outer loop
      vertex 27.7555 58.5564 0.6
      vertex 27.7776 58.6015 0
      vertex 27.7776 58.6015 0.6
    endloop
  endfacet
  facet normal 0.897982 -0.440031 0
    outer loop
      vertex 27.7776 58.6015 0
      vertex 27.7555 58.5564 0.6
      vertex 27.7555 58.5564 0
    endloop
  endfacet
  facet normal 0.941163 -0.337954 0
    outer loop
      vertex 27.7776 58.6015 0.6
      vertex 27.7948 58.6494 0
      vertex 27.7948 58.6494 0.6
    endloop
  endfacet
  facet normal 0.941163 -0.337954 0
    outer loop
      vertex 27.7948 58.6494 0
      vertex 27.7776 58.6015 0.6
      vertex 27.7776 58.6015 0
    endloop
  endfacet
  facet normal 0.972022 -0.234889 0
    outer loop
      vertex 27.7948 58.6494 0.6
      vertex 27.8071 58.7003 0
      vertex 27.8071 58.7003 0.6
    endloop
  endfacet
  facet normal 0.972022 -0.234889 0
    outer loop
      vertex 27.8071 58.7003 0
      vertex 27.7948 58.6494 0.6
      vertex 27.7948 58.6494 0
    endloop
  endfacet
  facet normal 0.99092 -0.134456 0
    outer loop
      vertex 27.8071 58.7003 0.6
      vertex 27.8144 58.7541 0
      vertex 27.8144 58.7541 0.6
    endloop
  endfacet
  facet normal 0.99092 -0.134456 0
    outer loop
      vertex 27.8144 58.7541 0
      vertex 27.8071 58.7003 0.6
      vertex 27.8071 58.7003 0
    endloop
  endfacet
  facet normal 0.999026 -0.0441266 0
    outer loop
      vertex 27.8144 58.7541 0.6
      vertex 27.8169 58.8107 0
      vertex 27.8169 58.8107 0.6
    endloop
  endfacet
  facet normal 0.999026 -0.0441266 0
    outer loop
      vertex 27.8169 58.8107 0
      vertex 27.8144 58.7541 0.6
      vertex 27.8144 58.7541 0
    endloop
  endfacet
  facet normal 0.992096 0.125478 0
    outer loop
      vertex 27.8169 58.8107 0.6
      vertex 27.7955 58.9799 0
      vertex 27.7955 58.9799 0.6
    endloop
  endfacet
  facet normal 0.992096 0.125478 0
    outer loop
      vertex 27.7955 58.9799 0
      vertex 27.8169 58.8107 0.6
      vertex 27.8169 58.8107 0
    endloop
  endfacet
  facet normal 0.912624 0.4088 0
    outer loop
      vertex 27.7955 58.9799 0.6
      vertex 27.7314 59.123 0
      vertex 27.7314 59.123 0.6
    endloop
  endfacet
  facet normal 0.912624 0.4088 0
    outer loop
      vertex 27.7314 59.123 0
      vertex 27.7955 58.9799 0.6
      vertex 27.7955 58.9799 0
    endloop
  endfacet
  facet normal 0.738253 0.674524 0
    outer loop
      vertex 27.7314 59.123 0.6
      vertex 27.6245 59.24 0
      vertex 27.6245 59.24 0.6
    endloop
  endfacet
  facet normal 0.738253 0.674524 0
    outer loop
      vertex 27.6245 59.24 0
      vertex 27.7314 59.123 0.6
      vertex 27.7314 59.123 0
    endloop
  endfacet
  facet normal 0.519856 0.854254 -0
    outer loop
      vertex 27.6245 59.24 0
      vertex 27.4748 59.3311 0.6
      vertex 27.6245 59.24 0.6
    endloop
  endfacet
  facet normal 0.519856 0.854254 0
    outer loop
      vertex 27.4748 59.3311 0.6
      vertex 27.6245 59.24 0
      vertex 27.4748 59.3311 0
    endloop
  endfacet
  facet normal 0.320066 0.947395 -0
    outer loop
      vertex 27.4748 59.3311 0
      vertex 27.2824 59.3961 0.6
      vertex 27.4748 59.3311 0.6
    endloop
  endfacet
  facet normal 0.320066 0.947395 0
    outer loop
      vertex 27.2824 59.3961 0.6
      vertex 27.4748 59.3311 0
      vertex 27.2824 59.3961 0
    endloop
  endfacet
  facet normal 0.163991 0.986462 -0
    outer loop
      vertex 27.2824 59.3961 0
      vertex 27.0472 59.4352 0.6
      vertex 27.2824 59.3961 0.6
    endloop
  endfacet
  facet normal 0.163991 0.986462 0
    outer loop
      vertex 27.0472 59.4352 0.6
      vertex 27.2824 59.3961 0
      vertex 27.0472 59.4352 0
    endloop
  endfacet
  facet normal 0.0467115 0.998908 -0
    outer loop
      vertex 27.0472 59.4352 0
      vertex 26.7692 59.4482 0.6
      vertex 27.0472 59.4352 0.6
    endloop
  endfacet
  facet normal 0.0467115 0.998908 0
    outer loop
      vertex 26.7692 59.4482 0.6
      vertex 27.0472 59.4352 0
      vertex 26.7692 59.4482 0
    endloop
  endfacet
  facet normal -0.0250279 0.999687 0
    outer loop
      vertex 26.7692 59.4482 0
      vertex 26.6294 59.4447 0.6
      vertex 26.7692 59.4482 0.6
    endloop
  endfacet
  facet normal -0.0250279 0.999687 0
    outer loop
      vertex 26.6294 59.4447 0.6
      vertex 26.7692 59.4482 0
      vertex 26.6294 59.4447 0
    endloop
  endfacet
  facet normal -0.0799571 0.996798 0
    outer loop
      vertex 26.6294 59.4447 0
      vertex 26.4985 59.4342 0.6
      vertex 26.6294 59.4447 0.6
    endloop
  endfacet
  facet normal -0.0799571 0.996798 0
    outer loop
      vertex 26.4985 59.4342 0.6
      vertex 26.6294 59.4447 0
      vertex 26.4985 59.4342 0
    endloop
  endfacet
  facet normal -0.142103 0.989852 0
    outer loop
      vertex 26.4985 59.4342 0
      vertex 26.3766 59.4167 0.6
      vertex 26.4985 59.4342 0.6
    endloop
  endfacet
  facet normal -0.142103 0.989852 0
    outer loop
      vertex 26.3766 59.4167 0.6
      vertex 26.4985 59.4342 0
      vertex 26.3766 59.4167 0
    endloop
  endfacet
  facet normal -0.211422 0.977395 0
    outer loop
      vertex 26.3766 59.4167 0
      vertex 26.2638 59.3923 0.6
      vertex 26.3766 59.4167 0.6
    endloop
  endfacet
  facet normal -0.211422 0.977395 0
    outer loop
      vertex 26.2638 59.3923 0.6
      vertex 26.3766 59.4167 0
      vertex 26.2638 59.3923 0
    endloop
  endfacet
  facet normal -0.290135 0.956986 0
    outer loop
      vertex 26.2638 59.3923 0
      vertex 26.1599 59.3608 0.6
      vertex 26.2638 59.3923 0.6
    endloop
  endfacet
  facet normal -0.290135 0.956986 0
    outer loop
      vertex 26.1599 59.3608 0.6
      vertex 26.2638 59.3923 0
      vertex 26.1599 59.3608 0
    endloop
  endfacet
  facet normal -0.375093 0.926987 0
    outer loop
      vertex 26.1599 59.3608 0
      vertex 26.065 59.3224 0.6
      vertex 26.1599 59.3608 0.6
    endloop
  endfacet
  facet normal -0.375093 0.926987 0
    outer loop
      vertex 26.065 59.3224 0.6
      vertex 26.1599 59.3608 0
      vertex 26.065 59.3224 0
    endloop
  endfacet
  facet normal -0.467273 0.884113 0
    outer loop
      vertex 26.065 59.3224 0
      vertex 25.9791 59.277 0.6
      vertex 26.065 59.3224 0.6
    endloop
  endfacet
  facet normal -0.467273 0.884113 0
    outer loop
      vertex 25.9791 59.277 0.6
      vertex 26.065 59.3224 0
      vertex 25.9791 59.277 0
    endloop
  endfacet
  facet normal -0.565942 0.824445 0
    outer loop
      vertex 25.9791 59.277 0
      vertex 25.9016 59.2238 0.6
      vertex 25.9791 59.277 0.6
    endloop
  endfacet
  facet normal -0.565942 0.824445 0
    outer loop
      vertex 25.9016 59.2238 0.6
      vertex 25.9791 59.277 0
      vertex 25.9016 59.2238 0
    endloop
  endfacet
  facet normal -0.661232 0.750182 0
    outer loop
      vertex 25.9016 59.2238 0
      vertex 25.8316 59.1621 0.6
      vertex 25.9016 59.2238 0.6
    endloop
  endfacet
  facet normal -0.661232 0.750182 0
    outer loop
      vertex 25.8316 59.1621 0.6
      vertex 25.9016 59.2238 0
      vertex 25.8316 59.1621 0
    endloop
  endfacet
  facet normal -0.747938 0.663768 0
    outer loop
      vertex 25.7693 59.0919 0
      vertex 25.8316 59.1621 0.6
      vertex 25.8316 59.1621 0
    endloop
  endfacet
  facet normal -0.747938 0.663768 0
    outer loop
      vertex 25.8316 59.1621 0.6
      vertex 25.7693 59.0919 0
      vertex 25.7693 59.0919 0.6
    endloop
  endfacet
  facet normal -0.821139 0.570728 0
    outer loop
      vertex 25.7146 59.0132 0
      vertex 25.7693 59.0919 0.6
      vertex 25.7693 59.0919 0
    endloop
  endfacet
  facet normal -0.821139 0.570728 0
    outer loop
      vertex 25.7693 59.0919 0.6
      vertex 25.7146 59.0132 0
      vertex 25.7146 59.0132 0.6
    endloop
  endfacet
  facet normal -0.879433 0.476023 0
    outer loop
      vertex 25.6674 58.926 0
      vertex 25.7146 59.0132 0.6
      vertex 25.7146 59.0132 0
    endloop
  endfacet
  facet normal -0.879433 0.476023 0
    outer loop
      vertex 25.7146 59.0132 0.6
      vertex 25.6674 58.926 0
      vertex 25.6674 58.926 0.6
    endloop
  endfacet
  facet normal -0.924498 0.381187 0
    outer loop
      vertex 25.6279 58.8302 0
      vertex 25.6674 58.926 0.6
      vertex 25.6674 58.926 0
    endloop
  endfacet
  facet normal -0.924498 0.381187 0
    outer loop
      vertex 25.6674 58.926 0.6
      vertex 25.6279 58.8302 0
      vertex 25.6279 58.8302 0.6
    endloop
  endfacet
  facet normal -0.956195 0.292731 0
    outer loop
      vertex 25.596 58.726 0
      vertex 25.6279 58.8302 0.6
      vertex 25.6279 58.8302 0
    endloop
  endfacet
  facet normal -0.956195 0.292731 0
    outer loop
      vertex 25.6279 58.8302 0.6
      vertex 25.596 58.726 0
      vertex 25.596 58.726 0.6
    endloop
  endfacet
  facet normal 0.16266 0.986682 -0
    outer loop
      vertex 25.596 58.726 0
      vertex 24.6297 58.8853 0.6
      vertex 25.596 58.726 0.6
    endloop
  endfacet
  facet normal 0.16266 0.986682 0
    outer loop
      vertex 24.6297 58.8853 0.6
      vertex 25.596 58.726 0
      vertex 24.6297 58.8853 0
    endloop
  endfacet
  facet normal 0.964039 -0.265759 0
    outer loop
      vertex 24.6297 58.8853 0.6
      vertex 24.6799 59.0674 0
      vertex 24.6799 59.0674 0.6
    endloop
  endfacet
  facet normal 0.964039 -0.265759 0
    outer loop
      vertex 24.6799 59.0674 0
      vertex 24.6297 58.8853 0.6
      vertex 24.6297 58.8853 0
    endloop
  endfacet
  facet normal 0.931911 -0.362687 0
    outer loop
      vertex 24.6799 59.0674 0.6
      vertex 24.7454 59.2357 0
      vertex 24.7454 59.2357 0.6
    endloop
  endfacet
  facet normal 0.931911 -0.362687 0
    outer loop
      vertex 24.7454 59.2357 0
      vertex 24.6799 59.0674 0.6
      vertex 24.6799 59.0674 0
    endloop
  endfacet
  facet normal 0.886616 -0.462507 0
    outer loop
      vertex 24.7454 59.2357 0.6
      vertex 24.8261 59.3904 0
      vertex 24.8261 59.3904 0.6
    endloop
  endfacet
  facet normal 0.886616 -0.462507 0
    outer loop
      vertex 24.8261 59.3904 0
      vertex 24.7454 59.2357 0.6
      vertex 24.7454 59.2357 0
    endloop
  endfacet
  facet normal 0.826686 -0.562663 0
    outer loop
      vertex 24.8261 59.3904 0.6
      vertex 24.922 59.5313 0
      vertex 24.922 59.5313 0.6
    endloop
  endfacet
  facet normal 0.826686 -0.562663 0
    outer loop
      vertex 24.922 59.5313 0
      vertex 24.8261 59.3904 0.6
      vertex 24.8261 59.3904 0
    endloop
  endfacet
  facet normal 0.753419 -0.65754 0
    outer loop
      vertex 24.922 59.5313 0.6
      vertex 25.0331 59.6586 0
      vertex 25.0331 59.6586 0.6
    endloop
  endfacet
  facet normal 0.753419 -0.65754 0
    outer loop
      vertex 25.0331 59.6586 0
      vertex 24.922 59.5313 0.6
      vertex 24.922 59.5313 0
    endloop
  endfacet
  facet normal 0.668119 -0.744055 0
    outer loop
      vertex 25.0331 59.6586 0
      vertex 25.1595 59.7721 0.6
      vertex 25.0331 59.6586 0.6
    endloop
  endfacet
  facet normal 0.668119 -0.744055 0
    outer loop
      vertex 25.1595 59.7721 0.6
      vertex 25.0331 59.6586 0
      vertex 25.1595 59.7721 0
    endloop
  endfacet
  facet normal 0.576751 -0.81692 0
    outer loop
      vertex 25.1595 59.7721 0
      vertex 25.301 59.872 0.6
      vertex 25.1595 59.7721 0.6
    endloop
  endfacet
  facet normal 0.576751 -0.81692 0
    outer loop
      vertex 25.301 59.872 0.6
      vertex 25.1595 59.7721 0
      vertex 25.301 59.872 0
    endloop
  endfacet
  facet normal 0.480998 -0.876721 0
    outer loop
      vertex 25.301 59.872 0
      vertex 25.4583 59.9583 0.6
      vertex 25.301 59.872 0.6
    endloop
  endfacet
  facet normal 0.480998 -0.876721 0
    outer loop
      vertex 25.4583 59.9583 0.6
      vertex 25.301 59.872 0
      vertex 25.4583 59.9583 0
    endloop
  endfacet
  facet normal 0.388271 -0.921545 0
    outer loop
      vertex 25.4583 59.9583 0
      vertex 25.6318 60.0314 0.6
      vertex 25.4583 59.9583 0.6
    endloop
  endfacet
  facet normal 0.388271 -0.921545 0
    outer loop
      vertex 25.6318 60.0314 0.6
      vertex 25.4583 59.9583 0
      vertex 25.6318 60.0314 0
    endloop
  endfacet
  facet normal 0.30065 -0.953735 0
    outer loop
      vertex 25.6318 60.0314 0
      vertex 25.8215 60.0912 0.6
      vertex 25.6318 60.0314 0.6
    endloop
  endfacet
  facet normal 0.30065 -0.953735 0
    outer loop
      vertex 25.8215 60.0912 0.6
      vertex 25.6318 60.0314 0
      vertex 25.8215 60.0912 0
    endloop
  endfacet
  facet normal 0.220392 -0.975411 0
    outer loop
      vertex 25.8215 60.0912 0
      vertex 26.0273 60.1377 0.6
      vertex 25.8215 60.0912 0.6
    endloop
  endfacet
  facet normal 0.220392 -0.975411 0
    outer loop
      vertex 26.0273 60.1377 0.6
      vertex 25.8215 60.0912 0
      vertex 26.0273 60.1377 0
    endloop
  endfacet
  facet normal 0.14784 -0.989011 0
    outer loop
      vertex 26.0273 60.1377 0
      vertex 26.2494 60.1709 0.6
      vertex 26.0273 60.1377 0.6
    endloop
  endfacet
  facet normal 0.14784 -0.989011 0
    outer loop
      vertex 26.2494 60.1709 0.6
      vertex 26.0273 60.1377 0
      vertex 26.2494 60.1709 0
    endloop
  endfacet
  facet normal 0.0832532 -0.996528 0
    outer loop
      vertex 26.2494 60.1709 0
      vertex 26.4876 60.1908 0.6
      vertex 26.2494 60.1709 0.6
    endloop
  endfacet
  facet normal 0.0832532 -0.996528 0
    outer loop
      vertex 26.4876 60.1908 0.6
      vertex 26.2494 60.1709 0
      vertex 26.4876 60.1908 0
    endloop
  endfacet
  facet normal 0.0263273 -0.999653 0
    outer loop
      vertex 26.4876 60.1908 0
      vertex 26.742 60.1975 0.6
      vertex 26.4876 60.1908 0.6
    endloop
  endfacet
  facet normal 0.0263273 -0.999653 0
    outer loop
      vertex 26.742 60.1975 0.6
      vertex 26.4876 60.1908 0
      vertex 26.742 60.1975 0
    endloop
  endfacet
  facet normal -0.0273476 -0.999626 0
    outer loop
      vertex 26.742 60.1975 0
      vertex 27.0198 60.1899 0.6
      vertex 26.742 60.1975 0.6
    endloop
  endfacet
  facet normal -0.0273476 -0.999626 -0
    outer loop
      vertex 27.0198 60.1899 0.6
      vertex 26.742 60.1975 0
      vertex 27.0198 60.1899 0
    endloop
  endfacet
  facet normal 0 1 -0
    outer loop
      vertex 32.5369 59.3464 0
      vertex 30.3194 59.3464 0.6
      vertex 32.5369 59.3464 0.6
    endloop
  endfacet
  facet normal 0 1 0
    outer loop
      vertex 30.3194 59.3464 0.6
      vertex 32.5369 59.3464 0
      vertex 30.3194 59.3464 0
    endloop
  endfacet
  facet normal -0.906294 -0.422647 0
    outer loop
      vertex 30.3485 59.284 0
      vertex 30.3194 59.3464 0.6
      vertex 30.3194 59.3464 0
    endloop
  endfacet
  facet normal -0.906294 -0.422647 0
    outer loop
      vertex 30.3194 59.3464 0.6
      vertex 30.3485 59.284 0
      vertex 30.3485 59.284 0.6
    endloop
  endfacet
  facet normal -0.878716 -0.477345 0
    outer loop
      vertex 30.3818 59.2227 0
      vertex 30.3485 59.284 0.6
      vertex 30.3485 59.284 0
    endloop
  endfacet
  facet normal -0.878716 -0.477345 0
    outer loop
      vertex 30.3485 59.284 0.6
      vertex 30.3818 59.2227 0
      vertex 30.3818 59.2227 0.6
    endloop
  endfacet
  facet normal -0.850054 -0.526695 0
    outer loop
      vertex 30.4191 59.1625 0
      vertex 30.3818 59.2227 0.6
      vertex 30.3818 59.2227 0
    endloop
  endfacet
  facet normal -0.850054 -0.526695 0
    outer loop
      vertex 30.3818 59.2227 0.6
      vertex 30.4191 59.1625 0
      vertex 30.4191 59.1625 0.6
    endloop
  endfacet
  facet normal -0.819037 -0.573741 0
    outer loop
      vertex 30.4605 59.1034 0
      vertex 30.4191 59.1625 0.6
      vertex 30.4191 59.1625 0
    endloop
  endfacet
  facet normal -0.819037 -0.573741 0
    outer loop
      vertex 30.4191 59.1625 0.6
      vertex 30.4605 59.1034 0
      vertex 30.4605 59.1034 0.6
    endloop
  endfacet
  facet normal -0.786789 -0.617222 0
    outer loop
      vertex 30.506 59.0454 0
      vertex 30.4605 59.1034 0.6
      vertex 30.4605 59.1034 0
    endloop
  endfacet
  facet normal -0.786789 -0.617222 0
    outer loop
      vertex 30.4605 59.1034 0.6
      vertex 30.506 59.0454 0
      vertex 30.506 59.0454 0.6
    endloop
  endfacet
  facet normal -0.753234 -0.657753 0
    outer loop
      vertex 30.5556 58.9886 0
      vertex 30.506 59.0454 0.6
      vertex 30.506 59.0454 0
    endloop
  endfacet
  facet normal -0.753234 -0.657753 0
    outer loop
      vertex 30.506 59.0454 0.6
      vertex 30.5556 58.9886 0
      vertex 30.5556 58.9886 0.6
    endloop
  endfacet
  facet normal -0.720535 -0.693418 0
    outer loop
      vertex 30.6093 58.9328 0
      vertex 30.5556 58.9886 0.6
      vertex 30.5556 58.9886 0
    endloop
  endfacet
  facet normal -0.720535 -0.693418 0
    outer loop
      vertex 30.5556 58.9886 0.6
      vertex 30.6093 58.9328 0
      vertex 30.6093 58.9328 0.6
    endloop
  endfacet
  facet normal -0.698197 -0.715905 0
    outer loop
      vertex 30.6093 58.9328 0
      vertex 30.6659 58.8776 0.6
      vertex 30.6093 58.9328 0.6
    endloop
  endfacet
  facet normal -0.698197 -0.715905 -0
    outer loop
      vertex 30.6659 58.8776 0.6
      vertex 30.6093 58.9328 0
      vertex 30.6659 58.8776 0
    endloop
  endfacet
  facet normal -0.68622 -0.727394 0
    outer loop
      vertex 30.6659 58.8776 0
      vertex 30.7242 58.8226 0.6
      vertex 30.6659 58.8776 0.6
    endloop
  endfacet
  facet normal -0.68622 -0.727394 -0
    outer loop
      vertex 30.7242 58.8226 0.6
      vertex 30.6659 58.8776 0
      vertex 30.7242 58.8226 0
    endloop
  endfacet
  facet normal -0.674386 -0.738379 0
    outer loop
      vertex 30.7242 58.8226 0
      vertex 30.7842 58.7678 0.6
      vertex 30.7242 58.8226 0.6
    endloop
  endfacet
  facet normal -0.674386 -0.738379 -0
    outer loop
      vertex 30.7842 58.7678 0.6
      vertex 30.7242 58.8226 0
      vertex 30.7842 58.7678 0
    endloop
  endfacet
  facet normal -0.664063 -0.747677 0
    outer loop
      vertex 30.7842 58.7678 0
      vertex 30.8459 58.713 0.6
      vertex 30.7842 58.7678 0.6
    endloop
  endfacet
  facet normal -0.664063 -0.747677 -0
    outer loop
      vertex 30.8459 58.713 0.6
      vertex 30.7842 58.7678 0
      vertex 30.8459 58.713 0
    endloop
  endfacet
  facet normal -0.651971 -0.758244 0
    outer loop
      vertex 30.8459 58.713 0
      vertex 30.9094 58.6584 0.6
      vertex 30.8459 58.713 0.6
    endloop
  endfacet
  facet normal -0.651971 -0.758244 -0
    outer loop
      vertex 30.9094 58.6584 0.6
      vertex 30.8459 58.713 0
      vertex 30.9094 58.6584 0
    endloop
  endfacet
  facet normal -0.640648 -0.767835 0
    outer loop
      vertex 30.9094 58.6584 0
      vertex 30.9746 58.604 0.6
      vertex 30.9094 58.6584 0.6
    endloop
  endfacet
  facet normal -0.640648 -0.767835 -0
    outer loop
      vertex 30.9746 58.604 0.6
      vertex 30.9094 58.6584 0
      vertex 30.9746 58.604 0
    endloop
  endfacet
  facet normal -0.629632 -0.776894 0
    outer loop
      vertex 30.9746 58.604 0
      vertex 31.0416 58.5497 0.6
      vertex 30.9746 58.604 0.6
    endloop
  endfacet
  facet normal -0.629632 -0.776894 -0
    outer loop
      vertex 31.0416 58.5497 0.6
      vertex 30.9746 58.604 0
      vertex 31.0416 58.5497 0
    endloop
  endfacet
  facet normal -0.624835 -0.780757 0
    outer loop
      vertex 31.0416 58.5497 0
      vertex 31.1097 58.4952 0.6
      vertex 31.0416 58.5497 0.6
    endloop
  endfacet
  facet normal -0.624835 -0.780757 -0
    outer loop
      vertex 31.1097 58.4952 0.6
      vertex 31.0416 58.5497 0
      vertex 31.1097 58.4952 0
    endloop
  endfacet
  facet normal -0.624279 -0.781202 0
    outer loop
      vertex 31.1097 58.4952 0
      vertex 31.1784 58.4403 0.6
      vertex 31.1097 58.4952 0.6
    endloop
  endfacet
  facet normal -0.624279 -0.781202 -0
    outer loop
      vertex 31.1784 58.4403 0.6
      vertex 31.1097 58.4952 0
      vertex 31.1784 58.4403 0
    endloop
  endfacet
  facet normal -0.623182 -0.782077 0
    outer loop
      vertex 31.1784 58.4403 0
      vertex 31.2478 58.385 0.6
      vertex 31.1784 58.4403 0.6
    endloop
  endfacet
  facet normal -0.623182 -0.782077 -0
    outer loop
      vertex 31.2478 58.385 0.6
      vertex 31.1784 58.4403 0
      vertex 31.2478 58.385 0
    endloop
  endfacet
  facet normal -0.622648 -0.782502 0
    outer loop
      vertex 31.2478 58.385 0
      vertex 31.3178 58.3293 0.6
      vertex 31.2478 58.385 0.6
    endloop
  endfacet
  facet normal -0.622648 -0.782502 -0
    outer loop
      vertex 31.3178 58.3293 0.6
      vertex 31.2478 58.385 0
      vertex 31.3178 58.3293 0
    endloop
  endfacet
  facet normal -0.622122 -0.78292 0
    outer loop
      vertex 31.3178 58.3293 0
      vertex 31.3884 58.2732 0.6
      vertex 31.3178 58.3293 0.6
    endloop
  endfacet
  facet normal -0.622122 -0.78292 -0
    outer loop
      vertex 31.3884 58.2732 0.6
      vertex 31.3178 58.3293 0
      vertex 31.3884 58.2732 0
    endloop
  endfacet
  facet normal -0.621069 -0.783756 0
    outer loop
      vertex 31.3884 58.2732 0
      vertex 31.4597 58.2167 0.6
      vertex 31.3884 58.2732 0.6
    endloop
  endfacet
  facet normal -0.621069 -0.783756 -0
    outer loop
      vertex 31.4597 58.2167 0.6
      vertex 31.3884 58.2732 0
      vertex 31.4597 58.2167 0
    endloop
  endfacet
  facet normal -0.621764 -0.783205 0
    outer loop
      vertex 31.4597 58.2167 0
      vertex 31.5315 58.1597 0.6
      vertex 31.4597 58.2167 0.6
    endloop
  endfacet
  facet normal -0.621764 -0.783205 -0
    outer loop
      vertex 31.5315 58.1597 0.6
      vertex 31.4597 58.2167 0
      vertex 31.5315 58.1597 0
    endloop
  endfacet
  facet normal -0.629073 -0.777346 0
    outer loop
      vertex 31.5315 58.1597 0
      vertex 31.6028 58.102 0.6
      vertex 31.5315 58.1597 0.6
    endloop
  endfacet
  facet normal -0.629073 -0.777346 -0
    outer loop
      vertex 31.6028 58.102 0.6
      vertex 31.5315 58.1597 0
      vertex 31.6028 58.102 0
    endloop
  endfacet
  facet normal -0.647617 -0.761966 0
    outer loop
      vertex 31.6028 58.102 0
      vertex 31.6721 58.0431 0.6
      vertex 31.6028 58.102 0.6
    endloop
  endfacet
  facet normal -0.647617 -0.761966 -0
    outer loop
      vertex 31.6721 58.0431 0.6
      vertex 31.6028 58.102 0
      vertex 31.6721 58.0431 0
    endloop
  endfacet
  facet normal -0.664982 -0.74686 0
    outer loop
      vertex 31.6721 58.0431 0
      vertex 31.7396 57.983 0.6
      vertex 31.6721 58.0431 0.6
    endloop
  endfacet
  facet normal -0.664982 -0.74686 -0
    outer loop
      vertex 31.7396 57.983 0.6
      vertex 31.6721 58.0431 0
      vertex 31.7396 57.983 0
    endloop
  endfacet
  facet normal -0.682199 -0.731166 0
    outer loop
      vertex 31.7396 57.983 0
      vertex 31.8053 57.9217 0.6
      vertex 31.7396 57.983 0.6
    endloop
  endfacet
  facet normal -0.682199 -0.731166 -0
    outer loop
      vertex 31.8053 57.9217 0.6
      vertex 31.7396 57.983 0
      vertex 31.8053 57.9217 0
    endloop
  endfacet
  facet normal -0.700351 -0.713798 0
    outer loop
      vertex 31.8053 57.9217 0
      vertex 31.869 57.8592 0.6
      vertex 31.8053 57.9217 0.6
    endloop
  endfacet
  facet normal -0.700351 -0.713798 -0
    outer loop
      vertex 31.869 57.8592 0.6
      vertex 31.8053 57.9217 0
      vertex 31.869 57.8592 0
    endloop
  endfacet
  facet normal -0.716619 -0.697464 0
    outer loop
      vertex 31.9309 57.7956 0
      vertex 31.869 57.8592 0.6
      vertex 31.869 57.8592 0
    endloop
  endfacet
  facet normal -0.716619 -0.697464 0
    outer loop
      vertex 31.869 57.8592 0.6
      vertex 31.9309 57.7956 0
      vertex 31.9309 57.7956 0.6
    endloop
  endfacet
  facet normal -0.733196 -0.680017 0
    outer loop
      vertex 31.991 57.7308 0
      vertex 31.9309 57.7956 0.6
      vertex 31.9309 57.7956 0
    endloop
  endfacet
  facet normal -0.733196 -0.680017 0
    outer loop
      vertex 31.9309 57.7956 0.6
      vertex 31.991 57.7308 0
      vertex 31.991 57.7308 0.6
    endloop
  endfacet
  facet normal -0.754974 -0.655755 0
    outer loop
      vertex 32.0485 57.6646 0
      vertex 31.991 57.7308 0.6
      vertex 31.991 57.7308 0
    endloop
  endfacet
  facet normal -0.754974 -0.655755 0
    outer loop
      vertex 31.991 57.7308 0.6
      vertex 32.0485 57.6646 0
      vertex 32.0485 57.6646 0.6
    endloop
  endfacet
  facet normal -0.779749 -0.626092 0
    outer loop
      vertex 32.1031 57.5966 0
      vertex 32.0485 57.6646 0.6
      vertex 32.0485 57.6646 0
    endloop
  endfacet
  facet normal -0.779749 -0.626092 0
    outer loop
      vertex 32.0485 57.6646 0.6
      vertex 32.1031 57.5966 0
      vertex 32.1031 57.5966 0.6
    endloop
  endfacet
  facet normal -0.804272 -0.594261 0
    outer loop
      vertex 32.1546 57.5269 0
      vertex 32.1031 57.5966 0.6
      vertex 32.1031 57.5966 0
    endloop
  endfacet
  facet normal -0.804272 -0.594261 0
    outer loop
      vertex 32.1031 57.5966 0.6
      vertex 32.1546 57.5269 0
      vertex 32.1546 57.5269 0.6
    endloop
  endfacet
  facet normal -0.828109 -0.560566 0
    outer loop
      vertex 32.203 57.4554 0
      vertex 32.1546 57.5269 0.6
      vertex 32.1546 57.5269 0
    endloop
  endfacet
  facet normal -0.828109 -0.560566 0
    outer loop
      vertex 32.1546 57.5269 0.6
      vertex 32.203 57.4554 0
      vertex 32.203 57.4554 0.6
    endloop
  endfacet
  facet normal -0.849819 -0.527074 0
    outer loop
      vertex 32.2484 57.3822 0
      vertex 32.203 57.4554 0.6
      vertex 32.203 57.4554 0
    endloop
  endfacet
  facet normal -0.849819 -0.527074 0
    outer loop
      vertex 32.203 57.4554 0.6
      vertex 32.2484 57.3822 0
      vertex 32.2484 57.3822 0.6
    endloop
  endfacet
  facet normal -0.870736 -0.491751 0
    outer loop
      vertex 32.2907 57.3073 0
      vertex 32.2484 57.3822 0.6
      vertex 32.2484 57.3822 0
    endloop
  endfacet
  facet normal -0.870736 -0.491751 0
    outer loop
      vertex 32.2484 57.3822 0.6
      vertex 32.2907 57.3073 0
      vertex 32.2907 57.3073 0.6
    endloop
  endfacet
  facet normal -0.889733 -0.456482 0
    outer loop
      vertex 32.33 57.2307 0
      vertex 32.2907 57.3073 0.6
      vertex 32.2907 57.3073 0
    endloop
  endfacet
  facet normal -0.889733 -0.456482 0
    outer loop
      vertex 32.2907 57.3073 0.6
      vertex 32.33 57.2307 0
      vertex 32.33 57.2307 0.6
    endloop
  endfacet
  facet normal -0.913477 -0.406891 0
    outer loop
      vertex 32.3651 57.1519 0
      vertex 32.33 57.2307 0.6
      vertex 32.33 57.2307 0
    endloop
  endfacet
  facet normal -0.913477 -0.406891 0
    outer loop
      vertex 32.33 57.2307 0.6
      vertex 32.3651 57.1519 0
      vertex 32.3651 57.1519 0.6
    endloop
  endfacet
  facet normal -0.939558 -0.342391 0
    outer loop
      vertex 32.3948 57.0704 0
      vertex 32.3651 57.1519 0.6
      vertex 32.3651 57.1519 0
    endloop
  endfacet
  facet normal -0.939558 -0.342391 0
    outer loop
      vertex 32.3651 57.1519 0.6
      vertex 32.3948 57.0704 0
      vertex 32.3948 57.0704 0.6
    endloop
  endfacet
  facet normal -0.960612 -0.277891 0
    outer loop
      vertex 32.4191 56.9864 0
      vertex 32.3948 57.0704 0.6
      vertex 32.3948 57.0704 0
    endloop
  endfacet
  facet normal -0.960612 -0.277891 0
    outer loop
      vertex 32.3948 57.0704 0.6
      vertex 32.4191 56.9864 0
      vertex 32.4191 56.9864 0.6
    endloop
  endfacet
  facet normal -0.977054 -0.212991 0
    outer loop
      vertex 32.438 56.8997 0
      vertex 32.4191 56.9864 0.6
      vertex 32.4191 56.9864 0
    endloop
  endfacet
  facet normal -0.977054 -0.212991 0
    outer loop
      vertex 32.4191 56.9864 0.6
      vertex 32.438 56.8997 0
      vertex 32.438 56.8997 0.6
    endloop
  endfacet
  facet normal -0.98879 -0.149314 0
    outer loop
      vertex 32.4515 56.8103 0
      vertex 32.438 56.8997 0.6
      vertex 32.438 56.8997 0
    endloop
  endfacet
  facet normal -0.98879 -0.149314 0
    outer loop
      vertex 32.438 56.8997 0.6
      vertex 32.4515 56.8103 0
      vertex 32.4515 56.8103 0.6
    endloop
  endfacet
  facet normal -0.996138 -0.0877989 0
    outer loop
      vertex 32.4596 56.7184 0
      vertex 32.4515 56.8103 0.6
      vertex 32.4515 56.8103 0
    endloop
  endfacet
  facet normal -0.996138 -0.0877989 0
    outer loop
      vertex 32.4515 56.8103 0.6
      vertex 32.4596 56.7184 0
      vertex 32.4596 56.7184 0.6
    endloop
  endfacet
  facet normal -0.999593 -0.0285296 0
    outer loop
      vertex 32.4623 56.6238 0
      vertex 32.4596 56.7184 0.6
      vertex 32.4596 56.7184 0
    endloop
  endfacet
  facet normal -0.999593 -0.0285296 0
    outer loop
      vertex 32.4596 56.7184 0.6
      vertex 32.4623 56.6238 0
      vertex 32.4623 56.6238 0.6
    endloop
  endfacet
  facet normal -0.99884 0.0481573 0
    outer loop
      vertex 32.4538 56.4475 0
      vertex 32.4623 56.6238 0.6
      vertex 32.4623 56.6238 0
    endloop
  endfacet
  facet normal -0.99884 0.0481573 0
    outer loop
      vertex 32.4623 56.6238 0.6
      vertex 32.4538 56.4475 0
      vertex 32.4538 56.4475 0.6
    endloop
  endfacet
  facet normal -0.988406 0.151832 0
    outer loop
      vertex 32.4285 56.2828 0
      vertex 32.4538 56.4475 0.6
      vertex 32.4538 56.4475 0
    endloop
  endfacet
  facet normal -0.988406 0.151832 0
    outer loop
      vertex 32.4538 56.4475 0.6
      vertex 32.4285 56.2828 0
      vertex 32.4285 56.2828 0.6
    endloop
  endfacet
  facet normal -0.964048 0.265727 0
    outer loop
      vertex 32.3863 56.1297 0
      vertex 32.4285 56.2828 0.6
      vertex 32.4285 56.2828 0
    endloop
  endfacet
  facet normal -0.964048 0.265727 0
    outer loop
      vertex 32.4285 56.2828 0.6
      vertex 32.3863 56.1297 0
      vertex 32.3863 56.1297 0.6
    endloop
  endfacet
  facet normal -0.922652 0.385634 0
    outer loop
      vertex 32.3272 55.9883 0
      vertex 32.3863 56.1297 0.6
      vertex 32.3863 56.1297 0
    endloop
  endfacet
  facet normal -0.922652 0.385634 0
    outer loop
      vertex 32.3863 56.1297 0.6
      vertex 32.3272 55.9883 0
      vertex 32.3272 55.9883 0.6
    endloop
  endfacet
  facet normal -0.862958 0.505276 0
    outer loop
      vertex 32.2512 55.8585 0
      vertex 32.3272 55.9883 0.6
      vertex 32.3272 55.9883 0
    endloop
  endfacet
  facet normal -0.862958 0.505276 0
    outer loop
      vertex 32.3272 55.9883 0.6
      vertex 32.2512 55.8585 0
      vertex 32.2512 55.8585 0.6
    endloop
  endfacet
  facet normal -0.786549 0.617528 0
    outer loop
      vertex 32.1584 55.7403 0
      vertex 32.2512 55.8585 0.6
      vertex 32.2512 55.8585 0
    endloop
  endfacet
  facet normal -0.786549 0.617528 0
    outer loop
      vertex 32.2512 55.8585 0.6
      vertex 32.1584 55.7403 0
      vertex 32.1584 55.7403 0.6
    endloop
  endfacet
  facet normal -0.696574 0.717485 0
    outer loop
      vertex 32.1584 55.7403 0
      vertex 32.0486 55.6337 0.6
      vertex 32.1584 55.7403 0.6
    endloop
  endfacet
  facet normal -0.696574 0.717485 0
    outer loop
      vertex 32.0486 55.6337 0.6
      vertex 32.1584 55.7403 0
      vertex 32.0486 55.6337 0
    endloop
  endfacet
  facet normal -0.597441 0.801913 0
    outer loop
      vertex 32.0486 55.6337 0
      vertex 31.9231 55.5402 0.6
      vertex 32.0486 55.6337 0.6
    endloop
  endfacet
  facet normal -0.597441 0.801913 0
    outer loop
      vertex 31.9231 55.5402 0.6
      vertex 32.0486 55.6337 0
      vertex 31.9231 55.5402 0
    endloop
  endfacet
  facet normal -0.491853 0.870678 0
    outer loop
      vertex 31.9231 55.5402 0
      vertex 31.7829 55.461 0.6
      vertex 31.9231 55.5402 0.6
    endloop
  endfacet
  facet normal -0.491853 0.870678 0
    outer loop
      vertex 31.7829 55.461 0.6
      vertex 31.9231 55.5402 0
      vertex 31.7829 55.461 0
    endloop
  endfacet
  facet normal -0.385419 0.922742 0
    outer loop
      vertex 31.7829 55.461 0
      vertex 31.628 55.3963 0.6
      vertex 31.7829 55.461 0.6
    endloop
  endfacet
  facet normal -0.385419 0.922742 0
    outer loop
      vertex 31.628 55.3963 0.6
      vertex 31.7829 55.461 0
      vertex 31.628 55.3963 0
    endloop
  endfacet
  facet normal -0.285012 0.958524 0
    outer loop
      vertex 31.628 55.3963 0
      vertex 31.4585 55.3459 0.6
      vertex 31.628 55.3963 0.6
    endloop
  endfacet
  facet normal -0.285012 0.958524 0
    outer loop
      vertex 31.4585 55.3459 0.6
      vertex 31.628 55.3963 0
      vertex 31.4585 55.3459 0
    endloop
  endfacet
  facet normal -0.191811 0.981432 0
    outer loop
      vertex 31.4585 55.3459 0
      vertex 31.2743 55.3099 0.6
      vertex 31.4585 55.3459 0.6
    endloop
  endfacet
  facet normal -0.191811 0.981432 0
    outer loop
      vertex 31.2743 55.3099 0.6
      vertex 31.4585 55.3459 0
      vertex 31.2743 55.3099 0
    endloop
  endfacet
  facet normal -0.107963 0.994155 0
    outer loop
      vertex 31.2743 55.3099 0
      vertex 31.0754 55.2883 0.6
      vertex 31.2743 55.3099 0.6
    endloop
  endfacet
  facet normal -0.107963 0.994155 0
    outer loop
      vertex 31.0754 55.2883 0.6
      vertex 31.2743 55.3099 0
      vertex 31.0754 55.2883 0
    endloop
  endfacet
  facet normal -0.0337045 0.999432 0
    outer loop
      vertex 31.0754 55.2883 0
      vertex 30.8619 55.2811 0.6
      vertex 31.0754 55.2883 0.6
    endloop
  endfacet
  facet normal -0.0337045 0.999432 0
    outer loop
      vertex 30.8619 55.2811 0.6
      vertex 31.0754 55.2883 0
      vertex 30.8619 55.2811 0
    endloop
  endfacet
  facet normal 0.0357814 0.99936 -0
    outer loop
      vertex 30.8619 55.2811 0
      vertex 30.6636 55.2882 0.6
      vertex 30.8619 55.2811 0.6
    endloop
  endfacet
  facet normal 0.0357814 0.99936 0
    outer loop
      vertex 30.6636 55.2882 0.6
      vertex 30.8619 55.2811 0
      vertex 30.6636 55.2882 0
    endloop
  endfacet
  facet normal 0.1143 0.993446 -0
    outer loop
      vertex 30.6636 55.2882 0
      vertex 30.4776 55.3096 0.6
      vertex 30.6636 55.2882 0.6
    endloop
  endfacet
  facet normal 0.1143 0.993446 0
    outer loop
      vertex 30.4776 55.3096 0.6
      vertex 30.6636 55.2882 0
      vertex 30.4776 55.3096 0
    endloop
  endfacet
  facet normal 0.200667 0.97966 -0
    outer loop
      vertex 30.4776 55.3096 0
      vertex 30.3038 55.3452 0.6
      vertex 30.4776 55.3096 0.6
    endloop
  endfacet
  facet normal 0.200667 0.97966 0
    outer loop
      vertex 30.3038 55.3452 0.6
      vertex 30.4776 55.3096 0
      vertex 30.3038 55.3452 0
    endloop
  endfacet
  facet normal 0.295041 0.955484 -0
    outer loop
      vertex 30.3038 55.3452 0
      vertex 30.1422 55.3951 0.6
      vertex 30.3038 55.3452 0.6
    endloop
  endfacet
  facet normal 0.295041 0.955484 0
    outer loop
      vertex 30.1422 55.3951 0.6
      vertex 30.3038 55.3452 0
      vertex 30.1422 55.3951 0
    endloop
  endfacet
  facet normal 0.395256 0.918571 -0
    outer loop
      vertex 30.1422 55.3951 0
      vertex 29.993 55.4593 0.6
      vertex 30.1422 55.3951 0.6
    endloop
  endfacet
  facet normal 0.395256 0.918571 0
    outer loop
      vertex 29.993 55.4593 0.6
      vertex 30.1422 55.3951 0
      vertex 29.993 55.4593 0
    endloop
  endfacet
  facet normal 0.496412 0.868087 -0
    outer loop
      vertex 29.993 55.4593 0
      vertex 29.8559 55.5377 0.6
      vertex 29.993 55.4593 0.6
    endloop
  endfacet
  facet normal 0.496412 0.868087 0
    outer loop
      vertex 29.8559 55.5377 0.6
      vertex 29.993 55.4593 0
      vertex 29.8559 55.5377 0
    endloop
  endfacet
  facet normal 0.595874 0.803078 -0
    outer loop
      vertex 29.8559 55.5377 0
      vertex 29.7311 55.6303 0.6
      vertex 29.8559 55.5377 0.6
    endloop
  endfacet
  facet normal 0.595874 0.803078 0
    outer loop
      vertex 29.7311 55.6303 0.6
      vertex 29.8559 55.5377 0
      vertex 29.7311 55.6303 0
    endloop
  endfacet
  facet normal 0.689056 0.724708 -0
    outer loop
      vertex 29.7311 55.6303 0
      vertex 29.6193 55.7366 0.6
      vertex 29.7311 55.6303 0.6
    endloop
  endfacet
  facet normal 0.689056 0.724708 0
    outer loop
      vertex 29.6193 55.7366 0.6
      vertex 29.7311 55.6303 0
      vertex 29.6193 55.7366 0
    endloop
  endfacet
  facet normal 0.770976 0.636865 0
    outer loop
      vertex 29.6193 55.7366 0.6
      vertex 29.521 55.8556 0
      vertex 29.521 55.8556 0.6
    endloop
  endfacet
  facet normal 0.770976 0.636865 0
    outer loop
      vertex 29.521 55.8556 0
      vertex 29.6193 55.7366 0.6
      vertex 29.6193 55.7366 0
    endloop
  endfacet
  facet normal 0.842213 0.539144 0
    outer loop
      vertex 29.521 55.8556 0.6
      vertex 29.4365 55.9876 0
      vertex 29.4365 55.9876 0.6
    endloop
  endfacet
  facet normal 0.842213 0.539144 0
    outer loop
      vertex 29.4365 55.9876 0
      vertex 29.521 55.8556 0.6
      vertex 29.521 55.8556 0
    endloop
  endfacet
  facet normal 0.897873 0.440255 0
    outer loop
      vertex 29.4365 55.9876 0.6
      vertex 29.3655 56.1324 0
      vertex 29.3655 56.1324 0.6
    endloop
  endfacet
  facet normal 0.897873 0.440255 0
    outer loop
      vertex 29.3655 56.1324 0
      vertex 29.4365 55.9876 0.6
      vertex 29.4365 55.9876 0
    endloop
  endfacet
  facet normal 0.93988 0.341504 0
    outer loop
      vertex 29.3655 56.1324 0.6
      vertex 29.3082 56.2901 0
      vertex 29.3082 56.2901 0.6
    endloop
  endfacet
  facet normal 0.93988 0.341504 0
    outer loop
      vertex 29.3082 56.2901 0
      vertex 29.3655 56.1324 0.6
      vertex 29.3655 56.1324 0
    endloop
  endfacet
  facet normal 0.968723 0.248143 0
    outer loop
      vertex 29.3082 56.2901 0.6
      vertex 29.2645 56.4607 0
      vertex 29.2645 56.4607 0.6
    endloop
  endfacet
  facet normal 0.968723 0.248143 0
    outer loop
      vertex 29.2645 56.4607 0
      vertex 29.3082 56.2901 0.6
      vertex 29.3082 56.2901 0
    endloop
  endfacet
  facet normal 0.986798 0.161955 0
    outer loop
      vertex 29.2645 56.4607 0.6
      vertex 29.2344 56.6441 0
      vertex 29.2344 56.6441 0.6
    endloop
  endfacet
  facet normal 0.986798 0.161955 0
    outer loop
      vertex 29.2344 56.6441 0
      vertex 29.2645 56.4607 0.6
      vertex 29.2645 56.4607 0
    endloop
  endfacet
  facet normal 0.0565016 -0.998403 0
    outer loop
      vertex 29.2344 56.6441 0
      vertex 30.1939 56.6984 0.6
      vertex 29.2344 56.6441 0.6
    endloop
  endfacet
  facet normal 0.0565016 -0.998403 0
    outer loop
      vertex 30.1939 56.6984 0.6
      vertex 29.2344 56.6441 0
      vertex 30.1939 56.6984 0
    endloop
  endfacet
  facet normal -0.984947 -0.172855 0
    outer loop
      vertex 30.2098 56.6078 0
      vertex 30.1939 56.6984 0.6
      vertex 30.1939 56.6984 0
    endloop
  endfacet
  facet normal -0.984947 -0.172855 0
    outer loop
      vertex 30.1939 56.6984 0.6
      vertex 30.2098 56.6078 0
      vertex 30.2098 56.6078 0.6
    endloop
  endfacet
  facet normal -0.971423 -0.237356 0
    outer loop
      vertex 30.2303 56.5239 0
      vertex 30.2098 56.6078 0.6
      vertex 30.2098 56.6078 0
    endloop
  endfacet
  facet normal -0.971423 -0.237356 0
    outer loop
      vertex 30.2098 56.6078 0.6
      vertex 30.2303 56.5239 0
      vertex 30.2303 56.5239 0.6
    endloop
  endfacet
  facet normal -0.950635 -0.310311 0
    outer loop
      vertex 30.2555 56.4467 0
      vertex 30.2303 56.5239 0.6
      vertex 30.2303 56.5239 0
    endloop
  endfacet
  facet normal -0.950635 -0.310311 0
    outer loop
      vertex 30.2303 56.5239 0.6
      vertex 30.2555 56.4467 0
      vertex 30.2555 56.4467 0.6
    endloop
  endfacet
  facet normal -0.921093 -0.389342 0
    outer loop
      vertex 30.2853 56.3762 0
      vertex 30.2555 56.4467 0.6
      vertex 30.2555 56.4467 0
    endloop
  endfacet
  facet normal -0.921093 -0.389342 0
    outer loop
      vertex 30.2555 56.4467 0.6
      vertex 30.2853 56.3762 0
      vertex 30.2853 56.3762 0.6
    endloop
  endfacet
  facet normal -0.880205 -0.474593 0
    outer loop
      vertex 30.3197 56.3124 0
      vertex 30.2853 56.3762 0.6
      vertex 30.2853 56.3762 0
    endloop
  endfacet
  facet normal -0.880205 -0.474593 0
    outer loop
      vertex 30.2853 56.3762 0.6
      vertex 30.3197 56.3124 0
      vertex 30.3197 56.3124 0.6
    endloop
  endfacet
  facet normal -0.824632 -0.565669 0
    outer loop
      vertex 30.3588 56.2554 0
      vertex 30.3197 56.3124 0.6
      vertex 30.3197 56.3124 0
    endloop
  endfacet
  facet normal -0.824632 -0.565669 0
    outer loop
      vertex 30.3197 56.3124 0.6
      vertex 30.3588 56.2554 0
      vertex 30.3588 56.2554 0.6
    endloop
  endfacet
  facet normal -0.755541 -0.655102 0
    outer loop
      vertex 30.4025 56.205 0
      vertex 30.3588 56.2554 0.6
      vertex 30.3588 56.2554 0
    endloop
  endfacet
  facet normal -0.755541 -0.655102 0
    outer loop
      vertex 30.3588 56.2554 0.6
      vertex 30.4025 56.205 0
      vertex 30.4025 56.205 0.6
    endloop
  endfacet
  facet normal -0.6655 -0.746398 0
    outer loop
      vertex 30.4025 56.205 0
      vertex 30.4514 56.1614 0.6
      vertex 30.4025 56.205 0.6
    endloop
  endfacet
  facet normal -0.6655 -0.746398 -0
    outer loop
      vertex 30.4514 56.1614 0.6
      vertex 30.4025 56.205 0
      vertex 30.4514 56.1614 0
    endloop
  endfacet
  facet normal -0.557836 -0.829951 0
    outer loop
      vertex 30.4514 56.1614 0
      vertex 30.5063 56.1245 0.6
      vertex 30.4514 56.1614 0.6
    endloop
  endfacet
  facet normal -0.557836 -0.829951 -0
    outer loop
      vertex 30.5063 56.1245 0.6
      vertex 30.4514 56.1614 0
      vertex 30.5063 56.1245 0
    endloop
  endfacet
  facet normal -0.445443 -0.89531 0
    outer loop
      vertex 30.5063 56.1245 0
      vertex 30.567 56.0943 0.6
      vertex 30.5063 56.1245 0.6
    endloop
  endfacet
  facet normal -0.445443 -0.89531 -0
    outer loop
      vertex 30.567 56.0943 0.6
      vertex 30.5063 56.1245 0
      vertex 30.567 56.0943 0
    endloop
  endfacet
  facet normal -0.332746 -0.943016 0
    outer loop
      vertex 30.567 56.0943 0
      vertex 30.6336 56.0708 0.6
      vertex 30.567 56.0943 0.6
    endloop
  endfacet
  facet normal -0.332746 -0.943016 -0
    outer loop
      vertex 30.6336 56.0708 0.6
      vertex 30.567 56.0943 0
      vertex 30.6336 56.0708 0
    endloop
  endfacet
  facet normal -0.225743 -0.974187 0
    outer loop
      vertex 30.6336 56.0708 0
      vertex 30.7061 56.054 0.6
      vertex 30.6336 56.0708 0.6
    endloop
  endfacet
  facet normal -0.225743 -0.974187 -0
    outer loop
      vertex 30.7061 56.054 0.6
      vertex 30.6336 56.0708 0
      vertex 30.7061 56.054 0
    endloop
  endfacet
  facet normal -0.126685 -0.991943 0
    outer loop
      vertex 30.7061 56.054 0
      vertex 30.7844 56.044 0.6
      vertex 30.7061 56.054 0.6
    endloop
  endfacet
  facet normal -0.126685 -0.991943 -0
    outer loop
      vertex 30.7844 56.044 0.6
      vertex 30.7061 56.054 0
      vertex 30.7844 56.044 0
    endloop
  endfacet
  facet normal -0.0402994 -0.999188 0
    outer loop
      vertex 30.7844 56.044 0
      vertex 30.8687 56.0406 0.6
      vertex 30.7844 56.044 0.6
    endloop
  endfacet
  facet normal -0.0402994 -0.999188 -0
    outer loop
      vertex 30.8687 56.0406 0.6
      vertex 30.7844 56.044 0
      vertex 30.8687 56.0406 0
    endloop
  endfacet
  facet normal 0.0761008 -0.9971 0
    outer loop
      vertex 30.8687 56.0406 0
      vertex 31.0351 56.0533 0.6
      vertex 30.8687 56.0406 0.6
    endloop
  endfacet
  facet normal 0.0761008 -0.9971 0
    outer loop
      vertex 31.0351 56.0533 0.6
      vertex 30.8687 56.0406 0
      vertex 31.0351 56.0533 0
    endloop
  endfacet
  facet normal 0.261841 -0.965111 0
    outer loop
      vertex 31.0351 56.0533 0
      vertex 31.1759 56.0915 0.6
      vertex 31.0351 56.0533 0.6
    endloop
  endfacet
  facet normal 0.261841 -0.965111 0
    outer loop
      vertex 31.1759 56.0915 0.6
      vertex 31.0351 56.0533 0
      vertex 31.1759 56.0915 0
    endloop
  endfacet
  facet normal 0.4839 -0.875123 0
    outer loop
      vertex 31.1759 56.0915 0
      vertex 31.2911 56.1552 0.6
      vertex 31.1759 56.0915 0.6
    endloop
  endfacet
  facet normal 0.4839 -0.875123 0
    outer loop
      vertex 31.2911 56.1552 0.6
      vertex 31.1759 56.0915 0
      vertex 31.2911 56.1552 0
    endloop
  endfacet
  facet normal 0.705126 -0.709082 0
    outer loop
      vertex 31.2911 56.1552 0
      vertex 31.3807 56.2443 0.6
      vertex 31.2911 56.1552 0.6
    endloop
  endfacet
  facet normal 0.705126 -0.709082 0
    outer loop
      vertex 31.3807 56.2443 0.6
      vertex 31.2911 56.1552 0
      vertex 31.3807 56.2443 0
    endloop
  endfacet
  facet normal 0.873077 -0.487582 0
    outer loop
      vertex 31.3807 56.2443 0.6
      vertex 31.4447 56.3589 0
      vertex 31.4447 56.3589 0.6
    endloop
  endfacet
  facet normal 0.873077 -0.487582 0
    outer loop
      vertex 31.4447 56.3589 0
      vertex 31.3807 56.2443 0.6
      vertex 31.3807 56.2443 0
    endloop
  endfacet
  facet normal 0.964429 -0.26434 0
    outer loop
      vertex 31.4447 56.3589 0.6
      vertex 31.4831 56.499 0
      vertex 31.4831 56.499 0.6
    endloop
  endfacet
  facet normal 0.964429 -0.26434 0
    outer loop
      vertex 31.4831 56.499 0
      vertex 31.4447 56.3589 0.6
      vertex 31.4447 56.3589 0
    endloop
  endfacet
  facet normal 0.997023 -0.0771111 0
    outer loop
      vertex 31.4831 56.499 0.6
      vertex 31.4959 56.6645 0
      vertex 31.4959 56.6645 0.6
    endloop
  endfacet
  facet normal 0.997023 -0.0771111 0
    outer loop
      vertex 31.4959 56.6645 0
      vertex 31.4831 56.499 0.6
      vertex 31.4831 56.499 0
    endloop
  endfacet
  facet normal 0.998422 0.0561527 0
    outer loop
      vertex 31.4959 56.6645 0.6
      vertex 31.4918 56.7374 0
      vertex 31.4918 56.7374 0.6
    endloop
  endfacet
  facet normal 0.998422 0.0561527 0
    outer loop
      vertex 31.4918 56.7374 0
      vertex 31.4959 56.6645 0.6
      vertex 31.4959 56.6645 0
    endloop
  endfacet
  facet normal 0.986175 0.16571 0
    outer loop
      vertex 31.4918 56.7374 0.6
      vertex 31.4795 56.8106 0
      vertex 31.4795 56.8106 0.6
    endloop
  endfacet
  facet normal 0.986175 0.16571 0
    outer loop
      vertex 31.4795 56.8106 0
      vertex 31.4918 56.7374 0.6
      vertex 31.4918 56.7374 0
    endloop
  endfacet
  facet normal 0.963086 0.269194 0
    outer loop
      vertex 31.4795 56.8106 0.6
      vertex 31.4589 56.8843 0
      vertex 31.4589 56.8843 0.6
    endloop
  endfacet
  facet normal 0.963086 0.269194 0
    outer loop
      vertex 31.4589 56.8843 0
      vertex 31.4795 56.8106 0.6
      vertex 31.4795 56.8106 0
    endloop
  endfacet
  facet normal 0.93165 0.363356 0
    outer loop
      vertex 31.4589 56.8843 0.6
      vertex 31.43 56.9584 0
      vertex 31.43 56.9584 0.6
    endloop
  endfacet
  facet normal 0.93165 0.363356 0
    outer loop
      vertex 31.43 56.9584 0
      vertex 31.4589 56.8843 0.6
      vertex 31.4589 56.8843 0
    endloop
  endfacet
  facet normal 0.895864 0.444329 0
    outer loop
      vertex 31.43 56.9584 0.6
      vertex 31.393 57.033 0
      vertex 31.393 57.033 0.6
    endloop
  endfacet
  facet normal 0.895864 0.444329 0
    outer loop
      vertex 31.393 57.033 0
      vertex 31.43 56.9584 0.6
      vertex 31.43 56.9584 0
    endloop
  endfacet
  facet normal 0.855673 0.517517 0
    outer loop
      vertex 31.393 57.033 0.6
      vertex 31.3477 57.1079 0
      vertex 31.3477 57.1079 0.6
    endloop
  endfacet
  facet normal 0.855673 0.517517 0
    outer loop
      vertex 31.3477 57.1079 0
      vertex 31.393 57.033 0.6
      vertex 31.393 57.033 0
    endloop
  endfacet
  facet normal 0.815194 0.579188 0
    outer loop
      vertex 31.3477 57.1079 0.6
      vertex 31.2942 57.1832 0
      vertex 31.2942 57.1832 0.6
    endloop
  endfacet
  facet normal 0.815194 0.579188 0
    outer loop
      vertex 31.2942 57.1832 0
      vertex 31.3477 57.1079 0.6
      vertex 31.3477 57.1079 0
    endloop
  endfacet
  facet normal 0.776023 0.630704 0
    outer loop
      vertex 31.2942 57.1832 0.6
      vertex 31.2304 57.2617 0
      vertex 31.2304 57.2617 0.6
    endloop
  endfacet
  facet normal 0.776023 0.630704 0
    outer loop
      vertex 31.2304 57.2617 0
      vertex 31.2942 57.1832 0.6
      vertex 31.2942 57.1832 0
    endloop
  endfacet
  facet normal 0.742724 0.669597 0
    outer loop
      vertex 31.2304 57.2617 0.6
      vertex 31.1544 57.346 0
      vertex 31.1544 57.346 0.6
    endloop
  endfacet
  facet normal 0.742724 0.669597 0
    outer loop
      vertex 31.1544 57.346 0
      vertex 31.2304 57.2617 0.6
      vertex 31.2304 57.2617 0
    endloop
  endfacet
  facet normal 0.714601 0.699532 0
    outer loop
      vertex 31.1544 57.346 0.6
      vertex 31.0662 57.4361 0
      vertex 31.0662 57.4361 0.6
    endloop
  endfacet
  facet normal 0.714601 0.699532 0
    outer loop
      vertex 31.0662 57.4361 0
      vertex 31.1544 57.346 0.6
      vertex 31.1544 57.346 0
    endloop
  endfacet
  facet normal 0.689996 0.723813 -0
    outer loop
      vertex 31.0662 57.4361 0
      vertex 30.9656 57.532 0.6
      vertex 31.0662 57.4361 0.6
    endloop
  endfacet
  facet normal 0.689996 0.723813 0
    outer loop
      vertex 30.9656 57.532 0.6
      vertex 31.0662 57.4361 0
      vertex 30.9656 57.532 0
    endloop
  endfacet
  facet normal 0.669947 0.742409 -0
    outer loop
      vertex 30.9656 57.532 0
      vertex 30.8529 57.6337 0.6
      vertex 30.9656 57.532 0.6
    endloop
  endfacet
  facet normal 0.669947 0.742409 0
    outer loop
      vertex 30.8529 57.6337 0.6
      vertex 30.9656 57.532 0
      vertex 30.8529 57.6337 0
    endloop
  endfacet
  facet normal 0.652039 0.758185 -0
    outer loop
      vertex 30.8529 57.6337 0
      vertex 30.7279 57.7412 0.6
      vertex 30.8529 57.6337 0.6
    endloop
  endfacet
  facet normal 0.652039 0.758185 0
    outer loop
      vertex 30.7279 57.7412 0.6
      vertex 30.8529 57.6337 0
      vertex 30.7279 57.7412 0
    endloop
  endfacet
  facet normal 0.636809 0.771022 -0
    outer loop
      vertex 30.7279 57.7412 0
      vertex 30.5906 57.8546 0.6
      vertex 30.7279 57.7412 0.6
    endloop
  endfacet
  facet normal 0.636809 0.771022 0
    outer loop
      vertex 30.5906 57.8546 0.6
      vertex 30.7279 57.7412 0
      vertex 30.5906 57.8546 0
    endloop
  endfacet
  facet normal 0.637524 0.77043 -0
    outer loop
      vertex 30.5906 57.8546 0
      vertex 30.4451 57.975 0.6
      vertex 30.5906 57.8546 0.6
    endloop
  endfacet
  facet normal 0.637524 0.77043 0
    outer loop
      vertex 30.4451 57.975 0.6
      vertex 30.5906 57.8546 0
      vertex 30.4451 57.975 0
    endloop
  endfacet
  facet normal 0.652235 0.758017 -0
    outer loop
      vertex 30.4451 57.975 0
      vertex 30.3068 58.094 0.6
      vertex 30.4451 57.975 0.6
    endloop
  endfacet
  facet normal 0.652235 0.758017 0
    outer loop
      vertex 30.3068 58.094 0.6
      vertex 30.4451 57.975 0
      vertex 30.3068 58.094 0
    endloop
  endfacet
  facet normal 0.668023 0.744141 -0
    outer loop
      vertex 30.3068 58.094 0
      vertex 30.1758 58.2116 0.6
      vertex 30.3068 58.094 0.6
    endloop
  endfacet
  facet normal 0.668023 0.744141 0
    outer loop
      vertex 30.1758 58.2116 0.6
      vertex 30.3068 58.094 0
      vertex 30.1758 58.2116 0
    endloop
  endfacet
  facet normal 0.684685 0.728839 -0
    outer loop
      vertex 30.1758 58.2116 0
      vertex 30.052 58.3279 0.6
      vertex 30.1758 58.2116 0.6
    endloop
  endfacet
  facet normal 0.684685 0.728839 0
    outer loop
      vertex 30.052 58.3279 0.6
      vertex 30.1758 58.2116 0
      vertex 30.052 58.3279 0
    endloop
  endfacet
  facet normal 0.701891 0.712285 -0
    outer loop
      vertex 30.052 58.3279 0
      vertex 29.9355 58.4427 0.6
      vertex 30.052 58.3279 0.6
    endloop
  endfacet
  facet normal 0.701891 0.712285 0
    outer loop
      vertex 29.9355 58.4427 0.6
      vertex 30.052 58.3279 0
      vertex 29.9355 58.4427 0
    endloop
  endfacet
  facet normal 0.720626 0.693324 0
    outer loop
      vertex 29.9355 58.4427 0.6
      vertex 29.8263 58.5562 0
      vertex 29.8263 58.5562 0.6
    endloop
  endfacet
  facet normal 0.720626 0.693324 0
    outer loop
      vertex 29.8263 58.5562 0
      vertex 29.9355 58.4427 0.6
      vertex 29.9355 58.4427 0
    endloop
  endfacet
  facet normal 0.739641 0.673001 0
    outer loop
      vertex 29.8263 58.5562 0.6
      vertex 29.7243 58.6683 0
      vertex 29.7243 58.6683 0.6
    endloop
  endfacet
  facet normal 0.739641 0.673001 0
    outer loop
      vertex 29.7243 58.6683 0
      vertex 29.8263 58.5562 0.6
      vertex 29.8263 58.5562 0
    endloop
  endfacet
  facet normal 0.761704 0.647925 0
    outer loop
      vertex 29.7243 58.6683 0.6
      vertex 29.6292 58.7801 0
      vertex 29.6292 58.7801 0.6
    endloop
  endfacet
  facet normal 0.761704 0.647925 0
    outer loop
      vertex 29.6292 58.7801 0
      vertex 29.7243 58.6683 0.6
      vertex 29.7243 58.6683 0
    endloop
  endfacet
  facet normal 0.78581 0.618468 0
    outer loop
      vertex 29.6292 58.7801 0.6
      vertex 29.5405 58.8928 0
      vertex 29.5405 58.8928 0.6
    endloop
  endfacet
  facet normal 0.78581 0.618468 0
    outer loop
      vertex 29.5405 58.8928 0
      vertex 29.6292 58.7801 0.6
      vertex 29.6292 58.7801 0
    endloop
  endfacet
  facet normal 0.809907 0.586558 0
    outer loop
      vertex 29.5405 58.8928 0.6
      vertex 29.4583 59.0063 0
      vertex 29.4583 59.0063 0.6
    endloop
  endfacet
  facet normal 0.809907 0.586558 0
    outer loop
      vertex 29.4583 59.0063 0
      vertex 29.5405 58.8928 0.6
      vertex 29.5405 58.8928 0
    endloop
  endfacet
  facet normal 0.833394 0.552679 0
    outer loop
      vertex 29.4583 59.0063 0.6
      vertex 29.3825 59.1206 0
      vertex 29.3825 59.1206 0.6
    endloop
  endfacet
  facet normal 0.833394 0.552679 0
    outer loop
      vertex 29.3825 59.1206 0
      vertex 29.4583 59.0063 0.6
      vertex 29.4583 59.0063 0
    endloop
  endfacet
  facet normal 0.856375 0.516355 0
    outer loop
      vertex 29.3825 59.1206 0.6
      vertex 29.3131 59.2357 0
      vertex 29.3131 59.2357 0.6
    endloop
  endfacet
  facet normal 0.856375 0.516355 0
    outer loop
      vertex 29.3131 59.2357 0
      vertex 29.3825 59.1206 0.6
      vertex 29.3825 59.1206 0
    endloop
  endfacet
  facet normal 0.87908 0.476674 0
    outer loop
      vertex 29.3131 59.2357 0.6
      vertex 29.2502 59.3517 0
      vertex 29.2502 59.3517 0.6
    endloop
  endfacet
  facet normal 0.87908 0.476674 0
    outer loop
      vertex 29.2502 59.3517 0
      vertex 29.3131 59.2357 0.6
      vertex 29.3131 59.2357 0
    endloop
  endfacet
  facet normal 0.900208 0.43546 0
    outer loop
      vertex 29.2502 59.3517 0.6
      vertex 29.1937 59.4685 0
      vertex 29.1937 59.4685 0.6
    endloop
  endfacet
  facet normal 0.900208 0.43546 0
    outer loop
      vertex 29.1937 59.4685 0
      vertex 29.2502 59.3517 0.6
      vertex 29.2502 59.3517 0
    endloop
  endfacet
  facet normal 1 -0 0
    outer loop
      vertex 29.1937 59.4685 0.6
      vertex 29.1937 60.1297 0
      vertex 29.1937 60.1297 0.6
    endloop
  endfacet
  facet normal 1 0 0
    outer loop
      vertex 29.1937 60.1297 0
      vertex 29.1937 59.4685 0.6
      vertex 29.1937 59.4685 0
    endloop
  endfacet
  facet normal 0 -1 0
    outer loop
      vertex 29.1937 60.1297 0
      vertex 32.5369 60.1297 0.6
      vertex 29.1937 60.1297 0.6
    endloop
  endfacet
  facet normal 0 -1 -0
    outer loop
      vertex 32.5369 60.1297 0.6
      vertex 29.1937 60.1297 0
      vertex 32.5369 60.1297 0
    endloop
  endfacet
  facet normal -1 0 0
    outer loop
      vertex 32.5369 59.3464 0
      vertex 32.5369 60.1297 0.6
      vertex 32.5369 60.1297 0
    endloop
  endfacet
  facet normal -1 -0 0
    outer loop
      vertex 32.5369 60.1297 0.6
      vertex 32.5369 59.3464 0
      vertex 32.5369 59.3464 0.6
    endloop
  endfacet
  facet normal -0.106215 -0.994343 0
    outer loop
      vertex 34.8652 60.2002 0
      vertex 35.0749 60.1778 0.6
      vertex 34.8652 60.2002 0.6
    endloop
  endfacet
  facet normal -0.106215 -0.994343 -0
    outer loop
      vertex 35.0749 60.1778 0.6
      vertex 34.8652 60.2002 0
      vertex 35.0749 60.1778 0
    endloop
  endfacet
  facet normal -0.188922 -0.981992 0
    outer loop
      vertex 35.0749 60.1778 0
      vertex 35.2693 60.1404 0.6
      vertex 35.0749 60.1778 0.6
    endloop
  endfacet
  facet normal -0.188922 -0.981992 -0
    outer loop
      vertex 35.2693 60.1404 0.6
      vertex 35.0749 60.1778 0
      vertex 35.2693 60.1404 0
    endloop
  endfacet
  facet normal -0.280165 -0.959952 0
    outer loop
      vertex 35.2693 60.1404 0
      vertex 35.4485 60.0881 0.6
      vertex 35.2693 60.1404 0.6
    endloop
  endfacet
  facet normal -0.280165 -0.959952 -0
    outer loop
      vertex 35.4485 60.0881 0.6
      vertex 35.2693 60.1404 0
      vertex 35.4485 60.0881 0
    endloop
  endfacet
  facet normal -0.379643 -0.925133 0
    outer loop
      vertex 35.4485 60.0881 0
      vertex 35.6125 60.0208 0.6
      vertex 35.4485 60.0881 0.6
    endloop
  endfacet
  facet normal -0.379643 -0.925133 -0
    outer loop
      vertex 35.6125 60.0208 0.6
      vertex 35.4485 60.0881 0
      vertex 35.6125 60.0208 0
    endloop
  endfacet
  facet normal -0.483544 -0.87532 0
    outer loop
      vertex 35.6125 60.0208 0
      vertex 35.7613 59.9386 0.6
      vertex 35.6125 60.0208 0.6
    endloop
  endfacet
  facet normal -0.483544 -0.87532 -0
    outer loop
      vertex 35.7613 59.9386 0.6
      vertex 35.6125 60.0208 0
      vertex 35.7613 59.9386 0
    endloop
  endfacet
  facet normal -0.588208 -0.80871 0
    outer loop
      vertex 35.7613 59.9386 0
      vertex 35.8948 59.8415 0.6
      vertex 35.7613 59.9386 0.6
    endloop
  endfacet
  facet normal -0.588208 -0.80871 -0
    outer loop
      vertex 35.8948 59.8415 0.6
      vertex 35.7613 59.9386 0
      vertex 35.8948 59.8415 0
    endloop
  endfacet
  facet normal -0.687934 -0.725773 0
    outer loop
      vertex 35.8948 59.8415 0
      vertex 36.0118 59.7306 0.6
      vertex 35.8948 59.8415 0.6
    endloop
  endfacet
  facet normal -0.687934 -0.725773 -0
    outer loop
      vertex 36.0118 59.7306 0.6
      vertex 35.8948 59.8415 0
      vertex 36.0118 59.7306 0
    endloop
  endfacet
  facet normal -0.780066 -0.625698 0
    outer loop
      vertex 36.1107 59.6073 0
      vertex 36.0118 59.7306 0.6
      vertex 36.0118 59.7306 0
    endloop
  endfacet
  facet normal -0.780066 -0.625698 0
    outer loop
      vertex 36.0118 59.7306 0.6
      vertex 36.1107 59.6073 0
      vertex 36.1107 59.6073 0.6
    endloop
  endfacet
  facet normal -0.858829 -0.512262 0
    outer loop
      vertex 36.1917 59.4715 0
      vertex 36.1107 59.6073 0.6
      vertex 36.1107 59.6073 0
    endloop
  endfacet
  facet normal -0.858829 -0.512262 0
    outer loop
      vertex 36.1107 59.6073 0.6
      vertex 36.1917 59.4715 0
      vertex 36.1917 59.4715 0.6
    endloop
  endfacet
  facet normal -0.920521 -0.390693 0
    outer loop
      vertex 36.2546 59.3233 0
      vertex 36.1917 59.4715 0.6
      vertex 36.1917 59.4715 0
    endloop
  endfacet
  facet normal -0.920521 -0.390693 0
    outer loop
      vertex 36.1917 59.4715 0.6
      vertex 36.2546 59.3233 0
      vertex 36.2546 59.3233 0.6
    endloop
  endfacet
  facet normal -0.962914 -0.269808 0
    outer loop
      vertex 36.2996 59.1627 0
      vertex 36.2546 59.3233 0.6
      vertex 36.2546 59.3233 0
    endloop
  endfacet
  facet normal -0.962914 -0.269808 0
    outer loop
      vertex 36.2546 59.3233 0.6
      vertex 36.2996 59.1627 0
      vertex 36.2996 59.1627 0.6
    endloop
  endfacet
  facet normal -0.988066 -0.154029 0
    outer loop
      vertex 36.3266 58.9895 0
      vertex 36.2996 59.1627 0.6
      vertex 36.2996 59.1627 0
    endloop
  endfacet
  facet normal -0.988066 -0.154029 0
    outer loop
      vertex 36.2996 59.1627 0.6
      vertex 36.3266 58.9895 0
      vertex 36.3266 58.9895 0.6
    endloop
  endfacet
  facet normal -0.998826 -0.0484345 0
    outer loop
      vertex 36.3356 58.8039 0
      vertex 36.3266 58.9895 0.6
      vertex 36.3266 58.9895 0
    endloop
  endfacet
  facet normal -0.998826 -0.0484345 0
    outer loop
      vertex 36.3266 58.9895 0.6
      vertex 36.3356 58.8039 0
      vertex 36.3356 58.8039 0.6
    endloop
  endfacet
  facet normal -0.99891 0.046678 0
    outer loop
      vertex 36.3296 58.6755 0
      vertex 36.3356 58.8039 0.6
      vertex 36.3356 58.8039 0
    endloop
  endfacet
  facet normal -0.99891 0.046678 0
    outer loop
      vertex 36.3356 58.8039 0.6
      vertex 36.3296 58.6755 0
      vertex 36.3296 58.6755 0.6
    endloop
  endfacet
  facet normal -0.988984 0.148022 0
    outer loop
      vertex 36.3114 58.5539 0
      vertex 36.3296 58.6755 0.6
      vertex 36.3296 58.6755 0
    endloop
  endfacet
  facet normal -0.988984 0.148022 0
    outer loop
      vertex 36.3296 58.6755 0.6
      vertex 36.3114 58.5539 0
      vertex 36.3114 58.5539 0.6
    endloop
  endfacet
  facet normal -0.966998 0.254783 0
    outer loop
      vertex 36.2811 58.4389 0
      vertex 36.3114 58.5539 0.6
      vertex 36.3114 58.5539 0
    endloop
  endfacet
  facet normal -0.966998 0.254783 0
    outer loop
      vertex 36.3114 58.5539 0.6
      vertex 36.2811 58.4389 0
      vertex 36.2811 58.4389 0.6
    endloop
  endfacet
  facet normal -0.931065 0.364854 0
    outer loop
      vertex 36.2387 58.3307 0
      vertex 36.2811 58.4389 0.6
      vertex 36.2811 58.4389 0
    endloop
  endfacet
  facet normal -0.931065 0.364854 0
    outer loop
      vertex 36.2811 58.4389 0.6
      vertex 36.2387 58.3307 0
      vertex 36.2387 58.3307 0.6
    endloop
  endfacet
  facet normal -0.881222 0.472703 0
    outer loop
      vertex 36.1842 58.2291 0
      vertex 36.2387 58.3307 0.6
      vertex 36.2387 58.3307 0
    endloop
  endfacet
  facet normal -0.881222 0.472703 0
    outer loop
      vertex 36.2387 58.3307 0.6
      vertex 36.1842 58.2291 0
      vertex 36.1842 58.2291 0.6
    endloop
  endfacet
  facet normal -0.818258 0.574852 0
    outer loop
      vertex 36.1176 58.1343 0
      vertex 36.1842 58.2291 0.6
      vertex 36.1842 58.2291 0
    endloop
  endfacet
  facet normal -0.818258 0.574852 0
    outer loop
      vertex 36.1842 58.2291 0.6
      vertex 36.1176 58.1343 0
      vertex 36.1176 58.1343 0.6
    endloop
  endfacet
  facet normal -0.745772 0.666201 0
    outer loop
      vertex 36.0389 58.0462 0
      vertex 36.1176 58.1343 0.6
      vertex 36.1176 58.1343 0
    endloop
  endfacet
  facet normal -0.745772 0.666201 0
    outer loop
      vertex 36.1176 58.1343 0.6
      vertex 36.0389 58.0462 0
      vertex 36.0389 58.0462 0.6
    endloop
  endfacet
  facet normal -0.664776 0.747042 0
    outer loop
      vertex 36.0389 58.0462 0
      vertex 35.949 57.9662 0.6
      vertex 36.0389 58.0462 0.6
    endloop
  endfacet
  facet normal -0.664776 0.747042 0
    outer loop
      vertex 35.949 57.9662 0.6
      vertex 36.0389 58.0462 0
      vertex 35.949 57.9662 0
    endloop
  endfacet
  facet normal -0.575978 0.817465 0
    outer loop
      vertex 35.949 57.9662 0
      vertex 35.8488 57.8956 0.6
      vertex 35.949 57.9662 0.6
    endloop
  endfacet
  facet normal -0.575978 0.817465 0
    outer loop
      vertex 35.8488 57.8956 0.6
      vertex 35.949 57.9662 0
      vertex 35.8488 57.8956 0
    endloop
  endfacet
  facet normal -0.483558 0.875312 0
    outer loop
      vertex 35.8488 57.8956 0
      vertex 35.7382 57.8345 0.6
      vertex 35.8488 57.8956 0.6
    endloop
  endfacet
  facet normal -0.483558 0.875312 0
    outer loop
      vertex 35.7382 57.8345 0.6
      vertex 35.8488 57.8956 0
      vertex 35.7382 57.8345 0
    endloop
  endfacet
  facet normal -0.392816 0.919617 0
    outer loop
      vertex 35.7382 57.8345 0
      vertex 35.6174 57.7829 0.6
      vertex 35.7382 57.8345 0.6
    endloop
  endfacet
  facet normal -0.392816 0.919617 0
    outer loop
      vertex 35.6174 57.7829 0.6
      vertex 35.7382 57.8345 0
      vertex 35.6174 57.7829 0
    endloop
  endfacet
  facet normal -0.305539 0.952179 0
    outer loop
      vertex 35.6174 57.7829 0
      vertex 35.4862 57.7408 0.6
      vertex 35.6174 57.7829 0.6
    endloop
  endfacet
  facet normal -0.305539 0.952179 0
    outer loop
      vertex 35.4862 57.7408 0.6
      vertex 35.6174 57.7829 0
      vertex 35.4862 57.7408 0
    endloop
  endfacet
  facet normal -0.224658 0.974438 0
    outer loop
      vertex 35.4862 57.7408 0
      vertex 35.3448 57.7082 0.6
      vertex 35.4862 57.7408 0.6
    endloop
  endfacet
  facet normal -0.224658 0.974438 0
    outer loop
      vertex 35.3448 57.7082 0.6
      vertex 35.4862 57.7408 0
      vertex 35.3448 57.7082 0
    endloop
  endfacet
  facet normal -0.151078 0.988522 0
    outer loop
      vertex 35.3448 57.7082 0
      vertex 35.193 57.685 0.6
      vertex 35.3448 57.7082 0.6
    endloop
  endfacet
  facet normal -0.151078 0.988522 0
    outer loop
      vertex 35.193 57.685 0.6
      vertex 35.3448 57.7082 0
      vertex 35.193 57.685 0
    endloop
  endfacet
  facet normal -1 0 0
    outer loop
      vertex 35.193 57.6715 0
      vertex 35.193 57.685 0.6
      vertex 35.193 57.685 0
    endloop
  endfacet
  facet normal -1 -0 0
    outer loop
      vertex 35.193 57.685 0.6
      vertex 35.193 57.6715 0
      vertex 35.193 57.6715 0.6
    endloop
  endfacet
  facet normal -0.221837 -0.975084 0
    outer loop
      vertex 35.193 57.6715 0
      vertex 35.3297 57.6404 0.6
      vertex 35.193 57.6715 0.6
    endloop
  endfacet
  facet normal -0.221837 -0.975084 -0
    outer loop
      vertex 35.3297 57.6404 0.6
      vertex 35.193 57.6715 0
      vertex 35.3297 57.6404 0
    endloop
  endfacet
  facet normal -0.292448 -0.956282 0
    outer loop
      vertex 35.3297 57.6404 0
      vertex 35.4569 57.6015 0.6
      vertex 35.3297 57.6404 0.6
    endloop
  endfacet
  facet normal -0.292448 -0.956282 -0
    outer loop
      vertex 35.4569 57.6015 0.6
      vertex 35.3297 57.6404 0
      vertex 35.4569 57.6015 0
    endloop
  endfacet
  facet normal -0.370166 -0.928966 0
    outer loop
      vertex 35.4569 57.6015 0
      vertex 35.5746 57.5546 0.6
      vertex 35.4569 57.6015 0.6
    endloop
  endfacet
  facet normal -0.370166 -0.928966 -0
    outer loop
      vertex 35.5746 57.5546 0.6
      vertex 35.4569 57.6015 0
      vertex 35.5746 57.5546 0
    endloop
  endfacet
  facet normal -0.450836 -0.892607 0
    outer loop
      vertex 35.5746 57.5546 0
      vertex 35.6829 57.4999 0.6
      vertex 35.5746 57.5546 0.6
    endloop
  endfacet
  facet normal -0.450836 -0.892607 -0
    outer loop
      vertex 35.6829 57.4999 0.6
      vertex 35.5746 57.5546 0
      vertex 35.6829 57.4999 0
    endloop
  endfacet
  facet normal -0.535215 -0.844716 0
    outer loop
      vertex 35.6829 57.4999 0
      vertex 35.7817 57.4373 0.6
      vertex 35.6829 57.4999 0.6
    endloop
  endfacet
  facet normal -0.535215 -0.844716 -0
    outer loop
      vertex 35.7817 57.4373 0.6
      vertex 35.6829 57.4999 0
      vertex 35.7817 57.4373 0
    endloop
  endfacet
  facet normal -0.620613 -0.784117 0
    outer loop
      vertex 35.7817 57.4373 0
      vertex 35.8709 57.3667 0.6
      vertex 35.7817 57.4373 0.6
    endloop
  endfacet
  facet normal -0.620613 -0.784117 -0
    outer loop
      vertex 35.8709 57.3667 0.6
      vertex 35.7817 57.4373 0
      vertex 35.8709 57.3667 0
    endloop
  endfacet
  facet normal -0.700375 -0.713775 0
    outer loop
      vertex 35.8709 57.3667 0
      vertex 35.9508 57.2883 0.6
      vertex 35.8709 57.3667 0.6
    endloop
  endfacet
  facet normal -0.700375 -0.713775 -0
    outer loop
      vertex 35.9508 57.2883 0.6
      vertex 35.8709 57.3667 0
      vertex 35.9508 57.2883 0
    endloop
  endfacet
  facet normal -0.775087 -0.631855 0
    outer loop
      vertex 36.0205 57.2028 0
      vertex 35.9508 57.2883 0.6
      vertex 35.9508 57.2883 0
    endloop
  endfacet
  facet normal -0.775087 -0.631855 0
    outer loop
      vertex 35.9508 57.2883 0.6
      vertex 36.0205 57.2028 0
      vertex 36.0205 57.2028 0.6
    endloop
  endfacet
  facet normal -0.842039 -0.539417 0
    outer loop
      vertex 36.0795 57.1107 0
      vertex 36.0205 57.2028 0.6
      vertex 36.0205 57.2028 0
    endloop
  endfacet
  facet normal -0.842039 -0.539417 0
    outer loop
      vertex 36.0205 57.2028 0.6
      vertex 36.0795 57.1107 0
      vertex 36.0795 57.1107 0.6
    endloop
  endfacet
  facet normal -0.8984 -0.439177 0
    outer loop
      vertex 36.1277 57.0121 0
      vertex 36.0795 57.1107 0.6
      vertex 36.0795 57.1107 0
    endloop
  endfacet
  facet normal -0.8984 -0.439177 0
    outer loop
      vertex 36.0795 57.1107 0.6
      vertex 36.1277 57.0121 0
      vertex 36.1277 57.0121 0.6
    endloop
  endfacet
  facet normal -0.941661 -0.336563 0
    outer loop
      vertex 36.1653 56.9069 0
      vertex 36.1277 57.0121 0.6
      vertex 36.1277 57.0121 0
    endloop
  endfacet
  facet normal -0.941661 -0.336563 0
    outer loop
      vertex 36.1277 57.0121 0.6
      vertex 36.1653 56.9069 0
      vertex 36.1653 56.9069 0.6
    endloop
  endfacet
  facet normal -0.972356 -0.233505 0
    outer loop
      vertex 36.1921 56.7953 0
      vertex 36.1653 56.9069 0.6
      vertex 36.1653 56.9069 0
    endloop
  endfacet
  facet normal -0.972356 -0.233505 0
    outer loop
      vertex 36.1653 56.9069 0.6
      vertex 36.1921 56.7953 0
      vertex 36.1921 56.7953 0.6
    endloop
  endfacet
  facet normal -0.990835 -0.135076 0
    outer loop
      vertex 36.2082 56.6772 0
      vertex 36.1921 56.7953 0.6
      vertex 36.1921 56.7953 0
    endloop
  endfacet
  facet normal -0.990835 -0.135076 0
    outer loop
      vertex 36.1921 56.7953 0.6
      vertex 36.2082 56.6772 0
      vertex 36.2082 56.6772 0.6
    endloop
  endfacet
  facet normal -0.999062 -0.043298 0
    outer loop
      vertex 36.2136 56.5526 0
      vertex 36.2082 56.6772 0.6
      vertex 36.2082 56.6772 0
    endloop
  endfacet
  facet normal -0.999062 -0.043298 0
    outer loop
      vertex 36.2082 56.6772 0.6
      vertex 36.2136 56.5526 0
      vertex 36.2136 56.5526 0.6
    endloop
  endfacet
  facet normal -0.998616 0.0525906 0
    outer loop
      vertex 36.2049 56.3874 0
      vertex 36.2136 56.5526 0.6
      vertex 36.2136 56.5526 0
    endloop
  endfacet
  facet normal -0.998616 0.0525906 0
    outer loop
      vertex 36.2136 56.5526 0.6
      vertex 36.2049 56.3874 0
      vertex 36.2049 56.3874 0.6
    endloop
  endfacet
  facet normal -0.986359 0.164606 0
    outer loop
      vertex 36.1791 56.2328 0
      vertex 36.2049 56.3874 0.6
      vertex 36.2049 56.3874 0
    endloop
  endfacet
  facet normal -0.986359 0.164606 0
    outer loop
      vertex 36.2049 56.3874 0.6
      vertex 36.1791 56.2328 0
      vertex 36.1791 56.2328 0.6
    endloop
  endfacet
  facet normal -0.958064 0.286555 0
    outer loop
      vertex 36.136 56.0887 0
      vertex 36.1791 56.2328 0.6
      vertex 36.1791 56.2328 0
    endloop
  endfacet
  facet normal -0.958064 0.286555 0
    outer loop
      vertex 36.1791 56.2328 0.6
      vertex 36.136 56.0887 0
      vertex 36.136 56.0887 0.6
    endloop
  endfacet
  facet normal -0.91123 0.411898 0
    outer loop
      vertex 36.0757 55.9553 0
      vertex 36.136 56.0887 0.6
      vertex 36.136 56.0887 0
    endloop
  endfacet
  facet normal -0.91123 0.411898 0
    outer loop
      vertex 36.136 56.0887 0.6
      vertex 36.0757 55.9553 0
      vertex 36.0757 55.9553 0.6
    endloop
  endfacet
  facet normal -0.845865 0.533397 0
    outer loop
      vertex 35.9982 55.8324 0
      vertex 36.0757 55.9553 0.6
      vertex 36.0757 55.9553 0
    endloop
  endfacet
  facet normal -0.845865 0.533397 0
    outer loop
      vertex 36.0757 55.9553 0.6
      vertex 35.9982 55.8324 0
      vertex 35.9982 55.8324 0.6
    endloop
  endfacet
  facet normal -0.763851 0.645393 0
    outer loop
      vertex 35.9034 55.7202 0
      vertex 35.9982 55.8324 0.6
      vertex 35.9982 55.8324 0
    endloop
  endfacet
  facet normal -0.763851 0.645393 0
    outer loop
      vertex 35.9982 55.8324 0.6
      vertex 35.9034 55.7202 0
      vertex 35.9034 55.7202 0.6
    endloop
  endfacet
  facet normal -0.672245 0.740329 0
    outer loop
      vertex 35.9034 55.7202 0
      vertex 35.7914 55.6185 0.6
      vertex 35.9034 55.7202 0.6
    endloop
  endfacet
  facet normal -0.672245 0.740329 0
    outer loop
      vertex 35.7914 55.6185 0.6
      vertex 35.9034 55.7202 0
      vertex 35.7914 55.6185 0
    endloop
  endfacet
  facet normal -0.575143 0.818053 0
    outer loop
      vertex 35.7914 55.6185 0
      vertex 35.6641 55.529 0.6
      vertex 35.7914 55.6185 0.6
    endloop
  endfacet
  facet normal -0.575143 0.818053 0
    outer loop
      vertex 35.6641 55.529 0.6
      vertex 35.7914 55.6185 0
      vertex 35.6641 55.529 0
    endloop
  endfacet
  facet normal -0.474548 0.88023 0
    outer loop
      vertex 35.6641 55.529 0
      vertex 35.5235 55.4532 0.6
      vertex 35.6641 55.529 0.6
    endloop
  endfacet
  facet normal -0.474548 0.88023 0
    outer loop
      vertex 35.5235 55.4532 0.6
      vertex 35.6641 55.529 0
      vertex 35.5235 55.4532 0
    endloop
  endfacet
  facet normal -0.372948 0.927852 0
    outer loop
      vertex 35.5235 55.4532 0
      vertex 35.3695 55.3913 0.6
      vertex 35.5235 55.4532 0.6
    endloop
  endfacet
  facet normal -0.372948 0.927852 0
    outer loop
      vertex 35.3695 55.3913 0.6
      vertex 35.5235 55.4532 0
      vertex 35.3695 55.3913 0
    endloop
  endfacet
  facet normal -0.276692 0.960959 0
    outer loop
      vertex 35.3695 55.3913 0
      vertex 35.2021 55.3431 0.6
      vertex 35.3695 55.3913 0.6
    endloop
  endfacet
  facet normal -0.276692 0.960959 0
    outer loop
      vertex 35.2021 55.3431 0.6
      vertex 35.3695 55.3913 0
      vertex 35.2021 55.3431 0
    endloop
  endfacet
  facet normal -0.187537 0.982258 0
    outer loop
      vertex 35.2021 55.3431 0
      vertex 35.0214 55.3086 0.6
      vertex 35.2021 55.3431 0.6
    endloop
  endfacet
  facet normal -0.187537 0.982258 0
    outer loop
      vertex 35.0214 55.3086 0.6
      vertex 35.2021 55.3431 0
      vertex 35.0214 55.3086 0
    endloop
  endfacet
  facet normal -0.105592 0.99441 0
    outer loop
      vertex 35.0214 55.3086 0
      vertex 34.8274 55.288 0.6
      vertex 35.0214 55.3086 0.6
    endloop
  endfacet
  facet normal -0.105592 0.99441 0
    outer loop
      vertex 34.8274 55.288 0.6
      vertex 35.0214 55.3086 0
      vertex 34.8274 55.288 0
    endloop
  endfacet
  facet normal -0.0332506 0.999447 0
    outer loop
      vertex 34.8274 55.288 0
      vertex 34.62 55.2811 0.6
      vertex 34.8274 55.288 0.6
    endloop
  endfacet
  facet normal -0.0332506 0.999447 0
    outer loop
      vertex 34.62 55.2811 0.6
      vertex 34.8274 55.288 0
      vertex 34.62 55.2811 0
    endloop
  endfacet
  facet normal 0.0361823 0.999345 -0
    outer loop
      vertex 34.62 55.2811 0
      vertex 34.4239 55.2882 0.6
      vertex 34.62 55.2811 0.6
    endloop
  endfacet
  facet normal 0.0361823 0.999345 0
    outer loop
      vertex 34.4239 55.2882 0.6
      vertex 34.62 55.2811 0
      vertex 34.4239 55.2882 0
    endloop
  endfacet
  facet normal 0.114848 0.993383 -0
    outer loop
      vertex 34.4239 55.2882 0
      vertex 34.2388 55.3096 0.6
      vertex 34.4239 55.2882 0.6
    endloop
  endfacet
  facet normal 0.114848 0.993383 0
    outer loop
      vertex 34.2388 55.3096 0.6
      vertex 34.4239 55.2882 0
      vertex 34.2388 55.3096 0
    endloop
  endfacet
  facet normal 0.200224 0.97975 -0
    outer loop
      vertex 34.2388 55.3096 0
      vertex 34.0646 55.3452 0.6
      vertex 34.2388 55.3096 0.6
    endloop
  endfacet
  facet normal 0.200224 0.97975 0
    outer loop
      vertex 34.0646 55.3452 0.6
      vertex 34.2388 55.3096 0
      vertex 34.0646 55.3452 0
    endloop
  endfacet
  facet normal 0.292397 0.956297 -0
    outer loop
      vertex 34.0646 55.3452 0
      vertex 33.9014 55.3951 0.6
      vertex 34.0646 55.3452 0.6
    endloop
  endfacet
  facet normal 0.292397 0.956297 0
    outer loop
      vertex 33.9014 55.3951 0.6
      vertex 34.0646 55.3452 0
      vertex 33.9014 55.3951 0
    endloop
  endfacet
  facet normal 0.388436 0.921476 -0
    outer loop
      vertex 33.9014 55.3951 0
      vertex 33.7491 55.4593 0.6
      vertex 33.9014 55.3951 0.6
    endloop
  endfacet
  facet normal 0.388436 0.921476 0
    outer loop
      vertex 33.7491 55.4593 0.6
      vertex 33.9014 55.3951 0
      vertex 33.7491 55.4593 0
    endloop
  endfacet
  facet normal 0.484908 0.874565 -0
    outer loop
      vertex 33.7491 55.4593 0
      vertex 33.6077 55.5377 0.6
      vertex 33.7491 55.4593 0.6
    endloop
  endfacet
  facet normal 0.484908 0.874565 0
    outer loop
      vertex 33.6077 55.5377 0.6
      vertex 33.7491 55.4593 0
      vertex 33.6077 55.5377 0
    endloop
  endfacet
  facet normal 0.578988 0.815336 -0
    outer loop
      vertex 33.6077 55.5377 0
      vertex 33.4773 55.6303 0.6
      vertex 33.6077 55.5377 0.6
    endloop
  endfacet
  facet normal 0.578988 0.815336 0
    outer loop
      vertex 33.4773 55.6303 0.6
      vertex 33.6077 55.5377 0
      vertex 33.4773 55.6303 0
    endloop
  endfacet
  facet normal 0.667073 0.744993 -0
    outer loop
      vertex 33.4773 55.6303 0
      vertex 33.3597 55.7356 0.6
      vertex 33.4773 55.6303 0.6
    endloop
  endfacet
  facet normal 0.667073 0.744993 0
    outer loop
      vertex 33.3597 55.7356 0.6
      vertex 33.4773 55.6303 0
      vertex 33.3597 55.7356 0
    endloop
  endfacet
  facet normal 0.749292 0.66224 0
    outer loop
      vertex 33.3597 55.7356 0.6
      vertex 33.257 55.8518 0
      vertex 33.257 55.8518 0.6
    endloop
  endfacet
  facet normal 0.749292 0.66224 0
    outer loop
      vertex 33.257 55.8518 0
      vertex 33.3597 55.7356 0.6
      vertex 33.3597 55.7356 0
    endloop
  endfacet
  facet normal 0.822472 0.568806 0
    outer loop
      vertex 33.257 55.8518 0.6
      vertex 33.1691 55.9789 0
      vertex 33.1691 55.9789 0.6
    endloop
  endfacet
  facet normal 0.822472 0.568806 0
    outer loop
      vertex 33.1691 55.9789 0
      vertex 33.257 55.8518 0.6
      vertex 33.257 55.8518 0
    endloop
  endfacet
  facet normal 0.883414 0.468593 0
    outer loop
      vertex 33.1691 55.9789 0.6
      vertex 33.0959 56.1169 0
      vertex 33.0959 56.1169 0.6
    endloop
  endfacet
  facet normal 0.883414 0.468593 0
    outer loop
      vertex 33.0959 56.1169 0
      vertex 33.1691 55.9789 0.6
      vertex 33.1691 55.9789 0
    endloop
  endfacet
  facet normal 0.931252 0.364376 0
    outer loop
      vertex 33.0959 56.1169 0.6
      vertex 33.0376 56.2659 0
      vertex 33.0376 56.2659 0.6
    endloop
  endfacet
  facet normal 0.931252 0.364376 0
    outer loop
      vertex 33.0376 56.2659 0
      vertex 33.0959 56.1169 0.6
      vertex 33.0959 56.1169 0
    endloop
  endfacet
  facet normal 0.964931 0.262505 0
    outer loop
      vertex 33.0376 56.2659 0.6
      vertex 32.9941 56.4258 0
      vertex 32.9941 56.4258 0.6
    endloop
  endfacet
  facet normal 0.964931 0.262505 0
    outer loop
      vertex 32.9941 56.4258 0
      vertex 33.0376 56.2659 0.6
      vertex 33.0376 56.2659 0
    endloop
  endfacet
  facet normal 0.986175 0.16571 0
    outer loop
      vertex 32.9941 56.4258 0.6
      vertex 32.9654 56.5966 0
      vertex 32.9654 56.5966 0.6
    endloop
  endfacet
  facet normal 0.986175 0.16571 0
    outer loop
      vertex 32.9654 56.5966 0
      vertex 32.9941 56.4258 0.6
      vertex 32.9941 56.4258 0
    endloop
  endfacet
  facet normal 0.0710908 -0.99747 0
    outer loop
      vertex 32.9654 56.5966 0
      vertex 33.9181 56.6645 0.6
      vertex 32.9654 56.5966 0.6
    endloop
  endfacet
  facet normal 0.0710908 -0.99747 0
    outer loop
      vertex 33.9181 56.6645 0.6
      vertex 32.9654 56.5966 0
      vertex 33.9181 56.6645 0
    endloop
  endfacet
  facet normal -0.991385 -0.130983 0
    outer loop
      vertex 33.929 56.582 0
      vertex 33.9181 56.6645 0.6
      vertex 33.9181 56.6645 0
    endloop
  endfacet
  facet normal -0.991385 -0.130983 0
    outer loop
      vertex 33.9181 56.6645 0.6
      vertex 33.929 56.582 0
      vertex 33.929 56.582 0.6
    endloop
  endfacet
  facet normal -0.975948 -0.218004 0
    outer loop
      vertex 33.9462 56.505 0
      vertex 33.929 56.582 0.6
      vertex 33.929 56.582 0
    endloop
  endfacet
  facet normal -0.975948 -0.218004 0
    outer loop
      vertex 33.929 56.582 0.6
      vertex 33.9462 56.505 0
      vertex 33.9462 56.505 0.6
    endloop
  endfacet
  facet normal -0.949874 -0.312634 0
    outer loop
      vertex 33.9697 56.4336 0
      vertex 33.9462 56.505 0.6
      vertex 33.9462 56.505 0
    endloop
  endfacet
  facet normal -0.949874 -0.312634 0
    outer loop
      vertex 33.9462 56.505 0.6
      vertex 33.9697 56.4336 0
      vertex 33.9697 56.4336 0.6
    endloop
  endfacet
  facet normal -0.910935 -0.412551 0
    outer loop
      vertex 33.9995 56.3678 0
      vertex 33.9697 56.4336 0.6
      vertex 33.9697 56.4336 0
    endloop
  endfacet
  facet normal -0.910935 -0.412551 0
    outer loop
      vertex 33.9697 56.4336 0.6
      vertex 33.9995 56.3678 0
      vertex 33.9995 56.3678 0.6
    endloop
  endfacet
  facet normal -0.858369 -0.513032 0
    outer loop
      vertex 34.0356 56.3074 0
      vertex 33.9995 56.3678 0.6
      vertex 33.9995 56.3678 0
    endloop
  endfacet
  facet normal -0.858369 -0.513032 0
    outer loop
      vertex 33.9995 56.3678 0.6
      vertex 34.0356 56.3074 0
      vertex 34.0356 56.3074 0.6
    endloop
  endfacet
  facet normal -0.791603 -0.611036 0
    outer loop
      vertex 34.0779 56.2526 0
      vertex 34.0356 56.3074 0.6
      vertex 34.0356 56.3074 0
    endloop
  endfacet
  facet normal -0.791603 -0.611036 0
    outer loop
      vertex 34.0356 56.3074 0.6
      vertex 34.0779 56.2526 0
      vertex 34.0779 56.2526 0.6
    endloop
  endfacet
  facet normal -0.710709 -0.703486 0
    outer loop
      vertex 34.1266 56.2034 0
      vertex 34.0779 56.2526 0.6
      vertex 34.0779 56.2526 0
    endloop
  endfacet
  facet normal -0.710709 -0.703486 0
    outer loop
      vertex 34.0779 56.2526 0.6
      vertex 34.1266 56.2034 0
      vertex 34.1266 56.2034 0.6
    endloop
  endfacet
  facet normal -0.62399 -0.781432 0
    outer loop
      vertex 34.1266 56.2034 0
      vertex 34.1807 56.1602 0.6
      vertex 34.1266 56.2034 0.6
    endloop
  endfacet
  facet normal -0.62399 -0.781432 -0
    outer loop
      vertex 34.1807 56.1602 0.6
      vertex 34.1266 56.2034 0
      vertex 34.1807 56.1602 0
    endloop
  endfacet
  facet normal -0.528441 -0.84897 0
    outer loop
      vertex 34.1807 56.1602 0
      vertex 34.2395 56.1236 0.6
      vertex 34.1807 56.1602 0.6
    endloop
  endfacet
  facet normal -0.528441 -0.84897 -0
    outer loop
      vertex 34.2395 56.1236 0.6
      vertex 34.1807 56.1602 0
      vertex 34.2395 56.1236 0
    endloop
  endfacet
  facet normal -0.426003 -0.904722 0
    outer loop
      vertex 34.2395 56.1236 0
      vertex 34.303 56.0937 0.6
      vertex 34.2395 56.1236 0.6
    endloop
  endfacet
  facet normal -0.426003 -0.904722 -0
    outer loop
      vertex 34.303 56.0937 0.6
      vertex 34.2395 56.1236 0
      vertex 34.303 56.0937 0
    endloop
  endfacet
  facet normal -0.322901 -0.946433 0
    outer loop
      vertex 34.303 56.0937 0
      vertex 34.371 56.0705 0.6
      vertex 34.303 56.0937 0.6
    endloop
  endfacet
  facet normal -0.322901 -0.946433 -0
    outer loop
      vertex 34.371 56.0705 0.6
      vertex 34.303 56.0937 0
      vertex 34.371 56.0705 0
    endloop
  endfacet
  facet normal -0.222606 -0.974908 0
    outer loop
      vertex 34.371 56.0705 0
      vertex 34.4437 56.0539 0.6
      vertex 34.371 56.0705 0.6
    endloop
  endfacet
  facet normal -0.222606 -0.974908 -0
    outer loop
      vertex 34.4437 56.0539 0.6
      vertex 34.371 56.0705 0
      vertex 34.4437 56.0539 0
    endloop
  endfacet
  facet normal -0.128297 -0.991736 0
    outer loop
      vertex 34.4437 56.0539 0
      vertex 34.521 56.0439 0.6
      vertex 34.4437 56.0539 0.6
    endloop
  endfacet
  facet normal -0.128297 -0.991736 -0
    outer loop
      vertex 34.521 56.0439 0.6
      vertex 34.4437 56.0539 0
      vertex 34.521 56.0439 0
    endloop
  endfacet
  facet normal -0.0402114 -0.999191 0
    outer loop
      vertex 34.521 56.0439 0
      vertex 34.603 56.0406 0.6
      vertex 34.521 56.0439 0.6
    endloop
  endfacet
  facet normal -0.0402114 -0.999191 -0
    outer loop
      vertex 34.603 56.0406 0.6
      vertex 34.521 56.0439 0
      vertex 34.603 56.0406 0
    endloop
  endfacet
  facet normal 0.0390507 -0.999237 0
    outer loop
      vertex 34.603 56.0406 0
      vertex 34.69 56.044 0.6
      vertex 34.603 56.0406 0.6
    endloop
  endfacet
  facet normal 0.0390507 -0.999237 0
    outer loop
      vertex 34.69 56.044 0.6
      vertex 34.603 56.0406 0
      vertex 34.69 56.044 0
    endloop
  endfacet
  facet normal 0.126298 -0.991992 0
    outer loop
      vertex 34.69 56.044 0
      vertex 34.7709 56.0543 0.6
      vertex 34.69 56.044 0.6
    endloop
  endfacet
  facet normal 0.126298 -0.991992 0
    outer loop
      vertex 34.7709 56.0543 0.6
      vertex 34.69 56.044 0
      vertex 34.7709 56.0543 0
    endloop
  endfacet
  facet normal 0.223144 -0.974786 0
    outer loop
      vertex 34.7709 56.0543 0
      vertex 34.8456 56.0714 0.6
      vertex 34.7709 56.0543 0.6
    endloop
  endfacet
  facet normal 0.223144 -0.974786 0
    outer loop
      vertex 34.8456 56.0714 0.6
      vertex 34.7709 56.0543 0
      vertex 34.8456 56.0714 0
    endloop
  endfacet
  facet normal 0.330657 -0.943751 0
    outer loop
      vertex 34.8456 56.0714 0
      vertex 34.9141 56.0954 0.6
      vertex 34.8456 56.0714 0.6
    endloop
  endfacet
  facet normal 0.330657 -0.943751 0
    outer loop
      vertex 34.9141 56.0954 0.6
      vertex 34.8456 56.0714 0
      vertex 34.9141 56.0954 0
    endloop
  endfacet
  facet normal 0.442609 -0.896715 0
    outer loop
      vertex 34.9141 56.0954 0
      vertex 34.9765 56.1262 0.6
      vertex 34.9141 56.0954 0.6
    endloop
  endfacet
  facet normal 0.442609 -0.896715 0
    outer loop
      vertex 34.9765 56.1262 0.6
      vertex 34.9141 56.0954 0
      vertex 34.9765 56.1262 0
    endloop
  endfacet
  facet normal 0.557085 -0.830456 0
    outer loop
      vertex 34.9765 56.1262 0
      vertex 35.0327 56.1639 0.6
      vertex 34.9765 56.1262 0.6
    endloop
  endfacet
  facet normal 0.557085 -0.830456 0
    outer loop
      vertex 35.0327 56.1639 0.6
      vertex 34.9765 56.1262 0
      vertex 35.0327 56.1639 0
    endloop
  endfacet
  facet normal 0.664086 -0.747656 0
    outer loop
      vertex 35.0327 56.1639 0
      vertex 35.0828 56.2084 0.6
      vertex 35.0327 56.1639 0.6
    endloop
  endfacet
  facet normal 0.664086 -0.747656 0
    outer loop
      vertex 35.0828 56.2084 0.6
      vertex 35.0327 56.1639 0
      vertex 35.0828 56.2084 0
    endloop
  endfacet
  facet normal 0.757563 -0.652762 0
    outer loop
      vertex 35.0828 56.2084 0.6
      vertex 35.1264 56.259 0
      vertex 35.1264 56.259 0.6
    endloop
  endfacet
  facet normal 0.757563 -0.652762 0
    outer loop
      vertex 35.1264 56.259 0
      vertex 35.0828 56.2084 0.6
      vertex 35.0828 56.2084 0
    endloop
  endfacet
  facet normal 0.832969 -0.553319 0
    outer loop
      vertex 35.1264 56.259 0.6
      vertex 35.1634 56.3147 0
      vertex 35.1634 56.3147 0.6
    endloop
  endfacet
  facet normal 0.832969 -0.553319 0
    outer loop
      vertex 35.1634 56.3147 0
      vertex 35.1264 56.259 0.6
      vertex 35.1264 56.259 0
    endloop
  endfacet
  facet normal 0.896183 -0.443684 0
    outer loop
      vertex 35.1634 56.3147 0.6
      vertex 35.1936 56.3757 0
      vertex 35.1936 56.3757 0.6
    endloop
  endfacet
  facet normal 0.896183 -0.443684 0
    outer loop
      vertex 35.1936 56.3757 0
      vertex 35.1634 56.3147 0.6
      vertex 35.1634 56.3147 0
    endloop
  endfacet
  facet normal 0.942674 -0.333715 0
    outer loop
      vertex 35.1936 56.3757 0.6
      vertex 35.217 56.4418 0
      vertex 35.217 56.4418 0.6
    endloop
  endfacet
  facet normal 0.942674 -0.333715 0
    outer loop
      vertex 35.217 56.4418 0
      vertex 35.1936 56.3757 0.6
      vertex 35.1936 56.3757 0
    endloop
  endfacet
  facet normal 0.973346 -0.229344 0
    outer loop
      vertex 35.217 56.4418 0.6
      vertex 35.2338 56.5131 0
      vertex 35.2338 56.5131 0.6
    endloop
  endfacet
  facet normal 0.973346 -0.229344 0
    outer loop
      vertex 35.2338 56.5131 0
      vertex 35.217 56.4418 0.6
      vertex 35.217 56.4418 0
    endloop
  endfacet
  facet normal 0.991397 -0.13089 0
    outer loop
      vertex 35.2338 56.5131 0.6
      vertex 35.2439 56.5896 0
      vertex 35.2439 56.5896 0.6
    endloop
  endfacet
  facet normal 0.991397 -0.13089 0
    outer loop
      vertex 35.2439 56.5896 0
      vertex 35.2338 56.5131 0.6
      vertex 35.2338 56.5131 0
    endloop
  endfacet
  facet normal 0.999183 -0.0404081 0
    outer loop
      vertex 35.2439 56.5896 0.6
      vertex 35.2472 56.6712 0
      vertex 35.2472 56.6712 0.6
    endloop
  endfacet
  facet normal 0.999183 -0.0404081 0
    outer loop
      vertex 35.2472 56.6712 0
      vertex 35.2439 56.5896 0.6
      vertex 35.2439 56.5896 0
    endloop
  endfacet
  facet normal 0.998815 0.0486662 0
    outer loop
      vertex 35.2472 56.6712 0.6
      vertex 35.243 56.7574 0
      vertex 35.243 56.7574 0.6
    endloop
  endfacet
  facet normal 0.998815 0.0486662 0
    outer loop
      vertex 35.243 56.7574 0
      vertex 35.2472 56.6712 0.6
      vertex 35.2472 56.6712 0
    endloop
  endfacet
  facet normal 0.987912 0.155015 0
    outer loop
      vertex 35.243 56.7574 0.6
      vertex 35.2304 56.8377 0
      vertex 35.2304 56.8377 0.6
    endloop
  endfacet
  facet normal 0.987912 0.155015 0
    outer loop
      vertex 35.2304 56.8377 0
      vertex 35.243 56.7574 0.6
      vertex 35.243 56.7574 0
    endloop
  endfacet
  facet normal 0.962155 0.272503 0
    outer loop
      vertex 35.2304 56.8377 0.6
      vertex 35.2093 56.9122 0
      vertex 35.2093 56.9122 0.6
    endloop
  endfacet
  facet normal 0.962155 0.272503 0
    outer loop
      vertex 35.2093 56.9122 0
      vertex 35.2304 56.8377 0.6
      vertex 35.2304 56.8377 0
    endloop
  endfacet
  facet normal 0.917963 0.396667 0
    outer loop
      vertex 35.2093 56.9122 0.6
      vertex 35.1797 56.9807 0
      vertex 35.1797 56.9807 0.6
    endloop
  endfacet
  facet normal 0.917963 0.396667 0
    outer loop
      vertex 35.1797 56.9807 0
      vertex 35.2093 56.9122 0.6
      vertex 35.2093 56.9122 0
    endloop
  endfacet
  facet normal 0.855198 0.518302 0
    outer loop
      vertex 35.1797 56.9807 0.6
      vertex 35.1417 57.0434 0
      vertex 35.1417 57.0434 0.6
    endloop
  endfacet
  facet normal 0.855198 0.518302 0
    outer loop
      vertex 35.1417 57.0434 0
      vertex 35.1797 56.9807 0.6
      vertex 35.1797 56.9807 0
    endloop
  endfacet
  facet normal 0.773896 0.633312 0
    outer loop
      vertex 35.1417 57.0434 0.6
      vertex 35.0953 57.1001 0
      vertex 35.0953 57.1001 0.6
    endloop
  endfacet
  facet normal 0.773896 0.633312 0
    outer loop
      vertex 35.0953 57.1001 0
      vertex 35.1417 57.0434 0.6
      vertex 35.1417 57.0434 0
    endloop
  endfacet
  facet normal 0.679887 0.733317 -0
    outer loop
      vertex 35.0953 57.1001 0
      vertex 35.0404 57.151 0.6
      vertex 35.0953 57.1001 0.6
    endloop
  endfacet
  facet normal 0.679887 0.733317 0
    outer loop
      vertex 35.0404 57.151 0.6
      vertex 35.0953 57.1001 0
      vertex 35.0404 57.151 0
    endloop
  endfacet
  facet normal 0.575973 0.817469 -0
    outer loop
      vertex 35.0404 57.151 0
      vertex 34.9771 57.1956 0.6
      vertex 35.0404 57.151 0.6
    endloop
  endfacet
  facet normal 0.575973 0.817469 0
    outer loop
      vertex 34.9771 57.1956 0.6
      vertex 35.0404 57.151 0
      vertex 34.9771 57.1956 0
    endloop
  endfacet
  facet normal 0.46544 0.885079 -0
    outer loop
      vertex 34.9771 57.1956 0
      vertex 34.9056 57.2332 0.6
      vertex 34.9771 57.1956 0.6
    endloop
  endfacet
  facet normal 0.46544 0.885079 0
    outer loop
      vertex 34.9056 57.2332 0.6
      vertex 34.9771 57.1956 0
      vertex 34.9056 57.2332 0
    endloop
  endfacet
  facet normal 0.359683 0.933074 -0
    outer loop
      vertex 34.9056 57.2332 0
      vertex 34.8257 57.264 0.6
      vertex 34.9056 57.2332 0.6
    endloop
  endfacet
  facet normal 0.359683 0.933074 0
    outer loop
      vertex 34.8257 57.264 0.6
      vertex 34.9056 57.2332 0
      vertex 34.8257 57.264 0
    endloop
  endfacet
  facet normal 0.262839 0.96484 -0
    outer loop
      vertex 34.8257 57.264 0
      vertex 34.7376 57.288 0.6
      vertex 34.8257 57.264 0.6
    endloop
  endfacet
  facet normal 0.262839 0.96484 0
    outer loop
      vertex 34.7376 57.288 0.6
      vertex 34.8257 57.264 0
      vertex 34.7376 57.288 0
    endloop
  endfacet
  facet normal 0.174484 0.98466 -0
    outer loop
      vertex 34.7376 57.288 0
      vertex 34.6411 57.3051 0.6
      vertex 34.7376 57.288 0.6
    endloop
  endfacet
  facet normal 0.174484 0.98466 0
    outer loop
      vertex 34.6411 57.3051 0.6
      vertex 34.7376 57.288 0
      vertex 34.6411 57.3051 0
    endloop
  endfacet
  facet normal 0.0979037 0.995196 -0
    outer loop
      vertex 34.6411 57.3051 0
      vertex 34.5364 57.3154 0.6
      vertex 34.6411 57.3051 0.6
    endloop
  endfacet
  facet normal 0.0979037 0.995196 0
    outer loop
      vertex 34.5364 57.3154 0.6
      vertex 34.6411 57.3051 0
      vertex 34.5364 57.3154 0
    endloop
  endfacet
  facet normal 0.0300483 0.999548 -0
    outer loop
      vertex 34.5364 57.3154 0
      vertex 34.4233 57.3188 0.6
      vertex 34.5364 57.3154 0.6
    endloop
  endfacet
  facet normal 0.0300483 0.999548 0
    outer loop
      vertex 34.4233 57.3188 0.6
      vertex 34.5364 57.3154 0
      vertex 34.4233 57.3188 0
    endloop
  endfacet
  facet normal 0 1 -0
    outer loop
      vertex 34.4233 57.3188 0
      vertex 34.1114 57.3188 0.6
      vertex 34.4233 57.3188 0.6
    endloop
  endfacet
  facet normal 0 1 0
    outer loop
      vertex 34.1114 57.3188 0.6
      vertex 34.4233 57.3188 0
      vertex 34.1114 57.3188 0
    endloop
  endfacet
  facet normal 1 -0 0
    outer loop
      vertex 34.1114 57.3188 0.6
      vertex 34.1114 58.0885 0
      vertex 34.1114 58.0885 0.6
    endloop
  endfacet
  facet normal 1 0 0
    outer loop
      vertex 34.1114 58.0885 0
      vertex 34.1114 57.3188 0.6
      vertex 34.1114 57.3188 0
    endloop
  endfacet
  facet normal 0 -1 0
    outer loop
      vertex 34.1114 58.0885 0
      vertex 34.4437 58.0885 0.6
      vertex 34.1114 58.0885 0.6
    endloop
  endfacet
  facet normal 0 -1 -0
    outer loop
      vertex 34.4437 58.0885 0.6
      vertex 34.1114 58.0885 0
      vertex 34.4437 58.0885 0
    endloop
  endfacet
  facet normal 0.0279444 -0.999609 0
    outer loop
      vertex 34.4437 58.0885 0
      vertex 34.5689 58.092 0.6
      vertex 34.4437 58.0885 0.6
    endloop
  endfacet
  facet normal 0.0279444 -0.999609 0
    outer loop
      vertex 34.5689 58.092 0.6
      vertex 34.4437 58.0885 0
      vertex 34.5689 58.092 0
    endloop
  endfacet
  facet normal 0.0892207 -0.996012 0
    outer loop
      vertex 34.5689 58.092 0
      vertex 34.685 58.1024 0.6
      vertex 34.5689 58.092 0.6
    endloop
  endfacet
  facet normal 0.0892207 -0.996012 0
    outer loop
      vertex 34.685 58.1024 0.6
      vertex 34.5689 58.092 0
      vertex 34.685 58.1024 0
    endloop
  endfacet
  facet normal 0.15961 -0.98718 0
    outer loop
      vertex 34.685 58.1024 0
      vertex 34.792 58.1197 0.6
      vertex 34.685 58.1024 0.6
    endloop
  endfacet
  facet normal 0.15961 -0.98718 0
    outer loop
      vertex 34.792 58.1197 0.6
      vertex 34.685 58.1024 0
      vertex 34.792 58.1197 0
    endloop
  endfacet
  facet normal 0.240199 -0.970724 0
    outer loop
      vertex 34.792 58.1197 0
      vertex 34.8898 58.1439 0.6
      vertex 34.792 58.1197 0.6
    endloop
  endfacet
  facet normal 0.240199 -0.970724 0
    outer loop
      vertex 34.8898 58.1439 0.6
      vertex 34.792 58.1197 0
      vertex 34.8898 58.1439 0
    endloop
  endfacet
  facet normal 0.330872 -0.943676 0
    outer loop
      vertex 34.8898 58.1439 0
      vertex 34.9785 58.175 0.6
      vertex 34.8898 58.1439 0.6
    endloop
  endfacet
  facet normal 0.330872 -0.943676 0
    outer loop
      vertex 34.9785 58.175 0.6
      vertex 34.8898 58.1439 0
      vertex 34.9785 58.175 0
    endloop
  endfacet
  facet normal 0.431736 -0.902 0
    outer loop
      vertex 34.9785 58.175 0
      vertex 35.0581 58.2131 0.6
      vertex 34.9785 58.175 0.6
    endloop
  endfacet
  facet normal 0.431736 -0.902 0
    outer loop
      vertex 35.0581 58.2131 0.6
      vertex 34.9785 58.175 0
      vertex 35.0581 58.2131 0
    endloop
  endfacet
  facet normal 0.538578 -0.842576 0
    outer loop
      vertex 35.0581 58.2131 0
      vertex 35.1285 58.2581 0.6
      vertex 35.0581 58.2131 0.6
    endloop
  endfacet
  facet normal 0.538578 -0.842576 0
    outer loop
      vertex 35.1285 58.2581 0.6
      vertex 35.0581 58.2131 0
      vertex 35.1285 58.2581 0
    endloop
  endfacet
  facet normal 0.643866 -0.765138 0
    outer loop
      vertex 35.1285 58.2581 0
      vertex 35.1897 58.3096 0.6
      vertex 35.1285 58.2581 0.6
    endloop
  endfacet
  facet normal 0.643866 -0.765138 0
    outer loop
      vertex 35.1897 58.3096 0.6
      vertex 35.1285 58.2581 0
      vertex 35.1897 58.3096 0
    endloop
  endfacet
  facet normal 0.742973 -0.669322 0
    outer loop
      vertex 35.1897 58.3096 0.6
      vertex 35.2415 58.3671 0
      vertex 35.2415 58.3671 0.6
    endloop
  endfacet
  facet normal 0.742973 -0.669322 0
    outer loop
      vertex 35.2415 58.3671 0
      vertex 35.1897 58.3096 0.6
      vertex 35.1897 58.3096 0
    endloop
  endfacet
  facet normal 0.833055 -0.55319 0
    outer loop
      vertex 35.2415 58.3671 0.6
      vertex 35.2838 58.4308 0
      vertex 35.2838 58.4308 0.6
    endloop
  endfacet
  facet normal 0.833055 -0.55319 0
    outer loop
      vertex 35.2838 58.4308 0
      vertex 35.2415 58.3671 0.6
      vertex 35.2415 58.3671 0
    endloop
  endfacet
  facet normal 0.903817 -0.427919 0
    outer loop
      vertex 35.2838 58.4308 0.6
      vertex 35.3168 58.5005 0
      vertex 35.3168 58.5005 0.6
    endloop
  endfacet
  facet normal 0.903817 -0.427919 0
    outer loop
      vertex 35.3168 58.5005 0
      vertex 35.2838 58.4308 0.6
      vertex 35.2838 58.4308 0
    endloop
  endfacet
  facet normal 0.95526 -0.295766 0
    outer loop
      vertex 35.3168 58.5005 0.6
      vertex 35.3403 58.5764 0
      vertex 35.3403 58.5764 0.6
    endloop
  endfacet
  facet normal 0.95526 -0.295766 0
    outer loop
      vertex 35.3403 58.5764 0
      vertex 35.3168 58.5005 0.6
      vertex 35.3168 58.5005 0
    endloop
  endfacet
  facet normal 0.985502 -0.169665 0
    outer loop
      vertex 35.3403 58.5764 0.6
      vertex 35.3544 58.6583 0
      vertex 35.3544 58.6583 0.6
    endloop
  endfacet
  facet normal 0.985502 -0.169665 0
    outer loop
      vertex 35.3544 58.6583 0
      vertex 35.3403 58.5764 0.6
      vertex 35.3403 58.5764 0
    endloop
  endfacet
  facet normal 0.998577 -0.0533331 0
    outer loop
      vertex 35.3544 58.6583 0.6
      vertex 35.3591 58.7463 0
      vertex 35.3591 58.7463 0.6
    endloop
  endfacet
  facet normal 0.998577 -0.0533331 0
    outer loop
      vertex 35.3591 58.7463 0
      vertex 35.3544 58.6583 0.6
      vertex 35.3544 58.6583 0
    endloop
  endfacet
  facet normal 0.999178 0.0405493 0
    outer loop
      vertex 35.3591 58.7463 0.6
      vertex 35.3552 58.8424 0
      vertex 35.3552 58.8424 0.6
    endloop
  endfacet
  facet normal 0.999178 0.0405493 0
    outer loop
      vertex 35.3552 58.8424 0
      vertex 35.3591 58.7463 0.6
      vertex 35.3591 58.7463 0
    endloop
  endfacet
  facet normal 0.991575 0.12953 0
    outer loop
      vertex 35.3552 58.8424 0.6
      vertex 35.3436 58.9312 0
      vertex 35.3436 58.9312 0.6
    endloop
  endfacet
  facet normal 0.991575 0.12953 0
    outer loop
      vertex 35.3436 58.9312 0
      vertex 35.3552 58.8424 0.6
      vertex 35.3552 58.8424 0
    endloop
  endfacet
  facet normal 0.972755 0.231836 0
    outer loop
      vertex 35.3436 58.9312 0.6
      vertex 35.3242 59.0126 0
      vertex 35.3242 59.0126 0.6
    endloop
  endfacet
  facet normal 0.972755 0.231836 0
    outer loop
      vertex 35.3242 59.0126 0
      vertex 35.3436 58.9312 0.6
      vertex 35.3436 58.9312 0
    endloop
  endfacet
  facet normal 0.939163 0.343472 0
    outer loop
      vertex 35.3242 59.0126 0.6
      vertex 35.2971 59.0867 0
      vertex 35.2971 59.0867 0.6
    endloop
  endfacet
  facet normal 0.939163 0.343472 0
    outer loop
      vertex 35.2971 59.0867 0
      vertex 35.3242 59.0126 0.6
      vertex 35.3242 59.0126 0
    endloop
  endfacet
  facet normal 0.886324 0.463065 0
    outer loop
      vertex 35.2971 59.0867 0.6
      vertex 35.2622 59.1535 0
      vertex 35.2622 59.1535 0.6
    endloop
  endfacet
  facet normal 0.886324 0.463065 0
    outer loop
      vertex 35.2622 59.1535 0
      vertex 35.2971 59.0867 0.6
      vertex 35.2971 59.0867 0
    endloop
  endfacet
  facet normal 0.813087 0.582143 0
    outer loop
      vertex 35.2622 59.1535 0.6
      vertex 35.2196 59.213 0
      vertex 35.2196 59.213 0.6
    endloop
  endfacet
  facet normal 0.813087 0.582143 0
    outer loop
      vertex 35.2196 59.213 0
      vertex 35.2622 59.1535 0.6
      vertex 35.2622 59.1535 0
    endloop
  endfacet
  facet normal 0.718736 0.695284 0
    outer loop
      vertex 35.2196 59.213 0.6
      vertex 35.1692 59.2651 0
      vertex 35.1692 59.2651 0.6
    endloop
  endfacet
  facet normal 0.718736 0.695284 0
    outer loop
      vertex 35.1692 59.2651 0
      vertex 35.2196 59.213 0.6
      vertex 35.2196 59.213 0
    endloop
  endfacet
  facet normal 0.616973 0.786984 -0
    outer loop
      vertex 35.1692 59.2651 0
      vertex 35.1118 59.3101 0.6
      vertex 35.1692 59.2651 0.6
    endloop
  endfacet
  facet normal 0.616973 0.786984 0
    outer loop
      vertex 35.1118 59.3101 0.6
      vertex 35.1692 59.2651 0
      vertex 35.1118 59.3101 0
    endloop
  endfacet
  facet normal 0.513502 0.858089 -0
    outer loop
      vertex 35.1118 59.3101 0
      vertex 35.0483 59.3481 0.6
      vertex 35.1118 59.3101 0.6
    endloop
  endfacet
  facet normal 0.513502 0.858089 0
    outer loop
      vertex 35.0483 59.3481 0.6
      vertex 35.1118 59.3101 0
      vertex 35.0483 59.3481 0
    endloop
  endfacet
  facet normal 0.406502 0.91365 -0
    outer loop
      vertex 35.0483 59.3481 0
      vertex 34.9784 59.3792 0.6
      vertex 35.0483 59.3481 0.6
    endloop
  endfacet
  facet normal 0.406502 0.91365 0
    outer loop
      vertex 34.9784 59.3792 0.6
      vertex 35.0483 59.3481 0
      vertex 34.9784 59.3792 0
    endloop
  endfacet
  facet normal 0.304548 0.952497 -0
    outer loop
      vertex 34.9784 59.3792 0
      vertex 34.9024 59.4035 0.6
      vertex 34.9784 59.3792 0.6
    endloop
  endfacet
  facet normal 0.304548 0.952497 0
    outer loop
      vertex 34.9024 59.4035 0.6
      vertex 34.9784 59.3792 0
      vertex 34.9024 59.4035 0
    endloop
  endfacet
  facet normal 0.204572 0.978852 -0
    outer loop
      vertex 34.9024 59.4035 0
      vertex 34.8201 59.4207 0.6
      vertex 34.9024 59.4035 0.6
    endloop
  endfacet
  facet normal 0.204572 0.978852 0
    outer loop
      vertex 34.8201 59.4207 0.6
      vertex 34.9024 59.4035 0
      vertex 34.8201 59.4207 0
    endloop
  endfacet
  facet normal 0.116711 0.993166 -0
    outer loop
      vertex 34.8201 59.4207 0
      vertex 34.7316 59.4311 0.6
      vertex 34.8201 59.4207 0.6
    endloop
  endfacet
  facet normal 0.116711 0.993166 0
    outer loop
      vertex 34.7316 59.4311 0.6
      vertex 34.8201 59.4207 0
      vertex 34.7316 59.4311 0
    endloop
  endfacet
  facet normal 0.0369336 0.999318 -0
    outer loop
      vertex 34.7316 59.4311 0
      vertex 34.6369 59.4346 0.6
      vertex 34.7316 59.4311 0.6
    endloop
  endfacet
  facet normal 0.0369336 0.999318 0
    outer loop
      vertex 34.6369 59.4346 0.6
      vertex 34.7316 59.4311 0
      vertex 34.6369 59.4346 0
    endloop
  endfacet
  facet normal -0.0758328 0.997121 0
    outer loop
      vertex 34.6369 59.4346 0
      vertex 34.4515 59.4205 0.6
      vertex 34.6369 59.4346 0.6
    endloop
  endfacet
  facet normal -0.0758328 0.997121 0
    outer loop
      vertex 34.4515 59.4205 0.6
      vertex 34.6369 59.4346 0
      vertex 34.4515 59.4205 0
    endloop
  endfacet
  facet normal -0.253279 0.967393 0
    outer loop
      vertex 34.4515 59.4205 0
      vertex 34.2907 59.3784 0.6
      vertex 34.4515 59.4205 0.6
    endloop
  endfacet
  facet normal -0.253279 0.967393 0
    outer loop
      vertex 34.2907 59.3784 0.6
      vertex 34.4515 59.4205 0
      vertex 34.2907 59.3784 0
    endloop
  endfacet
  facet normal -0.457613 0.889151 0
    outer loop
      vertex 34.2907 59.3784 0
      vertex 34.1543 59.3082 0.6
      vertex 34.2907 59.3784 0.6
    endloop
  endfacet
  facet normal -0.457613 0.889151 0
    outer loop
      vertex 34.1543 59.3082 0.6
      vertex 34.2907 59.3784 0
      vertex 34.1543 59.3082 0
    endloop
  endfacet
  facet normal -0.660356 0.750953 0
    outer loop
      vertex 34.1543 59.3082 0
      vertex 34.0424 59.2098 0.6
      vertex 34.1543 59.3082 0.6
    endloop
  endfacet
  facet normal -0.660356 0.750953 0
    outer loop
      vertex 34.0424 59.2098 0.6
      vertex 34.1543 59.3082 0
      vertex 34.0424 59.2098 0
    endloop
  endfacet
  facet normal -0.82252 0.568736 0
    outer loop
      vertex 33.955 59.0834 0
      vertex 34.0424 59.2098 0.6
      vertex 34.0424 59.2098 0
    endloop
  endfacet
  facet normal -0.82252 0.568736 0
    outer loop
      vertex 34.0424 59.2098 0.6
      vertex 33.955 59.0834 0
      vertex 33.955 59.0834 0.6
    endloop
  endfacet
  facet normal -0.926185 0.377068 0
    outer loop
      vertex 33.8921 58.9289 0
      vertex 33.955 59.0834 0.6
      vertex 33.955 59.0834 0
    endloop
  endfacet
  facet normal -0.926185 0.377068 0
    outer loop
      vertex 33.955 59.0834 0.6
      vertex 33.8921 58.9289 0
      vertex 33.8921 58.9289 0.6
    endloop
  endfacet
  facet normal -0.978595 0.205794 0
    outer loop
      vertex 33.8537 58.7463 0
      vertex 33.8921 58.9289 0.6
      vertex 33.8921 58.9289 0
    endloop
  endfacet
  facet normal -0.978595 0.205794 0
    outer loop
      vertex 33.8921 58.9289 0.6
      vertex 33.8537 58.7463 0
      vertex 33.8537 58.7463 0.6
    endloop
  endfacet
  facet normal 0.0871083 0.996199 -0
    outer loop
      vertex 33.8537 58.7463 0
      vertex 32.8839 58.8311 0.6
      vertex 33.8537 58.7463 0.6
    endloop
  endfacet
  facet normal 0.0871083 0.996199 0
    outer loop
      vertex 32.8839 58.8311 0.6
      vertex 33.8537 58.7463 0
      vertex 32.8839 58.8311 0
    endloop
  endfacet
  facet normal 0.987023 -0.160579 0
    outer loop
      vertex 32.8839 58.8311 0.6
      vertex 32.9139 59.0155 0
      vertex 32.9139 59.0155 0.6
    endloop
  endfacet
  facet normal 0.987023 -0.160579 0
    outer loop
      vertex 32.9139 59.0155 0
      vertex 32.8839 58.8311 0.6
      vertex 32.8839 58.8311 0
    endloop
  endfacet
  facet normal 0.966775 -0.255629 0
    outer loop
      vertex 32.9139 59.0155 0.6
      vertex 32.9593 59.1872 0
      vertex 32.9593 59.1872 0.6
    endloop
  endfacet
  facet normal 0.966775 -0.255629 0
    outer loop
      vertex 32.9593 59.1872 0
      vertex 32.9139 59.0155 0.6
      vertex 32.9139 59.0155 0
    endloop
  endfacet
  facet normal 0.934283 -0.356534 0
    outer loop
      vertex 32.9593 59.1872 0.6
      vertex 33.0199 59.346 0
      vertex 33.0199 59.346 0.6
    endloop
  endfacet
  facet normal 0.934283 -0.356534 0
    outer loop
      vertex 33.0199 59.346 0
      vertex 32.9593 59.1872 0.6
      vertex 32.9593 59.1872 0
    endloop
  endfacet
  facet normal 0.886769 -0.462213 0
    outer loop
      vertex 33.0199 59.346 0.6
      vertex 33.096 59.492 0
      vertex 33.096 59.492 0.6
    endloop
  endfacet
  facet normal 0.886769 -0.462213 0
    outer loop
      vertex 33.096 59.492 0
      vertex 33.0199 59.346 0.6
      vertex 33.0199 59.346 0
    endloop
  endfacet
  facet normal 0.824745 -0.565504 0
    outer loop
      vertex 33.096 59.492 0.6
      vertex 33.1874 59.6253 0
      vertex 33.1874 59.6253 0.6
    endloop
  endfacet
  facet normal 0.824745 -0.565504 0
    outer loop
      vertex 33.1874 59.6253 0
      vertex 33.096 59.492 0.6
      vertex 33.096 59.492 0
    endloop
  endfacet
  facet normal 0.748095 -0.663592 0
    outer loop
      vertex 33.1874 59.6253 0.6
      vertex 33.2942 59.7457 0
      vertex 33.2942 59.7457 0.6
    endloop
  endfacet
  facet normal 0.748095 -0.663592 0
    outer loop
      vertex 33.2942 59.7457 0
      vertex 33.1874 59.6253 0.6
      vertex 33.1874 59.6253 0
    endloop
  endfacet
  facet normal 0.6615 -0.749945 0
    outer loop
      vertex 33.2942 59.7457 0
      vertex 33.4163 59.8534 0.6
      vertex 33.2942 59.7457 0.6
    endloop
  endfacet
  facet normal 0.6615 -0.749945 0
    outer loop
      vertex 33.4163 59.8534 0.6
      vertex 33.2942 59.7457 0
      vertex 33.4163 59.8534 0
    endloop
  endfacet
  facet normal 0.567733 -0.823213 0
    outer loop
      vertex 33.4163 59.8534 0
      vertex 33.5526 59.9474 0.6
      vertex 33.4163 59.8534 0.6
    endloop
  endfacet
  facet normal 0.567733 -0.823213 0
    outer loop
      vertex 33.5526 59.9474 0.6
      vertex 33.4163 59.8534 0
      vertex 33.5526 59.9474 0
    endloop
  endfacet
  facet normal 0.470496 -0.882402 0
    outer loop
      vertex 33.5526 59.9474 0
      vertex 33.7017 60.0269 0.6
      vertex 33.5526 59.9474 0.6
    endloop
  endfacet
  facet normal 0.470496 -0.882402 0
    outer loop
      vertex 33.7017 60.0269 0.6
      vertex 33.5526 59.9474 0
      vertex 33.7017 60.0269 0
    endloop
  endfacet
  facet normal 0.372871 -0.927883 0
    outer loop
      vertex 33.7017 60.0269 0
      vertex 33.8637 60.092 0.6
      vertex 33.7017 60.0269 0.6
    endloop
  endfacet
  facet normal 0.372871 -0.927883 0
    outer loop
      vertex 33.8637 60.092 0.6
      vertex 33.7017 60.0269 0
      vertex 33.8637 60.092 0
    endloop
  endfacet
  facet normal 0.278058 -0.960564 0
    outer loop
      vertex 33.8637 60.092 0
      vertex 34.0385 60.1426 0.6
      vertex 33.8637 60.092 0.6
    endloop
  endfacet
  facet normal 0.278058 -0.960564 0
    outer loop
      vertex 34.0385 60.1426 0.6
      vertex 33.8637 60.092 0
      vertex 34.0385 60.1426 0
    endloop
  endfacet
  facet normal 0.189371 -0.981906 0
    outer loop
      vertex 34.0385 60.1426 0
      vertex 34.2262 60.1788 0.6
      vertex 34.0385 60.1426 0.6
    endloop
  endfacet
  facet normal 0.189371 -0.981906 0
    outer loop
      vertex 34.2262 60.1788 0.6
      vertex 34.0385 60.1426 0
      vertex 34.2262 60.1788 0
    endloop
  endfacet
  facet normal 0.107548 -0.9942 0
    outer loop
      vertex 34.2262 60.1788 0
      vertex 34.4268 60.2005 0.6
      vertex 34.2262 60.1788 0.6
    endloop
  endfacet
  facet normal 0.107548 -0.9942 0
    outer loop
      vertex 34.4268 60.2005 0.6
      vertex 34.2262 60.1788 0
      vertex 34.4268 60.2005 0
    endloop
  endfacet
  facet normal 0.0337045 -0.999432 0
    outer loop
      vertex 34.4268 60.2005 0
      vertex 34.6403 60.2077 0.6
      vertex 34.4268 60.2005 0.6
    endloop
  endfacet
  facet normal 0.0337045 -0.999432 0
    outer loop
      vertex 34.6403 60.2077 0.6
      vertex 34.4268 60.2005 0
      vertex 34.6403 60.2077 0
    endloop
  endfacet
  facet normal -0.0333296 -0.999444 0
    outer loop
      vertex 34.6403 60.2077 0
      vertex 34.8652 60.2002 0.6
      vertex 34.6403 60.2077 0.6
    endloop
  endfacet
  facet normal -0.0333296 -0.999444 -0
    outer loop
      vertex 34.8652 60.2002 0.6
      vertex 34.6403 60.2077 0
      vertex 34.8652 60.2002 0
    endloop
  endfacet
  facet normal 0 1 -0
    outer loop
      vertex 40.0801 59.3464 0
      vertex 37.8626 59.3464 0.6
      vertex 40.0801 59.3464 0.6
    endloop
  endfacet
  facet normal 0 1 0
    outer loop
      vertex 37.8626 59.3464 0.6
      vertex 40.0801 59.3464 0
      vertex 37.8626 59.3464 0
    endloop
  endfacet
  facet normal -0.905738 -0.423839 0
    outer loop
      vertex 37.8918 59.284 0
      vertex 37.8626 59.3464 0.6
      vertex 37.8626 59.3464 0
    endloop
  endfacet
  facet normal -0.905738 -0.423839 0
    outer loop
      vertex 37.8626 59.3464 0.6
      vertex 37.8918 59.284 0
      vertex 37.8918 59.284 0.6
    endloop
  endfacet
  facet normal -0.878716 -0.477345 0
    outer loop
      vertex 37.9251 59.2227 0
      vertex 37.8918 59.284 0.6
      vertex 37.8918 59.284 0
    endloop
  endfacet
  facet normal -0.878716 -0.477345 0
    outer loop
      vertex 37.8918 59.284 0.6
      vertex 37.9251 59.2227 0
      vertex 37.9251 59.2227 0.6
    endloop
  endfacet
  facet normal -0.850054 -0.526695 0
    outer loop
      vertex 37.9624 59.1625 0
      vertex 37.9251 59.2227 0.6
      vertex 37.9251 59.2227 0
    endloop
  endfacet
  facet normal -0.850054 -0.526695 0
    outer loop
      vertex 37.9251 59.2227 0.6
      vertex 37.9624 59.1625 0
      vertex 37.9624 59.1625 0.6
    endloop
  endfacet
  facet normal -0.819037 -0.573741 0
    outer loop
      vertex 38.0038 59.1034 0
      vertex 37.9624 59.1625 0.6
      vertex 37.9624 59.1625 0
    endloop
  endfacet
  facet normal -0.819037 -0.573741 0
    outer loop
      vertex 37.9624 59.1625 0.6
      vertex 38.0038 59.1034 0
      vertex 38.0038 59.1034 0.6
    endloop
  endfacet
  facet normal -0.786789 -0.617222 0
    outer loop
      vertex 38.0493 59.0454 0
      vertex 38.0038 59.1034 0.6
      vertex 38.0038 59.1034 0
    endloop
  endfacet
  facet normal -0.786789 -0.617222 0
    outer loop
      vertex 38.0038 59.1034 0.6
      vertex 38.0493 59.0454 0
      vertex 38.0493 59.0454 0.6
    endloop
  endfacet
  facet normal -0.753234 -0.657753 0
    outer loop
      vertex 38.0989 58.9886 0
      vertex 38.0493 59.0454 0.6
      vertex 38.0493 59.0454 0
    endloop
  endfacet
  facet normal -0.753234 -0.657753 0
    outer loop
      vertex 38.0493 59.0454 0.6
      vertex 38.0989 58.9886 0
      vertex 38.0989 58.9886 0.6
    endloop
  endfacet
  facet normal -0.721181 -0.692747 0
    outer loop
      vertex 38.1525 58.9328 0
      vertex 38.0989 58.9886 0.6
      vertex 38.0989 58.9886 0
    endloop
  endfacet
  facet normal -0.721181 -0.692747 0
    outer loop
      vertex 38.0989 58.9886 0.6
      vertex 38.1525 58.9328 0
      vertex 38.1525 58.9328 0.6
    endloop
  endfacet
  facet normal -0.698197 -0.715905 0
    outer loop
      vertex 38.1525 58.9328 0
      vertex 38.2091 58.8776 0.6
      vertex 38.1525 58.9328 0.6
    endloop
  endfacet
  facet normal -0.698197 -0.715905 -0
    outer loop
      vertex 38.2091 58.8776 0.6
      vertex 38.1525 58.9328 0
      vertex 38.2091 58.8776 0
    endloop
  endfacet
  facet normal -0.68622 -0.727394 0
    outer loop
      vertex 38.2091 58.8776 0
      vertex 38.2674 58.8226 0.6
      vertex 38.2091 58.8776 0.6
    endloop
  endfacet
  facet normal -0.68622 -0.727394 -0
    outer loop
      vertex 38.2674 58.8226 0.6
      vertex 38.2091 58.8776 0
      vertex 38.2674 58.8226 0
    endloop
  endfacet
  facet normal -0.674386 -0.738379 0
    outer loop
      vertex 38.2674 58.8226 0
      vertex 38.3274 58.7678 0.6
      vertex 38.2674 58.8226 0.6
    endloop
  endfacet
  facet normal -0.674386 -0.738379 -0
    outer loop
      vertex 38.3274 58.7678 0.6
      vertex 38.2674 58.8226 0
      vertex 38.3274 58.7678 0
    endloop
  endfacet
  facet normal -0.663462 -0.74821 0
    outer loop
      vertex 38.3274 58.7678 0
      vertex 38.3892 58.713 0.6
      vertex 38.3274 58.7678 0.6
    endloop
  endfacet
  facet normal -0.663462 -0.74821 -0
    outer loop
      vertex 38.3892 58.713 0.6
      vertex 38.3274 58.7678 0
      vertex 38.3892 58.713 0
    endloop
  endfacet
  facet normal -0.651971 -0.758244 0
    outer loop
      vertex 38.3892 58.713 0
      vertex 38.4527 58.6584 0.6
      vertex 38.3892 58.713 0.6
    endloop
  endfacet
  facet normal -0.651971 -0.758244 -0
    outer loop
      vertex 38.4527 58.6584 0.6
      vertex 38.3892 58.713 0
      vertex 38.4527 58.6584 0
    endloop
  endfacet
  facet normal -0.640648 -0.767835 0
    outer loop
      vertex 38.4527 58.6584 0
      vertex 38.5179 58.604 0.6
      vertex 38.4527 58.6584 0.6
    endloop
  endfacet
  facet normal -0.640648 -0.767835 -0
    outer loop
      vertex 38.5179 58.604 0.6
      vertex 38.4527 58.6584 0
      vertex 38.5179 58.604 0
    endloop
  endfacet
  facet normal -0.630199 -0.776433 0
    outer loop
      vertex 38.5179 58.604 0
      vertex 38.5848 58.5497 0.6
      vertex 38.5179 58.604 0.6
    endloop
  endfacet
  facet normal -0.630199 -0.776433 -0
    outer loop
      vertex 38.5848 58.5497 0.6
      vertex 38.5179 58.604 0
      vertex 38.5848 58.5497 0
    endloop
  endfacet
  facet normal -0.624276 -0.781204 0
    outer loop
      vertex 38.5848 58.5497 0
      vertex 38.653 58.4952 0.6
      vertex 38.5848 58.5497 0.6
    endloop
  endfacet
  facet normal -0.624276 -0.781204 -0
    outer loop
      vertex 38.653 58.4952 0.6
      vertex 38.5848 58.5497 0
      vertex 38.653 58.4952 0
    endloop
  endfacet
  facet normal -0.624279 -0.781202 0
    outer loop
      vertex 38.653 58.4952 0
      vertex 38.7217 58.4403 0.6
      vertex 38.653 58.4952 0.6
    endloop
  endfacet
  facet normal -0.624279 -0.781202 -0
    outer loop
      vertex 38.7217 58.4403 0.6
      vertex 38.653 58.4952 0
      vertex 38.7217 58.4403 0
    endloop
  endfacet
  facet normal -0.623182 -0.782077 0
    outer loop
      vertex 38.7217 58.4403 0
      vertex 38.7911 58.385 0.6
      vertex 38.7217 58.4403 0.6
    endloop
  endfacet
  facet normal -0.623182 -0.782077 -0
    outer loop
      vertex 38.7911 58.385 0.6
      vertex 38.7217 58.4403 0
      vertex 38.7911 58.385 0
    endloop
  endfacet
  facet normal -0.622648 -0.782502 0
    outer loop
      vertex 38.7911 58.385 0
      vertex 38.8611 58.3293 0.6
      vertex 38.7911 58.385 0.6
    endloop
  endfacet
  facet normal -0.622648 -0.782502 -0
    outer loop
      vertex 38.8611 58.3293 0.6
      vertex 38.7911 58.385 0
      vertex 38.8611 58.3293 0
    endloop
  endfacet
  facet normal -0.622122 -0.78292 0
    outer loop
      vertex 38.8611 58.3293 0
      vertex 38.9317 58.2732 0.6
      vertex 38.8611 58.3293 0.6
    endloop
  endfacet
  facet normal -0.622122 -0.78292 -0
    outer loop
      vertex 38.9317 58.2732 0.6
      vertex 38.8611 58.3293 0
      vertex 38.9317 58.2732 0
    endloop
  endfacet
  facet normal -0.621604 -0.783331 0
    outer loop
      vertex 38.9317 58.2732 0
      vertex 39.0029 58.2167 0.6
      vertex 38.9317 58.2732 0.6
    endloop
  endfacet
  facet normal -0.621604 -0.783331 -0
    outer loop
      vertex 39.0029 58.2167 0.6
      vertex 38.9317 58.2732 0
      vertex 39.0029 58.2167 0
    endloop
  endfacet
  facet normal -0.621233 -0.783626 0
    outer loop
      vertex 39.0029 58.2167 0
      vertex 39.0748 58.1597 0.6
      vertex 39.0029 58.2167 0.6
    endloop
  endfacet
  facet normal -0.621233 -0.783626 -0
    outer loop
      vertex 39.0748 58.1597 0.6
      vertex 39.0029 58.2167 0
      vertex 39.0748 58.1597 0
    endloop
  endfacet
  facet normal -0.629606 -0.776914 0
    outer loop
      vertex 39.0748 58.1597 0
      vertex 39.146 58.102 0.6
      vertex 39.0748 58.1597 0.6
    endloop
  endfacet
  facet normal -0.629606 -0.776914 -0
    outer loop
      vertex 39.146 58.102 0.6
      vertex 39.0748 58.1597 0
      vertex 39.146 58.102 0
    endloop
  endfacet
  facet normal -0.647074 -0.762427 0
    outer loop
      vertex 39.146 58.102 0
      vertex 39.2154 58.0431 0.6
      vertex 39.146 58.102 0.6
    endloop
  endfacet
  facet normal -0.647074 -0.762427 -0
    outer loop
      vertex 39.2154 58.0431 0.6
      vertex 39.146 58.102 0
      vertex 39.2154 58.0431 0
    endloop
  endfacet
  facet normal -0.664982 -0.74686 0
    outer loop
      vertex 39.2154 58.0431 0
      vertex 39.2829 57.983 0.6
      vertex 39.2154 58.0431 0.6
    endloop
  endfacet
  facet normal -0.664982 -0.74686 -0
    outer loop
      vertex 39.2829 57.983 0.6
      vertex 39.2154 58.0431 0
      vertex 39.2829 57.983 0
    endloop
  endfacet
  facet normal -0.682755 -0.730648 0
    outer loop
      vertex 39.2829 57.983 0
      vertex 39.3485 57.9217 0.6
      vertex 39.2829 57.983 0.6
    endloop
  endfacet
  facet normal -0.682755 -0.730648 -0
    outer loop
      vertex 39.3485 57.9217 0.6
      vertex 39.2829 57.983 0
      vertex 39.3485 57.9217 0
    endloop
  endfacet
  facet normal -0.699791 -0.714347 0
    outer loop
      vertex 39.3485 57.9217 0
      vertex 39.4123 57.8592 0.6
      vertex 39.3485 57.9217 0.6
    endloop
  endfacet
  facet normal -0.699791 -0.714347 -0
    outer loop
      vertex 39.4123 57.8592 0.6
      vertex 39.3485 57.9217 0
      vertex 39.4123 57.8592 0
    endloop
  endfacet
  facet normal -0.716619 -0.697464 0
    outer loop
      vertex 39.4742 57.7956 0
      vertex 39.4123 57.8592 0.6
      vertex 39.4123 57.8592 0
    endloop
  endfacet
  facet normal -0.716619 -0.697464 0
    outer loop
      vertex 39.4123 57.8592 0.6
      vertex 39.4742 57.7956 0
      vertex 39.4742 57.7956 0.6
    endloop
  endfacet
  facet normal -0.733761 -0.679408 0
    outer loop
      vertex 39.5342 57.7308 0
      vertex 39.4742 57.7956 0.6
      vertex 39.4742 57.7956 0
    endloop
  endfacet
  facet normal -0.733761 -0.679408 0
    outer loop
      vertex 39.4742 57.7956 0.6
      vertex 39.5342 57.7308 0
      vertex 39.5342 57.7308 0.6
    endloop
  endfacet
  facet normal -0.754409 -0.656404 0
    outer loop
      vertex 39.5918 57.6646 0
      vertex 39.5342 57.7308 0.6
      vertex 39.5342 57.7308 0
    endloop
  endfacet
  facet normal -0.754409 -0.656404 0
    outer loop
      vertex 39.5342 57.7308 0.6
      vertex 39.5918 57.6646 0
      vertex 39.5918 57.6646 0.6
    endloop
  endfacet
  facet normal -0.780309 -0.625394 0
    outer loop
      vertex 39.6463 57.5966 0
      vertex 39.5918 57.6646 0.6
      vertex 39.5918 57.6646 0
    endloop
  endfacet
  facet normal -0.780309 -0.625394 0
    outer loop
      vertex 39.5918 57.6646 0.6
      vertex 39.6463 57.5966 0
      vertex 39.6463 57.5966 0.6
    endloop
  endfacet
  facet normal -0.804272 -0.594261 0
    outer loop
      vertex 39.6978 57.5269 0
      vertex 39.6463 57.5966 0.6
      vertex 39.6463 57.5966 0
    endloop
  endfacet
  facet normal -0.804272 -0.594261 0
    outer loop
      vertex 39.6463 57.5966 0.6
      vertex 39.6978 57.5269 0
      vertex 39.6978 57.5269 0.6
    endloop
  endfacet
  facet normal -0.827572 -0.56136 0
    outer loop
      vertex 39.7463 57.4554 0
      vertex 39.6978 57.5269 0.6
      vertex 39.6978 57.5269 0
    endloop
  endfacet
  facet normal -0.827572 -0.56136 0
    outer loop
      vertex 39.6978 57.5269 0.6
      vertex 39.7463 57.4554 0
      vertex 39.7463 57.4554 0.6
    endloop
  endfacet
  facet normal -0.850339 -0.526235 0
    outer loop
      vertex 39.7916 57.3822 0
      vertex 39.7463 57.4554 0.6
      vertex 39.7463 57.4554 0
    endloop
  endfacet
  facet normal -0.850339 -0.526235 0
    outer loop
      vertex 39.7463 57.4554 0.6
      vertex 39.7916 57.3822 0
      vertex 39.7916 57.3822 0.6
    endloop
  endfacet
  facet normal -0.870238 -0.492631 0
    outer loop
      vertex 39.834 57.3073 0
      vertex 39.7916 57.3822 0.6
      vertex 39.7916 57.3822 0
    endloop
  endfacet
  facet normal -0.870238 -0.492631 0
    outer loop
      vertex 39.7916 57.3822 0.6
      vertex 39.834 57.3073 0
      vertex 39.834 57.3073 0.6
    endloop
  endfacet
  facet normal -0.889733 -0.456482 0
    outer loop
      vertex 39.8733 57.2307 0
      vertex 39.834 57.3073 0.6
      vertex 39.834 57.3073 0
    endloop
  endfacet
  facet normal -0.889733 -0.456482 0
    outer loop
      vertex 39.834 57.3073 0.6
      vertex 39.8733 57.2307 0
      vertex 39.8733 57.2307 0.6
    endloop
  endfacet
  facet normal -0.913477 -0.406891 0
    outer loop
      vertex 39.9084 57.1519 0
      vertex 39.8733 57.2307 0.6
      vertex 39.8733 57.2307 0
    endloop
  endfacet
  facet normal -0.913477 -0.406891 0
    outer loop
      vertex 39.8733 57.2307 0.6
      vertex 39.9084 57.1519 0
      vertex 39.9084 57.1519 0.6
    endloop
  endfacet
  facet normal -0.939558 -0.342391 0
    outer loop
      vertex 39.9381 57.0704 0
      vertex 39.9084 57.1519 0.6
      vertex 39.9084 57.1519 0
    endloop
  endfacet
  facet normal -0.939558 -0.342391 0
    outer loop
      vertex 39.9084 57.1519 0.6
      vertex 39.9381 57.0704 0
      vertex 39.9381 57.0704 0.6
    endloop
  endfacet
  facet normal -0.960917 -0.276836 0
    outer loop
      vertex 39.9623 56.9864 0
      vertex 39.9381 57.0704 0.6
      vertex 39.9381 57.0704 0
    endloop
  endfacet
  facet normal -0.960917 -0.276836 0
    outer loop
      vertex 39.9381 57.0704 0.6
      vertex 39.9623 56.9864 0
      vertex 39.9623 56.9864 0.6
    endloop
  endfacet
  facet normal -0.977054 -0.212991 0
    outer loop
      vertex 39.9812 56.8997 0
      vertex 39.9623 56.9864 0.6
      vertex 39.9623 56.9864 0
    endloop
  endfacet
  facet normal -0.977054 -0.212991 0
    outer loop
      vertex 39.9623 56.9864 0.6
      vertex 39.9812 56.8997 0
      vertex 39.9812 56.8997 0.6
    endloop
  endfacet
  facet normal -0.98879 -0.149314 0
    outer loop
      vertex 39.9947 56.8103 0
      vertex 39.9812 56.8997 0.6
      vertex 39.9812 56.8997 0
    endloop
  endfacet
  facet normal -0.98879 -0.149314 0
    outer loop
      vertex 39.9812 56.8997 0.6
      vertex 39.9947 56.8103 0
      vertex 39.9947 56.8103 0.6
    endloop
  endfacet
  facet normal -0.996138 -0.0877989 0
    outer loop
      vertex 40.0028 56.7184 0
      vertex 39.9947 56.8103 0.6
      vertex 39.9947 56.8103 0
    endloop
  endfacet
  facet normal -0.996138 -0.0877989 0
    outer loop
      vertex 39.9947 56.8103 0.6
      vertex 40.0028 56.7184 0
      vertex 40.0028 56.7184 0.6
    endloop
  endfacet
  facet normal -0.999593 -0.0285296 0
    outer loop
      vertex 40.0055 56.6238 0
      vertex 40.0028 56.7184 0.6
      vertex 40.0028 56.7184 0
    endloop
  endfacet
  facet normal -0.999593 -0.0285296 0
    outer loop
      vertex 40.0028 56.7184 0.6
      vertex 40.0055 56.6238 0
      vertex 40.0055 56.6238 0.6
    endloop
  endfacet
  facet normal -0.998867 0.0475921 0
    outer loop
      vertex 39.9971 56.4475 0
      vertex 40.0055 56.6238 0.6
      vertex 40.0055 56.6238 0
    endloop
  endfacet
  facet normal -0.998867 0.0475921 0
    outer loop
      vertex 40.0055 56.6238 0.6
      vertex 39.9971 56.4475 0
      vertex 39.9971 56.4475 0.6
    endloop
  endfacet
  facet normal -0.988406 0.151832 0
    outer loop
      vertex 39.9718 56.2828 0
      vertex 39.9971 56.4475 0.6
      vertex 39.9971 56.4475 0
    endloop
  endfacet
  facet normal -0.988406 0.151832 0
    outer loop
      vertex 39.9971 56.4475 0.6
      vertex 39.9718 56.2828 0
      vertex 39.9718 56.2828 0.6
    endloop
  endfacet
  facet normal -0.964048 0.265727 0
    outer loop
      vertex 39.9296 56.1297 0
      vertex 39.9718 56.2828 0.6
      vertex 39.9718 56.2828 0
    endloop
  endfacet
  facet normal -0.964048 0.265727 0
    outer loop
      vertex 39.9718 56.2828 0.6
      vertex 39.9296 56.1297 0
      vertex 39.9296 56.1297 0.6
    endloop
  endfacet
  facet normal -0.922652 0.385634 0
    outer loop
      vertex 39.8705 55.9883 0
      vertex 39.9296 56.1297 0.6
      vertex 39.9296 56.1297 0
    endloop
  endfacet
  facet normal -0.922652 0.385634 0
    outer loop
      vertex 39.9296 56.1297 0.6
      vertex 39.8705 55.9883 0
      vertex 39.8705 55.9883 0.6
    endloop
  endfacet
  facet normal -0.862958 0.505276 0
    outer loop
      vertex 39.7945 55.8585 0
      vertex 39.8705 55.9883 0.6
      vertex 39.8705 55.9883 0
    endloop
  endfacet
  facet normal -0.862958 0.505276 0
    outer loop
      vertex 39.8705 55.9883 0.6
      vertex 39.7945 55.8585 0
      vertex 39.7945 55.8585 0.6
    endloop
  endfacet
  facet normal -0.786226 0.617939 0
    outer loop
      vertex 39.7016 55.7403 0
      vertex 39.7945 55.8585 0.6
      vertex 39.7945 55.8585 0
    endloop
  endfacet
  facet normal -0.786226 0.617939 0
    outer loop
      vertex 39.7945 55.8585 0.6
      vertex 39.7016 55.7403 0
      vertex 39.7016 55.7403 0.6
    endloop
  endfacet
  facet normal -0.696901 0.717167 0
    outer loop
      vertex 39.7016 55.7403 0
      vertex 39.5919 55.6337 0.6
      vertex 39.7016 55.7403 0.6
    endloop
  endfacet
  facet normal -0.696901 0.717167 0
    outer loop
      vertex 39.5919 55.6337 0.6
      vertex 39.7016 55.7403 0
      vertex 39.5919 55.6337 0
    endloop
  endfacet
  facet normal -0.597441 0.801913 0
    outer loop
      vertex 39.5919 55.6337 0
      vertex 39.4664 55.5402 0.6
      vertex 39.5919 55.6337 0.6
    endloop
  endfacet
  facet normal -0.597441 0.801913 0
    outer loop
      vertex 39.4664 55.5402 0.6
      vertex 39.5919 55.6337 0
      vertex 39.4664 55.5402 0
    endloop
  endfacet
  facet normal -0.491853 0.870678 0
    outer loop
      vertex 39.4664 55.5402 0
      vertex 39.3262 55.461 0.6
      vertex 39.4664 55.5402 0.6
    endloop
  endfacet
  facet normal -0.491853 0.870678 0
    outer loop
      vertex 39.3262 55.461 0.6
      vertex 39.4664 55.5402 0
      vertex 39.3262 55.461 0
    endloop
  endfacet
  facet normal -0.385419 0.922742 0
    outer loop
      vertex 39.3262 55.461 0
      vertex 39.1713 55.3963 0.6
      vertex 39.3262 55.461 0.6
    endloop
  endfacet
  facet normal -0.385419 0.922742 0
    outer loop
      vertex 39.1713 55.3963 0.6
      vertex 39.3262 55.461 0
      vertex 39.1713 55.3963 0
    endloop
  endfacet
  facet normal -0.285012 0.958524 0
    outer loop
      vertex 39.1713 55.3963 0
      vertex 39.0018 55.3459 0.6
      vertex 39.1713 55.3963 0.6
    endloop
  endfacet
  facet normal -0.285012 0.958524 0
    outer loop
      vertex 39.0018 55.3459 0.6
      vertex 39.1713 55.3963 0
      vertex 39.0018 55.3459 0
    endloop
  endfacet
  facet normal -0.191811 0.981432 0
    outer loop
      vertex 39.0018 55.3459 0
      vertex 38.8176 55.3099 0.6
      vertex 39.0018 55.3459 0.6
    endloop
  endfacet
  facet normal -0.191811 0.981432 0
    outer loop
      vertex 38.8176 55.3099 0.6
      vertex 39.0018 55.3459 0
      vertex 38.8176 55.3099 0
    endloop
  endfacet
  facet normal -0.107963 0.994155 0
    outer loop
      vertex 38.8176 55.3099 0
      vertex 38.6187 55.2883 0.6
      vertex 38.8176 55.3099 0.6
    endloop
  endfacet
  facet normal -0.107963 0.994155 0
    outer loop
      vertex 38.6187 55.2883 0.6
      vertex 38.8176 55.3099 0
      vertex 38.6187 55.2883 0
    endloop
  endfacet
  facet normal -0.0336887 0.999432 0
    outer loop
      vertex 38.6187 55.2883 0
      vertex 38.4051 55.2811 0.6
      vertex 38.6187 55.2883 0.6
    endloop
  endfacet
  facet normal -0.0336887 0.999432 0
    outer loop
      vertex 38.4051 55.2811 0.6
      vertex 38.6187 55.2883 0
      vertex 38.4051 55.2811 0
    endloop
  endfacet
  facet normal 0.0357994 0.999359 -0
    outer loop
      vertex 38.4051 55.2811 0
      vertex 38.2069 55.2882 0.6
      vertex 38.4051 55.2811 0.6
    endloop
  endfacet
  facet normal 0.0357994 0.999359 0
    outer loop
      vertex 38.2069 55.2882 0.6
      vertex 38.4051 55.2811 0
      vertex 38.2069 55.2882 0
    endloop
  endfacet
  facet normal 0.114239 0.993453 -0
    outer loop
      vertex 38.2069 55.2882 0
      vertex 38.0208 55.3096 0.6
      vertex 38.2069 55.2882 0.6
    endloop
  endfacet
  facet normal 0.114239 0.993453 0
    outer loop
      vertex 38.0208 55.3096 0.6
      vertex 38.2069 55.2882 0
      vertex 38.0208 55.3096 0
    endloop
  endfacet
  facet normal 0.200667 0.97966 -0
    outer loop
      vertex 38.0208 55.3096 0
      vertex 37.847 55.3452 0.6
      vertex 38.0208 55.3096 0.6
    endloop
  endfacet
  facet normal 0.200667 0.97966 0
    outer loop
      vertex 37.847 55.3452 0.6
      vertex 38.0208 55.3096 0
      vertex 37.847 55.3452 0
    endloop
  endfacet
  facet normal 0.295208 0.955433 -0
    outer loop
      vertex 37.847 55.3452 0
      vertex 37.6855 55.3951 0.6
      vertex 37.847 55.3452 0.6
    endloop
  endfacet
  facet normal 0.295208 0.955433 0
    outer loop
      vertex 37.6855 55.3951 0.6
      vertex 37.847 55.3452 0
      vertex 37.6855 55.3951 0
    endloop
  endfacet
  facet normal 0.395033 0.918667 -0
    outer loop
      vertex 37.6855 55.3951 0
      vertex 37.5362 55.4593 0.6
      vertex 37.6855 55.3951 0.6
    endloop
  endfacet
  facet normal 0.395033 0.918667 0
    outer loop
      vertex 37.5362 55.4593 0.6
      vertex 37.6855 55.3951 0
      vertex 37.5362 55.4593 0
    endloop
  endfacet
  facet normal 0.496685 0.867931 -0
    outer loop
      vertex 37.5362 55.4593 0
      vertex 37.3992 55.5377 0.6
      vertex 37.5362 55.4593 0.6
    endloop
  endfacet
  facet normal 0.496685 0.867931 0
    outer loop
      vertex 37.3992 55.5377 0.6
      vertex 37.5362 55.4593 0
      vertex 37.3992 55.5377 0
    endloop
  endfacet
  facet normal 0.595874 0.803078 -0
    outer loop
      vertex 37.3992 55.5377 0
      vertex 37.2744 55.6303 0.6
      vertex 37.3992 55.5377 0.6
    endloop
  endfacet
  facet normal 0.595874 0.803078 0
    outer loop
      vertex 37.2744 55.6303 0.6
      vertex 37.3992 55.5377 0
      vertex 37.2744 55.6303 0
    endloop
  endfacet
  facet normal 0.688732 0.725016 -0
    outer loop
      vertex 37.2744 55.6303 0
      vertex 37.1625 55.7366 0.6
      vertex 37.2744 55.6303 0.6
    endloop
  endfacet
  facet normal 0.688732 0.725016 0
    outer loop
      vertex 37.1625 55.7366 0.6
      vertex 37.2744 55.6303 0
      vertex 37.1625 55.7366 0
    endloop
  endfacet
  facet normal 0.771294 0.636479 0
    outer loop
      vertex 37.1625 55.7366 0.6
      vertex 37.0643 55.8556 0
      vertex 37.0643 55.8556 0.6
    endloop
  endfacet
  facet normal 0.771294 0.636479 0
    outer loop
      vertex 37.0643 55.8556 0
      vertex 37.1625 55.7366 0.6
      vertex 37.1625 55.7366 0
    endloop
  endfacet
  facet normal 0.841924 0.539597 0
    outer loop
      vertex 37.0643 55.8556 0.6
      vertex 36.9797 55.9876 0
      vertex 36.9797 55.9876 0.6
    endloop
  endfacet
  facet normal 0.841924 0.539597 0
    outer loop
      vertex 36.9797 55.9876 0
      vertex 37.0643 55.8556 0.6
      vertex 37.0643 55.8556 0
    endloop
  endfacet
  facet normal 0.897873 0.440255 0
    outer loop
      vertex 36.9797 55.9876 0.6
      vertex 36.9087 56.1324 0
      vertex 36.9087 56.1324 0.6
    endloop
  endfacet
  facet normal 0.897873 0.440255 0
    outer loop
      vertex 36.9087 56.1324 0
      vertex 36.9797 55.9876 0.6
      vertex 36.9797 55.9876 0
    endloop
  endfacet
  facet normal 0.93988 0.341504 0
    outer loop
      vertex 36.9087 56.1324 0.6
      vertex 36.8514 56.2901 0
      vertex 36.8514 56.2901 0.6
    endloop
  endfacet
  facet normal 0.93988 0.341504 0
    outer loop
      vertex 36.8514 56.2901 0
      vertex 36.9087 56.1324 0.6
      vertex 36.9087 56.1324 0
    endloop
  endfacet
  facet normal 0.968723 0.248143 0
    outer loop
      vertex 36.8514 56.2901 0.6
      vertex 36.8077 56.4607 0
      vertex 36.8077 56.4607 0.6
    endloop
  endfacet
  facet normal 0.968723 0.248143 0
    outer loop
      vertex 36.8077 56.4607 0
      vertex 36.8514 56.2901 0.6
      vertex 36.8514 56.2901 0
    endloop
  endfacet
  facet normal 0.986798 0.161955 0
    outer loop
      vertex 36.8077 56.4607 0.6
      vertex 36.7776 56.6441 0
      vertex 36.7776 56.6441 0.6
    endloop
  endfacet
  facet normal 0.986798 0.161955 0
    outer loop
      vertex 36.7776 56.6441 0
      vertex 36.8077 56.4607 0.6
      vertex 36.8077 56.4607 0
    endloop
  endfacet
  facet normal 0.0564957 -0.998403 0
    outer loop
      vertex 36.7776 56.6441 0
      vertex 37.7372 56.6984 0.6
      vertex 36.7776 56.6441 0.6
    endloop
  endfacet
  facet normal 0.0564957 -0.998403 0
    outer loop
      vertex 37.7372 56.6984 0.6
      vertex 36.7776 56.6441 0
      vertex 37.7372 56.6984 0
    endloop
  endfacet
  facet normal -0.984947 -0.172855 0
    outer loop
      vertex 37.7531 56.6078 0
      vertex 37.7372 56.6984 0.6
      vertex 37.7372 56.6984 0
    endloop
  endfacet
  facet normal -0.984947 -0.172855 0
    outer loop
      vertex 37.7372 56.6984 0.6
      vertex 37.7531 56.6078 0
      vertex 37.7531 56.6078 0.6
    endloop
  endfacet
  facet normal -0.971423 -0.237356 0
    outer loop
      vertex 37.7736 56.5239 0
      vertex 37.7531 56.6078 0.6
      vertex 37.7531 56.6078 0
    endloop
  endfacet
  facet normal -0.971423 -0.237356 0
    outer loop
      vertex 37.7531 56.6078 0.6
      vertex 37.7736 56.5239 0
      vertex 37.7736 56.5239 0.6
    endloop
  endfacet
  facet normal -0.950635 -0.310311 0
    outer loop
      vertex 37.7988 56.4467 0
      vertex 37.7736 56.5239 0.6
      vertex 37.7736 56.5239 0
    endloop
  endfacet
  facet normal -0.950635 -0.310311 0
    outer loop
      vertex 37.7736 56.5239 0.6
      vertex 37.7988 56.4467 0
      vertex 37.7988 56.4467 0.6
    endloop
  endfacet
  facet normal -0.921562 -0.388232 0
    outer loop
      vertex 37.8285 56.3762 0
      vertex 37.7988 56.4467 0.6
      vertex 37.7988 56.4467 0
    endloop
  endfacet
  facet normal -0.921562 -0.388232 0
    outer loop
      vertex 37.7988 56.4467 0.6
      vertex 37.8285 56.3762 0
      vertex 37.8285 56.3762 0.6
    endloop
  endfacet
  facet normal -0.879629 -0.475661 0
    outer loop
      vertex 37.863 56.3124 0
      vertex 37.8285 56.3762 0.6
      vertex 37.8285 56.3762 0
    endloop
  endfacet
  facet normal -0.879629 -0.475661 0
    outer loop
      vertex 37.8285 56.3762 0.6
      vertex 37.863 56.3124 0
      vertex 37.863 56.3124 0.6
    endloop
  endfacet
  facet normal -0.825307 -0.564684 0
    outer loop
      vertex 37.902 56.2554 0
      vertex 37.863 56.3124 0.6
      vertex 37.863 56.3124 0
    endloop
  endfacet
  facet normal -0.825307 -0.564684 0
    outer loop
      vertex 37.863 56.3124 0.6
      vertex 37.902 56.2554 0
      vertex 37.902 56.2554 0.6
    endloop
  endfacet
  facet normal -0.755541 -0.655102 0
    outer loop
      vertex 37.9457 56.205 0
      vertex 37.902 56.2554 0.6
      vertex 37.902 56.2554 0
    endloop
  endfacet
  facet normal -0.755541 -0.655102 0
    outer loop
      vertex 37.902 56.2554 0.6
      vertex 37.9457 56.205 0
      vertex 37.9457 56.205 0.6
    endloop
  endfacet
  facet normal -0.664742 -0.747073 0
    outer loop
      vertex 37.9457 56.205 0
      vertex 37.9947 56.1614 0.6
      vertex 37.9457 56.205 0.6
    endloop
  endfacet
  facet normal -0.664742 -0.747073 -0
    outer loop
      vertex 37.9947 56.1614 0.6
      vertex 37.9457 56.205 0
      vertex 37.9947 56.1614 0
    endloop
  endfacet
  facet normal -0.558537 -0.82948 0
    outer loop
      vertex 37.9947 56.1614 0
      vertex 38.0495 56.1245 0.6
      vertex 37.9947 56.1614 0.6
    endloop
  endfacet
  facet normal -0.558537 -0.82948 -0
    outer loop
      vertex 38.0495 56.1245 0.6
      vertex 37.9947 56.1614 0
      vertex 38.0495 56.1245 0
    endloop
  endfacet
  facet normal -0.445443 -0.89531 0
    outer loop
      vertex 38.0495 56.1245 0
      vertex 38.1102 56.0943 0.6
      vertex 38.0495 56.1245 0.6
    endloop
  endfacet
  facet normal -0.445443 -0.89531 -0
    outer loop
      vertex 38.1102 56.0943 0.6
      vertex 38.0495 56.1245 0
      vertex 38.1102 56.0943 0
    endloop
  endfacet
  facet normal -0.332746 -0.943016 0
    outer loop
      vertex 38.1102 56.0943 0
      vertex 38.1768 56.0708 0.6
      vertex 38.1102 56.0943 0.6
    endloop
  endfacet
  facet normal -0.332746 -0.943016 -0
    outer loop
      vertex 38.1768 56.0708 0.6
      vertex 38.1102 56.0943 0
      vertex 38.1768 56.0708 0
    endloop
  endfacet
  facet normal -0.225743 -0.974187 0
    outer loop
      vertex 38.1768 56.0708 0
      vertex 38.2493 56.054 0.6
      vertex 38.1768 56.0708 0.6
    endloop
  endfacet
  facet normal -0.225743 -0.974187 -0
    outer loop
      vertex 38.2493 56.054 0.6
      vertex 38.1768 56.0708 0
      vertex 38.2493 56.054 0
    endloop
  endfacet
  facet normal -0.126526 -0.991963 0
    outer loop
      vertex 38.2493 56.054 0
      vertex 38.3277 56.044 0.6
      vertex 38.2493 56.054 0.6
    endloop
  endfacet
  facet normal -0.126526 -0.991963 -0
    outer loop
      vertex 38.3277 56.044 0.6
      vertex 38.2493 56.054 0
      vertex 38.3277 56.044 0
    endloop
  endfacet
  facet normal -0.0403472 -0.999186 0
    outer loop
      vertex 38.3277 56.044 0
      vertex 38.4119 56.0406 0.6
      vertex 38.3277 56.044 0.6
    endloop
  endfacet
  facet normal -0.0403472 -0.999186 -0
    outer loop
      vertex 38.4119 56.0406 0.6
      vertex 38.3277 56.044 0
      vertex 38.4119 56.0406 0
    endloop
  endfacet
  facet normal 0.0761008 -0.9971 0
    outer loop
      vertex 38.4119 56.0406 0
      vertex 38.5783 56.0533 0.6
      vertex 38.4119 56.0406 0.6
    endloop
  endfacet
  facet normal 0.0761008 -0.9971 0
    outer loop
      vertex 38.5783 56.0533 0.6
      vertex 38.4119 56.0406 0
      vertex 38.5783 56.0533 0
    endloop
  endfacet
  facet normal 0.261668 -0.965158 0
    outer loop
      vertex 38.5783 56.0533 0
      vertex 38.7192 56.0915 0.6
      vertex 38.5783 56.0533 0.6
    endloop
  endfacet
  facet normal 0.261668 -0.965158 0
    outer loop
      vertex 38.7192 56.0915 0.6
      vertex 38.5783 56.0533 0
      vertex 38.7192 56.0915 0
    endloop
  endfacet
  facet normal 0.4839 -0.875123 0
    outer loop
      vertex 38.7192 56.0915 0
      vertex 38.8344 56.1552 0.6
      vertex 38.7192 56.0915 0.6
    endloop
  endfacet
  facet normal 0.4839 -0.875123 0
    outer loop
      vertex 38.8344 56.1552 0.6
      vertex 38.7192 56.0915 0
      vertex 38.8344 56.1552 0
    endloop
  endfacet
  facet normal 0.705126 -0.709082 0
    outer loop
      vertex 38.8344 56.1552 0
      vertex 38.924 56.2443 0.6
      vertex 38.8344 56.1552 0.6
    endloop
  endfacet
  facet normal 0.705126 -0.709082 0
    outer loop
      vertex 38.924 56.2443 0.6
      vertex 38.8344 56.1552 0
      vertex 38.924 56.2443 0
    endloop
  endfacet
  facet normal 0.873077 -0.487582 0
    outer loop
      vertex 38.924 56.2443 0.6
      vertex 38.988 56.3589 0
      vertex 38.988 56.3589 0.6
    endloop
  endfacet
  facet normal 0.873077 -0.487582 0
    outer loop
      vertex 38.988 56.3589 0
      vertex 38.924 56.2443 0.6
      vertex 38.924 56.2443 0
    endloop
  endfacet
  facet normal 0.964429 -0.26434 0
    outer loop
      vertex 38.988 56.3589 0.6
      vertex 39.0264 56.499 0
      vertex 39.0264 56.499 0.6
    endloop
  endfacet
  facet normal 0.964429 -0.26434 0
    outer loop
      vertex 39.0264 56.499 0
      vertex 38.988 56.3589 0.6
      vertex 38.988 56.3589 0
    endloop
  endfacet
  facet normal 0.997023 -0.0771111 0
    outer loop
      vertex 39.0264 56.499 0.6
      vertex 39.0392 56.6645 0
      vertex 39.0392 56.6645 0.6
    endloop
  endfacet
  facet normal 0.997023 -0.0771111 0
    outer loop
      vertex 39.0392 56.6645 0
      vertex 39.0264 56.499 0.6
      vertex 39.0264 56.499 0
    endloop
  endfacet
  facet normal 0.998422 0.0561527 0
    outer loop
      vertex 39.0392 56.6645 0.6
      vertex 39.0351 56.7374 0
      vertex 39.0351 56.7374 0.6
    endloop
  endfacet
  facet normal 0.998422 0.0561527 0
    outer loop
      vertex 39.0351 56.7374 0
      vertex 39.0392 56.6645 0.6
      vertex 39.0392 56.6645 0
    endloop
  endfacet
  facet normal 0.985954 0.167019 0
    outer loop
      vertex 39.0351 56.7374 0.6
      vertex 39.0227 56.8106 0
      vertex 39.0227 56.8106 0.6
    endloop
  endfacet
  facet normal 0.985954 0.167019 0
    outer loop
      vertex 39.0227 56.8106 0
      vertex 39.0351 56.7374 0.6
      vertex 39.0351 56.7374 0
    endloop
  endfacet
  facet normal 0.963086 0.269194 0
    outer loop
      vertex 39.0227 56.8106 0.6
      vertex 39.0021 56.8843 0
      vertex 39.0021 56.8843 0.6
    endloop
  endfacet
  facet normal 0.963086 0.269194 0
    outer loop
      vertex 39.0021 56.8843 0
      vertex 39.0227 56.8106 0.6
      vertex 39.0227 56.8106 0
    endloop
  endfacet
  facet normal 0.932075 0.362264 0
    outer loop
      vertex 39.0021 56.8843 0.6
      vertex 38.9733 56.9584 0
      vertex 38.9733 56.9584 0.6
    endloop
  endfacet
  facet normal 0.932075 0.362264 0
    outer loop
      vertex 38.9733 56.9584 0
      vertex 39.0021 56.8843 0.6
      vertex 39.0021 56.8843 0
    endloop
  endfacet
  facet normal 0.895864 0.444329 0
    outer loop
      vertex 38.9733 56.9584 0.6
      vertex 38.9363 57.033 0
      vertex 38.9363 57.033 0.6
    endloop
  endfacet
  facet normal 0.895864 0.444329 0
    outer loop
      vertex 38.9363 57.033 0
      vertex 38.9733 56.9584 0.6
      vertex 38.9733 56.9584 0
    endloop
  endfacet
  facet normal 0.855673 0.517517 0
    outer loop
      vertex 38.9363 57.033 0.6
      vertex 38.891 57.1079 0
      vertex 38.891 57.1079 0.6
    endloop
  endfacet
  facet normal 0.855673 0.517517 0
    outer loop
      vertex 38.891 57.1079 0
      vertex 38.9363 57.033 0.6
      vertex 38.9363 57.033 0
    endloop
  endfacet
  facet normal 0.814683 0.579907 0
    outer loop
      vertex 38.891 57.1079 0.6
      vertex 38.8374 57.1832 0
      vertex 38.8374 57.1832 0.6
    endloop
  endfacet
  facet normal 0.814683 0.579907 0
    outer loop
      vertex 38.8374 57.1832 0
      vertex 38.891 57.1079 0.6
      vertex 38.891 57.1079 0
    endloop
  endfacet
  facet normal 0.776507 0.630108 0
    outer loop
      vertex 38.8374 57.1832 0.6
      vertex 38.7737 57.2617 0
      vertex 38.7737 57.2617 0.6
    endloop
  endfacet
  facet normal 0.776507 0.630108 0
    outer loop
      vertex 38.7737 57.2617 0
      vertex 38.8374 57.1832 0.6
      vertex 38.8374 57.1832 0
    endloop
  endfacet
  facet normal 0.742724 0.669597 0
    outer loop
      vertex 38.7737 57.2617 0.6
      vertex 38.6977 57.346 0
      vertex 38.6977 57.346 0.6
    endloop
  endfacet
  facet normal 0.742724 0.669597 0
    outer loop
      vertex 38.6977 57.346 0
      vertex 38.7737 57.2617 0.6
      vertex 38.7737 57.2617 0
    endloop
  endfacet
  facet normal 0.714205 0.699937 0
    outer loop
      vertex 38.6977 57.346 0.6
      vertex 38.6094 57.4361 0
      vertex 38.6094 57.4361 0.6
    endloop
  endfacet
  facet normal 0.714205 0.699937 0
    outer loop
      vertex 38.6094 57.4361 0
      vertex 38.6977 57.346 0.6
      vertex 38.6977 57.346 0
    endloop
  endfacet
  facet normal 0.690356 0.72347 -0
    outer loop
      vertex 38.6094 57.4361 0
      vertex 38.5089 57.532 0.6
      vertex 38.6094 57.4361 0.6
    endloop
  endfacet
  facet normal 0.690356 0.72347 0
    outer loop
      vertex 38.5089 57.532 0.6
      vertex 38.6094 57.4361 0
      vertex 38.5089 57.532 0
    endloop
  endfacet
  facet normal 0.669947 0.742409 -0
    outer loop
      vertex 38.5089 57.532 0
      vertex 38.3962 57.6337 0.6
      vertex 38.5089 57.532 0.6
    endloop
  endfacet
  facet normal 0.669947 0.742409 0
    outer loop
      vertex 38.3962 57.6337 0.6
      vertex 38.5089 57.532 0
      vertex 38.3962 57.6337 0
    endloop
  endfacet
  facet normal 0.651739 0.758443 -0
    outer loop
      vertex 38.3962 57.6337 0
      vertex 38.2711 57.7412 0.6
      vertex 38.3962 57.6337 0.6
    endloop
  endfacet
  facet normal 0.651739 0.758443 0
    outer loop
      vertex 38.2711 57.7412 0.6
      vertex 38.3962 57.6337 0
      vertex 38.2711 57.7412 0
    endloop
  endfacet
  facet normal 0.637085 0.770794 -0
    outer loop
      vertex 38.2711 57.7412 0
      vertex 38.1339 57.8546 0.6
      vertex 38.2711 57.7412 0.6
    endloop
  endfacet
  facet normal 0.637085 0.770794 0
    outer loop
      vertex 38.1339 57.8546 0.6
      vertex 38.2711 57.7412 0
      vertex 38.1339 57.8546 0
    endloop
  endfacet
  facet normal 0.637264 0.770645 -0
    outer loop
      vertex 38.1339 57.8546 0
      vertex 37.9883 57.975 0.6
      vertex 38.1339 57.8546 0.6
    endloop
  endfacet
  facet normal 0.637264 0.770645 0
    outer loop
      vertex 37.9883 57.975 0.6
      vertex 38.1339 57.8546 0
      vertex 37.9883 57.975 0
    endloop
  endfacet
  facet normal 0.652235 0.758017 -0
    outer loop
      vertex 37.9883 57.975 0
      vertex 37.85 58.094 0.6
      vertex 37.9883 57.975 0.6
    endloop
  endfacet
  facet normal 0.652235 0.758017 0
    outer loop
      vertex 37.85 58.094 0.6
      vertex 37.9883 57.975 0
      vertex 37.85 58.094 0
    endloop
  endfacet
  facet normal 0.668023 0.744141 -0
    outer loop
      vertex 37.85 58.094 0
      vertex 37.719 58.2116 0.6
      vertex 37.85 58.094 0.6
    endloop
  endfacet
  facet normal 0.668023 0.744141 0
    outer loop
      vertex 37.719 58.2116 0.6
      vertex 37.85 58.094 0
      vertex 37.719 58.2116 0
    endloop
  endfacet
  facet normal 0.684979 0.728563 -0
    outer loop
      vertex 37.719 58.2116 0
      vertex 37.5953 58.3279 0.6
      vertex 37.719 58.2116 0.6
    endloop
  endfacet
  facet normal 0.684979 0.728563 0
    outer loop
      vertex 37.5953 58.3279 0.6
      vertex 37.719 58.2116 0
      vertex 37.5953 58.3279 0
    endloop
  endfacet
  facet normal 0.701891 0.712285 -0
    outer loop
      vertex 37.5953 58.3279 0
      vertex 37.4788 58.4427 0.6
      vertex 37.5953 58.3279 0.6
    endloop
  endfacet
  facet normal 0.701891 0.712285 0
    outer loop
      vertex 37.4788 58.4427 0.6
      vertex 37.5953 58.3279 0
      vertex 37.4788 58.4427 0
    endloop
  endfacet
  facet normal 0.720308 0.693654 0
    outer loop
      vertex 37.4788 58.4427 0.6
      vertex 37.3695 58.5562 0
      vertex 37.3695 58.5562 0.6
    endloop
  endfacet
  facet normal 0.720308 0.693654 0
    outer loop
      vertex 37.3695 58.5562 0
      vertex 37.4788 58.4427 0.6
      vertex 37.4788 58.4427 0
    endloop
  endfacet
  facet normal 0.73997 0.67264 0
    outer loop
      vertex 37.3695 58.5562 0.6
      vertex 37.2676 58.6683 0
      vertex 37.2676 58.6683 0.6
    endloop
  endfacet
  facet normal 0.73997 0.67264 0
    outer loop
      vertex 37.2676 58.6683 0
      vertex 37.3695 58.5562 0.6
      vertex 37.3695 58.5562 0
    endloop
  endfacet
  facet normal 0.761704 0.647925 0
    outer loop
      vertex 37.2676 58.6683 0.6
      vertex 37.1725 58.7801 0
      vertex 37.1725 58.7801 0.6
    endloop
  endfacet
  facet normal 0.761704 0.647925 0
    outer loop
      vertex 37.1725 58.7801 0
      vertex 37.2676 58.6683 0.6
      vertex 37.2676 58.6683 0
    endloop
  endfacet
  facet normal 0.78581 0.618468 0
    outer loop
      vertex 37.1725 58.7801 0.6
      vertex 37.0838 58.8928 0
      vertex 37.0838 58.8928 0.6
    endloop
  endfacet
  facet normal 0.78581 0.618468 0
    outer loop
      vertex 37.0838 58.8928 0
      vertex 37.1725 58.7801 0.6
      vertex 37.1725 58.7801 0
    endloop
  endfacet
  facet normal 0.809907 0.586558 0
    outer loop
      vertex 37.0838 58.8928 0.6
      vertex 37.0016 59.0063 0
      vertex 37.0016 59.0063 0.6
    endloop
  endfacet
  facet normal 0.809907 0.586558 0
    outer loop
      vertex 37.0016 59.0063 0
      vertex 37.0838 58.8928 0.6
      vertex 37.0838 58.8928 0
    endloop
  endfacet
  facet normal 0.833394 0.552679 0
    outer loop
      vertex 37.0016 59.0063 0.6
      vertex 36.9258 59.1206 0
      vertex 36.9258 59.1206 0.6
    endloop
  endfacet
  facet normal 0.833394 0.552679 0
    outer loop
      vertex 36.9258 59.1206 0
      vertex 37.0016 59.0063 0.6
      vertex 37.0016 59.0063 0
    endloop
  endfacet
  facet normal 0.856375 0.516355 0
    outer loop
      vertex 36.9258 59.1206 0.6
      vertex 36.8564 59.2357 0
      vertex 36.8564 59.2357 0.6
    endloop
  endfacet
  facet normal 0.856375 0.516355 0
    outer loop
      vertex 36.8564 59.2357 0
      vertex 36.9258 59.1206 0.6
      vertex 36.9258 59.1206 0
    endloop
  endfacet
  facet normal 0.87908 0.476674 0
    outer loop
      vertex 36.8564 59.2357 0.6
      vertex 36.7935 59.3517 0
      vertex 36.7935 59.3517 0.6
    endloop
  endfacet
  facet normal 0.87908 0.476674 0
    outer loop
      vertex 36.7935 59.3517 0
      vertex 36.8564 59.2357 0.6
      vertex 36.8564 59.2357 0
    endloop
  endfacet
  facet normal 0.900208 0.43546 0
    outer loop
      vertex 36.7935 59.3517 0.6
      vertex 36.737 59.4685 0
      vertex 36.737 59.4685 0.6
    endloop
  endfacet
  facet normal 0.900208 0.43546 0
    outer loop
      vertex 36.737 59.4685 0
      vertex 36.7935 59.3517 0.6
      vertex 36.7935 59.3517 0
    endloop
  endfacet
  facet normal 1 -0 0
    outer loop
      vertex 36.737 59.4685 0.6
      vertex 36.737 60.1297 0
      vertex 36.737 60.1297 0.6
    endloop
  endfacet
  facet normal 1 0 0
    outer loop
      vertex 36.737 60.1297 0
      vertex 36.737 59.4685 0.6
      vertex 36.737 59.4685 0
    endloop
  endfacet
  facet normal 0 -1 0
    outer loop
      vertex 36.737 60.1297 0
      vertex 40.0801 60.1297 0.6
      vertex 36.737 60.1297 0.6
    endloop
  endfacet
  facet normal 0 -1 -0
    outer loop
      vertex 40.0801 60.1297 0.6
      vertex 36.737 60.1297 0
      vertex 40.0801 60.1297 0
    endloop
  endfacet
  facet normal -1 0 0
    outer loop
      vertex 40.0801 59.3464 0
      vertex 40.0801 60.1297 0.6
      vertex 40.0801 60.1297 0
    endloop
  endfacet
  facet normal -1 -0 0
    outer loop
      vertex 40.0801 60.1297 0.6
      vertex 40.0801 59.3464 0
      vertex 40.0801 59.3464 0.6
    endloop
  endfacet
  facet normal 0 -1 0
    outer loop
      vertex 20.9969 58.3157 0
      vertex 22.17 58.3157 0.6
      vertex 20.9969 58.3157 0.6
    endloop
  endfacet
  facet normal 0 -1 -0
    outer loop
      vertex 22.17 58.3157 0.6
      vertex 20.9969 58.3157 0
      vertex 22.17 58.3157 0
    endloop
  endfacet
  facet normal 0.853231 -0.521534 0
    outer loop
      vertex 22.17 58.3157 0.6
      vertex 23.2788 60.1297 0
      vertex 23.2788 60.1297 0.6
    endloop
  endfacet
  facet normal 0.853231 -0.521534 0
    outer loop
      vertex 23.2788 60.1297 0
      vertex 22.17 58.3157 0.6
      vertex 22.17 58.3157 0
    endloop
  endfacet
  facet normal 0 -1 0
    outer loop
      vertex 23.2788 60.1297 0
      vertex 24.4045 60.1297 0.6
      vertex 23.2788 60.1297 0.6
    endloop
  endfacet
  facet normal 0 -1 -0
    outer loop
      vertex 24.4045 60.1297 0.6
      vertex 23.2788 60.1297 0
      vertex 24.4045 60.1297 0
    endloop
  endfacet
  facet normal -0.840894 0.5412 0
    outer loop
      vertex 23.1126 58.1224 0
      vertex 24.4045 60.1297 0.6
      vertex 24.4045 60.1297 0
    endloop
  endfacet
  facet normal -0.840894 0.5412 0
    outer loop
      vertex 24.4045 60.1297 0.6
      vertex 23.1126 58.1224 0
      vertex 23.1126 58.1224 0.6
    endloop
  endfacet
  facet normal -0.271885 -0.96233 0
    outer loop
      vertex 23.1126 58.1224 0
      vertex 23.2471 58.0844 0.6
      vertex 23.1126 58.1224 0.6
    endloop
  endfacet
  facet normal -0.271885 -0.96233 -0
    outer loop
      vertex 23.2471 58.0844 0.6
      vertex 23.1126 58.1224 0
      vertex 23.2471 58.0844 0
    endloop
  endfacet
  facet normal -0.356549 -0.934277 0
    outer loop
      vertex 23.2471 58.0844 0
      vertex 23.3734 58.0362 0.6
      vertex 23.2471 58.0844 0.6
    endloop
  endfacet
  facet normal -0.356549 -0.934277 -0
    outer loop
      vertex 23.3734 58.0362 0.6
      vertex 23.2471 58.0844 0
      vertex 23.3734 58.0362 0
    endloop
  endfacet
  facet normal -0.443262 -0.896392 0
    outer loop
      vertex 23.3734 58.0362 0
      vertex 23.4915 57.9778 0.6
      vertex 23.3734 58.0362 0.6
    endloop
  endfacet
  facet normal -0.443262 -0.896392 -0
    outer loop
      vertex 23.4915 57.9778 0.6
      vertex 23.3734 58.0362 0
      vertex 23.4915 57.9778 0
    endloop
  endfacet
  facet normal -0.528957 -0.848648 0
    outer loop
      vertex 23.4915 57.9778 0
      vertex 23.6014 57.9093 0.6
      vertex 23.4915 57.9778 0.6
    endloop
  endfacet
  facet normal -0.528957 -0.848648 -0
    outer loop
      vertex 23.6014 57.9093 0.6
      vertex 23.4915 57.9778 0
      vertex 23.6014 57.9093 0
    endloop
  endfacet
  facet normal -0.611624 -0.791148 0
    outer loop
      vertex 23.6014 57.9093 0
      vertex 23.7032 57.8306 0.6
      vertex 23.6014 57.9093 0.6
    endloop
  endfacet
  facet normal -0.611624 -0.791148 -0
    outer loop
      vertex 23.7032 57.8306 0.6
      vertex 23.6014 57.9093 0
      vertex 23.7032 57.8306 0
    endloop
  endfacet
  facet normal -0.688668 -0.725077 0
    outer loop
      vertex 23.7032 57.8306 0
      vertex 23.7968 57.7417 0.6
      vertex 23.7032 57.8306 0.6
    endloop
  endfacet
  facet normal -0.688668 -0.725077 -0
    outer loop
      vertex 23.7968 57.7417 0.6
      vertex 23.7032 57.8306 0
      vertex 23.7968 57.7417 0
    endloop
  endfacet
  facet normal -0.756823 -0.65362 0
    outer loop
      vertex 23.8823 57.6427 0
      vertex 23.7968 57.7417 0.6
      vertex 23.7968 57.7417 0
    endloop
  endfacet
  facet normal -0.756823 -0.65362 0
    outer loop
      vertex 23.7968 57.7417 0.6
      vertex 23.8823 57.6427 0
      vertex 23.8823 57.6427 0.6
    endloop
  endfacet
  facet normal -0.816714 -0.577043 0
    outer loop
      vertex 23.9579 57.5357 0
      vertex 23.8823 57.6427 0.6
      vertex 23.8823 57.6427 0
    endloop
  endfacet
  facet normal -0.816714 -0.577043 0
    outer loop
      vertex 23.8823 57.6427 0.6
      vertex 23.9579 57.5357 0
      vertex 23.9579 57.5357 0.6
    endloop
  endfacet
  facet normal -0.869524 -0.49389 0
    outer loop
      vertex 24.0218 57.4232 0
      vertex 23.9579 57.5357 0.6
      vertex 23.9579 57.5357 0
    endloop
  endfacet
  facet normal -0.869524 -0.49389 0
    outer loop
      vertex 23.9579 57.5357 0.6
      vertex 24.0218 57.4232 0
      vertex 24.0218 57.4232 0.6
    endloop
  endfacet
  facet normal -0.91448 -0.40463 0
    outer loop
      vertex 24.0741 57.305 0
      vertex 24.0218 57.4232 0.6
      vertex 24.0218 57.4232 0
    endloop
  endfacet
  facet normal -0.91448 -0.40463 0
    outer loop
      vertex 24.0218 57.4232 0.6
      vertex 24.0741 57.305 0
      vertex 24.0741 57.305 0.6
    endloop
  endfacet
  facet normal -0.949905 -0.312539 0
    outer loop
      vertex 24.1148 57.1813 0
      vertex 24.0741 57.305 0.6
      vertex 24.0741 57.305 0
    endloop
  endfacet
  facet normal -0.949905 -0.312539 0
    outer loop
      vertex 24.0741 57.305 0.6
      vertex 24.1148 57.1813 0
      vertex 24.1148 57.1813 0.6
    endloop
  endfacet
  facet normal -0.975634 -0.219405 0
    outer loop
      vertex 24.1439 57.0519 0
      vertex 24.1148 57.1813 0.6
      vertex 24.1148 57.1813 0
    endloop
  endfacet
  facet normal -0.975634 -0.219405 0
    outer loop
      vertex 24.1148 57.1813 0.6
      vertex 24.1439 57.0519 0
      vertex 24.1439 57.0519 0.6
    endloop
  endfacet
  facet normal -0.991796 -0.127831 0
    outer loop
      vertex 24.1613 56.9169 0
      vertex 24.1439 57.0519 0.6
      vertex 24.1439 57.0519 0
    endloop
  endfacet
  facet normal -0.991796 -0.127831 0
    outer loop
      vertex 24.1439 57.0519 0.6
      vertex 24.1613 56.9169 0
      vertex 24.1613 56.9169 0.6
    endloop
  endfacet
  facet normal -0.99915 -0.0412167 0
    outer loop
      vertex 24.1671 56.7763 0
      vertex 24.1613 56.9169 0.6
      vertex 24.1613 56.9169 0
    endloop
  endfacet
  facet normal -0.99915 -0.0412167 0
    outer loop
      vertex 24.1613 56.9169 0.6
      vertex 24.1671 56.7763 0
      vertex 24.1671 56.7763 0.6
    endloop
  endfacet
  facet normal -0.99878 0.0493873 0
    outer loop
      vertex 24.1577 56.5862 0
      vertex 24.1671 56.7763 0.6
      vertex 24.1671 56.7763 0
    endloop
  endfacet
  facet normal -0.99878 0.0493873 0
    outer loop
      vertex 24.1671 56.7763 0.6
      vertex 24.1577 56.5862 0
      vertex 24.1577 56.5862 0.6
    endloop
  endfacet
  facet normal -0.987284 0.158969 0
    outer loop
      vertex 24.1292 56.4092 0
      vertex 24.1577 56.5862 0.6
      vertex 24.1577 56.5862 0
    endloop
  endfacet
  facet normal -0.987284 0.158969 0
    outer loop
      vertex 24.1577 56.5862 0.6
      vertex 24.1292 56.4092 0
      vertex 24.1292 56.4092 0.6
    endloop
  endfacet
  facet normal -0.960679 0.27766 0
    outer loop
      vertex 24.0818 56.2452 0
      vertex 24.1292 56.4092 0.6
      vertex 24.1292 56.4092 0
    endloop
  endfacet
  facet normal -0.960679 0.27766 0
    outer loop
      vertex 24.1292 56.4092 0.6
      vertex 24.0818 56.2452 0
      vertex 24.0818 56.2452 0.6
    endloop
  endfacet
  facet normal -0.915208 0.402983 0
    outer loop
      vertex 24.0154 56.0944 0
      vertex 24.0818 56.2452 0.6
      vertex 24.0818 56.2452 0
    endloop
  endfacet
  facet normal -0.915208 0.402983 0
    outer loop
      vertex 24.0818 56.2452 0.6
      vertex 24.0154 56.0944 0
      vertex 24.0154 56.0944 0.6
    endloop
  endfacet
  facet normal -0.850278 0.526333 0
    outer loop
      vertex 23.9301 55.9566 0
      vertex 24.0154 56.0944 0.6
      vertex 24.0154 56.0944 0
    endloop
  endfacet
  facet normal -0.850278 0.526333 0
    outer loop
      vertex 24.0154 56.0944 0.6
      vertex 23.9301 55.9566 0
      vertex 23.9301 55.9566 0.6
    endloop
  endfacet
  facet normal -0.767313 0.641272 0
    outer loop
      vertex 23.8258 55.8318 0
      vertex 23.9301 55.9566 0.6
      vertex 23.9301 55.9566 0
    endloop
  endfacet
  facet normal -0.767313 0.641272 0
    outer loop
      vertex 23.9301 55.9566 0.6
      vertex 23.8258 55.8318 0
      vertex 23.8258 55.8318 0.6
    endloop
  endfacet
  facet normal -0.671354 0.741137 0
    outer loop
      vertex 23.8258 55.8318 0
      vertex 23.7026 55.7202 0.6
      vertex 23.8258 55.8318 0.6
    endloop
  endfacet
  facet normal -0.671354 0.741137 0
    outer loop
      vertex 23.7026 55.7202 0.6
      vertex 23.8258 55.8318 0
      vertex 23.7026 55.7202 0
    endloop
  endfacet
  facet normal -0.569969 0.821666 0
    outer loop
      vertex 23.7026 55.7202 0
      vertex 23.5619 55.6226 0.6
      vertex 23.7026 55.7202 0.6
    endloop
  endfacet
  facet normal -0.569969 0.821666 0
    outer loop
      vertex 23.5619 55.6226 0.6
      vertex 23.7026 55.7202 0
      vertex 23.5619 55.6226 0
    endloop
  endfacet
  facet normal -0.466538 0.884501 0
    outer loop
      vertex 23.5619 55.6226 0
      vertex 23.4053 55.54 0.6
      vertex 23.5619 55.6226 0.6
    endloop
  endfacet
  facet normal -0.466538 0.884501 0
    outer loop
      vertex 23.4053 55.54 0.6
      vertex 23.5619 55.6226 0
      vertex 23.4053 55.54 0
    endloop
  endfacet
  facet normal -0.364867 0.93106 0
    outer loop
      vertex 23.4053 55.54 0
      vertex 23.2328 55.4724 0.6
      vertex 23.4053 55.54 0.6
    endloop
  endfacet
  facet normal -0.364867 0.93106 0
    outer loop
      vertex 23.2328 55.4724 0.6
      vertex 23.4053 55.54 0
      vertex 23.2328 55.4724 0
    endloop
  endfacet
  facet normal -0.268435 0.963298 0
    outer loop
      vertex 23.2328 55.4724 0
      vertex 23.0444 55.4199 0.6
      vertex 23.2328 55.4724 0.6
    endloop
  endfacet
  facet normal -0.268435 0.963298 0
    outer loop
      vertex 23.0444 55.4199 0.6
      vertex 23.2328 55.4724 0
      vertex 23.0444 55.4199 0
    endloop
  endfacet
  facet normal -0.181003 0.983483 0
    outer loop
      vertex 23.0444 55.4199 0
      vertex 22.8401 55.3823 0.6
      vertex 23.0444 55.4199 0.6
    endloop
  endfacet
  facet normal -0.181003 0.983483 0
    outer loop
      vertex 22.8401 55.3823 0.6
      vertex 23.0444 55.4199 0
      vertex 22.8401 55.3823 0
    endloop
  endfacet
  facet normal -0.101605 0.994825 0
    outer loop
      vertex 22.8401 55.3823 0
      vertex 22.6198 55.3598 0.6
      vertex 22.8401 55.3823 0.6
    endloop
  endfacet
  facet normal -0.101605 0.994825 0
    outer loop
      vertex 22.6198 55.3598 0.6
      vertex 22.8401 55.3823 0
      vertex 22.6198 55.3598 0
    endloop
  endfacet
  facet normal -0.0317368 0.999496 0
    outer loop
      vertex 22.6198 55.3598 0
      vertex 22.3836 55.3523 0.6
      vertex 22.6198 55.3598 0.6
    endloop
  endfacet
  facet normal -0.0317368 0.999496 0
    outer loop
      vertex 22.3836 55.3523 0.6
      vertex 22.6198 55.3598 0
      vertex 22.3836 55.3523 0
    endloop
  endfacet
  facet normal 0 1 -0
    outer loop
      vertex 22.3836 55.3523 0
      vertex 19.9966 55.3523 0.6
      vertex 22.3836 55.3523 0.6
    endloop
  endfacet
  facet normal 0 1 0
    outer loop
      vertex 19.9966 55.3523 0.6
      vertex 22.3836 55.3523 0
      vertex 19.9966 55.3523 0
    endloop
  endfacet
  facet normal 1 -0 0
    outer loop
      vertex 19.9966 55.3523 0.6
      vertex 19.9966 60.1297 0
      vertex 19.9966 60.1297 0.6
    endloop
  endfacet
  facet normal 1 0 0
    outer loop
      vertex 19.9966 60.1297 0
      vertex 19.9966 55.3523 0.6
      vertex 19.9966 55.3523 0
    endloop
  endfacet
  facet normal 0 -1 0
    outer loop
      vertex 19.9966 60.1297 0
      vertex 20.9969 60.1297 0.6
      vertex 19.9966 60.1297 0.6
    endloop
  endfacet
  facet normal 0 -1 -0
    outer loop
      vertex 20.9969 60.1297 0.6
      vertex 19.9966 60.1297 0
      vertex 20.9969 60.1297 0
    endloop
  endfacet
  facet normal -1 0 0
    outer loop
      vertex 20.9969 58.3157 0
      vertex 20.9969 60.1297 0.6
      vertex 20.9969 60.1297 0
    endloop
  endfacet
  facet normal -1 -0 0
    outer loop
      vertex 20.9969 60.1297 0.6
      vertex 20.9969 58.3157 0
      vertex 20.9969 58.3157 0.6
    endloop
  endfacet
  facet normal -1 0 0
    outer loop
      vertex 20.9969 56.1287 0
      vertex 20.9969 57.5392 0.6
      vertex 20.9969 57.5392 0
    endloop
  endfacet
  facet normal -1 -0 0
    outer loop
      vertex 20.9969 57.5392 0.6
      vertex 20.9969 56.1287 0
      vertex 20.9969 56.1287 0.6
    endloop
  endfacet
  facet normal 0 -1 0
    outer loop
      vertex 20.9969 56.1287 0
      vertex 22.2785 56.1287 0.6
      vertex 20.9969 56.1287 0.6
    endloop
  endfacet
  facet normal 0 -1 -0
    outer loop
      vertex 22.2785 56.1287 0.6
      vertex 20.9969 56.1287 0
      vertex 22.2785 56.1287 0
    endloop
  endfacet
  facet normal 0.0601729 -0.998188 0
    outer loop
      vertex 22.2785 56.1287 0
      vertex 22.5124 56.1428 0.6
      vertex 22.2785 56.1287 0.6
    endloop
  endfacet
  facet normal 0.0601729 -0.998188 0
    outer loop
      vertex 22.5124 56.1428 0.6
      vertex 22.2785 56.1287 0
      vertex 22.5124 56.1428 0
    endloop
  endfacet
  facet normal 0.208077 -0.978112 0
    outer loop
      vertex 22.5124 56.1428 0
      vertex 22.7103 56.1849 0.6
      vertex 22.5124 56.1428 0.6
    endloop
  endfacet
  facet normal 0.208077 -0.978112 0
    outer loop
      vertex 22.7103 56.1849 0.6
      vertex 22.5124 56.1428 0
      vertex 22.7103 56.1849 0
    endloop
  endfacet
  facet normal 0.398291 -0.917259 0
    outer loop
      vertex 22.7103 56.1849 0
      vertex 22.8722 56.2552 0.6
      vertex 22.7103 56.1849 0.6
    endloop
  endfacet
  facet normal 0.398291 -0.917259 0
    outer loop
      vertex 22.8722 56.2552 0.6
      vertex 22.7103 56.1849 0
      vertex 22.8722 56.2552 0
    endloop
  endfacet
  facet normal 0.61511 -0.788442 0
    outer loop
      vertex 22.8722 56.2552 0
      vertex 22.9982 56.3535 0.6
      vertex 22.8722 56.2552 0.6
    endloop
  endfacet
  facet normal 0.61511 -0.788442 0
    outer loop
      vertex 22.9982 56.3535 0.6
      vertex 22.8722 56.2552 0
      vertex 22.9982 56.3535 0
    endloop
  endfacet
  facet normal 0.814908 -0.57959 0
    outer loop
      vertex 22.9982 56.3535 0.6
      vertex 23.0881 56.4799 0
      vertex 23.0881 56.4799 0.6
    endloop
  endfacet
  facet normal 0.814908 -0.57959 0
    outer loop
      vertex 23.0881 56.4799 0
      vertex 22.9982 56.3535 0.6
      vertex 22.9982 56.3535 0
    endloop
  endfacet
  facet normal 0.944001 -0.329942 0
    outer loop
      vertex 23.0881 56.4799 0.6
      vertex 23.1421 56.6344 0
      vertex 23.1421 56.6344 0.6
    endloop
  endfacet
  facet normal 0.944001 -0.329942 0
    outer loop
      vertex 23.1421 56.6344 0
      vertex 23.0881 56.4799 0.6
      vertex 23.0881 56.4799 0
    endloop
  endfacet
  facet normal 0.995176 -0.0981006 0
    outer loop
      vertex 23.1421 56.6344 0.6
      vertex 23.1601 56.817 0
      vertex 23.1601 56.817 0.6
    endloop
  endfacet
  facet normal 0.995176 -0.0981006 0
    outer loop
      vertex 23.1601 56.817 0
      vertex 23.1421 56.6344 0.6
      vertex 23.1421 56.6344 0
    endloop
  endfacet
  facet normal 0.998925 0.0463636 0
    outer loop
      vertex 23.1601 56.817 0.6
      vertex 23.1557 56.9118 0
      vertex 23.1557 56.9118 0.6
    endloop
  endfacet
  facet normal 0.998925 0.0463636 0
    outer loop
      vertex 23.1557 56.9118 0
      vertex 23.1601 56.817 0.6
      vertex 23.1601 56.817 0
    endloop
  endfacet
  facet normal 0.988895 0.148614 0
    outer loop
      vertex 23.1557 56.9118 0.6
      vertex 23.1424 57.0003 0
      vertex 23.1424 57.0003 0.6
    endloop
  endfacet
  facet normal 0.988895 0.148614 0
    outer loop
      vertex 23.1424 57.0003 0
      vertex 23.1557 56.9118 0.6
      vertex 23.1557 56.9118 0
    endloop
  endfacet
  facet normal 0.965411 0.260732 0
    outer loop
      vertex 23.1424 57.0003 0.6
      vertex 23.1202 57.0825 0
      vertex 23.1202 57.0825 0.6
    endloop
  endfacet
  facet normal 0.965411 0.260732 0
    outer loop
      vertex 23.1202 57.0825 0
      vertex 23.1424 57.0003 0.6
      vertex 23.1424 57.0003 0
    endloop
  endfacet
  facet normal 0.926108 0.377258 0
    outer loop
      vertex 23.1202 57.0825 0.6
      vertex 23.0892 57.1586 0
      vertex 23.0892 57.1586 0.6
    endloop
  endfacet
  facet normal 0.926108 0.377258 0
    outer loop
      vertex 23.0892 57.1586 0
      vertex 23.1202 57.0825 0.6
      vertex 23.1202 57.0825 0
    endloop
  endfacet
  facet normal 0.868702 0.495335 0
    outer loop
      vertex 23.0892 57.1586 0.6
      vertex 23.0494 57.2284 0
      vertex 23.0494 57.2284 0.6
    endloop
  endfacet
  facet normal 0.868702 0.495335 0
    outer loop
      vertex 23.0494 57.2284 0
      vertex 23.0892 57.1586 0.6
      vertex 23.0892 57.1586 0
    endloop
  endfacet
  facet normal 0.793968 0.60796 0
    outer loop
      vertex 23.0494 57.2284 0.6
      vertex 23.0007 57.292 0
      vertex 23.0007 57.292 0.6
    endloop
  endfacet
  facet normal 0.793968 0.60796 0
    outer loop
      vertex 23.0007 57.292 0
      vertex 23.0494 57.2284 0.6
      vertex 23.0494 57.2284 0
    endloop
  endfacet
  facet normal 0.705876 0.708335 -0
    outer loop
      vertex 23.0007 57.292 0
      vertex 22.9431 57.3494 0.6
      vertex 23.0007 57.292 0.6
    endloop
  endfacet
  facet normal 0.705876 0.708335 0
    outer loop
      vertex 22.9431 57.3494 0.6
      vertex 23.0007 57.292 0
      vertex 22.9431 57.3494 0
    endloop
  endfacet
  facet normal 0.605753 0.795652 -0
    outer loop
      vertex 22.9431 57.3494 0
      vertex 22.8769 57.3998 0.6
      vertex 22.9431 57.3494 0.6
    endloop
  endfacet
  facet normal 0.605753 0.795652 0
    outer loop
      vertex 22.8769 57.3998 0.6
      vertex 22.9431 57.3494 0
      vertex 22.8769 57.3998 0
    endloop
  endfacet
  facet normal 0.496892 0.867812 -0
    outer loop
      vertex 22.8769 57.3998 0
      vertex 22.8025 57.4424 0.6
      vertex 22.8769 57.3998 0.6
    endloop
  endfacet
  facet normal 0.496892 0.867812 0
    outer loop
      vertex 22.8025 57.4424 0.6
      vertex 22.8769 57.3998 0
      vertex 22.8025 57.4424 0
    endloop
  endfacet
  facet normal 0.38746 0.921887 -0
    outer loop
      vertex 22.8025 57.4424 0
      vertex 22.7197 57.4772 0.6
      vertex 22.8025 57.4424 0.6
    endloop
  endfacet
  facet normal 0.38746 0.921887 0
    outer loop
      vertex 22.7197 57.4772 0.6
      vertex 22.8025 57.4424 0
      vertex 22.7197 57.4772 0
    endloop
  endfacet
  facet normal 0.286382 0.958116 -0
    outer loop
      vertex 22.7197 57.4772 0
      vertex 22.6287 57.5044 0.6
      vertex 22.7197 57.4772 0.6
    endloop
  endfacet
  facet normal 0.286382 0.958116 0
    outer loop
      vertex 22.6287 57.5044 0.6
      vertex 22.7197 57.4772 0
      vertex 22.6287 57.5044 0
    endloop
  endfacet
  facet normal 0.190605 0.981667 -0
    outer loop
      vertex 22.6287 57.5044 0
      vertex 22.5293 57.5237 0.6
      vertex 22.6287 57.5044 0.6
    endloop
  endfacet
  facet normal 0.190605 0.981667 0
    outer loop
      vertex 22.5293 57.5237 0.6
      vertex 22.6287 57.5044 0
      vertex 22.5293 57.5237 0
    endloop
  endfacet
  facet normal 0.108099 0.99414 -0
    outer loop
      vertex 22.5293 57.5237 0
      vertex 22.4217 57.5354 0.6
      vertex 22.5293 57.5237 0.6
    endloop
  endfacet
  facet normal 0.108099 0.99414 0
    outer loop
      vertex 22.4217 57.5354 0.6
      vertex 22.5293 57.5237 0
      vertex 22.4217 57.5354 0
    endloop
  endfacet
  facet normal 0.0327411 0.999464 -0
    outer loop
      vertex 22.4217 57.5354 0
      vertex 22.3057 57.5392 0.6
      vertex 22.4217 57.5354 0.6
    endloop
  endfacet
  facet normal 0.0327411 0.999464 0
    outer loop
      vertex 22.3057 57.5392 0.6
      vertex 22.4217 57.5354 0
      vertex 22.3057 57.5392 0
    endloop
  endfacet
  facet normal 0 1 -0
    outer loop
      vertex 22.3057 57.5392 0
      vertex 20.9969 57.5392 0.6
      vertex 22.3057 57.5392 0.6
    endloop
  endfacet
  facet normal 0 1 0
    outer loop
      vertex 20.9969 57.5392 0.6
      vertex 22.3057 57.5392 0
      vertex 20.9969 57.5392 0
    endloop
  endfacet
endsolid OpenSCAD_Model
